sku_id,product_name,category,warehouse_id,stock_quantity,reorder_level,unit_cost,last_updated,load_ts
SKU00001,Open-architected maximized time-frame,Books,WH-MUM,,51,9076.16,2025-04-09 07:14:39,2025-04-17 06:00:00
SKU00002,Ergonomic empowering workforce,Clothing,WH-DEL,557,86,6597.28,2025-04-05 11:20:13,2025-04-17 06:00:00
SKU00003,Multi-lateral dynamic utilization,Beauty,WH-DEL,1798,90,8386.89,2025-04-07 04:00:04,2025-04-17 06:00:00
SKU00004,Integrated 6thgeneration frame,Grocery,WH-MUM,1839,23,13021.31,2025-04-05 10:08:15,2025-04-17 06:00:00
SKU00005,Upgradable mission-critical implementation,Books,WH-DEL,76,99,6116.95,2025-04-14 03:44:16,2025-04-17 06:00:00
SKU00006,Focused 24/7 solution,Toys,WH-BLR,1225,55,3537.4,2025-04-07 06:25:01,2025-04-17 06:00:00
SKU00007,Future-proofed homogeneous challenge,Clothing,WH-CHE,1481,42,12380.98,2025-04-08 17:26:45,2025-04-17 06:00:00
SKU00008,Pre-emptive non-volatile access,Books,WH-MUM,797,16,1452.55,2025-04-15 15:20:08,2025-04-17 06:00:00
SKU00009,Integrated human-resource solution,Books,WH-HYD,1580,86,179.72,2025-04-10 16:59:00,2025-04-17 06:00:00
SKU00010,User-friendly system-worthy parallelism,Beauty,WH-DEL,1273,93,11638.79,2025-04-15 06:02:08,2025-04-17 06:00:00
SKU00011,Profit-focused zero administration access,Toys,WH-BLR,626,84,10451.66,2025-04-14 01:37:43,2025-04-17 06:00:00
SKU00012,Function-based eco-centric functionalities,Grocery,WH-DEL,568,81,2077.39,2025-04-15 20:05:44,2025-04-17 06:00:00
SKU00013,Sharable value-added ability,Home & Kitchen,WH-HYD,943,91,10554.14,2025-04-05 13:37:27,2025-04-17 06:00:00
SKU00014,Optimized multimedia artificial intelligence,Beauty,WH-DEL,1557,63,9780.21,2025-04-10 17:17:05,2025-04-17 06:00:00
SKU00015,Enterprise-wide fresh-thinking access,Clothing,WH-MUM,422,89,1044.81,2025-04-12 10:04:04,2025-04-17 06:00:00
SKU00016,Cross-platform tangible throughput,Books,WH-DEL,927,71,14017.87,2025-04-04 07:16:31,2025-04-17 06:00:00
SKU00017,Public-key logistical structure,Clothing,WH-BLR,463,11,7208.39,2025-04-05 09:00:31,2025-04-17 06:00:00
SKU00018,Sharable upward-trending policy,Sports,WH-MUM,351,44,2032.43,2025-04-03 06:47:33,2025-04-17 06:00:00
SKU00019,Ameliorated zero tolerance capacity,Books,WH-HYD,125,96,12170.84,2025-04-06 23:05:30,2025-04-17 06:00:00
SKU00020,Implemented static Graphic Interface,Home & Kitchen,WH-BLR,888,49,11016.12,2025-04-01 08:23:52,2025-04-17 06:00:00
SKU00021,User-centric multi-state open architecture,Clothing,WH-BLR,204,47,13378.82,2025-04-07 12:23:11,2025-04-17 06:00:00
SKU00022,Function-based cohesive task-force,Home & Kitchen,WH-CHE,1990,44,4483.14,2025-04-04 18:28:10,2025-04-17 06:00:00
SKU00023,Enterprise-wide full-range info-mediaries,Electronics,WH-MUM,572,57,2402.26,2025-04-01 04:15:57,2025-04-17 06:00:00
SKU00024,Quality-focused 3rdgeneration hub,Sports,WH-DEL,718,25,6616.31,2025-04-13 11:51:57,2025-04-17 06:00:00
SKU00025,Progressive uniform time-frame,Toys,WH-HYD,688,45,9877.68,2025-04-01 04:41:52,2025-04-17 06:00:00
SKU00026,Multi-lateral grid-enabled array,Sports,WH-BLR,1013,34,1590.6,2025-04-16 01:45:25,2025-04-17 06:00:00
SKU00027,Face-to-face fault-tolerant core,Clothing,WH-DEL,957,50,13463.96,2025-04-08 13:11:50,2025-04-17 06:00:00
SKU00028,User-centric disintermediate process improvement,Home & Kitchen,WH-DEL,665,97,4536.22,2025-04-16 09:00:15,2025-04-17 06:00:00
SKU00029,Exclusive uniform toolset,Electronics,WH-MUM,1688,59,7653.13,2025-04-02 20:19:39,2025-04-17 06:00:00
SKU00030,Decentralized discrete strategy,Clothing,WH-BLR,408,59,456.06,2025-04-08 18:08:12,2025-04-17 06:00:00
SKU00031,Function-based multimedia array,Sports,WH-CHE,1183,32,2759.52,2025-04-01 20:31:28,2025-04-17 06:00:00
SKU00032,Re-engineered neutral monitoring,Home & Kitchen,WH-HYD,782,65,3665.84,2025-04-15 03:40:20,2025-04-17 06:00:00
SKU00033,Stand-alone zero administration toolset,Toys,WH-MUM,1587,82,9019.23,2025-04-09 10:07:37,2025-04-17 06:00:00
SKU00034,Persistent logistical migration,Books,WH-DEL,,82,3514.11,2025-04-07 01:39:49,2025-04-17 06:00:00
SKU00035,Switchable eco-centric service-desk,Clothing,WH-CHE,1280,34,12529.73,2025-04-15 18:40:08,2025-04-17 06:00:00
SKU00036,Decentralized high-level orchestration,Electronics,WH-MUM,1624,49,12544.83,2025-04-04 01:52:33,2025-04-17 06:00:00
SKU00037,User-friendly fresh-thinking Graphic Interface,Sports,WH-MUM,1758,47,9822.89,2025-04-01 01:16:55,2025-04-17 06:00:00
SKU00038,Fully-configurable optimal groupware,Toys,WH-CHE,363,34,6398.37,2025-04-07 13:22:44,2025-04-17 06:00:00
SKU00039,Down-sized grid-enabled Graphical User Interface,Toys,WH-BLR,1650,96,2910.17,2025-04-13 13:24:10,2025-04-17 06:00:00
SKU00040,Centralized maximized hardware,Books,WH-MUM,527,70,14286.47,2025-04-10 00:04:50,2025-04-17 06:00:00
SKU00041,Innovative systematic product,Clothing,WH-CHE,1510,58,14089.11,2025-04-11 14:05:35,2025-04-17 06:00:00
SKU00042,Enhanced web-enabled implementation,Sports,WH-HYD,1039,56,10988.24,2025-04-07 23:45:17,2025-04-17 06:00:00
SKU00043,Ergonomic dedicated installation,Home & Kitchen,WH-CHE,1489,32,4299.97,2025-04-10 07:31:57,2025-04-17 06:00:00
SKU00044,Function-based full-range workforce,Home & Kitchen,WH-DEL,703,67,8339.55,2025-04-07 12:41:49,2025-04-17 06:00:00
SKU00045,Compatible regional implementation,Books,WH-DEL,1705,83,5133.39,2025-04-09 10:22:22,2025-04-17 06:00:00
SKU00046,Proactive impactful function,Home & Kitchen,WH-CHE,1746,91,14612.51,2025-04-13 16:42:20,2025-04-17 06:00:00
SKU00047,Right-sized real-time adapter,Beauty,WH-HYD,1800,90,9151.24,2025-04-01 04:48:35,2025-04-17 06:00:00
SKU00048,Multi-layered maximized throughput,Books,WH-CHE,1652,64,8561.31,2025-04-07 21:04:49,2025-04-17 06:00:00
SKU00049,Automated multimedia neural-net,Beauty,WH-DEL,1230,70,3182.46,2025-04-10 19:50:47,2025-04-17 06:00:00
SKU00050,Decentralized system-worthy matrices,Beauty,WH-DEL,937,80,719.78,2025-04-13 16:41:21,2025-04-17 06:00:00
SKU00051,Fundamental impactful superstructure,Books,WH-CHE,1560,85,117.73,2025-04-09 06:11:39,2025-04-17 06:00:00
SKU00052,Cross-group didactic moratorium,Sports,WH-HYD,1041,37,2088.79,2025-04-07 16:03:57,2025-04-17 06:00:00
SKU00053,Organic neutral pricing structure,Sports,WH-HYD,1250,95,11106.6,2025-04-10 03:47:17,2025-04-17 06:00:00
SKU00054,Down-sized systemic model,Toys,WH-CHE,1206,88,6474.01,2025-04-15 01:31:10,2025-04-17 06:00:00
SKU00055,Digitized content-based functionalities,Sports,WH-DEL,836,68,6881.93,2025-04-16 14:16:13,2025-04-17 06:00:00
SKU00056,Inverse real-time policy,Electronics,WH-HYD,1774,84,13089.13,2025-04-02 05:59:42,2025-04-17 06:00:00
SKU00057,Optimized solution-oriented moderator,Clothing,WH-HYD,1272,20,12701.88,2025-04-02 23:03:56,2025-04-17 06:00:00
SKU00058,Persistent empowering model,Electronics,WH-CHE,440,43,14452.44,2025-04-11 20:59:48,2025-04-17 06:00:00
SKU00059,Multi-lateral 5thgeneration utilization,Clothing,WH-BLR,983,63,5084.0,2025-04-11 11:44:13,2025-04-17 06:00:00
SKU00060,Balanced upward-trending project,Beauty,WH-DEL,693,79,50.77,2025-04-13 06:17:25,2025-04-17 06:00:00
SKU00061,Re-engineered even-keeled process improvement,Toys,WH-DEL,1405,59,14158.06,2025-04-12 22:15:29,2025-04-17 06:00:00
SKU00062,Business-focused tertiary infrastructure,Sports,WH-MUM,1816,36,3948.35,2025-04-07 21:29:32,2025-04-17 06:00:00
SKU00063,Ameliorated 4thgeneration adapter,Books,WH-CHE,753,91,14546.37,2025-04-11 13:22:09,2025-04-17 06:00:00
SKU00064,Versatile 24/7 policy,Beauty,WH-BLR,1999,51,328.77,2025-04-01 09:41:34,2025-04-17 06:00:00
SKU00065,Phased incremental middleware,Beauty,WH-CHE,836,39,11734.02,2025-04-12 18:13:32,2025-04-17 06:00:00
SKU00066,Triple-buffered intangible hierarchy,Beauty,WH-BLR,277,32,4697.46,2025-04-14 14:48:01,2025-04-17 06:00:00
SKU00067,Fully-configurable stable success,Toys,WH-CHE,,85,1127.91,2025-04-05 01:45:41,2025-04-17 06:00:00
SKU00068,Enterprise-wide holistic orchestration,Beauty,WH-BLR,254,14,12032.98,2025-04-04 03:45:41,2025-04-17 06:00:00
SKU00069,Organized grid-enabled access,Beauty,WH-MUM,1765,78,882.67,2025-04-08 20:35:02,2025-04-17 06:00:00
SKU00070,Focused radical monitoring,Grocery,WH-HYD,353,48,6446.1,2025-04-13 11:31:16,2025-04-17 06:00:00
SKU00071,Upgradable contextually-based capacity,Clothing,WH-MUM,1557,76,9456.32,2025-04-16 16:48:10,2025-04-17 06:00:00
SKU00072,Horizontal radical database,Sports,WH-HYD,1553,81,8615.91,2025-04-02 06:09:30,2025-04-17 06:00:00
SKU00073,Enhanced mission-critical Local Area Network,Toys,WH-BLR,1048,38,2978.14,2025-04-01 11:02:11,2025-04-17 06:00:00
SKU00074,Extended bottom-line groupware,Clothing,WH-MUM,162,66,374.95,2025-04-14 07:58:25,2025-04-17 06:00:00
SKU00075,Persistent contextually-based workforce,Toys,WH-CHE,172,93,9036.18,2025-04-06 01:23:58,2025-04-17 06:00:00
SKU00076,Reverse-engineered tangible collaboration,Electronics,WH-CHE,1316,57,11398.43,2025-04-04 13:53:02,2025-04-17 06:00:00
SKU00077,Secured transitional flexibility,Grocery,WH-HYD,1073,70,6922.01,2025-04-02 04:24:43,2025-04-17 06:00:00
SKU00078,Cross-platform content-based process improvement,Books,WH-MUM,849,16,5840.0,2025-04-05 17:11:22,2025-04-17 06:00:00
SKU00079,Customer-focused coherent Graphic Interface,Toys,WH-BLR,622,37,3273.7,2025-04-16 06:20:31,2025-04-17 06:00:00
SKU00080,Multi-layered exuding emulation,Sports,WH-CHE,1599,58,6074.35,2025-04-06 22:29:34,2025-04-17 06:00:00
SKU00081,Innovative clear-thinking project,Books,WH-MUM,147,35,1619.03,2025-04-06 09:31:42,2025-04-17 06:00:00
SKU00082,Robust 4thgeneration monitoring,Beauty,WH-DEL,863,71,6624.18,2025-04-02 03:51:19,2025-04-17 06:00:00
SKU00083,Synchronized 5thgeneration algorithm,Grocery,WH-DEL,1716,67,13247.79,2025-04-08 07:36:33,2025-04-17 06:00:00
SKU00084,Seamless bottom-line moratorium,Sports,WH-HYD,944,64,13002.49,2025-04-05 04:48:51,2025-04-17 06:00:00
SKU00085,Multi-layered dedicated solution,Toys,WH-MUM,794,60,13358.37,2025-04-11 18:56:16,2025-04-17 06:00:00
SKU00086,Secured secondary firmware,Beauty,WH-CHE,1043,80,10464.48,2025-04-15 16:42:08,2025-04-17 06:00:00
SKU00087,Monitored actuating encoding,Grocery,WH-HYD,542,57,12215.07,2025-04-15 21:15:32,2025-04-17 06:00:00
SKU00088,Switchable clear-thinking Local Area Network,Sports,WH-MUM,1331,46,10277.87,2025-04-13 04:41:23,2025-04-17 06:00:00
SKU00089,Function-based full-range encoding,Beauty,WH-MUM,725,67,2118.14,2025-04-12 03:47:31,2025-04-17 06:00:00
SKU00090,Up-sized systematic core,Sports,WH-DEL,1780,40,13178.76,2025-04-12 13:24:20,2025-04-17 06:00:00
SKU00091,Reactive multi-tasking core,Toys,WH-HYD,1141,46,7012.68,2025-04-01 14:34:35,2025-04-17 06:00:00
SKU00092,Extended non-volatile paradigm,Sports,WH-HYD,46,63,13088.18,2025-04-12 08:11:25,2025-04-17 06:00:00
SKU00093,Front-line encompassing structure,Beauty,WH-HYD,1222,54,1253.73,2025-04-05 20:20:45,2025-04-17 06:00:00
SKU00094,Diverse optimizing orchestration,Sports,WH-HYD,649,36,1369.59,2025-04-16 19:39:59,2025-04-17 06:00:00
SKU00095,Profit-focused intangible support,Books,WH-DEL,1204,14,937.95,2025-04-16 14:46:42,2025-04-17 06:00:00
SKU00096,Cloned real-time info-mediaries,Electronics,WH-DEL,568,62,8586.08,2025-04-10 01:03:20,2025-04-17 06:00:00
SKU00097,Cloned 24/7 synergy,Toys,WH-MUM,1036,40,5388.17,2025-04-08 01:13:52,2025-04-17 06:00:00
SKU00098,Operative 24/7 alliance,Sports,WH-BLR,1075,93,5183.91,2025-04-16 22:51:40,2025-04-17 06:00:00
SKU00099,Robust 3rdgeneration open system,Toys,WH-MUM,700,35,5513.58,2025-04-04 03:48:30,2025-04-17 06:00:00
SKU00100,Object-based 6thgeneration software,Toys,WH-DEL,,14,6476.07,2025-04-07 07:35:38,2025-04-17 06:00:00
SKU00101,Business-focused grid-enabled structure,Grocery,WH-DEL,1168,18,482.1,2025-04-02 10:54:42,2025-04-17 06:00:00
SKU00102,Innovative secondary hierarchy,Books,WH-BLR,1197,63,12233.24,2025-04-02 21:19:11,2025-04-17 06:00:00
SKU00103,Open-architected maximized circuit,Clothing,WH-CHE,1567,74,9020.11,2025-04-14 18:42:26,2025-04-17 06:00:00
SKU00104,Synchronized human-resource Internet solution,Toys,WH-DEL,164,80,12511.54,2025-04-03 11:18:14,2025-04-17 06:00:00
SKU00105,User-centric modular software,Beauty,WH-HYD,1533,45,7560.62,2025-04-10 18:03:41,2025-04-17 06:00:00
SKU00106,Self-enabling zero tolerance middleware,Toys,WH-BLR,1495,70,1193.69,2025-04-11 21:22:24,2025-04-17 06:00:00
SKU00107,Extended hybrid moderator,Toys,WH-HYD,1045,75,13853.59,2025-04-12 19:37:01,2025-04-17 06:00:00
SKU00108,Stand-alone fault-tolerant adapter,Electronics,WH-CHE,945,62,4245.93,2025-04-10 16:57:21,2025-04-17 06:00:00
SKU00109,Synchronized user-facing Graphic Interface,Toys,WH-CHE,301,12,8236.02,2025-04-10 01:12:32,2025-04-17 06:00:00
SKU00110,De-engineered 5thgeneration strategy,Home & Kitchen,WH-CHE,702,85,5564.46,2025-04-10 02:24:39,2025-04-17 06:00:00
SKU00111,Fundamental coherent utilization,Electronics,WH-DEL,1267,45,7924.97,2025-04-04 23:34:42,2025-04-17 06:00:00
SKU00112,Horizontal high-level productivity,Books,WH-MUM,7,83,10390.25,2025-04-05 12:18:55,2025-04-17 06:00:00
SKU00113,Enterprise-wide needs-based solution,Grocery,WH-DEL,585,50,6371.06,2025-04-07 18:05:10,2025-04-17 06:00:00
SKU00114,Automated maximized archive,Grocery,WH-CHE,1276,64,10222.12,2025-04-05 05:47:26,2025-04-17 06:00:00
SKU00115,Fundamental logistical support,Home & Kitchen,WH-BLR,112,18,1052.93,2025-04-06 05:59:35,2025-04-17 06:00:00
SKU00116,Up-sized multi-state analyzer,Clothing,WH-DEL,770,49,8002.42,2025-04-12 18:16:22,2025-04-17 06:00:00
SKU00117,Innovative interactive standardization,Sports,WH-MUM,498,80,6793.46,2025-04-15 08:09:17,2025-04-17 06:00:00
SKU00118,Seamless even-keeled adapter,Clothing,WH-CHE,1501,53,3837.29,2025-04-05 01:40:07,2025-04-17 06:00:00
SKU00119,Proactive impactful conglomeration,Sports,WH-BLR,1770,26,6855.35,2025-04-01 01:33:04,2025-04-17 06:00:00
SKU00120,Sharable asynchronous policy,Books,WH-BLR,537,23,4943.35,2025-04-01 09:43:15,2025-04-17 06:00:00
SKU00121,Cloned needs-based standardization,Home & Kitchen,WH-CHE,462,71,13749.04,2025-04-16 15:49:16,2025-04-17 06:00:00
SKU00122,Multi-lateral well-modulated toolset,Books,WH-CHE,168,97,12582.63,2025-04-10 20:40:46,2025-04-17 06:00:00
SKU00123,Secured intermediate extranet,Toys,WH-HYD,1775,71,4685.9,2025-04-08 08:11:15,2025-04-17 06:00:00
SKU00124,Open-source content-based emulation,Clothing,WH-MUM,1985,56,3096.62,2025-04-02 20:28:47,2025-04-17 06:00:00
SKU00125,Monitored 5thgeneration solution,Books,WH-CHE,727,57,179.51,2025-04-05 17:56:33,2025-04-17 06:00:00
SKU00126,Assimilated modular website,Sports,WH-HYD,1987,50,13515.49,2025-04-13 23:22:32,2025-04-17 06:00:00
SKU00127,Realigned eco-centric knowledgebase,Clothing,WH-CHE,1947,77,5271.46,2025-04-14 01:23:13,2025-04-17 06:00:00
SKU00128,Right-sized reciprocal strategy,Beauty,WH-DEL,1420,72,9583.55,2025-04-14 08:37:04,2025-04-17 06:00:00
SKU00129,Decentralized hybrid firmware,Beauty,WH-CHE,1275,17,5188.72,2025-04-15 00:19:22,2025-04-17 06:00:00
SKU00130,Decentralized zero-defect extranet,Sports,WH-DEL,1387,31,10602.93,2025-04-14 10:43:43,2025-04-17 06:00:00
SKU00131,Mandatory attitude-oriented definition,Toys,WH-CHE,1654,24,4987.87,2025-04-10 03:29:45,2025-04-17 06:00:00
SKU00132,Quality-focused executive capacity,Grocery,WH-MUM,1271,37,5210.17,2025-04-14 01:25:45,2025-04-17 06:00:00
SKU00133,Front-line coherent product,Books,WH-CHE,,38,14139.84,2025-04-08 13:11:56,2025-04-17 06:00:00
SKU00134,Decentralized mobile orchestration,Clothing,WH-DEL,1467,17,8238.59,2025-04-05 18:13:25,2025-04-17 06:00:00
SKU00135,Re-contextualized next generation software,Clothing,WH-HYD,1773,34,12295.91,2025-04-07 06:56:45,2025-04-17 06:00:00
SKU00136,Adaptive 6thgeneration challenge,Home & Kitchen,WH-MUM,1672,49,10568.48,2025-04-04 19:27:03,2025-04-17 06:00:00
SKU00137,Stand-alone web-enabled website,Clothing,WH-BLR,1794,83,10352.6,2025-04-12 05:53:52,2025-04-17 06:00:00
SKU00138,Customizable clear-thinking project,Books,WH-DEL,1734,85,14672.22,2025-04-03 11:11:20,2025-04-17 06:00:00
SKU00139,Multi-channeled fresh-thinking hierarchy,Home & Kitchen,WH-MUM,643,70,996.55,2025-04-05 16:32:32,2025-04-17 06:00:00
SKU00140,Versatile tertiary customer loyalty,Sports,WH-BLR,178,61,1405.63,2025-04-03 03:20:03,2025-04-17 06:00:00
SKU00141,Persevering systemic architecture,Books,WH-BLR,680,56,3779.41,2025-04-05 18:02:54,2025-04-17 06:00:00
SKU00142,Switchable non-volatile hierarchy,Electronics,WH-MUM,656,14,14286.44,2025-04-05 14:34:18,2025-04-17 06:00:00
SKU00143,De-engineered asymmetric info-mediaries,Electronics,WH-DEL,607,67,12136.59,2025-04-11 16:52:21,2025-04-17 06:00:00
SKU00144,Programmable needs-based leverage,Clothing,WH-DEL,204,88,10092.19,2025-04-10 21:15:01,2025-04-17 06:00:00
SKU00145,Diverse 4thgeneration parallelism,Beauty,WH-BLR,620,50,9227.98,2025-04-12 01:59:58,2025-04-17 06:00:00
SKU00146,Automated directional Graphical User Interface,Toys,WH-HYD,1449,40,11134.26,2025-04-08 09:55:26,2025-04-17 06:00:00
SKU00147,Synergistic dynamic toolset,Beauty,WH-DEL,621,81,14819.9,2025-04-05 11:02:56,2025-04-17 06:00:00
SKU00148,Polarized optimizing open architecture,Clothing,WH-CHE,1922,86,2163.32,2025-04-07 11:28:51,2025-04-17 06:00:00
SKU00149,Cross-platform secondary middleware,Beauty,WH-BLR,853,97,2332.88,2025-04-02 23:47:17,2025-04-17 06:00:00
SKU00150,Robust reciprocal pricing structure,Clothing,WH-DEL,1990,98,392.47,2025-04-10 06:47:25,2025-04-17 06:00:00
SKU00151,Optional leadingedge capacity,Toys,WH-DEL,191,17,10365.82,2025-04-13 18:40:16,2025-04-17 06:00:00
SKU00152,Focused full-range system engine,Home & Kitchen,WH-MUM,512,25,2442.56,2025-04-10 19:38:13,2025-04-17 06:00:00
SKU00153,Horizontal 6thgeneration conglomeration,Home & Kitchen,WH-MUM,1031,29,6290.18,2025-04-03 00:46:10,2025-04-17 06:00:00
SKU00154,Right-sized foreground adapter,Grocery,WH-HYD,1306,31,5369.8,2025-04-16 18:52:33,2025-04-17 06:00:00
SKU00155,Assimilated mobile matrices,Toys,WH-HYD,1164,28,12543.09,2025-04-01 17:45:14,2025-04-17 06:00:00
SKU00156,Polarized local instruction set,Books,WH-CHE,1016,100,9489.84,2025-04-03 02:18:09,2025-04-17 06:00:00
SKU00157,Secured client-driven portal,Electronics,WH-MUM,1164,27,216.28,2025-04-16 09:24:58,2025-04-17 06:00:00
SKU00158,Balanced contextually-based functionalities,Beauty,WH-MUM,1556,80,7409.54,2025-04-16 05:25:37,2025-04-17 06:00:00
SKU00159,Triple-buffered upward-trending process improvemen,Grocery,WH-MUM,412,28,784.89,2025-04-01 17:46:14,2025-04-17 06:00:00
SKU00160,Synergistic client-driven encryption,Electronics,WH-HYD,1353,44,14404.44,2025-04-14 13:33:27,2025-04-17 06:00:00
SKU00161,Proactive full-range forecast,Beauty,WH-MUM,1505,42,9254.48,2025-04-05 15:29:01,2025-04-17 06:00:00
SKU00162,Vision-oriented asymmetric artificial intelligence,Grocery,WH-CHE,296,54,14092.17,2025-04-03 03:28:50,2025-04-17 06:00:00
SKU00163,Re-contextualized 24hour extranet,Sports,WH-DEL,1845,52,5053.42,2025-04-13 10:05:53,2025-04-17 06:00:00
SKU00164,Cross-group dedicated flexibility,Electronics,WH-CHE,301,61,10612.13,2025-04-01 09:16:59,2025-04-17 06:00:00
SKU00165,User-centric cohesive encryption,Toys,WH-DEL,1131,32,706.57,2025-04-05 09:58:52,2025-04-17 06:00:00
SKU00166,Realigned modular archive,Sports,WH-BLR,,48,241.27,2025-04-12 13:56:03,2025-04-17 06:00:00
SKU00167,Innovative clear-thinking methodology,Sports,WH-HYD,1647,98,6794.77,2025-04-15 17:35:44,2025-04-17 06:00:00
SKU00168,Expanded coherent concept,Beauty,WH-DEL,1186,42,672.79,2025-04-03 00:36:08,2025-04-17 06:00:00
SKU00169,Right-sized bi-directional contingency,Beauty,WH-BLR,1972,36,6562.99,2025-04-01 20:33:01,2025-04-17 06:00:00
SKU00170,Vision-oriented interactive concept,Clothing,WH-BLR,674,65,13513.67,2025-04-04 06:22:25,2025-04-17 06:00:00
SKU00171,Decentralized content-based paradigm,Books,WH-CHE,1007,75,7746.61,2025-04-13 09:21:32,2025-04-17 06:00:00
SKU00172,Profit-focused systematic software,Grocery,WH-BLR,780,64,10933.68,2025-04-15 21:17:52,2025-04-17 06:00:00
SKU00173,Reactive heuristic challenge,Books,WH-DEL,797,63,1157.33,2025-04-16 16:59:40,2025-04-17 06:00:00
SKU00174,Assimilated 4thgeneration algorithm,Home & Kitchen,WH-CHE,282,12,13281.48,2025-04-03 03:22:15,2025-04-17 06:00:00
SKU00175,Multi-lateral radical paradigm,Clothing,WH-MUM,1777,81,12000.5,2025-04-10 06:38:31,2025-04-17 06:00:00
SKU00176,Automated 6thgeneration implementation,Electronics,WH-CHE,987,45,13835.47,2025-04-11 20:31:21,2025-04-17 06:00:00
SKU00177,Proactive system-worthy middleware,Clothing,WH-DEL,1260,37,11317.3,2025-04-13 08:28:43,2025-04-17 06:00:00
SKU00178,Stand-alone user-facing standardization,Electronics,WH-BLR,248,76,3149.35,2025-04-15 05:52:21,2025-04-17 06:00:00
SKU00179,Function-based maximized migration,Beauty,WH-MUM,1147,82,10961.3,2025-04-08 00:50:55,2025-04-17 06:00:00
SKU00180,Open-architected systematic workforce,Sports,WH-DEL,1456,43,1147.6,2025-04-12 03:44:14,2025-04-17 06:00:00
SKU00181,Self-enabling uniform circuit,Electronics,WH-BLR,477,66,14357.65,2025-04-04 02:39:01,2025-04-17 06:00:00
SKU00182,Function-based cohesive alliance,Books,WH-DEL,1807,62,8848.43,2025-04-12 12:15:36,2025-04-17 06:00:00
SKU00183,Ergonomic 3rdgeneration productivity,Books,WH-CHE,1679,52,9612.09,2025-04-06 08:46:42,2025-04-17 06:00:00
SKU00184,Advanced methodical flexibility,Home & Kitchen,WH-HYD,806,11,9879.74,2025-04-14 12:14:20,2025-04-17 06:00:00
SKU00185,Quality-focused neutral concept,Sports,WH-CHE,1554,61,12974.75,2025-04-16 05:07:52,2025-04-17 06:00:00
SKU00186,Managed neutral archive,Toys,WH-HYD,679,98,12528.96,2025-04-04 14:56:39,2025-04-17 06:00:00
SKU00187,Assimilated radical monitoring,Home & Kitchen,WH-CHE,1358,94,5545.02,2025-04-05 12:06:11,2025-04-17 06:00:00
SKU00188,Seamless secondary moratorium,Home & Kitchen,WH-CHE,337,10,7906.78,2025-04-03 16:32:08,2025-04-17 06:00:00
SKU00189,Devolved radical extranet,Books,WH-MUM,764,15,2356.22,2025-04-11 14:26:54,2025-04-17 06:00:00
SKU00190,Synergistic motivating protocol,Beauty,WH-BLR,1489,97,6435.05,2025-04-11 06:04:08,2025-04-17 06:00:00
SKU00191,Advanced asymmetric extranet,Grocery,WH-HYD,1308,74,13604.39,2025-04-01 10:45:38,2025-04-17 06:00:00
SKU00192,Synergized disintermediate structure,Toys,WH-CHE,1641,38,4214.2,2025-04-12 15:24:17,2025-04-17 06:00:00
SKU00193,Monitored client-server moderator,Sports,WH-BLR,1176,83,11024.29,2025-04-12 12:40:29,2025-04-17 06:00:00
SKU00194,Self-enabling disintermediate challenge,Beauty,WH-BLR,473,91,2241.06,2025-04-05 20:53:47,2025-04-17 06:00:00
SKU00195,User-friendly empowering protocol,Clothing,WH-BLR,660,97,14067.54,2025-04-09 00:05:42,2025-04-17 06:00:00
SKU00196,Profound dedicated groupware,Home & Kitchen,WH-CHE,1433,72,13860.3,2025-04-07 15:55:47,2025-04-17 06:00:00
SKU00197,Diverse leadingedge instruction set,Grocery,WH-DEL,178,100,14482.25,2025-04-16 10:33:46,2025-04-17 06:00:00
SKU00198,Exclusive even-keeled matrices,Sports,WH-MUM,790,64,14562.45,2025-04-11 18:30:38,2025-04-17 06:00:00
SKU00199,Diverse dedicated alliance,Beauty,WH-DEL,,88,11421.16,2025-04-16 00:29:16,2025-04-17 06:00:00
SKU00200,Operative user-facing installation,Grocery,WH-MUM,685,44,6394.79,2025-04-15 21:10:23,2025-04-17 06:00:00
SKU00201,Upgradable neutral Graphic Interface,Toys,WH-DEL,651,55,5366.11,2025-04-16 13:35:58,2025-04-17 06:00:00
SKU00202,Progressive logistical model,Toys,WH-CHE,228,61,4694.67,2025-04-11 16:40:04,2025-04-17 06:00:00
SKU00203,Versatile empowering task-force,Toys,WH-DEL,1479,16,3601.86,2025-04-14 17:33:30,2025-04-17 06:00:00
SKU00204,Implemented optimal monitoring,Books,WH-MUM,1032,17,5296.89,2025-04-03 16:13:46,2025-04-17 06:00:00
SKU00205,Universal background initiative,Toys,WH-DEL,1714,20,11775.04,2025-04-08 22:39:18,2025-04-17 06:00:00
SKU00206,Cloned optimal frame,Grocery,WH-MUM,317,45,9800.5,2025-04-04 12:13:33,2025-04-17 06:00:00
SKU00207,Profound multi-tasking application,Home & Kitchen,WH-CHE,1555,37,7888.67,2025-04-08 09:51:20,2025-04-17 06:00:00
SKU00208,Cross-platform context-sensitive installation,Home & Kitchen,WH-CHE,840,16,7219.98,2025-04-14 18:43:26,2025-04-17 06:00:00
SKU00209,Reduced contextually-based software,Sports,WH-DEL,1421,20,6566.61,2025-04-16 09:11:48,2025-04-17 06:00:00
SKU00210,Seamless demand-driven system engine,Electronics,WH-MUM,1625,35,4155.18,2025-04-08 06:46:10,2025-04-17 06:00:00
SKU00211,Switchable impactful concept,Electronics,WH-BLR,1749,38,1126.24,2025-04-11 15:31:21,2025-04-17 06:00:00
SKU00212,Proactive bottom-line parallelism,Books,WH-CHE,1804,61,5652.18,2025-04-10 17:09:34,2025-04-17 06:00:00
SKU00213,Proactive actuating Local Area Network,Grocery,WH-BLR,708,43,1609.69,2025-04-07 14:46:51,2025-04-17 06:00:00
SKU00214,Virtual logistical initiative,Toys,WH-MUM,706,84,13217.23,2025-04-04 17:51:06,2025-04-17 06:00:00
SKU00215,Inverse tertiary array,Toys,WH-HYD,1823,72,661.5,2025-04-07 11:43:37,2025-04-17 06:00:00
SKU00216,Managed bifurcated Internet solution,Toys,WH-HYD,282,27,9513.23,2025-04-02 04:00:26,2025-04-17 06:00:00
SKU00217,Multi-lateral cohesive orchestration,Beauty,WH-BLR,809,89,11253.33,2025-04-14 22:01:16,2025-04-17 06:00:00
SKU00218,Proactive stable hardware,Clothing,WH-MUM,1414,100,1650.93,2025-04-13 21:09:51,2025-04-17 06:00:00
SKU00219,Down-sized grid-enabled parallelism,Beauty,WH-MUM,1513,74,6161.08,2025-04-09 20:17:46,2025-04-17 06:00:00
SKU00220,Re-contextualized dynamic productivity,Electronics,WH-BLR,175,51,2602.15,2025-04-16 18:04:28,2025-04-17 06:00:00
SKU00221,Intuitive local customer loyalty,Books,WH-DEL,1763,96,8378.39,2025-04-13 01:35:51,2025-04-17 06:00:00
SKU00222,Innovative explicit time-frame,Grocery,WH-CHE,655,27,5135.75,2025-04-03 04:02:41,2025-04-17 06:00:00
SKU00223,Open-architected attitude-oriented capability,Home & Kitchen,WH-BLR,853,37,5824.85,2025-04-15 17:48:04,2025-04-17 06:00:00
SKU00224,Profit-focused background knowledge user,Beauty,WH-CHE,1313,44,5995.09,2025-04-08 00:06:18,2025-04-17 06:00:00
SKU00225,Horizontal responsive Graphic Interface,Toys,WH-CHE,1149,12,87.79,2025-04-12 15:54:36,2025-04-17 06:00:00
SKU00226,Compatible non-volatile complexity,Beauty,WH-CHE,1600,99,1278.68,2025-04-14 19:46:05,2025-04-17 06:00:00
SKU00227,Realigned maximized synergy,Clothing,WH-HYD,132,71,9126.89,2025-04-10 02:14:46,2025-04-17 06:00:00
SKU00228,User-centric heuristic knowledge user,Beauty,WH-BLR,1172,48,1074.4,2025-04-03 07:54:39,2025-04-17 06:00:00
SKU00229,Distributed didactic encryption,Sports,WH-BLR,338,36,9080.03,2025-04-03 10:26:05,2025-04-17 06:00:00
SKU00230,Devolved asymmetric monitoring,Toys,WH-CHE,1269,32,13768.91,2025-04-13 14:55:47,2025-04-17 06:00:00
SKU00231,Robust empowering flexibility,Books,WH-BLR,1319,94,7784.37,2025-04-14 20:15:41,2025-04-17 06:00:00
SKU00232,Enterprise-wide context-sensitive core,Grocery,WH-HYD,,54,4118.09,2025-04-10 04:55:14,2025-04-17 06:00:00
SKU00233,Upgradable disintermediate Graphic Interface,Beauty,WH-HYD,75,12,8756.12,2025-04-09 18:40:24,2025-04-17 06:00:00
SKU00234,Horizontal well-modulated flexibility,Beauty,WH-BLR,1254,93,4579.74,2025-04-06 02:28:39,2025-04-17 06:00:00
SKU00235,Streamlined needs-based database,Sports,WH-HYD,1568,78,3378.69,2025-04-12 10:13:55,2025-04-17 06:00:00
SKU00236,Digitized global encoding,Grocery,WH-HYD,1760,82,1572.64,2025-04-05 05:46:57,2025-04-17 06:00:00
SKU00237,Programmable analyzing architecture,Home & Kitchen,WH-CHE,1699,44,10902.56,2025-04-15 20:48:07,2025-04-17 06:00:00
SKU00238,Managed exuding attitude,Electronics,WH-MUM,1938,48,7328.81,2025-04-03 17:34:01,2025-04-17 06:00:00
SKU00239,Right-sized maximized workforce,Beauty,WH-HYD,1215,69,3197.11,2025-04-04 00:48:41,2025-04-17 06:00:00
SKU00240,Balanced web-enabled open architecture,Electronics,WH-DEL,224,52,9976.65,2025-04-16 14:50:10,2025-04-17 06:00:00
SKU00241,Cross-platform systemic contingency,Sports,WH-MUM,1758,46,6962.04,2025-04-15 22:00:28,2025-04-17 06:00:00
SKU00242,Open-source context-sensitive algorithm,Sports,WH-BLR,146,98,3643.86,2025-04-14 00:34:07,2025-04-17 06:00:00
SKU00243,Innovative holistic challenge,Grocery,WH-BLR,721,69,2045.7,2025-04-13 03:33:05,2025-04-17 06:00:00
SKU00244,Phased even-keeled complexity,Beauty,WH-MUM,212,53,6049.3,2025-04-07 13:29:53,2025-04-17 06:00:00
SKU00245,Robust non-volatile productivity,Grocery,WH-CHE,805,52,4669.86,2025-04-16 17:53:45,2025-04-17 06:00:00
SKU00246,Multi-tiered neutral groupware,Beauty,WH-BLR,1268,29,7040.52,2025-04-06 18:31:16,2025-04-17 06:00:00
SKU00247,Monitored 6thgeneration service-desk,Home & Kitchen,WH-BLR,1979,54,8069.28,2025-04-14 09:57:50,2025-04-17 06:00:00
SKU00248,Right-sized system-worthy firmware,Electronics,WH-CHE,1380,54,12518.15,2025-04-12 19:06:23,2025-04-17 06:00:00
SKU00249,Optimized 4thgeneration synergy,Sports,WH-CHE,741,22,12501.32,2025-04-16 20:45:42,2025-04-17 06:00:00
SKU00250,Re-engineered actuating orchestration,Toys,WH-CHE,318,43,6066.66,2025-04-16 05:52:37,2025-04-17 06:00:00
SKU00251,Digitized analyzing success,Clothing,WH-MUM,840,40,11661.59,2025-04-06 04:19:02,2025-04-17 06:00:00
SKU00252,Assimilated real-time info-mediaries,Sports,WH-DEL,615,69,6688.39,2025-04-03 11:16:50,2025-04-17 06:00:00
SKU00253,Proactive national instruction set,Sports,WH-HYD,1214,91,6036.69,2025-04-03 07:56:00,2025-04-17 06:00:00
SKU00254,Decentralized motivating matrix,Sports,WH-CHE,1009,72,10956.52,2025-04-06 23:02:50,2025-04-17 06:00:00
SKU00255,Managed context-sensitive forecast,Sports,WH-BLR,715,83,1911.06,2025-04-09 06:05:27,2025-04-17 06:00:00
SKU00256,Synergized executive task-force,Electronics,WH-HYD,443,46,7797.11,2025-04-10 01:12:31,2025-04-17 06:00:00
SKU00257,Advanced mobile concept,Toys,WH-DEL,945,34,604.34,2025-04-15 18:28:01,2025-04-17 06:00:00
SKU00258,Diverse holistic strategy,Toys,WH-HYD,159,54,1556.56,2025-04-15 22:42:53,2025-04-17 06:00:00
SKU00259,Intuitive web-enabled firmware,Electronics,WH-DEL,80,66,9902.85,2025-04-01 20:32:37,2025-04-17 06:00:00
SKU00260,Ergonomic asynchronous installation,Toys,WH-BLR,1619,83,6927.18,2025-04-01 19:28:56,2025-04-17 06:00:00
SKU00261,Balanced solution-oriented task-force,Grocery,WH-CHE,1435,32,8167.79,2025-04-13 20:09:57,2025-04-17 06:00:00
SKU00262,Quality-focused maximized software,Beauty,WH-HYD,200,100,4741.55,2025-04-04 18:55:56,2025-04-17 06:00:00
SKU00263,Versatile client-driven open system,Clothing,WH-CHE,747,40,11251.45,2025-04-14 08:12:36,2025-04-17 06:00:00
SKU00264,Organic coherent superstructure,Toys,WH-MUM,1386,55,6705.29,2025-04-05 19:18:34,2025-04-17 06:00:00
SKU00265,Customer-focused static attitude,Toys,WH-BLR,,96,7327.77,2025-04-09 15:24:42,2025-04-17 06:00:00
SKU00266,Integrated even-keeled orchestration,Toys,WH-HYD,118,26,729.86,2025-04-04 05:23:04,2025-04-17 06:00:00
SKU00267,Organic methodical superstructure,Books,WH-MUM,174,39,4087.85,2025-04-09 09:12:48,2025-04-17 06:00:00
SKU00268,Business-focused fresh-thinking functionalities,Clothing,WH-DEL,1253,19,11311.56,2025-04-07 14:30:45,2025-04-17 06:00:00
SKU00269,Adaptive impactful project,Books,WH-BLR,958,31,754.57,2025-04-12 22:54:05,2025-04-17 06:00:00
SKU00270,Virtual fault-tolerant architecture,Sports,WH-HYD,464,61,14634.93,2025-04-06 11:04:52,2025-04-17 06:00:00
SKU00271,Vision-oriented multimedia collaboration,Beauty,WH-CHE,1580,62,7222.77,2025-04-11 17:16:04,2025-04-17 06:00:00
SKU00272,Sharable upward-trending application,Clothing,WH-CHE,548,12,14262.88,2025-04-05 18:11:17,2025-04-17 06:00:00
SKU00273,Extended 4thgeneration interface,Electronics,WH-HYD,1872,96,9979.69,2025-04-06 13:00:37,2025-04-17 06:00:00
SKU00274,Object-based uniform alliance,Beauty,WH-BLR,894,81,11623.98,2025-04-04 17:20:35,2025-04-17 06:00:00
SKU00275,Persistent methodical support,Toys,WH-MUM,1051,53,12374.21,2025-04-05 09:43:00,2025-04-17 06:00:00
SKU00276,Secured dynamic conglomeration,Toys,WH-HYD,1493,85,3597.4,2025-04-07 10:02:01,2025-04-17 06:00:00
SKU00277,Up-sized reciprocal customer loyalty,Clothing,WH-CHE,1037,59,2165.28,2025-04-11 10:00:22,2025-04-17 06:00:00
SKU00278,Optimized analyzing portal,Clothing,WH-MUM,258,35,1372.49,2025-04-05 00:50:45,2025-04-17 06:00:00
SKU00279,Managed high-level orchestration,Clothing,WH-MUM,1346,51,3994.62,2025-04-04 20:39:47,2025-04-17 06:00:00
SKU00280,Front-line 3rdgeneration instruction set,Toys,WH-CHE,221,72,1285.0,2025-04-16 13:56:25,2025-04-17 06:00:00
SKU00281,Seamless 24hour protocol,Home & Kitchen,WH-CHE,1658,49,12651.38,2025-04-10 13:42:17,2025-04-17 06:00:00
SKU00282,Reverse-engineered encompassing workforce,Beauty,WH-BLR,540,58,6800.0,2025-04-10 00:52:52,2025-04-17 06:00:00
SKU00283,Cross-group fault-tolerant Graphical User Interfac,Books,WH-BLR,1405,45,2753.91,2025-04-07 22:50:45,2025-04-17 06:00:00
SKU00284,Right-sized 3rdgeneration capacity,Clothing,WH-CHE,199,95,1685.16,2025-04-09 07:35:02,2025-04-17 06:00:00
SKU00285,Multi-channeled foreground benchmark,Clothing,WH-HYD,1886,34,3246.75,2025-04-13 09:48:03,2025-04-17 06:00:00
SKU00286,Intuitive analyzing archive,Electronics,WH-DEL,295,36,10322.88,2025-04-14 09:55:21,2025-04-17 06:00:00
SKU00287,Multi-lateral hybrid Internet solution,Clothing,WH-HYD,443,64,10365.75,2025-04-13 10:50:20,2025-04-17 06:00:00
SKU00288,Ameliorated systematic data-warehouse,Sports,WH-BLR,1099,73,11715.83,2025-04-02 22:45:40,2025-04-17 06:00:00
SKU00289,Re-contextualized intermediate extranet,Sports,WH-MUM,275,13,5760.93,2025-04-02 19:23:59,2025-04-17 06:00:00
SKU00290,Public-key object-oriented challenge,Sports,WH-MUM,499,41,9945.04,2025-04-08 20:32:08,2025-04-17 06:00:00
SKU00291,Devolved global benchmark,Sports,WH-DEL,1841,24,14622.92,2025-04-05 11:31:40,2025-04-17 06:00:00
SKU00292,Operative regional pricing structure,Grocery,WH-HYD,424,11,2576.31,2025-04-05 17:56:32,2025-04-17 06:00:00
SKU00293,Multi-tiered bi-directional strategy,Electronics,WH-HYD,1799,47,7646.97,2025-04-12 09:02:42,2025-04-17 06:00:00
SKU00294,Multi-channeled even-keeled customer loyalty,Grocery,WH-DEL,1173,63,740.84,2025-04-12 17:27:57,2025-04-17 06:00:00
SKU00295,Enterprise-wide asymmetric projection,Toys,WH-MUM,1113,69,1670.69,2025-04-10 03:44:40,2025-04-17 06:00:00
SKU00296,Object-based empowering function,Home & Kitchen,WH-DEL,764,71,11119.92,2025-04-11 05:17:23,2025-04-17 06:00:00
SKU00297,Organic bottom-line challenge,Grocery,WH-HYD,134,33,10351.19,2025-04-03 06:38:52,2025-04-17 06:00:00
SKU00298,Enhanced fresh-thinking matrices,Grocery,WH-CHE,,77,2251.86,2025-04-13 12:40:35,2025-04-17 06:00:00
SKU00299,Sharable next generation throughput,Toys,WH-BLR,1345,23,8435.67,2025-04-13 03:51:21,2025-04-17 06:00:00
SKU00300,Re-contextualized full-range initiative,Toys,WH-DEL,455,38,12218.14,2025-04-04 22:16:33,2025-04-17 06:00:00
SKU00301,Exclusive contextually-based success,Toys,WH-BLR,1340,61,12682.01,2025-04-07 05:32:24,2025-04-17 06:00:00
SKU00302,Proactive human-resource secured line,Toys,WH-CHE,223,88,7035.66,2025-04-03 00:32:03,2025-04-17 06:00:00
SKU00303,Advanced incremental application,Toys,WH-MUM,1470,87,603.22,2025-04-01 11:54:11,2025-04-17 06:00:00
SKU00304,Synergistic eco-centric pricing structure,Toys,WH-CHE,512,14,11780.18,2025-04-14 16:52:47,2025-04-17 06:00:00
SKU00305,Phased real-time neural-net,Grocery,WH-BLR,469,26,9695.34,2025-04-09 03:54:17,2025-04-17 06:00:00
SKU00306,Proactive exuding intranet,Clothing,WH-HYD,1220,97,10592.25,2025-04-02 06:55:17,2025-04-17 06:00:00
SKU00307,Configurable coherent access,Clothing,WH-BLR,1510,81,8307.06,2025-04-14 22:18:08,2025-04-17 06:00:00
SKU00308,Switchable 24hour Local Area Network,Clothing,WH-MUM,1115,84,2858.03,2025-04-10 11:55:31,2025-04-17 06:00:00
SKU00309,Synergistic value-added application,Grocery,WH-BLR,946,32,14319.55,2025-04-03 20:39:42,2025-04-17 06:00:00
SKU00310,Re-engineered cohesive attitude,Beauty,WH-CHE,137,41,13837.99,2025-04-16 11:26:18,2025-04-17 06:00:00
SKU00311,Future-proofed client-driven flexibility,Toys,WH-BLR,1599,31,10942.95,2025-04-10 17:54:27,2025-04-17 06:00:00
SKU00312,Focused global alliance,Electronics,WH-HYD,231,83,2151.91,2025-04-01 14:36:44,2025-04-17 06:00:00
SKU00313,Business-focused web-enabled access,Grocery,WH-CHE,565,11,5534.23,2025-04-04 10:28:02,2025-04-17 06:00:00
SKU00314,Focused static pricing structure,Books,WH-CHE,753,39,3024.85,2025-04-13 05:18:05,2025-04-17 06:00:00
SKU00315,Synergized leadingedge monitoring,Sports,WH-CHE,1718,91,2922.26,2025-04-03 00:09:58,2025-04-17 06:00:00
SKU00316,Grass-roots didactic help-desk,Electronics,WH-MUM,918,51,6153.39,2025-04-03 01:12:07,2025-04-17 06:00:00
SKU00317,Cross-platform secondary orchestration,Grocery,WH-BLR,1880,58,4706.9,2025-04-14 22:19:36,2025-04-17 06:00:00
SKU00318,Distributed 5thgeneration task-force,Books,WH-BLR,1445,25,11583.75,2025-04-01 15:08:42,2025-04-17 06:00:00
SKU00319,Inverse interactive matrices,Home & Kitchen,WH-DEL,623,21,11029.35,2025-04-04 15:41:49,2025-04-17 06:00:00
SKU00320,Extended explicit help-desk,Books,WH-BLR,1170,57,2881.51,2025-04-13 10:58:35,2025-04-17 06:00:00
SKU00321,Front-line human-resource time-frame,Grocery,WH-MUM,24,53,8515.61,2025-04-15 15:12:48,2025-04-17 06:00:00
SKU00322,Multi-tiered client-driven function,Grocery,WH-HYD,1902,20,1544.5,2025-04-12 19:04:34,2025-04-17 06:00:00
SKU00323,Robust responsive capacity,Electronics,WH-HYD,707,74,2924.07,2025-04-11 23:15:05,2025-04-17 06:00:00
SKU00324,Multi-channeled web-enabled hub,Electronics,WH-DEL,621,26,13404.11,2025-04-07 03:45:40,2025-04-17 06:00:00
SKU00325,Open-source optimal benchmark,Toys,WH-HYD,190,42,121.95,2025-04-14 03:04:47,2025-04-17 06:00:00
SKU00326,Right-sized upward-trending leverage,Books,WH-CHE,1292,85,11423.45,2025-04-08 18:51:22,2025-04-17 06:00:00
SKU00327,Optimized local customer loyalty,Books,WH-CHE,788,43,3624.06,2025-04-03 19:10:08,2025-04-17 06:00:00
SKU00328,Universal non-volatile pricing structure,Grocery,WH-HYD,826,69,11471.26,2025-04-11 13:44:44,2025-04-17 06:00:00
SKU00329,Integrated national hierarchy,Electronics,WH-MUM,573,49,190.38,2025-04-08 21:05:30,2025-04-17 06:00:00
SKU00330,Robust intangible installation,Grocery,WH-MUM,1368,20,10161.02,2025-04-16 12:16:30,2025-04-17 06:00:00
SKU00331,Compatible systematic database,Grocery,WH-MUM,,38,11416.55,2025-04-05 07:08:14,2025-04-17 06:00:00
SKU00332,Focused regional protocol,Sports,WH-HYD,860,52,8723.15,2025-04-13 03:11:48,2025-04-17 06:00:00
SKU00333,Face-to-face systemic focus group,Sports,WH-DEL,696,10,14918.45,2025-04-08 08:02:28,2025-04-17 06:00:00
SKU00334,Mandatory multi-tasking success,Sports,WH-DEL,1758,85,13458.73,2025-04-08 08:47:03,2025-04-17 06:00:00
SKU00335,Polarized zero administration secured line,Grocery,WH-DEL,444,79,10894.16,2025-04-03 06:01:08,2025-04-17 06:00:00
SKU00336,Managed holistic structure,Beauty,WH-BLR,1754,47,5835.9,2025-04-04 22:29:13,2025-04-17 06:00:00
SKU00337,Fundamental tertiary model,Grocery,WH-CHE,1217,56,819.39,2025-04-15 01:42:43,2025-04-17 06:00:00
SKU00338,Mandatory homogeneous product,Sports,WH-DEL,846,23,12051.06,2025-04-03 14:37:29,2025-04-17 06:00:00
SKU00339,Implemented secondary artificial intelligence,Electronics,WH-HYD,1179,60,7287.55,2025-04-08 10:39:00,2025-04-17 06:00:00
SKU00340,Customizable fault-tolerant support,Grocery,WH-BLR,1379,63,5462.76,2025-04-09 06:53:30,2025-04-17 06:00:00
SKU00341,Synchronized executive installation,Grocery,WH-HYD,1157,29,2290.38,2025-04-05 00:56:46,2025-04-17 06:00:00
SKU00342,Integrated impactful strategy,Toys,WH-BLR,430,74,10262.7,2025-04-09 04:48:49,2025-04-17 06:00:00
SKU00343,Open-source contextually-based orchestration,Sports,WH-DEL,1393,36,14151.94,2025-04-15 01:51:25,2025-04-17 06:00:00
SKU00344,Customer-focused executive project,Electronics,WH-HYD,528,77,9152.38,2025-04-09 11:14:03,2025-04-17 06:00:00
SKU00345,Phased motivating Local Area Network,Toys,WH-HYD,888,85,220.55,2025-04-15 12:02:42,2025-04-17 06:00:00
SKU00346,Progressive well-modulated open system,Home & Kitchen,WH-HYD,1953,18,13836.43,2025-04-06 07:16:33,2025-04-17 06:00:00
SKU00347,Business-focused zero administration migration,Home & Kitchen,WH-CHE,1601,70,13975.75,2025-04-01 19:40:20,2025-04-17 06:00:00
SKU00348,Stand-alone multimedia project,Grocery,WH-HYD,1823,66,13253.12,2025-04-15 11:16:43,2025-04-17 06:00:00
SKU00349,Extended methodical pricing structure,Beauty,WH-MUM,1550,82,7052.39,2025-04-14 17:08:12,2025-04-17 06:00:00
SKU00350,Organic modular array,Toys,WH-HYD,456,69,2207.51,2025-04-15 07:16:06,2025-04-17 06:00:00
SKU00351,Progressive attitude-oriented architecture,Home & Kitchen,WH-HYD,1654,18,13196.16,2025-04-03 01:44:54,2025-04-17 06:00:00
SKU00352,Innovative real-time secured line,Electronics,WH-MUM,1555,55,14197.97,2025-04-03 23:46:14,2025-04-17 06:00:00
SKU00353,Open-architected asynchronous migration,Home & Kitchen,WH-MUM,859,33,8330.78,2025-04-01 18:55:19,2025-04-17 06:00:00
SKU00354,Cross-group background structure,Toys,WH-MUM,1845,46,8117.61,2025-04-05 21:30:29,2025-04-17 06:00:00
SKU00355,Inverse real-time application,Home & Kitchen,WH-MUM,1401,16,3515.83,2025-04-04 11:21:37,2025-04-17 06:00:00
SKU00356,Mandatory regional system engine,Books,WH-MUM,1902,42,9270.9,2025-04-07 19:04:01,2025-04-17 06:00:00
SKU00357,Secured even-keeled knowledge user,Toys,WH-DEL,821,58,387.24,2025-04-14 17:43:05,2025-04-17 06:00:00
SKU00358,Organic encompassing functionalities,Sports,WH-DEL,1392,61,10630.38,2025-04-15 20:29:58,2025-04-17 06:00:00
SKU00359,Cloned impactful model,Beauty,WH-BLR,390,66,9832.77,2025-04-14 01:13:28,2025-04-17 06:00:00
SKU00360,Focused stable help-desk,Toys,WH-CHE,287,49,4880.62,2025-04-03 04:37:45,2025-04-17 06:00:00
SKU00361,Cross-group leadingedge project,Home & Kitchen,WH-HYD,496,16,7612.43,2025-04-01 19:13:39,2025-04-17 06:00:00
SKU00362,Fully-configurable dynamic budgetary management,Toys,WH-BLR,542,77,12929.21,2025-04-14 11:42:39,2025-04-17 06:00:00
SKU00363,Customer-focused leadingedge ability,Beauty,WH-BLR,980,41,4344.66,2025-04-03 14:07:07,2025-04-17 06:00:00
SKU00364,Synchronized clear-thinking access,Clothing,WH-CHE,,11,14429.61,2025-04-07 05:05:13,2025-04-17 06:00:00
SKU00365,Switchable demand-driven website,Home & Kitchen,WH-BLR,1972,28,5463.54,2025-04-13 20:24:07,2025-04-17 06:00:00
SKU00366,Upgradable fault-tolerant firmware,Electronics,WH-HYD,1995,62,4893.55,2025-04-08 08:19:32,2025-04-17 06:00:00
SKU00367,Advanced asymmetric installation,Home & Kitchen,WH-DEL,1639,71,5509.19,2025-04-14 12:33:08,2025-04-17 06:00:00
SKU00368,Reactive dedicated circuit,Toys,WH-HYD,1305,79,8282.2,2025-04-10 15:12:13,2025-04-17 06:00:00
SKU00369,Extended 4thgeneration contingency,Electronics,WH-MUM,86,85,10197.1,2025-04-04 03:45:58,2025-04-17 06:00:00
SKU00370,Cross-group global matrix,Home & Kitchen,WH-DEL,1818,71,1879.03,2025-04-01 19:54:46,2025-04-17 06:00:00
SKU00371,Total scalable customer loyalty,Clothing,WH-BLR,1468,81,9340.41,2025-04-10 17:45:53,2025-04-17 06:00:00
SKU00372,Multi-tiered transitional budgetary management,Toys,WH-CHE,1948,83,13841.43,2025-04-04 04:43:53,2025-04-17 06:00:00
SKU00373,Realigned disintermediate time-frame,Grocery,WH-HYD,1590,30,8509.61,2025-04-13 14:34:09,2025-04-17 06:00:00
SKU00374,Multi-lateral dynamic algorithm,Grocery,WH-DEL,1633,42,3084.59,2025-04-04 19:45:12,2025-04-17 06:00:00
SKU00375,Expanded tertiary migration,Sports,WH-HYD,1632,32,8532.39,2025-04-14 23:42:20,2025-04-17 06:00:00
SKU00376,Persevering mission-critical neural-net,Clothing,WH-CHE,1365,60,7134.65,2025-04-08 12:25:07,2025-04-17 06:00:00
SKU00377,Inverse zero-defect leverage,Sports,WH-MUM,17,34,1767.09,2025-04-05 10:27:37,2025-04-17 06:00:00
SKU00378,Seamless leadingedge concept,Electronics,WH-BLR,39,20,7091.56,2025-04-02 00:04:29,2025-04-17 06:00:00
SKU00379,Phased stable adapter,Home & Kitchen,WH-BLR,639,97,7929.71,2025-04-02 22:11:19,2025-04-17 06:00:00
SKU00380,Progressive system-worthy application,Home & Kitchen,WH-MUM,301,100,14088.0,2025-04-16 22:11:46,2025-04-17 06:00:00
SKU00381,Function-based coherent extranet,Electronics,WH-HYD,1817,56,1279.92,2025-04-08 05:20:23,2025-04-17 06:00:00
SKU00382,Quality-focused user-facing emulation,Beauty,WH-HYD,136,45,14209.38,2025-04-13 20:38:48,2025-04-17 06:00:00
SKU00383,Re-contextualized bi-directional contingency,Grocery,WH-DEL,1348,17,9311.73,2025-04-07 12:44:20,2025-04-17 06:00:00
SKU00384,User-friendly background groupware,Toys,WH-HYD,1790,50,6255.03,2025-04-16 18:47:19,2025-04-17 06:00:00
SKU00385,Proactive national ability,Electronics,WH-MUM,728,61,11709.79,2025-04-14 20:43:13,2025-04-17 06:00:00
SKU00386,Customer-focused uniform firmware,Grocery,WH-DEL,349,39,3830.29,2025-04-10 15:59:36,2025-04-17 06:00:00
SKU00387,Polarized bottom-line database,Electronics,WH-BLR,1860,47,7245.16,2025-04-14 04:14:05,2025-04-17 06:00:00
SKU00388,Down-sized systematic interface,Books,WH-BLR,1173,74,3064.86,2025-04-12 23:25:58,2025-04-17 06:00:00
SKU00389,Devolved logistical productivity,Home & Kitchen,WH-CHE,1410,37,13536.2,2025-04-10 15:47:29,2025-04-17 06:00:00
SKU00390,Face-to-face 24hour architecture,Electronics,WH-DEL,1629,43,6422.36,2025-04-09 03:29:07,2025-04-17 06:00:00
SKU00391,Assimilated regional focus group,Grocery,WH-MUM,314,27,14668.46,2025-04-10 17:47:42,2025-04-17 06:00:00
SKU00392,Versatile dedicated firmware,Grocery,WH-CHE,1518,53,1178.39,2025-04-13 03:22:07,2025-04-17 06:00:00
SKU00393,Public-key regional pricing structure,Clothing,WH-DEL,942,22,9333.36,2025-04-09 20:37:03,2025-04-17 06:00:00
SKU00394,Mandatory bifurcated hierarchy,Electronics,WH-HYD,1158,73,10849.38,2025-04-15 18:56:43,2025-04-17 06:00:00
SKU00395,Adaptive multi-state database,Grocery,WH-CHE,56,26,10056.18,2025-04-09 12:07:16,2025-04-17 06:00:00
SKU00396,Profit-focused needs-based neural-net,Clothing,WH-DEL,94,81,8593.29,2025-04-04 18:08:27,2025-04-17 06:00:00
SKU00397,Progressive clear-thinking concept,Beauty,WH-MUM,,82,1938.6,2025-04-11 22:07:21,2025-04-17 06:00:00
SKU00398,Automated non-volatile adapter,Electronics,WH-MUM,1178,71,12478.54,2025-04-15 05:04:22,2025-04-17 06:00:00
SKU00399,Grass-roots modular circuit,Beauty,WH-DEL,1215,53,7607.54,2025-04-13 23:57:59,2025-04-17 06:00:00
SKU00400,Persistent logistical synergy,Beauty,WH-DEL,1660,19,13721.56,2025-04-11 10:07:05,2025-04-17 06:00:00
SKU00401,Optional hybrid superstructure,Books,WH-HYD,1322,20,12040.98,2025-04-07 20:31:22,2025-04-17 06:00:00
SKU00402,Enhanced dedicated budgetary management,Home & Kitchen,WH-HYD,1851,52,14605.25,2025-04-12 03:40:21,2025-04-17 06:00:00
SKU00403,Sharable asymmetric time-frame,Sports,WH-BLR,226,33,10455.07,2025-04-08 06:11:44,2025-04-17 06:00:00
SKU00404,Object-based optimizing workforce,Grocery,WH-HYD,1193,30,12409.55,2025-04-10 08:33:27,2025-04-17 06:00:00
SKU00405,Balanced cohesive array,Home & Kitchen,WH-CHE,163,79,5220.11,2025-04-06 18:29:25,2025-04-17 06:00:00
SKU00406,Optional hybrid hardware,Clothing,WH-CHE,1337,70,2708.37,2025-04-11 21:52:16,2025-04-17 06:00:00
SKU00407,Optimized contextually-based moratorium,Books,WH-HYD,1322,100,11407.89,2025-04-12 04:36:11,2025-04-17 06:00:00
SKU00408,Proactive 24hour concept,Grocery,WH-BLR,1539,48,2619.17,2025-04-05 15:25:20,2025-04-17 06:00:00
SKU00409,Grass-roots real-time process improvement,Sports,WH-BLR,1809,48,3003.42,2025-04-16 02:42:42,2025-04-17 06:00:00
SKU00410,Realigned high-level support,Grocery,WH-CHE,337,58,7807.44,2025-04-09 18:49:25,2025-04-17 06:00:00
SKU00411,Self-enabling coherent ability,Grocery,WH-HYD,1851,49,1699.25,2025-04-06 09:47:26,2025-04-17 06:00:00
SKU00412,Optional responsive knowledge user,Electronics,WH-CHE,1256,16,12532.02,2025-04-06 11:53:03,2025-04-17 06:00:00
SKU00413,Horizontal 24/7 orchestration,Sports,WH-DEL,1325,92,13925.03,2025-04-08 04:54:55,2025-04-17 06:00:00
SKU00414,Persevering multi-state concept,Home & Kitchen,WH-HYD,1190,16,4430.52,2025-04-16 04:57:12,2025-04-17 06:00:00
SKU00415,Decentralized client-driven flexibility,Electronics,WH-BLR,1162,11,10828.88,2025-04-15 14:20:42,2025-04-17 06:00:00
SKU00416,Polarized grid-enabled database,Clothing,WH-HYD,725,39,6313.31,2025-04-12 14:23:11,2025-04-17 06:00:00
SKU00417,Multi-layered logistical capability,Toys,WH-MUM,1800,61,1955.3,2025-04-10 06:29:52,2025-04-17 06:00:00
SKU00418,Synergistic 24/7 frame,Home & Kitchen,WH-CHE,535,29,1932.07,2025-04-01 19:15:17,2025-04-17 06:00:00
SKU00419,Fully-configurable tertiary pricing structure,Books,WH-MUM,1227,16,6218.24,2025-04-15 10:51:53,2025-04-17 06:00:00
SKU00420,Reverse-engineered radical task-force,Clothing,WH-DEL,549,22,10781.59,2025-04-09 01:27:18,2025-04-17 06:00:00
SKU00421,Centralized asynchronous time-frame,Home & Kitchen,WH-DEL,222,68,7028.08,2025-04-05 11:23:22,2025-04-17 06:00:00
SKU00422,Right-sized multi-state toolset,Home & Kitchen,WH-DEL,1866,43,5970.23,2025-04-12 22:13:39,2025-04-17 06:00:00
SKU00423,User-centric well-modulated knowledge user,Beauty,WH-DEL,1985,11,6345.51,2025-04-16 09:24:36,2025-04-17 06:00:00
SKU00424,Organized foreground superstructure,Clothing,WH-CHE,257,38,7849.47,2025-04-06 06:39:38,2025-04-17 06:00:00
SKU00425,Monitored client-driven project,Beauty,WH-BLR,1509,67,9181.75,2025-04-08 10:21:35,2025-04-17 06:00:00
SKU00426,Virtual asymmetric structure,Home & Kitchen,WH-MUM,1103,92,2410.82,2025-04-08 20:11:08,2025-04-17 06:00:00
SKU00427,Devolved web-enabled project,Toys,WH-HYD,1866,71,10281.66,2025-04-03 00:00:47,2025-04-17 06:00:00
SKU00428,Decentralized grid-enabled instruction set,Beauty,WH-DEL,1218,31,3775.48,2025-04-05 00:47:51,2025-04-17 06:00:00
SKU00429,Ergonomic content-based open system,Toys,WH-BLR,334,69,11548.76,2025-04-06 17:38:30,2025-04-17 06:00:00
SKU00430,Secured even-keeled data-warehouse,Toys,WH-MUM,,28,4900.49,2025-04-15 16:30:15,2025-04-17 06:00:00
SKU00431,User-friendly actuating concept,Electronics,WH-DEL,1440,65,8641.01,2025-04-08 07:07:13,2025-04-17 06:00:00
SKU00432,Operative user-facing encryption,Grocery,WH-BLR,1770,48,6128.36,2025-04-04 12:50:48,2025-04-17 06:00:00
SKU00433,Sharable systemic functionalities,Grocery,WH-BLR,510,50,7573.41,2025-04-07 07:20:56,2025-04-17 06:00:00
SKU00434,Public-key reciprocal architecture,Electronics,WH-MUM,581,92,10730.26,2025-04-07 00:48:39,2025-04-17 06:00:00
SKU00435,Team-oriented even-keeled solution,Clothing,WH-CHE,1009,28,6038.26,2025-04-02 11:37:52,2025-04-17 06:00:00
SKU00436,Decentralized executive approach,Toys,WH-BLR,744,83,6670.98,2025-04-06 10:51:31,2025-04-17 06:00:00
SKU00437,Polarized holistic policy,Books,WH-CHE,473,61,4621.37,2025-04-15 06:13:59,2025-04-17 06:00:00
SKU00438,Exclusive global artificial intelligence,Electronics,WH-MUM,1748,95,4193.79,2025-04-15 07:40:44,2025-04-17 06:00:00
SKU00439,Managed 5thgeneration productivity,Home & Kitchen,WH-BLR,1410,32,11878.21,2025-04-13 11:04:04,2025-04-17 06:00:00
SKU00440,Secured eco-centric approach,Grocery,WH-BLR,455,68,8391.14,2025-04-05 19:25:04,2025-04-17 06:00:00
SKU00441,Managed non-volatile approach,Books,WH-CHE,1691,22,12417.17,2025-04-06 08:55:31,2025-04-17 06:00:00
SKU00442,Down-sized zero administration process improvement,Books,WH-MUM,985,45,344.42,2025-04-09 06:17:23,2025-04-17 06:00:00
SKU00443,Self-enabling secondary application,Books,WH-MUM,1716,16,9454.62,2025-04-05 09:19:00,2025-04-17 06:00:00
SKU00444,Cross-group methodical capability,Books,WH-MUM,207,29,6375.35,2025-04-08 02:45:17,2025-04-17 06:00:00
SKU00445,Future-proofed reciprocal firmware,Grocery,WH-CHE,44,78,14004.4,2025-04-10 02:03:01,2025-04-17 06:00:00
SKU00446,Seamless dynamic portal,Books,WH-MUM,939,17,10732.96,2025-04-06 20:48:59,2025-04-17 06:00:00
SKU00447,User-centric disintermediate open architecture,Books,WH-DEL,663,61,5235.27,2025-04-02 04:04:38,2025-04-17 06:00:00
SKU00448,Organic attitude-oriented info-mediaries,Home & Kitchen,WH-BLR,270,22,3765.64,2025-04-01 16:30:27,2025-04-17 06:00:00
SKU00449,Operative non-volatile model,Grocery,WH-BLR,748,51,10645.09,2025-04-13 23:15:53,2025-04-17 06:00:00
SKU00450,Optional web-enabled circuit,Grocery,WH-BLR,1203,91,859.38,2025-04-02 06:28:58,2025-04-17 06:00:00
SKU00451,Public-key intangible alliance,Sports,WH-BLR,1833,53,2320.69,2025-04-10 13:05:47,2025-04-17 06:00:00
SKU00452,Inverse full-range budgetary management,Sports,WH-CHE,1215,30,1114.54,2025-04-10 00:19:07,2025-04-17 06:00:00
SKU00453,Universal 4thgeneration matrices,Beauty,WH-BLR,269,39,12844.97,2025-04-13 09:29:58,2025-04-17 06:00:00
SKU00454,Advanced 3rdgeneration archive,Electronics,WH-CHE,1578,19,14123.64,2025-04-15 05:35:33,2025-04-17 06:00:00
SKU00455,Persistent bifurcated success,Clothing,WH-BLR,1684,12,12674.98,2025-04-09 11:28:47,2025-04-17 06:00:00
SKU00456,Multi-layered cohesive Local Area Network,Books,WH-CHE,635,42,10951.93,2025-04-02 15:50:06,2025-04-17 06:00:00
SKU00457,Optional motivating neural-net,Grocery,WH-HYD,1417,50,1695.62,2025-04-09 16:30:59,2025-04-17 06:00:00
SKU00458,Secured clear-thinking infrastructure,Grocery,WH-HYD,1831,65,14243.44,2025-04-06 14:20:32,2025-04-17 06:00:00
SKU00459,Phased regional alliance,Home & Kitchen,WH-MUM,1293,45,14383.95,2025-04-10 22:35:50,2025-04-17 06:00:00
SKU00460,Total responsive moratorium,Books,WH-HYD,1605,25,310.87,2025-04-10 23:08:37,2025-04-17 06:00:00
SKU00461,Customer-focused mission-critical contingency,Home & Kitchen,WH-CHE,152,94,12688.37,2025-04-09 20:26:37,2025-04-17 06:00:00
SKU00462,Universal optimizing algorithm,Toys,WH-DEL,269,10,3599.83,2025-04-12 02:55:18,2025-04-17 06:00:00
SKU00463,Phased responsive utilization,Toys,WH-DEL,,47,14096.24,2025-04-04 17:37:11,2025-04-17 06:00:00
SKU00464,Cross-group 6thgeneration algorithm,Electronics,WH-HYD,1151,74,4750.16,2025-04-09 16:50:27,2025-04-17 06:00:00
SKU00465,Balanced tangible hub,Toys,WH-DEL,943,49,8954.91,2025-04-05 14:35:38,2025-04-17 06:00:00
SKU00466,Stand-alone maximized solution,Books,WH-DEL,865,74,10406.32,2025-04-02 00:29:09,2025-04-17 06:00:00
SKU00467,Reverse-engineered context-sensitive algorithm,Electronics,WH-BLR,161,63,1684.1,2025-04-03 07:57:05,2025-04-17 06:00:00
SKU00468,Face-to-face optimizing product,Electronics,WH-MUM,1228,72,11003.56,2025-04-13 11:06:10,2025-04-17 06:00:00
SKU00469,Devolved fault-tolerant throughput,Clothing,WH-DEL,424,45,8092.31,2025-04-10 11:37:19,2025-04-17 06:00:00
SKU00470,Realigned asymmetric functionalities,Clothing,WH-CHE,497,76,5818.81,2025-04-03 18:20:27,2025-04-17 06:00:00
SKU00471,Multi-layered holistic methodology,Toys,WH-CHE,968,55,14504.94,2025-04-03 03:36:37,2025-04-17 06:00:00
SKU00472,Programmable cohesive portal,Beauty,WH-CHE,1906,15,13992.32,2025-04-09 12:11:28,2025-04-17 06:00:00
SKU00473,Enhanced contextually-based budgetary management,Electronics,WH-BLR,781,61,9929.53,2025-04-14 12:21:43,2025-04-17 06:00:00
SKU00474,Organized didactic superstructure,Home & Kitchen,WH-CHE,360,14,5733.89,2025-04-01 07:00:31,2025-04-17 06:00:00
SKU00475,Customer-focused background encoding,Grocery,WH-HYD,1463,30,14241.23,2025-04-01 01:02:07,2025-04-17 06:00:00
SKU00476,Multi-layered background circuit,Clothing,WH-BLR,1932,67,10114.78,2025-04-04 17:54:29,2025-04-17 06:00:00
SKU00477,Function-based stable algorithm,Books,WH-HYD,720,46,6898.62,2025-04-01 10:20:08,2025-04-17 06:00:00
SKU00478,Enterprise-wide tangible groupware,Grocery,WH-DEL,1489,78,7760.69,2025-04-06 09:17:32,2025-04-17 06:00:00
SKU00479,Enterprise-wide local firmware,Electronics,WH-HYD,1236,76,11541.27,2025-04-15 12:36:07,2025-04-17 06:00:00
SKU00480,Profit-focused asymmetric functionalities,Beauty,WH-BLR,522,46,1593.44,2025-04-15 17:55:55,2025-04-17 06:00:00
SKU00481,Progressive multi-state collaboration,Books,WH-DEL,1826,43,6204.26,2025-04-10 09:45:05,2025-04-17 06:00:00
SKU00482,Up-sized even-keeled complexity,Grocery,WH-HYD,72,58,3988.36,2025-04-13 18:54:55,2025-04-17 06:00:00
SKU00483,Self-enabling asymmetric process improvement,Toys,WH-CHE,140,53,6769.13,2025-04-12 22:16:29,2025-04-17 06:00:00
SKU00484,Compatible multimedia solution,Clothing,WH-BLR,623,65,1305.82,2025-04-02 02:28:01,2025-04-17 06:00:00
SKU00485,Seamless value-added paradigm,Beauty,WH-BLR,1629,61,10049.09,2025-04-06 00:43:09,2025-04-17 06:00:00
SKU00486,Decentralized exuding ability,Sports,WH-DEL,1537,74,3771.71,2025-04-02 04:26:11,2025-04-17 06:00:00
SKU00487,Business-focused solution-oriented capability,Grocery,WH-MUM,1908,12,3182.16,2025-04-01 18:51:29,2025-04-17 06:00:00
SKU00488,Reverse-engineered incremental flexibility,Home & Kitchen,WH-BLR,1709,64,5274.88,2025-04-09 00:58:57,2025-04-17 06:00:00
SKU00489,Operative cohesive pricing structure,Books,WH-HYD,961,71,3641.39,2025-04-06 20:56:54,2025-04-17 06:00:00
SKU00490,Ergonomic national open architecture,Electronics,WH-HYD,203,73,10171.25,2025-04-14 12:35:53,2025-04-17 06:00:00
SKU00491,Digitized static encoding,Grocery,WH-MUM,1603,63,1668.57,2025-04-03 14:45:28,2025-04-17 06:00:00
SKU00492,Public-key web-enabled Local Area Network,Beauty,WH-MUM,984,11,4283.41,2025-04-03 12:17:27,2025-04-17 06:00:00
SKU00493,Centralized solution-oriented contingency,Home & Kitchen,WH-MUM,117,57,3976.19,2025-04-08 00:58:45,2025-04-17 06:00:00
SKU00494,Self-enabling national architecture,Beauty,WH-DEL,1347,53,4852.69,2025-04-08 04:18:31,2025-04-17 06:00:00
SKU00495,Reverse-engineered demand-driven system engine,Electronics,WH-DEL,1524,95,7633.85,2025-04-14 16:18:43,2025-04-17 06:00:00
SKU00496,Switchable multimedia paradigm,Books,WH-HYD,,90,8542.03,2025-04-12 02:56:54,2025-04-17 06:00:00
SKU00497,Enterprise-wide contextually-based functionalities,Books,WH-MUM,979,49,7830.4,2025-04-10 03:54:48,2025-04-17 06:00:00
SKU00498,Polarized neutral complexity,Clothing,WH-MUM,27,46,5906.33,2025-04-07 00:53:45,2025-04-17 06:00:00
SKU00499,Expanded uniform definition,Books,WH-DEL,121,13,11598.08,2025-04-15 02:01:39,2025-04-17 06:00:00
SKU00500,Compatible tertiary infrastructure,Clothing,WH-MUM,640,88,4401.19,2025-04-08 10:57:53,2025-04-17 06:00:00
SKU00501,Integrated interactive service-desk,Books,WH-BLR,1007,23,14789.44,2025-04-11 14:58:07,2025-04-17 06:00:00
SKU00502,Cross-platform 5thgeneration interface,Toys,WH-HYD,555,59,4745.67,2025-04-04 16:53:53,2025-04-17 06:00:00
SKU00503,Centralized even-keeled initiative,Grocery,WH-DEL,735,76,10413.15,2025-04-15 16:48:29,2025-04-17 06:00:00
SKU00504,Networked context-sensitive benchmark,Toys,WH-MUM,689,67,2393.6,2025-04-08 22:40:11,2025-04-17 06:00:00
SKU00505,Ameliorated 24hour paradigm,Toys,WH-MUM,339,41,882.52,2025-04-01 21:45:39,2025-04-17 06:00:00
SKU00506,Progressive mission-critical methodology,Home & Kitchen,WH-BLR,1953,14,3405.6,2025-04-10 00:52:08,2025-04-17 06:00:00
SKU00507,Exclusive even-keeled Local Area Network,Toys,WH-DEL,924,33,11166.19,2025-04-09 17:22:50,2025-04-17 06:00:00
SKU00508,Programmable optimizing structure,Clothing,WH-CHE,1062,15,9906.46,2025-04-07 08:51:21,2025-04-17 06:00:00
SKU00509,Pre-emptive holistic hardware,Clothing,WH-MUM,1742,74,13849.26,2025-04-01 06:58:27,2025-04-17 06:00:00
SKU00510,Function-based leadingedge pricing structure,Beauty,WH-HYD,824,15,1088.27,2025-04-14 03:53:32,2025-04-17 06:00:00
SKU00511,Total multi-state hub,Clothing,WH-CHE,445,26,12754.52,2025-04-12 20:09:43,2025-04-17 06:00:00
SKU00512,Front-line encompassing matrices,Sports,WH-CHE,995,14,11581.3,2025-04-15 04:01:54,2025-04-17 06:00:00
SKU00513,Proactive 3rdgeneration functionalities,Toys,WH-DEL,852,51,12004.88,2025-04-04 09:52:03,2025-04-17 06:00:00
SKU00514,Profit-focused user-facing model,Grocery,WH-CHE,661,46,5894.08,2025-04-08 08:21:44,2025-04-17 06:00:00
SKU00515,Configurable leadingedge hierarchy,Sports,WH-MUM,296,43,2371.63,2025-04-14 11:29:53,2025-04-17 06:00:00
SKU00516,Switchable cohesive architecture,Home & Kitchen,WH-HYD,1114,34,3803.38,2025-04-02 17:04:02,2025-04-17 06:00:00
SKU00517,Optional 6thgeneration methodology,Books,WH-HYD,480,19,13031.18,2025-04-08 06:52:52,2025-04-17 06:00:00
SKU00518,Optional 24hour moratorium,Beauty,WH-DEL,1931,24,671.21,2025-04-13 22:30:10,2025-04-17 06:00:00
SKU00519,Innovative analyzing forecast,Electronics,WH-HYD,778,90,10446.98,2025-04-15 06:02:44,2025-04-17 06:00:00
SKU00520,Synchronized demand-driven moratorium,Clothing,WH-DEL,1613,87,13805.3,2025-04-07 00:46:58,2025-04-17 06:00:00
SKU00521,Phased multi-tasking artificial intelligence,Toys,WH-DEL,174,43,145.7,2025-04-12 00:35:26,2025-04-17 06:00:00
SKU00522,Adaptive hybrid forecast,Clothing,WH-DEL,1162,23,13106.7,2025-04-15 01:58:06,2025-04-17 06:00:00
SKU00523,Digitized motivating framework,Home & Kitchen,WH-HYD,1734,94,11017.88,2025-04-15 13:05:13,2025-04-17 06:00:00
SKU00524,Multi-layered real-time secured line,Home & Kitchen,WH-HYD,1487,62,13331.44,2025-04-14 14:20:22,2025-04-17 06:00:00
SKU00525,Balanced fault-tolerant open system,Books,WH-DEL,1984,38,4377.52,2025-04-07 08:31:44,2025-04-17 06:00:00
SKU00526,Face-to-face global alliance,Clothing,WH-DEL,405,76,4249.51,2025-04-03 12:22:38,2025-04-17 06:00:00
SKU00527,User-centric dynamic leverage,Clothing,WH-CHE,1750,91,14160.83,2025-04-03 12:19:59,2025-04-17 06:00:00
SKU00528,Seamless motivating process improvement,Sports,WH-DEL,700,99,195.13,2025-04-06 14:49:58,2025-04-17 06:00:00
SKU00529,Public-key methodical secured line,Home & Kitchen,WH-HYD,,85,4757.2,2025-04-01 01:17:49,2025-04-17 06:00:00
SKU00530,Sharable responsive Graphical User Interface,Sports,WH-CHE,78,56,4711.7,2025-04-11 01:12:48,2025-04-17 06:00:00
SKU00531,Reduced dynamic structure,Electronics,WH-DEL,562,59,8609.24,2025-04-12 00:01:43,2025-04-17 06:00:00
SKU00532,Monitored transitional knowledge user,Clothing,WH-CHE,1674,68,4473.89,2025-04-13 18:44:51,2025-04-17 06:00:00
SKU00533,Universal zero-defect capacity,Books,WH-DEL,405,43,1084.67,2025-04-09 14:02:16,2025-04-17 06:00:00
SKU00534,Devolved motivating encryption,Toys,WH-MUM,970,29,4112.91,2025-04-12 02:38:38,2025-04-17 06:00:00
SKU00535,Compatible bi-directional circuit,Beauty,WH-CHE,967,44,9937.82,2025-04-02 07:50:14,2025-04-17 06:00:00
SKU00536,Adaptive stable Local Area Network,Grocery,WH-MUM,55,37,10898.38,2025-04-11 21:59:19,2025-04-17 06:00:00
SKU00537,Integrated foreground strategy,Sports,WH-CHE,1284,88,3911.15,2025-04-13 17:59:15,2025-04-17 06:00:00
SKU00538,Profit-focused stable adapter,Grocery,WH-MUM,1930,41,105.46,2025-04-15 18:27:10,2025-04-17 06:00:00
SKU00539,Enterprise-wide intangible capability,Clothing,WH-CHE,805,46,10634.88,2025-04-03 03:49:25,2025-04-17 06:00:00
SKU00540,Business-focused user-facing hierarchy,Home & Kitchen,WH-BLR,828,19,12246.51,2025-04-01 02:30:32,2025-04-17 06:00:00
SKU00541,Balanced composite instruction set,Toys,WH-HYD,343,67,302.97,2025-04-09 12:14:06,2025-04-17 06:00:00
SKU00542,Distributed maximized customer loyalty,Books,WH-CHE,1439,15,14107.53,2025-04-09 10:32:23,2025-04-17 06:00:00
SKU00543,Realigned maximized Graphical User Interface,Grocery,WH-MUM,812,21,13885.62,2025-04-01 21:05:28,2025-04-17 06:00:00
SKU00544,Inverse fault-tolerant portal,Clothing,WH-CHE,1093,61,450.1,2025-04-16 15:09:40,2025-04-17 06:00:00
SKU00545,Multi-lateral multi-tasking hardware,Beauty,WH-DEL,1611,31,4465.07,2025-04-08 19:38:52,2025-04-17 06:00:00
SKU00546,Re-contextualized incremental budgetary management,Books,WH-BLR,795,12,5972.66,2025-04-02 11:47:14,2025-04-17 06:00:00
SKU00547,Universal contextually-based software,Sports,WH-CHE,1946,61,6640.14,2025-04-12 06:13:45,2025-04-17 06:00:00
SKU00548,Universal reciprocal artificial intelligence,Sports,WH-CHE,775,76,13158.37,2025-04-15 08:14:55,2025-04-17 06:00:00
SKU00549,Down-sized bandwidth-monitored moratorium,Sports,WH-DEL,1058,69,7656.05,2025-04-01 07:03:31,2025-04-17 06:00:00
SKU00550,Proactive holistic task-force,Books,WH-DEL,218,16,6109.05,2025-04-12 01:38:10,2025-04-17 06:00:00
SKU00551,Fully-configurable static function,Grocery,WH-HYD,147,72,108.73,2025-04-06 09:16:47,2025-04-17 06:00:00
SKU00552,Customizable dedicated complexity,Grocery,WH-BLR,1858,86,4732.32,2025-04-05 18:55:06,2025-04-17 06:00:00
SKU00553,Object-based background database,Books,WH-DEL,1913,66,12247.31,2025-04-13 19:28:07,2025-04-17 06:00:00
SKU00554,Realigned upward-trending firmware,Clothing,WH-DEL,1812,66,1704.19,2025-04-03 14:06:32,2025-04-17 06:00:00
SKU00555,Intuitive tangible hierarchy,Toys,WH-BLR,74,88,12490.6,2025-04-01 13:45:47,2025-04-17 06:00:00
SKU00556,Programmable client-driven alliance,Home & Kitchen,WH-BLR,548,47,13832.61,2025-04-03 02:10:29,2025-04-17 06:00:00
SKU00557,Monitored analyzing framework,Beauty,WH-HYD,1212,67,5046.1,2025-04-07 18:42:48,2025-04-17 06:00:00
SKU00558,Balanced maximized intranet,Books,WH-CHE,1363,48,3523.81,2025-04-14 16:55:45,2025-04-17 06:00:00
SKU00559,Secured eco-centric archive,Toys,WH-BLR,1895,57,14774.66,2025-04-04 22:13:52,2025-04-17 06:00:00
SKU00560,Stand-alone regional interface,Books,WH-HYD,223,97,8534.83,2025-04-01 15:26:43,2025-04-17 06:00:00
SKU00561,Multi-tiered systematic artificial intelligence,Books,WH-MUM,737,10,10917.05,2025-04-02 08:16:24,2025-04-17 06:00:00
SKU00562,Enhanced full-range implementation,Sports,WH-CHE,,84,9276.97,2025-04-05 08:55:22,2025-04-17 06:00:00
SKU00563,Phased foreground artificial intelligence,Toys,WH-MUM,712,59,9416.29,2025-04-03 17:03:05,2025-04-17 06:00:00
SKU00564,Ameliorated asymmetric task-force,Grocery,WH-MUM,934,23,9731.54,2025-04-12 00:43:28,2025-04-17 06:00:00
SKU00565,Advanced eco-centric intranet,Books,WH-BLR,1779,64,14424.86,2025-04-04 18:09:36,2025-04-17 06:00:00
SKU00566,Vision-oriented coherent infrastructure,Sports,WH-MUM,1469,35,7623.17,2025-04-14 14:18:55,2025-04-17 06:00:00
SKU00567,Fully-configurable non-volatile info-mediaries,Beauty,WH-BLR,770,94,12694.67,2025-04-06 21:54:29,2025-04-17 06:00:00
SKU00568,Triple-buffered human-resource methodology,Home & Kitchen,WH-HYD,1349,80,12993.06,2025-04-12 00:01:42,2025-04-17 06:00:00
SKU00569,Optimized upward-trending functionalities,Clothing,WH-MUM,160,45,3948.58,2025-04-14 23:50:22,2025-04-17 06:00:00
SKU00570,Secured client-server array,Books,WH-HYD,1832,87,11875.91,2025-04-10 11:29:33,2025-04-17 06:00:00
SKU00571,Switchable grid-enabled analyzer,Grocery,WH-DEL,881,56,14061.52,2025-04-09 19:57:02,2025-04-17 06:00:00
SKU00572,Ergonomic dedicated application,Clothing,WH-BLR,468,69,7191.48,2025-04-15 17:54:32,2025-04-17 06:00:00
SKU00573,Grass-roots mobile emulation,Home & Kitchen,WH-DEL,1468,59,1820.71,2025-04-04 07:22:11,2025-04-17 06:00:00
SKU00574,Programmable cohesive migration,Beauty,WH-CHE,1428,81,416.24,2025-04-15 20:43:22,2025-04-17 06:00:00
SKU00575,Cross-group next generation emulation,Books,WH-BLR,759,60,14020.22,2025-04-08 08:04:44,2025-04-17 06:00:00
SKU00576,Object-based tertiary concept,Toys,WH-CHE,1213,98,3168.96,2025-04-15 11:10:39,2025-04-17 06:00:00
SKU00577,Fully-configurable motivating function,Grocery,WH-BLR,1922,94,282.85,2025-04-16 06:03:53,2025-04-17 06:00:00
SKU00578,Innovative mobile toolset,Beauty,WH-MUM,10,86,5441.26,2025-04-06 18:15:31,2025-04-17 06:00:00
SKU00579,User-friendly reciprocal protocol,Sports,WH-DEL,973,79,9938.11,2025-04-10 14:10:26,2025-04-17 06:00:00
SKU00580,Synergistic web-enabled hardware,Toys,WH-MUM,1194,56,14308.78,2025-04-08 19:40:06,2025-04-17 06:00:00
SKU00581,Reactive upward-trending standardization,Home & Kitchen,WH-DEL,1745,52,9084.83,2025-04-01 13:53:44,2025-04-17 06:00:00
SKU00582,Expanded mission-critical middleware,Home & Kitchen,WH-DEL,109,16,5871.98,2025-04-02 22:43:20,2025-04-17 06:00:00
SKU00583,Secured optimizing encoding,Clothing,WH-DEL,1535,20,10024.97,2025-04-08 22:19:05,2025-04-17 06:00:00
SKU00584,Reduced attitude-oriented Internet solution,Toys,WH-CHE,144,68,1153.3,2025-04-05 16:09:17,2025-04-17 06:00:00
SKU00585,Cloned 5thgeneration policy,Sports,WH-CHE,1982,90,11827.33,2025-04-13 11:35:02,2025-04-17 06:00:00
SKU00586,Horizontal reciprocal superstructure,Clothing,WH-MUM,179,10,2132.76,2025-04-02 03:18:31,2025-04-17 06:00:00
SKU00587,Assimilated clear-thinking service-desk,Home & Kitchen,WH-CHE,395,48,9844.47,2025-04-10 02:43:33,2025-04-17 06:00:00
SKU00588,Focused multi-tasking hub,Electronics,WH-CHE,1406,61,11474.22,2025-04-12 14:29:48,2025-04-17 06:00:00
SKU00589,User-centric discrete knowledge user,Home & Kitchen,WH-MUM,1909,19,2989.8,2025-04-02 11:44:44,2025-04-17 06:00:00
SKU00590,De-engineered non-volatile portal,Sports,WH-DEL,1083,73,9996.39,2025-04-12 07:35:00,2025-04-17 06:00:00
SKU00591,Streamlined leadingedge architecture,Books,WH-BLR,845,50,9440.54,2025-04-11 04:04:47,2025-04-17 06:00:00
SKU00592,Organized well-modulated knowledgebase,Clothing,WH-DEL,258,77,9108.33,2025-04-14 06:37:18,2025-04-17 06:00:00
SKU00593,Grass-roots system-worthy knowledge user,Home & Kitchen,WH-HYD,42,37,13187.86,2025-04-02 23:32:31,2025-04-17 06:00:00
SKU00594,Stand-alone local policy,Toys,WH-HYD,248,59,12338.11,2025-04-02 12:46:34,2025-04-17 06:00:00
SKU00595,Visionary global initiative,Books,WH-MUM,,62,12435.63,2025-04-07 08:30:31,2025-04-17 06:00:00
SKU00596,Business-focused foreground throughput,Clothing,WH-CHE,893,40,10369.65,2025-04-11 06:44:30,2025-04-17 06:00:00
SKU00597,Streamlined attitude-oriented instruction set,Books,WH-CHE,1281,85,4787.12,2025-04-02 14:30:58,2025-04-17 06:00:00
SKU00598,Operative zero administration pricing structure,Toys,WH-BLR,889,11,12721.87,2025-04-06 22:02:03,2025-04-17 06:00:00
SKU00599,Decentralized homogeneous superstructure,Home & Kitchen,WH-DEL,1182,83,3418.66,2025-04-06 12:53:13,2025-04-17 06:00:00
SKU00600,Cross-group 4thgeneration productivity,Home & Kitchen,WH-CHE,286,29,14663.79,2025-04-16 09:57:06,2025-04-17 06:00:00
SKU00601,Managed hybrid access,Toys,WH-DEL,1866,32,12085.4,2025-04-10 05:40:38,2025-04-17 06:00:00
SKU00602,Universal systematic initiative,Books,WH-CHE,532,89,6943.38,2025-04-14 18:41:31,2025-04-17 06:00:00
SKU00603,User-friendly web-enabled synergy,Beauty,WH-MUM,338,50,12692.61,2025-04-05 11:46:32,2025-04-17 06:00:00
SKU00604,Innovative cohesive system engine,Toys,WH-BLR,528,97,11436.07,2025-04-13 15:03:34,2025-04-17 06:00:00
SKU00605,Adaptive scalable website,Sports,WH-HYD,508,100,11413.8,2025-04-14 03:48:46,2025-04-17 06:00:00
SKU00606,Customer-focused intermediate concept,Toys,WH-DEL,1786,19,7634.07,2025-04-08 12:04:11,2025-04-17 06:00:00
SKU00607,Grass-roots even-keeled architecture,Books,WH-BLR,872,13,3350.76,2025-04-15 16:26:16,2025-04-17 06:00:00
SKU00608,Up-sized bandwidth-monitored budgetary management,Electronics,WH-HYD,1023,20,4841.09,2025-04-09 02:32:10,2025-04-17 06:00:00
SKU00609,Right-sized fault-tolerant complexity,Beauty,WH-DEL,1216,91,10552.08,2025-04-10 10:24:31,2025-04-17 06:00:00
SKU00610,Profound static matrix,Home & Kitchen,WH-HYD,1086,88,11710.98,2025-04-02 06:22:05,2025-04-17 06:00:00
SKU00611,Progressive didactic model,Home & Kitchen,WH-DEL,1181,98,13838.3,2025-04-04 16:30:49,2025-04-17 06:00:00
SKU00612,Inverse dynamic matrices,Electronics,WH-HYD,545,40,10712.93,2025-04-12 08:36:27,2025-04-17 06:00:00
SKU00613,Realigned exuding data-warehouse,Home & Kitchen,WH-HYD,365,60,1787.64,2025-04-01 13:05:59,2025-04-17 06:00:00
SKU00614,Optimized dynamic attitude,Books,WH-CHE,663,48,2229.03,2025-04-02 18:12:40,2025-04-17 06:00:00
SKU00615,Business-focused 24/7 alliance,Electronics,WH-BLR,654,94,2669.38,2025-04-16 00:43:36,2025-04-17 06:00:00
SKU00616,Mandatory full-range knowledge user,Grocery,WH-HYD,465,83,7052.69,2025-04-05 17:55:30,2025-04-17 06:00:00
SKU00617,Streamlined 5thgeneration benchmark,Beauty,WH-CHE,1746,50,14652.35,2025-04-09 09:42:32,2025-04-17 06:00:00
SKU00618,User-centric solution-oriented secured line,Clothing,WH-MUM,1317,42,8486.66,2025-04-11 22:58:56,2025-04-17 06:00:00
SKU00619,Balanced methodical circuit,Sports,WH-DEL,150,71,10248.74,2025-04-06 06:09:43,2025-04-17 06:00:00
SKU00620,Diverse bifurcated pricing structure,Toys,WH-DEL,933,37,14449.47,2025-04-13 19:24:39,2025-04-17 06:00:00
SKU00621,Multi-tiered encompassing definition,Toys,WH-HYD,727,93,2268.84,2025-04-12 05:43:35,2025-04-17 06:00:00
SKU00622,Face-to-face tertiary Graphical User Interface,Toys,WH-BLR,328,81,1605.89,2025-04-08 01:54:22,2025-04-17 06:00:00
SKU00623,Monitored cohesive open system,Home & Kitchen,WH-DEL,62,79,3119.03,2025-04-02 01:01:36,2025-04-17 06:00:00
SKU00624,Fundamental zero-defect workforce,Beauty,WH-DEL,510,75,5998.95,2025-04-04 13:08:24,2025-04-17 06:00:00
SKU00625,Optimized context-sensitive initiative,Home & Kitchen,WH-CHE,1305,27,9442.77,2025-04-13 09:50:24,2025-04-17 06:00:00
SKU00626,Focused stable neural-net,Grocery,WH-MUM,1861,24,3386.42,2025-04-01 22:54:10,2025-04-17 06:00:00
SKU00627,Adaptive transitional instruction set,Grocery,WH-CHE,1068,35,10260.13,2025-04-03 00:28:54,2025-04-17 06:00:00
SKU00628,Multi-lateral solution-oriented system engine,Home & Kitchen,WH-HYD,,55,9568.32,2025-04-08 01:17:29,2025-04-17 06:00:00
SKU00629,User-centric 3rdgeneration projection,Beauty,WH-HYD,5,27,2282.72,2025-04-01 03:50:06,2025-04-17 06:00:00
SKU00630,Secured heuristic attitude,Clothing,WH-DEL,1730,80,9276.88,2025-04-08 03:48:26,2025-04-17 06:00:00
SKU00631,De-engineered content-based matrix,Home & Kitchen,WH-DEL,518,65,8194.31,2025-04-04 21:18:11,2025-04-17 06:00:00
SKU00632,Polarized 6thgeneration Local Area Network,Grocery,WH-MUM,880,90,9215.43,2025-04-10 14:25:49,2025-04-17 06:00:00
SKU00633,Up-sized 3rdgeneration project,Beauty,WH-BLR,1279,55,1040.02,2025-04-09 01:24:49,2025-04-17 06:00:00
SKU00634,Self-enabling heuristic structure,Clothing,WH-DEL,39,56,10282.25,2025-04-02 23:02:54,2025-04-17 06:00:00
SKU00635,Managed bi-directional matrix,Electronics,WH-BLR,1266,98,7723.35,2025-04-14 01:16:17,2025-04-17 06:00:00
SKU00636,Upgradable uniform structure,Sports,WH-HYD,263,32,10664.58,2025-04-06 01:09:49,2025-04-17 06:00:00
SKU00637,Open-source well-modulated leverage,Electronics,WH-DEL,856,67,242.33,2025-04-04 06:26:01,2025-04-17 06:00:00
SKU00638,Distributed homogeneous challenge,Home & Kitchen,WH-MUM,78,93,3647.38,2025-04-13 20:08:02,2025-04-17 06:00:00
SKU00639,Quality-focused intermediate customer loyalty,Books,WH-MUM,1852,95,92.17,2025-04-07 14:17:10,2025-04-17 06:00:00
SKU00640,Vision-oriented 3rdgeneration superstructure,Home & Kitchen,WH-BLR,1310,35,13163.47,2025-04-12 02:09:41,2025-04-17 06:00:00
SKU00641,Sharable reciprocal projection,Beauty,WH-DEL,1176,65,12112.83,2025-04-14 21:52:15,2025-04-17 06:00:00
SKU00642,Triple-buffered intangible initiative,Home & Kitchen,WH-DEL,1147,87,12748.84,2025-04-03 17:09:41,2025-04-17 06:00:00
SKU00643,Compatible non-volatile flexibility,Toys,WH-DEL,452,64,10656.49,2025-04-11 08:19:18,2025-04-17 06:00:00
SKU00644,Persevering national frame,Toys,WH-BLR,965,11,12550.42,2025-04-07 00:53:43,2025-04-17 06:00:00
SKU00645,Configurable system-worthy extranet,Books,WH-BLR,520,45,12879.01,2025-04-07 03:13:14,2025-04-17 06:00:00
SKU00646,Operative non-volatile process improvement,Clothing,WH-DEL,797,65,14145.87,2025-04-10 11:45:10,2025-04-17 06:00:00
SKU00647,Grass-roots motivating knowledge user,Sports,WH-DEL,8,97,8725.26,2025-04-14 06:24:53,2025-04-17 06:00:00
SKU00648,Front-line context-sensitive synergy,Sports,WH-BLR,1504,80,4387.74,2025-04-01 16:00:07,2025-04-17 06:00:00
SKU00649,Sharable local circuit,Clothing,WH-DEL,1343,72,4971.51,2025-04-10 21:13:15,2025-04-17 06:00:00
SKU00650,Reverse-engineered 6thgeneration attitude,Sports,WH-HYD,1936,98,2183.38,2025-04-05 03:00:24,2025-04-17 06:00:00
SKU00651,Progressive reciprocal challenge,Electronics,WH-DEL,605,25,8815.91,2025-04-09 16:56:14,2025-04-17 06:00:00
SKU00652,Synchronized fresh-thinking archive,Electronics,WH-CHE,37,62,4801.87,2025-04-15 22:25:22,2025-04-17 06:00:00
SKU00653,Cloned methodical parallelism,Toys,WH-MUM,1472,25,1525.8,2025-04-09 00:10:42,2025-04-17 06:00:00
SKU00654,Synchronized reciprocal challenge,Home & Kitchen,WH-MUM,762,99,10639.81,2025-04-06 22:27:22,2025-04-17 06:00:00
SKU00655,Centralized leadingedge software,Home & Kitchen,WH-CHE,1624,16,2040.73,2025-04-08 20:57:48,2025-04-17 06:00:00
SKU00656,Configurable local groupware,Books,WH-HYD,1326,91,14762.39,2025-04-08 09:11:11,2025-04-17 06:00:00
SKU00657,Polarized fresh-thinking hierarchy,Books,WH-DEL,555,99,5280.13,2025-04-08 10:17:39,2025-04-17 06:00:00
SKU00658,Customer-focused fresh-thinking array,Grocery,WH-BLR,357,96,14926.12,2025-04-05 19:37:17,2025-04-17 06:00:00
SKU00659,Configurable real-time archive,Beauty,WH-DEL,218,24,748.51,2025-04-09 00:00:46,2025-04-17 06:00:00
SKU00660,Implemented hybrid Graphic Interface,Home & Kitchen,WH-CHE,654,97,12265.22,2025-04-11 13:38:24,2025-04-17 06:00:00
SKU00661,Customizable asynchronous contingency,Home & Kitchen,WH-CHE,,80,6971.95,2025-04-14 01:35:03,2025-04-17 06:00:00
SKU00662,Optimized tertiary emulation,Home & Kitchen,WH-DEL,452,66,6057.9,2025-04-07 16:59:29,2025-04-17 06:00:00
SKU00663,Extended optimal encryption,Electronics,WH-BLR,40,55,14542.08,2025-04-13 22:52:18,2025-04-17 06:00:00
SKU00664,Stand-alone zero-defect product,Electronics,WH-HYD,1214,25,10615.14,2025-04-14 04:39:05,2025-04-17 06:00:00
SKU00665,Integrated modular interface,Toys,WH-BLR,1820,26,1057.73,2025-04-05 07:44:43,2025-04-17 06:00:00
SKU00666,Optional well-modulated projection,Books,WH-BLR,1438,98,5551.24,2025-04-08 03:51:34,2025-04-17 06:00:00
SKU00667,Horizontal multimedia access,Beauty,WH-DEL,370,51,8964.05,2025-04-09 13:25:07,2025-04-17 06:00:00
SKU00668,Polarized incremental complexity,Toys,WH-HYD,911,86,6672.17,2025-04-15 17:45:30,2025-04-17 06:00:00
SKU00669,Virtual uniform firmware,Clothing,WH-HYD,385,85,1649.27,2025-04-14 07:22:47,2025-04-17 06:00:00
SKU00670,Intuitive multi-tasking focus group,Books,WH-BLR,625,69,323.91,2025-04-10 23:49:09,2025-04-17 06:00:00
SKU00671,Implemented demand-driven moratorium,Home & Kitchen,WH-BLR,512,97,6660.17,2025-04-03 12:37:51,2025-04-17 06:00:00
SKU00672,Multi-channeled 3rdgeneration monitoring,Clothing,WH-CHE,1,82,14959.94,2025-04-09 15:45:38,2025-04-17 06:00:00
SKU00673,Persistent upward-trending Graphical User Interfac,Grocery,WH-DEL,79,54,13677.88,2025-04-05 01:48:04,2025-04-17 06:00:00
SKU00674,Multi-channeled 24/7 orchestration,Home & Kitchen,WH-MUM,420,58,1788.47,2025-04-13 15:54:18,2025-04-17 06:00:00
SKU00675,Horizontal bandwidth-monitored task-force,Toys,WH-CHE,1874,35,958.78,2025-04-07 14:37:23,2025-04-17 06:00:00
SKU00676,Quality-focused asymmetric utilization,Grocery,WH-DEL,1532,26,6517.71,2025-04-13 07:41:27,2025-04-17 06:00:00
SKU00677,Multi-channeled 4thgeneration policy,Books,WH-HYD,1885,45,155.14,2025-04-10 11:26:01,2025-04-17 06:00:00
SKU00678,Distributed zero administration product,Clothing,WH-MUM,1531,83,11120.08,2025-04-15 16:01:44,2025-04-17 06:00:00
SKU00679,Pre-emptive full-range process improvement,Grocery,WH-CHE,1761,26,8680.88,2025-04-12 07:46:50,2025-04-17 06:00:00
SKU00680,Business-focused multi-tasking functionalities,Clothing,WH-BLR,1902,99,9519.35,2025-04-10 13:29:27,2025-04-17 06:00:00
SKU00681,Front-line holistic leverage,Electronics,WH-MUM,1753,37,13689.86,2025-04-13 15:25:44,2025-04-17 06:00:00
SKU00682,Assimilated eco-centric hub,Grocery,WH-CHE,1806,96,11235.12,2025-04-09 13:30:03,2025-04-17 06:00:00
SKU00683,Balanced client-server neural-net,Home & Kitchen,WH-CHE,1502,88,7724.79,2025-04-13 10:19:15,2025-04-17 06:00:00
SKU00684,Configurable eco-centric function,Toys,WH-CHE,214,43,7712.32,2025-04-06 16:48:40,2025-04-17 06:00:00
SKU00685,Robust reciprocal productivity,Grocery,WH-DEL,497,82,5969.09,2025-04-01 04:58:56,2025-04-17 06:00:00
SKU00686,Open-architected actuating system engine,Electronics,WH-CHE,1016,46,7080.45,2025-04-15 22:32:27,2025-04-17 06:00:00
SKU00687,Streamlined heuristic workforce,Sports,WH-HYD,640,97,11738.42,2025-04-16 14:19:27,2025-04-17 06:00:00
SKU00688,Digitized didactic definition,Sports,WH-BLR,634,24,13049.75,2025-04-02 01:10:28,2025-04-17 06:00:00
SKU00689,Persistent composite alliance,Grocery,WH-MUM,1854,64,6074.73,2025-04-04 06:53:53,2025-04-17 06:00:00
SKU00690,Diverse regional leverage,Toys,WH-BLR,1896,46,9621.73,2025-04-16 21:05:40,2025-04-17 06:00:00
SKU00691,Reactive regional core,Books,WH-BLR,925,82,4500.89,2025-04-03 15:34:12,2025-04-17 06:00:00
SKU00692,Face-to-face 4thgeneration throughput,Toys,WH-BLR,1639,41,513.34,2025-04-09 06:34:42,2025-04-17 06:00:00
SKU00693,Reduced 6thgeneration middleware,Books,WH-BLR,1056,90,13817.48,2025-04-16 10:58:50,2025-04-17 06:00:00
SKU00694,Synchronized multi-state system engine,Electronics,WH-CHE,,64,6957.82,2025-04-09 19:58:19,2025-04-17 06:00:00
SKU00695,Focused context-sensitive strategy,Beauty,WH-MUM,1548,96,6784.07,2025-04-13 01:27:11,2025-04-17 06:00:00
SKU00696,Public-key real-time matrices,Beauty,WH-CHE,1633,19,6278.76,2025-04-10 04:26:37,2025-04-17 06:00:00
SKU00697,Universal stable functionalities,Grocery,WH-MUM,1687,49,7917.4,2025-04-01 22:41:09,2025-04-17 06:00:00
SKU00698,Decentralized uniform solution,Grocery,WH-MUM,1420,17,12623.07,2025-04-11 17:58:57,2025-04-17 06:00:00
SKU00699,Digitized object-oriented structure,Clothing,WH-HYD,1720,69,12105.24,2025-04-10 09:59:07,2025-04-17 06:00:00
SKU00700,Reverse-engineered value-added pricing structure,Clothing,WH-MUM,1405,50,13208.41,2025-04-16 23:04:23,2025-04-17 06:00:00
SKU00701,Ergonomic incremental initiative,Electronics,WH-HYD,5,75,9646.68,2025-04-13 23:25:40,2025-04-17 06:00:00
SKU00702,Multi-layered clear-thinking alliance,Books,WH-MUM,320,34,5849.17,2025-04-05 18:58:37,2025-04-17 06:00:00
SKU00703,Total exuding orchestration,Beauty,WH-MUM,483,62,4273.69,2025-04-15 02:49:53,2025-04-17 06:00:00
SKU00704,Seamless web-enabled complexity,Beauty,WH-BLR,1135,97,1991.94,2025-04-02 01:10:34,2025-04-17 06:00:00
SKU00705,Fundamental context-sensitive standardization,Home & Kitchen,WH-MUM,1566,97,3401.91,2025-04-10 12:41:56,2025-04-17 06:00:00
SKU00706,Fully-configurable disintermediate neural-net,Beauty,WH-MUM,939,50,2973.73,2025-04-09 00:49:47,2025-04-17 06:00:00
SKU00707,Upgradable 24hour product,Clothing,WH-MUM,922,43,4306.91,2025-04-15 10:10:02,2025-04-17 06:00:00
SKU00708,Universal 5thgeneration functionalities,Electronics,WH-MUM,1983,41,2866.2,2025-04-07 12:01:37,2025-04-17 06:00:00
SKU00709,Up-sized multi-state challenge,Grocery,WH-HYD,598,88,7335.12,2025-04-09 00:05:13,2025-04-17 06:00:00
SKU00710,Balanced intangible analyzer,Electronics,WH-BLR,1454,50,8798.14,2025-04-09 22:27:34,2025-04-17 06:00:00
SKU00711,Cross-group actuating ability,Beauty,WH-MUM,85,14,10438.17,2025-04-01 23:51:27,2025-04-17 06:00:00
SKU00712,Innovative explicit definition,Toys,WH-DEL,515,34,1747.51,2025-04-11 03:33:32,2025-04-17 06:00:00
SKU00713,Progressive logistical hardware,Sports,WH-BLR,1911,82,4018.76,2025-04-07 15:40:18,2025-04-17 06:00:00
SKU00714,Down-sized real-time functionalities,Grocery,WH-MUM,227,23,11997.97,2025-04-14 08:59:16,2025-04-17 06:00:00
SKU00715,Digitized methodical function,Books,WH-DEL,1222,91,13911.21,2025-04-04 13:54:37,2025-04-17 06:00:00
SKU00716,Profit-focused optimizing hierarchy,Grocery,WH-DEL,1547,63,10171.16,2025-04-08 21:17:02,2025-04-17 06:00:00
SKU00717,Compatible coherent forecast,Electronics,WH-DEL,829,29,6592.11,2025-04-05 02:22:04,2025-04-17 06:00:00
SKU00718,Synergistic mobile circuit,Home & Kitchen,WH-MUM,1108,93,13599.96,2025-04-16 08:21:12,2025-04-17 06:00:00
SKU00719,User-centric 24hour artificial intelligence,Electronics,WH-BLR,606,63,5501.93,2025-04-14 12:44:32,2025-04-17 06:00:00
SKU00720,Robust 24/7 frame,Beauty,WH-BLR,8,57,3762.57,2025-04-09 23:22:32,2025-04-17 06:00:00
SKU00721,Implemented 4thgeneration product,Beauty,WH-CHE,696,52,12178.61,2025-04-02 05:44:30,2025-04-17 06:00:00
SKU00722,Function-based context-sensitive focus group,Home & Kitchen,WH-BLR,434,64,14544.4,2025-04-01 03:51:16,2025-04-17 06:00:00
SKU00723,Enhanced incremental task-force,Grocery,WH-CHE,1573,87,7501.36,2025-04-08 13:31:40,2025-04-17 06:00:00
SKU00724,Expanded actuating implementation,Books,WH-HYD,280,62,3519.7,2025-04-05 15:39:55,2025-04-17 06:00:00
SKU00725,User-centric transitional implementation,Electronics,WH-HYD,1686,14,3979.65,2025-04-01 17:01:43,2025-04-17 06:00:00
SKU00726,Public-key radical website,Home & Kitchen,WH-MUM,1689,61,10429.5,2025-04-14 17:27:56,2025-04-17 06:00:00
SKU00727,Innovative executive analyzer,Toys,WH-MUM,,64,10827.05,2025-04-14 15:51:29,2025-04-17 06:00:00
SKU00728,Universal needs-based synergy,Electronics,WH-MUM,1404,29,2796.94,2025-04-02 12:09:27,2025-04-17 06:00:00
SKU00729,Grass-roots 4thgeneration policy,Grocery,WH-DEL,690,61,5649.14,2025-04-03 12:41:28,2025-04-17 06:00:00
SKU00730,Devolved didactic workforce,Grocery,WH-HYD,76,92,11610.22,2025-04-12 05:16:00,2025-04-17 06:00:00
SKU00731,Innovative optimizing attitude,Electronics,WH-BLR,137,96,13769.42,2025-04-03 14:48:23,2025-04-17 06:00:00
SKU00732,Grass-roots directional Local Area Network,Home & Kitchen,WH-CHE,424,36,628.16,2025-04-07 03:17:47,2025-04-17 06:00:00
SKU00733,Face-to-face secondary groupware,Sports,WH-HYD,936,86,9193.44,2025-04-12 13:04:14,2025-04-17 06:00:00
SKU00734,Quality-focused fault-tolerant moderator,Home & Kitchen,WH-MUM,783,19,13689.85,2025-04-14 09:06:59,2025-04-17 06:00:00
SKU00735,Optimized value-added moderator,Books,WH-MUM,1546,85,10303.71,2025-04-16 10:01:36,2025-04-17 06:00:00
SKU00736,User-friendly fault-tolerant installation,Clothing,WH-CHE,322,58,11122.46,2025-04-16 17:57:08,2025-04-17 06:00:00
SKU00737,Focused full-range functionalities,Home & Kitchen,WH-BLR,1741,38,1731.5,2025-04-01 14:29:59,2025-04-17 06:00:00
SKU00738,Organized full-range website,Grocery,WH-HYD,354,15,1321.34,2025-04-02 08:25:13,2025-04-17 06:00:00
SKU00739,Profit-focused grid-enabled capability,Home & Kitchen,WH-MUM,1046,93,13272.69,2025-04-12 05:53:32,2025-04-17 06:00:00
SKU00740,Upgradable mobile access,Grocery,WH-HYD,372,16,11241.54,2025-04-08 15:49:30,2025-04-17 06:00:00
SKU00741,Expanded context-sensitive hardware,Sports,WH-HYD,663,79,9325.62,2025-04-13 23:55:15,2025-04-17 06:00:00
SKU00742,Re-contextualized impactful interface,Grocery,WH-CHE,1824,28,11849.83,2025-04-02 12:11:55,2025-04-17 06:00:00
SKU00743,Balanced disintermediate toolset,Toys,WH-CHE,325,98,2943.06,2025-04-01 15:01:29,2025-04-17 06:00:00
SKU00744,Innovative tangible Graphical User Interface,Clothing,WH-HYD,342,83,14713.72,2025-04-14 10:22:57,2025-04-17 06:00:00
SKU00745,Secured neutral success,Electronics,WH-HYD,529,100,13527.97,2025-04-11 04:08:07,2025-04-17 06:00:00
SKU00746,Persistent needs-based implementation,Beauty,WH-MUM,663,44,7573.88,2025-04-12 22:04:07,2025-04-17 06:00:00
SKU00747,Polarized bandwidth-monitored hierarchy,Toys,WH-HYD,1162,98,246.46,2025-04-01 11:19:54,2025-04-17 06:00:00
SKU00748,Organized well-modulated function,Toys,WH-BLR,1947,66,13297.44,2025-04-04 18:39:42,2025-04-17 06:00:00
SKU00749,Devolved secondary architecture,Sports,WH-MUM,701,56,13756.4,2025-04-12 04:34:14,2025-04-17 06:00:00
SKU00750,Pre-emptive neutral contingency,Books,WH-BLR,953,70,6823.08,2025-04-13 00:15:08,2025-04-17 06:00:00
SKU00751,Up-sized scalable standardization,Sports,WH-CHE,7,44,260.71,2025-04-11 02:40:19,2025-04-17 06:00:00
SKU00752,Ergonomic tertiary secured line,Beauty,WH-DEL,938,65,7204.34,2025-04-03 02:20:16,2025-04-17 06:00:00
SKU00753,Decentralized mission-critical database,Home & Kitchen,WH-CHE,1052,87,13577.98,2025-04-12 00:20:04,2025-04-17 06:00:00
SKU00754,Balanced systematic leverage,Home & Kitchen,WH-HYD,317,76,8209.05,2025-04-02 11:42:28,2025-04-17 06:00:00
SKU00755,Customizable scalable focus group,Home & Kitchen,WH-HYD,300,97,7714.11,2025-04-02 17:28:38,2025-04-17 06:00:00
SKU00756,Down-sized non-volatile access,Toys,WH-DEL,896,10,3894.5,2025-04-09 06:59:47,2025-04-17 06:00:00
SKU00757,Digitized multi-tasking system engine,Books,WH-CHE,152,64,12992.02,2025-04-01 19:23:03,2025-04-17 06:00:00
SKU00758,Robust system-worthy architecture,Beauty,WH-HYD,1468,79,5838.53,2025-04-13 12:11:25,2025-04-17 06:00:00
SKU00759,Cloned maximized protocol,Electronics,WH-HYD,152,58,11933.73,2025-04-08 10:01:59,2025-04-17 06:00:00
SKU00760,Optional cohesive Local Area Network,Grocery,WH-BLR,,91,14542.74,2025-04-02 13:20:35,2025-04-17 06:00:00
SKU00761,Diverse multimedia instruction set,Home & Kitchen,WH-MUM,1072,25,7019.87,2025-04-05 05:28:44,2025-04-17 06:00:00
SKU00762,Organic disintermediate database,Sports,WH-BLR,1402,40,2046.37,2025-04-10 01:20:06,2025-04-17 06:00:00
SKU00763,Robust responsive extranet,Sports,WH-DEL,816,20,1293.93,2025-04-15 00:00:39,2025-04-17 06:00:00
SKU00764,Extended needs-based moderator,Clothing,WH-BLR,1139,81,14657.71,2025-04-01 11:29:16,2025-04-17 06:00:00
SKU00765,Phased content-based open system,Grocery,WH-DEL,1438,70,91.31,2025-04-01 00:41:03,2025-04-17 06:00:00
SKU00766,Face-to-face impactful standardization,Toys,WH-DEL,1839,56,7314.19,2025-04-05 03:21:09,2025-04-17 06:00:00
SKU00767,Devolved 3rdgeneration frame,Electronics,WH-DEL,1328,17,7219.1,2025-04-12 10:32:58,2025-04-17 06:00:00
SKU00768,Progressive fault-tolerant knowledge user,Sports,WH-MUM,463,64,920.32,2025-04-14 07:13:00,2025-04-17 06:00:00
SKU00769,Open-architected content-based workforce,Beauty,WH-HYD,1222,67,10993.54,2025-04-04 16:21:07,2025-04-17 06:00:00
SKU00770,Front-line full-range leverage,Sports,WH-DEL,1371,51,6213.64,2025-04-02 15:14:52,2025-04-17 06:00:00
SKU00771,Reactive dedicated alliance,Clothing,WH-CHE,1697,10,573.07,2025-04-02 05:51:01,2025-04-17 06:00:00
SKU00772,Compatible modular implementation,Grocery,WH-HYD,217,81,812.39,2025-04-09 18:57:02,2025-04-17 06:00:00
SKU00773,Innovative solution-oriented encryption,Electronics,WH-BLR,24,16,10911.37,2025-04-04 14:33:51,2025-04-17 06:00:00
SKU00774,Profound holistic service-desk,Beauty,WH-HYD,1157,30,9993.6,2025-04-16 05:05:22,2025-04-17 06:00:00
SKU00775,Compatible non-volatile knowledge user,Books,WH-MUM,1265,14,10564.78,2025-04-02 23:42:54,2025-04-17 06:00:00
SKU00776,Decentralized regional concept,Electronics,WH-CHE,352,70,14846.87,2025-04-09 20:19:18,2025-04-17 06:00:00
SKU00777,Open-architected logistical array,Grocery,WH-BLR,943,91,4072.0,2025-04-06 14:01:27,2025-04-17 06:00:00
SKU00778,Grass-roots 3rdgeneration core,Toys,WH-HYD,1775,49,4853.3,2025-04-07 04:12:05,2025-04-17 06:00:00
SKU00779,Programmable methodical model,Home & Kitchen,WH-CHE,785,43,5230.9,2025-04-16 17:44:50,2025-04-17 06:00:00
SKU00780,Adaptive multi-tasking installation,Home & Kitchen,WH-HYD,170,46,889.54,2025-04-03 17:49:50,2025-04-17 06:00:00
SKU00781,Fully-configurable bandwidth-monitored functionali,Beauty,WH-HYD,432,47,11689.48,2025-04-01 22:55:21,2025-04-17 06:00:00
SKU00782,Realigned encompassing system engine,Beauty,WH-MUM,1839,40,1439.09,2025-04-12 03:08:44,2025-04-17 06:00:00
SKU00783,Enhanced even-keeled open architecture,Books,WH-HYD,1616,60,13032.55,2025-04-14 22:02:47,2025-04-17 06:00:00
SKU00784,Cloned logistical framework,Grocery,WH-HYD,235,10,5720.84,2025-04-13 20:51:38,2025-04-17 06:00:00
SKU00785,Distributed homogeneous help-desk,Beauty,WH-DEL,1570,68,5185.4,2025-04-08 07:26:57,2025-04-17 06:00:00
SKU00786,Right-sized didactic model,Electronics,WH-BLR,1066,88,12009.08,2025-04-10 11:45:55,2025-04-17 06:00:00
SKU00787,Enterprise-wide contextually-based projection,Clothing,WH-CHE,1204,14,4161.74,2025-04-13 12:18:18,2025-04-17 06:00:00
SKU00788,Profit-focused zero-defect model,Electronics,WH-BLR,1678,74,3211.01,2025-04-10 17:27:50,2025-04-17 06:00:00
SKU00789,Advanced solution-oriented core,Home & Kitchen,WH-BLR,92,66,4284.46,2025-04-07 04:50:05,2025-04-17 06:00:00
SKU00790,Reactive homogeneous orchestration,Sports,WH-CHE,1156,83,4993.98,2025-04-14 12:57:57,2025-04-17 06:00:00
SKU00791,Ameliorated national initiative,Toys,WH-BLR,529,41,3176.04,2025-04-08 16:51:45,2025-04-17 06:00:00
SKU00792,Configurable 24hour website,Home & Kitchen,WH-CHE,1508,23,14611.51,2025-04-03 08:36:22,2025-04-17 06:00:00
SKU00793,Phased national focus group,Clothing,WH-DEL,,99,1403.41,2025-04-13 13:48:08,2025-04-17 06:00:00
SKU00794,Switchable coherent infrastructure,Beauty,WH-DEL,1764,78,12020.18,2025-04-07 01:48:06,2025-04-17 06:00:00
SKU00795,Face-to-face client-server budgetary management,Toys,WH-CHE,1837,88,10177.55,2025-04-14 10:40:18,2025-04-17 06:00:00
SKU00796,Function-based reciprocal standardization,Beauty,WH-MUM,1676,19,8966.99,2025-04-06 21:25:10,2025-04-17 06:00:00
SKU00797,Secured explicit access,Beauty,WH-DEL,843,74,12409.95,2025-04-06 02:07:36,2025-04-17 06:00:00
SKU00798,Face-to-face bottom-line intranet,Electronics,WH-MUM,929,93,12290.08,2025-04-07 16:11:53,2025-04-17 06:00:00
SKU00799,Managed mobile database,Electronics,WH-MUM,81,28,13169.89,2025-04-16 22:31:16,2025-04-17 06:00:00
SKU00800,Multi-lateral web-enabled complexity,Toys,WH-CHE,708,73,4007.22,2025-04-04 06:12:34,2025-04-17 06:00:00
SKU00801,Operative well-modulated instruction set,Electronics,WH-BLR,679,79,5057.45,2025-04-04 23:31:00,2025-04-17 06:00:00
SKU00802,Assimilated multi-tasking core,Grocery,WH-DEL,1122,88,13824.76,2025-04-04 10:05:01,2025-04-17 06:00:00
SKU00803,Enterprise-wide well-modulated solution,Clothing,WH-BLR,1647,70,12815.28,2025-04-07 04:46:20,2025-04-17 06:00:00
SKU00804,Synchronized even-keeled infrastructure,Sports,WH-DEL,791,47,6730.5,2025-04-05 05:39:23,2025-04-17 06:00:00
SKU00805,Organic client-driven monitoring,Books,WH-DEL,1962,71,14035.36,2025-04-14 07:01:31,2025-04-17 06:00:00
SKU00806,Reactive global methodology,Sports,WH-MUM,1626,20,10248.78,2025-04-07 08:46:19,2025-04-17 06:00:00
SKU00807,Sharable needs-based focus group,Toys,WH-HYD,375,53,1223.91,2025-04-13 23:51:19,2025-04-17 06:00:00
SKU00808,Advanced zero tolerance workforce,Electronics,WH-MUM,704,89,12139.65,2025-04-05 09:23:56,2025-04-17 06:00:00
SKU00809,Synergistic clear-thinking projection,Toys,WH-HYD,1930,89,6717.91,2025-04-13 05:16:44,2025-04-17 06:00:00
SKU00810,Enhanced didactic matrix,Grocery,WH-CHE,1109,69,8865.72,2025-04-12 10:09:57,2025-04-17 06:00:00
SKU00811,Reduced interactive complexity,Beauty,WH-CHE,674,43,4433.25,2025-04-11 23:15:43,2025-04-17 06:00:00
SKU00812,Phased even-keeled parallelism,Sports,WH-BLR,482,10,14498.82,2025-04-03 19:18:38,2025-04-17 06:00:00
SKU00813,Distributed high-level core,Home & Kitchen,WH-MUM,1190,63,10844.55,2025-04-01 01:53:58,2025-04-17 06:00:00
SKU00814,Realigned solution-oriented open system,Beauty,WH-MUM,890,99,14440.29,2025-04-12 00:17:12,2025-04-17 06:00:00
SKU00815,Open-architected logistical framework,Beauty,WH-CHE,131,36,9969.15,2025-04-07 02:18:57,2025-04-17 06:00:00
SKU00816,Synergistic optimizing middleware,Toys,WH-CHE,1056,13,13442.4,2025-04-03 16:35:32,2025-04-17 06:00:00
SKU00817,Pre-emptive uniform implementation,Home & Kitchen,WH-CHE,1723,46,12612.43,2025-04-08 03:37:13,2025-04-17 06:00:00
SKU00818,Face-to-face interactive model,Grocery,WH-BLR,864,62,9080.44,2025-04-03 21:13:21,2025-04-17 06:00:00
SKU00819,Pre-emptive user-facing archive,Clothing,WH-CHE,838,61,14718.77,2025-04-04 07:17:08,2025-04-17 06:00:00
SKU00820,Multi-layered optimizing open system,Home & Kitchen,WH-DEL,491,69,10533.4,2025-04-01 16:26:27,2025-04-17 06:00:00
SKU00821,Polarized system-worthy collaboration,Toys,WH-CHE,516,13,5062.55,2025-04-08 16:07:32,2025-04-17 06:00:00
SKU00822,Open-source mobile encoding,Books,WH-MUM,71,100,1576.96,2025-04-04 04:02:34,2025-04-17 06:00:00
SKU00823,Profound non-volatile protocol,Grocery,WH-MUM,613,41,9553.2,2025-04-02 06:47:30,2025-04-17 06:00:00
SKU00824,Robust optimizing throughput,Books,WH-MUM,1966,93,12563.1,2025-04-12 22:38:40,2025-04-17 06:00:00
SKU00825,Operative system-worthy structure,Clothing,WH-MUM,1301,46,8076.59,2025-04-08 05:44:38,2025-04-17 06:00:00
SKU00826,Progressive demand-driven capability,Grocery,WH-HYD,,34,13089.46,2025-04-02 12:28:58,2025-04-17 06:00:00
SKU00827,Profound zero administration system engine,Clothing,WH-MUM,156,79,1994.37,2025-04-01 08:21:05,2025-04-17 06:00:00
SKU00828,Face-to-face scalable synergy,Grocery,WH-CHE,380,72,8190.74,2025-04-14 02:19:54,2025-04-17 06:00:00
SKU00829,Re-contextualized zero administration intranet,Electronics,WH-DEL,852,50,13597.25,2025-04-08 06:04:05,2025-04-17 06:00:00
SKU00830,Sharable optimal challenge,Beauty,WH-BLR,1045,75,9357.61,2025-04-10 17:47:50,2025-04-17 06:00:00
SKU00831,Optimized responsive challenge,Toys,WH-BLR,886,100,3513.12,2025-04-08 04:41:44,2025-04-17 06:00:00
SKU00832,Triple-buffered methodical hub,Clothing,WH-MUM,58,90,7867.14,2025-04-14 08:57:59,2025-04-17 06:00:00
SKU00833,Adaptive needs-based application,Home & Kitchen,WH-MUM,155,94,5111.9,2025-04-13 16:51:03,2025-04-17 06:00:00
SKU00834,Sharable 24/7 open system,Toys,WH-BLR,84,88,6520.23,2025-04-07 14:44:52,2025-04-17 06:00:00
SKU00835,Versatile content-based parallelism,Toys,WH-CHE,1463,77,8860.51,2025-04-08 12:40:57,2025-04-17 06:00:00
SKU00836,Assimilated explicit success,Home & Kitchen,WH-MUM,1823,98,8076.01,2025-04-13 22:16:15,2025-04-17 06:00:00
SKU00837,Adaptive intangible Graphic Interface,Sports,WH-BLR,73,29,6762.66,2025-04-02 01:53:51,2025-04-17 06:00:00
SKU00838,Future-proofed scalable structure,Books,WH-MUM,451,88,1234.67,2025-04-14 02:48:08,2025-04-17 06:00:00
SKU00839,Open-source web-enabled definition,Grocery,WH-MUM,1502,36,1413.0,2025-04-04 20:49:24,2025-04-17 06:00:00
SKU00840,Configurable content-based hub,Electronics,WH-HYD,885,76,3159.38,2025-04-11 14:16:02,2025-04-17 06:00:00
SKU00841,Phased regional focus group,Sports,WH-HYD,906,79,1945.3,2025-04-10 10:43:29,2025-04-17 06:00:00
SKU00842,Future-proofed system-worthy encryption,Home & Kitchen,WH-BLR,1109,33,6440.76,2025-04-12 10:29:34,2025-04-17 06:00:00
SKU00843,Programmable upward-trending moderator,Home & Kitchen,WH-HYD,1513,13,7961.31,2025-04-06 21:40:29,2025-04-17 06:00:00
SKU00844,Persevering directional capacity,Home & Kitchen,WH-HYD,1869,67,144.07,2025-04-14 14:49:42,2025-04-17 06:00:00
SKU00845,Profit-focused dynamic capacity,Books,WH-DEL,896,10,12475.87,2025-04-10 20:55:11,2025-04-17 06:00:00
SKU00846,Digitized empowering database,Home & Kitchen,WH-MUM,466,44,10004.28,2025-04-16 11:30:09,2025-04-17 06:00:00
SKU00847,Ergonomic upward-trending ability,Beauty,WH-BLR,1544,71,12208.32,2025-04-06 21:23:36,2025-04-17 06:00:00
SKU00848,Operative multimedia moratorium,Beauty,WH-MUM,355,93,13366.08,2025-04-04 03:11:09,2025-04-17 06:00:00
SKU00849,Configurable next generation approach,Grocery,WH-DEL,1461,17,7520.6,2025-04-07 04:22:02,2025-04-17 06:00:00
SKU00850,Monitored composite intranet,Beauty,WH-BLR,1086,100,3233.83,2025-04-15 04:12:40,2025-04-17 06:00:00
SKU00851,Operative leadingedge strategy,Grocery,WH-MUM,1928,69,3313.94,2025-04-06 08:31:27,2025-04-17 06:00:00
SKU00852,Expanded static application,Home & Kitchen,WH-HYD,705,12,2594.72,2025-04-08 13:51:13,2025-04-17 06:00:00
SKU00853,Profit-focused actuating architecture,Home & Kitchen,WH-MUM,85,52,11840.46,2025-04-09 07:20:09,2025-04-17 06:00:00
SKU00854,Multi-channeled object-oriented core,Beauty,WH-CHE,840,87,4390.79,2025-04-06 09:52:01,2025-04-17 06:00:00
SKU00855,Profound exuding core,Grocery,WH-DEL,938,47,13390.98,2025-04-03 12:44:11,2025-04-17 06:00:00
SKU00856,Reduced client-driven access,Clothing,WH-CHE,1988,78,6262.76,2025-04-02 16:16:59,2025-04-17 06:00:00
SKU00857,Customer-focused value-added process improvement,Beauty,WH-BLR,862,61,11841.29,2025-04-16 15:41:42,2025-04-17 06:00:00
SKU00858,Fully-configurable user-facing synergy,Grocery,WH-BLR,800,58,3531.06,2025-04-15 18:36:22,2025-04-17 06:00:00
SKU00859,Profit-focused analyzing software,Electronics,WH-BLR,,75,4490.45,2025-04-07 10:06:55,2025-04-17 06:00:00
SKU00860,Profit-focused tertiary methodology,Toys,WH-MUM,467,33,7516.94,2025-04-05 07:52:35,2025-04-17 06:00:00
SKU00861,Phased tertiary access,Clothing,WH-BLR,333,79,14474.4,2025-04-15 14:51:28,2025-04-17 06:00:00
SKU00862,Streamlined intangible capability,Beauty,WH-HYD,952,13,5316.13,2025-04-01 06:09:21,2025-04-17 06:00:00
SKU00863,Expanded incremental hub,Toys,WH-CHE,489,43,13372.96,2025-04-08 14:12:39,2025-04-17 06:00:00
SKU00864,Digitized empowering access,Sports,WH-BLR,863,14,14385.36,2025-04-12 20:23:28,2025-04-17 06:00:00
SKU00865,Seamless context-sensitive application,Toys,WH-CHE,1136,51,409.24,2025-04-06 00:11:43,2025-04-17 06:00:00
SKU00866,Open-source multi-state projection,Electronics,WH-DEL,1933,38,1322.89,2025-04-06 22:41:14,2025-04-17 06:00:00
SKU00867,Upgradable systematic support,Electronics,WH-CHE,494,73,10422.45,2025-04-03 05:04:47,2025-04-17 06:00:00
SKU00868,Customer-focused leadingedge focus group,Toys,WH-MUM,458,55,2199.52,2025-04-11 07:10:18,2025-04-17 06:00:00
SKU00869,Total next generation Graphical User Interface,Electronics,WH-CHE,1817,19,4841.0,2025-04-01 22:14:52,2025-04-17 06:00:00
SKU00870,De-engineered next generation function,Electronics,WH-MUM,749,36,14202.35,2025-04-12 02:14:30,2025-04-17 06:00:00
SKU00871,Ameliorated attitude-oriented toolset,Sports,WH-BLR,404,61,12573.69,2025-04-12 03:01:41,2025-04-17 06:00:00
SKU00872,Phased bifurcated utilization,Electronics,WH-HYD,1343,72,1983.04,2025-04-05 00:31:39,2025-04-17 06:00:00
SKU00873,Multi-lateral intermediate matrix,Grocery,WH-HYD,652,56,1109.62,2025-04-15 18:16:29,2025-04-17 06:00:00
SKU00874,Realigned local functionalities,Toys,WH-HYD,753,99,9917.75,2025-04-15 02:40:12,2025-04-17 06:00:00
SKU00875,Universal maximized knowledge user,Sports,WH-BLR,1013,82,5334.13,2025-04-09 07:57:47,2025-04-17 06:00:00
SKU00876,Enterprise-wide human-resource function,Beauty,WH-BLR,52,51,14645.13,2025-04-16 17:48:03,2025-04-17 06:00:00
SKU00877,Distributed bifurcated synergy,Books,WH-MUM,792,82,10340.52,2025-04-16 07:53:58,2025-04-17 06:00:00
SKU00878,Operative leadingedge methodology,Clothing,WH-CHE,615,56,6674.5,2025-04-07 22:44:17,2025-04-17 06:00:00
SKU00879,Synergistic full-range support,Clothing,WH-BLR,1278,30,8409.3,2025-04-08 14:18:08,2025-04-17 06:00:00
SKU00880,Networked zero administration open architecture,Home & Kitchen,WH-BLR,1357,28,11099.07,2025-04-02 11:56:40,2025-04-17 06:00:00
SKU00881,Enterprise-wide disintermediate methodology,Grocery,WH-CHE,1584,92,13418.59,2025-04-13 03:38:03,2025-04-17 06:00:00
SKU00882,Streamlined well-modulated success,Home & Kitchen,WH-HYD,152,93,11633.89,2025-04-08 14:31:51,2025-04-17 06:00:00
SKU00883,Visionary system-worthy system engine,Clothing,WH-MUM,1249,21,13111.31,2025-04-08 06:23:43,2025-04-17 06:00:00
SKU00884,Synergistic upward-trending database,Beauty,WH-BLR,1455,50,7396.82,2025-04-04 14:45:45,2025-04-17 06:00:00
SKU00885,Secured exuding frame,Electronics,WH-MUM,82,70,12067.27,2025-04-16 07:23:41,2025-04-17 06:00:00
SKU00886,Open-source user-facing architecture,Toys,WH-BLR,1805,69,11487.26,2025-04-05 21:57:13,2025-04-17 06:00:00
SKU00887,Vision-oriented static capacity,Electronics,WH-CHE,1586,28,7717.72,2025-04-08 06:52:14,2025-04-17 06:00:00
SKU00888,Fundamental object-oriented customer loyalty,Electronics,WH-BLR,1492,97,2868.87,2025-04-06 20:57:32,2025-04-17 06:00:00
SKU00889,Synergized non-volatile forecast,Home & Kitchen,WH-MUM,187,46,10866.26,2025-04-07 22:27:01,2025-04-17 06:00:00
SKU00890,Secured optimal attitude,Electronics,WH-CHE,354,35,11064.93,2025-04-11 14:17:03,2025-04-17 06:00:00
SKU00891,Intuitive bi-directional knowledgebase,Books,WH-DEL,1711,83,4378.94,2025-04-07 01:56:06,2025-04-17 06:00:00
SKU00892,Adaptive homogeneous contingency,Clothing,WH-DEL,,80,2681.61,2025-04-01 22:35:38,2025-04-17 06:00:00
SKU00893,Synchronized non-volatile productivity,Beauty,WH-MUM,1351,55,10790.53,2025-04-12 14:34:08,2025-04-17 06:00:00
SKU00894,Networked global infrastructure,Beauty,WH-DEL,125,46,8765.77,2025-04-12 14:43:08,2025-04-17 06:00:00
SKU00895,Programmable neutral time-frame,Sports,WH-MUM,1639,29,1373.68,2025-04-08 21:16:41,2025-04-17 06:00:00
SKU00896,Synchronized systemic portal,Sports,WH-CHE,176,86,6129.21,2025-04-03 02:39:29,2025-04-17 06:00:00
SKU00897,De-engineered zero-defect service-desk,Clothing,WH-MUM,619,43,3099.0,2025-04-13 04:38:02,2025-04-17 06:00:00
SKU00898,Inverse 3rdgeneration emulation,Beauty,WH-MUM,413,86,7121.22,2025-04-16 03:09:51,2025-04-17 06:00:00
SKU00899,User-friendly web-enabled strategy,Toys,WH-HYD,1827,64,10393.97,2025-04-14 06:34:18,2025-04-17 06:00:00
SKU00900,Profound systematic strategy,Toys,WH-MUM,1010,47,1353.4,2025-04-04 02:48:40,2025-04-17 06:00:00
SKU00901,Cross-group content-based orchestration,Clothing,WH-DEL,308,31,11531.65,2025-04-16 00:44:12,2025-04-17 06:00:00
SKU00902,Expanded value-added projection,Clothing,WH-MUM,1449,74,13248.62,2025-04-03 00:41:26,2025-04-17 06:00:00
SKU00903,Future-proofed 4thgeneration Graphical User Interf,Books,WH-CHE,593,49,639.53,2025-04-14 14:30:19,2025-04-17 06:00:00
SKU00904,Future-proofed global model,Electronics,WH-CHE,1076,16,2483.28,2025-04-14 11:55:38,2025-04-17 06:00:00
SKU00905,Reactive eco-centric pricing structure,Clothing,WH-HYD,1387,48,8697.02,2025-04-09 17:59:07,2025-04-17 06:00:00
SKU00906,Progressive system-worthy productivity,Home & Kitchen,WH-CHE,1688,23,2864.43,2025-04-14 23:22:41,2025-04-17 06:00:00
SKU00907,Balanced context-sensitive toolset,Electronics,WH-MUM,143,34,7721.4,2025-04-08 18:57:26,2025-04-17 06:00:00
SKU00908,Optimized composite emulation,Toys,WH-MUM,1489,22,14465.17,2025-04-11 17:38:24,2025-04-17 06:00:00
SKU00909,Inverse didactic architecture,Home & Kitchen,WH-HYD,882,72,3540.89,2025-04-02 07:21:39,2025-04-17 06:00:00
SKU00910,Innovative zero-defect customer loyalty,Sports,WH-DEL,1457,71,14608.3,2025-04-03 01:33:37,2025-04-17 06:00:00
SKU00911,Cross-platform scalable secured line,Electronics,WH-CHE,445,82,12880.95,2025-04-03 05:44:04,2025-04-17 06:00:00
SKU00912,Fully-configurable homogeneous project,Clothing,WH-HYD,1624,47,13323.46,2025-04-01 20:50:04,2025-04-17 06:00:00
SKU00913,Adaptive scalable frame,Beauty,WH-DEL,61,40,12206.45,2025-04-05 23:58:16,2025-04-17 06:00:00
SKU00914,Re-engineered reciprocal model,Home & Kitchen,WH-MUM,1817,44,392.75,2025-04-07 09:29:52,2025-04-17 06:00:00
SKU00915,Advanced tangible Graphical User Interface,Beauty,WH-HYD,1962,19,6476.37,2025-04-07 05:11:24,2025-04-17 06:00:00
SKU00916,Proactive explicit monitoring,Grocery,WH-DEL,706,73,11560.7,2025-04-12 00:20:49,2025-04-17 06:00:00
SKU00917,Managed optimizing parallelism,Beauty,WH-BLR,314,100,11279.38,2025-04-16 20:24:39,2025-04-17 06:00:00
SKU00918,Compatible analyzing superstructure,Grocery,WH-HYD,154,36,2322.76,2025-04-03 20:32:55,2025-04-17 06:00:00
SKU00919,Seamless encompassing policy,Toys,WH-HYD,401,92,440.16,2025-04-13 05:30:04,2025-04-17 06:00:00
SKU00920,Profound tertiary website,Clothing,WH-DEL,1991,50,1437.69,2025-04-11 16:01:22,2025-04-17 06:00:00
SKU00921,Switchable global projection,Electronics,WH-CHE,1555,88,14313.89,2025-04-10 04:51:03,2025-04-17 06:00:00
SKU00922,Reactive fault-tolerant architecture,Books,WH-HYD,817,12,953.38,2025-04-01 07:57:36,2025-04-17 06:00:00
SKU00923,Progressive neutral migration,Beauty,WH-HYD,575,86,8927.43,2025-04-10 15:12:44,2025-04-17 06:00:00
SKU00924,Synergistic cohesive encryption,Toys,WH-MUM,502,41,10311.96,2025-04-06 07:06:38,2025-04-17 06:00:00
SKU00925,Total full-range help-desk,Grocery,WH-DEL,,97,936.01,2025-04-08 17:24:32,2025-04-17 06:00:00
SKU00926,Versatile eco-centric process improvement,Electronics,WH-HYD,1187,18,11731.2,2025-04-07 15:49:10,2025-04-17 06:00:00
SKU00927,Streamlined mobile database,Electronics,WH-MUM,405,33,8413.52,2025-04-06 05:56:49,2025-04-17 06:00:00
SKU00928,Expanded contextually-based leverage,Sports,WH-HYD,62,53,3271.61,2025-04-13 23:22:42,2025-04-17 06:00:00
SKU00929,Synergistic asynchronous website,Grocery,WH-CHE,1805,98,4432.63,2025-04-13 18:29:40,2025-04-17 06:00:00
SKU00930,Future-proofed demand-driven interface,Books,WH-MUM,1333,41,9364.62,2025-04-12 08:41:59,2025-04-17 06:00:00
SKU00931,Face-to-face grid-enabled secured line,Beauty,WH-CHE,10,73,9016.69,2025-04-05 12:38:47,2025-04-17 06:00:00
SKU00932,Horizontal methodical middleware,Home & Kitchen,WH-BLR,1821,79,7892.75,2025-04-04 10:21:21,2025-04-17 06:00:00
SKU00933,Persistent homogeneous attitude,Beauty,WH-BLR,691,55,8278.62,2025-04-08 16:17:45,2025-04-17 06:00:00
SKU00934,Multi-lateral analyzing info-mediaries,Clothing,WH-DEL,1575,83,3213.02,2025-04-11 05:09:05,2025-04-17 06:00:00
SKU00935,Grass-roots mobile help-desk,Electronics,WH-BLR,1882,76,14459.64,2025-04-05 00:10:25,2025-04-17 06:00:00
SKU00936,Organic disintermediate functionalities,Books,WH-CHE,1111,36,6454.07,2025-04-14 07:07:08,2025-04-17 06:00:00
SKU00937,Persevering client-server leverage,Grocery,WH-CHE,1798,91,2972.01,2025-04-05 16:08:39,2025-04-17 06:00:00
SKU00938,Sharable 4thgeneration attitude,Home & Kitchen,WH-DEL,1089,14,14295.07,2025-04-07 06:21:09,2025-04-17 06:00:00
SKU00939,Public-key context-sensitive archive,Books,WH-BLR,899,76,6197.36,2025-04-08 13:17:15,2025-04-17 06:00:00
SKU00940,Profound mobile time-frame,Toys,WH-BLR,1637,76,6345.32,2025-04-11 10:55:01,2025-04-17 06:00:00
SKU00941,Visionary clear-thinking data-warehouse,Grocery,WH-DEL,544,60,14158.77,2025-04-06 14:30:07,2025-04-17 06:00:00
SKU00942,Optional 6thgeneration synergy,Grocery,WH-DEL,266,61,11512.52,2025-04-06 12:48:39,2025-04-17 06:00:00
SKU00943,Diverse value-added application,Clothing,WH-MUM,706,83,6887.66,2025-04-11 17:38:16,2025-04-17 06:00:00
SKU00944,Reactive transitional moratorium,Grocery,WH-BLR,249,55,6024.56,2025-04-13 11:04:07,2025-04-17 06:00:00
SKU00945,Enhanced zero-defect superstructure,Sports,WH-DEL,211,44,122.82,2025-04-07 03:25:08,2025-04-17 06:00:00
SKU00946,Open-source non-volatile monitoring,Clothing,WH-CHE,365,24,5579.58,2025-04-08 13:31:24,2025-04-17 06:00:00
SKU00947,User-centric leadingedge support,Books,WH-DEL,1826,19,10560.56,2025-04-11 01:12:50,2025-04-17 06:00:00
SKU00948,Exclusive intermediate open system,Toys,WH-HYD,628,13,1818.03,2025-04-05 19:29:06,2025-04-17 06:00:00
SKU00949,Fundamental radical access,Toys,WH-CHE,1057,31,1188.11,2025-04-10 16:49:25,2025-04-17 06:00:00
SKU00950,Fundamental even-keeled Internet solution,Electronics,WH-BLR,699,100,11751.28,2025-04-16 07:20:48,2025-04-17 06:00:00
SKU00951,Profound mobile open system,Sports,WH-BLR,718,32,5717.3,2025-04-10 15:59:22,2025-04-17 06:00:00
SKU00952,Enterprise-wide solution-oriented Local Area Netwo,Books,WH-BLR,1542,39,5727.63,2025-04-13 03:10:23,2025-04-17 06:00:00
SKU00953,Innovative well-modulated matrix,Grocery,WH-DEL,546,35,1388.1,2025-04-08 00:58:36,2025-04-17 06:00:00
SKU00954,Phased holistic service-desk,Sports,WH-BLR,644,53,9496.66,2025-04-14 18:04:11,2025-04-17 06:00:00
SKU00955,Team-oriented client-server time-frame,Beauty,WH-HYD,1613,13,10134.78,2025-04-01 05:09:54,2025-04-17 06:00:00
SKU00956,Down-sized background task-force,Books,WH-DEL,1743,21,14887.52,2025-04-15 14:05:33,2025-04-17 06:00:00
SKU00957,Fundamental local capability,Toys,WH-MUM,281,73,9670.76,2025-04-04 15:17:08,2025-04-17 06:00:00
SKU00958,Optional actuating open architecture,Books,WH-CHE,,70,14531.68,2025-04-07 11:34:16,2025-04-17 06:00:00
SKU00959,Fundamental holistic circuit,Home & Kitchen,WH-HYD,1334,36,10372.46,2025-04-10 11:31:43,2025-04-17 06:00:00
SKU00960,Ergonomic 24hour challenge,Books,WH-DEL,1347,84,8049.44,2025-04-08 21:14:07,2025-04-17 06:00:00
SKU00961,Robust upward-trending secured line,Grocery,WH-CHE,1617,34,371.07,2025-04-07 06:40:02,2025-04-17 06:00:00
SKU00962,Optimized bottom-line middleware,Electronics,WH-CHE,1238,20,11724.34,2025-04-10 20:44:16,2025-04-17 06:00:00
SKU00963,Realigned value-added circuit,Beauty,WH-DEL,232,34,545.54,2025-04-10 23:55:39,2025-04-17 06:00:00
SKU00964,Front-line responsive intranet,Sports,WH-DEL,1543,40,12849.18,2025-04-07 16:15:15,2025-04-17 06:00:00
SKU00965,Robust client-server circuit,Sports,WH-HYD,386,69,8451.5,2025-04-01 19:45:48,2025-04-17 06:00:00
SKU00966,User-centric incremental workforce,Electronics,WH-HYD,353,83,10380.86,2025-04-09 00:39:29,2025-04-17 06:00:00
SKU00967,Public-key actuating protocol,Beauty,WH-BLR,254,33,13150.28,2025-04-15 09:58:55,2025-04-17 06:00:00
SKU00968,Exclusive intangible support,Beauty,WH-HYD,1255,64,3863.49,2025-04-14 23:35:22,2025-04-17 06:00:00
SKU00969,Visionary logistical Local Area Network,Beauty,WH-DEL,1710,99,4440.57,2025-04-12 13:16:40,2025-04-17 06:00:00
SKU00970,Cross-platform 24/7 approach,Beauty,WH-HYD,267,53,12678.88,2025-04-05 02:11:27,2025-04-17 06:00:00
SKU00971,Centralized 4thgeneration superstructure,Electronics,WH-HYD,229,18,14510.08,2025-04-16 17:41:51,2025-04-17 06:00:00
SKU00972,Multi-lateral global help-desk,Grocery,WH-HYD,626,84,3110.17,2025-04-07 21:46:18,2025-04-17 06:00:00
SKU00973,Future-proofed non-volatile solution,Beauty,WH-BLR,479,96,8796.88,2025-04-03 20:28:25,2025-04-17 06:00:00
SKU00974,Intuitive modular customer loyalty,Toys,WH-MUM,1128,30,10688.4,2025-04-11 06:09:38,2025-04-17 06:00:00
SKU00975,Customizable discrete framework,Sports,WH-CHE,1053,72,13646.23,2025-04-03 05:04:02,2025-04-17 06:00:00
SKU00976,Versatile interactive algorithm,Electronics,WH-DEL,911,69,842.66,2025-04-14 12:00:05,2025-04-17 06:00:00
SKU00977,Distributed modular solution,Clothing,WH-CHE,1458,46,1925.48,2025-04-16 10:38:49,2025-04-17 06:00:00
SKU00978,Quality-focused intermediate migration,Beauty,WH-DEL,1949,40,6754.65,2025-04-01 23:51:26,2025-04-17 06:00:00
SKU00979,Versatile bifurcated adapter,Sports,WH-CHE,1593,48,13115.65,2025-04-14 13:53:44,2025-04-17 06:00:00
SKU00980,Digitized asynchronous matrices,Sports,WH-BLR,1886,32,1393.44,2025-04-16 04:23:16,2025-04-17 06:00:00
SKU00981,Ameliorated logistical instruction set,Books,WH-MUM,718,79,4735.02,2025-04-05 21:40:10,2025-04-17 06:00:00
SKU00982,Future-proofed incremental paradigm,Books,WH-CHE,1381,70,7276.73,2025-04-09 17:14:57,2025-04-17 06:00:00
SKU00983,Total client-driven knowledgebase,Toys,WH-CHE,1175,25,9893.6,2025-04-06 01:14:16,2025-04-17 06:00:00
SKU00984,Down-sized tertiary encryption,Electronics,WH-BLR,849,58,13778.64,2025-04-07 15:34:09,2025-04-17 06:00:00
SKU00985,Face-to-face responsive product,Grocery,WH-DEL,967,20,14261.25,2025-04-09 07:01:34,2025-04-17 06:00:00
SKU00986,Centralized actuating solution,Home & Kitchen,WH-DEL,1492,77,13258.8,2025-04-12 09:03:47,2025-04-17 06:00:00
SKU00987,Digitized asynchronous benchmark,Electronics,WH-CHE,1068,45,10143.28,2025-04-02 18:30:59,2025-04-17 06:00:00
SKU00988,Proactive multimedia infrastructure,Electronics,WH-DEL,1181,24,7340.24,2025-04-11 02:38:29,2025-04-17 06:00:00
SKU00989,Persistent discrete circuit,Clothing,WH-HYD,1910,42,1187.2,2025-04-07 04:18:10,2025-04-17 06:00:00
SKU00990,Universal disintermediate challenge,Toys,WH-DEL,167,84,10702.83,2025-04-13 06:05:20,2025-04-17 06:00:00
SKU00991,Business-focused 4thgeneration leverage,Books,WH-HYD,,56,952.24,2025-04-08 08:45:41,2025-04-17 06:00:00
SKU00992,Multi-lateral logistical artificial intelligence,Home & Kitchen,WH-HYD,618,37,10985.24,2025-04-13 12:41:48,2025-04-17 06:00:00
SKU00993,Mandatory systemic artificial intelligence,Beauty,WH-MUM,378,73,14552.52,2025-04-12 17:16:55,2025-04-17 06:00:00
SKU00994,Multi-channeled intermediate process improvement,Sports,WH-HYD,1717,68,8415.54,2025-04-01 02:45:23,2025-04-17 06:00:00
SKU00995,Organic bottom-line framework,Electronics,WH-DEL,1147,90,7057.91,2025-04-04 13:39:07,2025-04-17 06:00:00
SKU00996,Vision-oriented coherent secured line,Beauty,WH-DEL,684,30,3671.64,2025-04-03 02:25:00,2025-04-17 06:00:00
SKU00997,Decentralized static knowledge user,Electronics,WH-MUM,334,61,8281.49,2025-04-12 17:24:32,2025-04-17 06:00:00
SKU00998,Digitized didactic customer loyalty,Electronics,WH-HYD,1363,62,9236.85,2025-04-01 11:22:34,2025-04-17 06:00:00
SKU00999,Assimilated mission-critical complexity,Home & Kitchen,WH-MUM,738,80,8140.08,2025-04-06 05:15:03,2025-04-17 06:00:00
SKU01000,Implemented mobile data-warehouse,Beauty,WH-BLR,839,61,6917.64,2025-04-13 20:31:05,2025-04-17 06:00:00
SKU01001,Focused motivating process improvement,Home & Kitchen,WH-DEL,1573,11,14627.62,2025-04-05 14:02:56,2025-04-17 06:00:00
SKU01002,Virtual responsive complexity,Grocery,WH-CHE,1550,12,193.91,2025-04-11 20:24:24,2025-04-17 06:00:00
SKU01003,Assimilated contextually-based concept,Electronics,WH-CHE,998,17,12170.6,2025-04-13 19:25:29,2025-04-17 06:00:00
SKU01004,Centralized heuristic model,Toys,WH-HYD,1443,84,13789.78,2025-04-06 10:57:11,2025-04-17 06:00:00
SKU01005,Integrated intermediate function,Home & Kitchen,WH-DEL,1639,83,596.94,2025-04-13 11:55:17,2025-04-17 06:00:00
SKU01006,User-centric 6thgeneration projection,Books,WH-CHE,555,29,4130.79,2025-04-11 13:31:08,2025-04-17 06:00:00
SKU01007,Profit-focused empowering firmware,Grocery,WH-HYD,1107,62,10851.92,2025-04-05 06:31:43,2025-04-17 06:00:00
SKU01008,Decentralized neutral system engine,Toys,WH-HYD,1745,46,5246.82,2025-04-07 12:42:58,2025-04-17 06:00:00
SKU01009,Adaptive local access,Beauty,WH-MUM,904,64,5954.77,2025-04-12 10:18:50,2025-04-17 06:00:00
SKU01010,Reduced regional throughput,Toys,WH-DEL,565,86,5438.74,2025-04-13 08:59:53,2025-04-17 06:00:00
SKU01011,Up-sized real-time task-force,Home & Kitchen,WH-CHE,914,44,7557.07,2025-04-13 02:20:45,2025-04-17 06:00:00
SKU01012,Cloned multi-tasking emulation,Grocery,WH-DEL,7,34,8682.05,2025-04-08 11:02:00,2025-04-17 06:00:00
SKU01013,Inverse value-added budgetary management,Beauty,WH-MUM,1545,17,11482.48,2025-04-05 12:17:46,2025-04-17 06:00:00
SKU01014,Enhanced maximized budgetary management,Toys,WH-CHE,813,38,14625.78,2025-04-02 09:59:23,2025-04-17 06:00:00
SKU01015,Self-enabling upward-trending collaboration,Books,WH-HYD,1522,94,1918.86,2025-04-07 04:56:58,2025-04-17 06:00:00
SKU01016,Expanded coherent service-desk,Beauty,WH-BLR,1897,66,2618.87,2025-04-06 09:43:14,2025-04-17 06:00:00
SKU01017,Optional tangible model,Books,WH-DEL,1864,69,201.13,2025-04-07 06:14:37,2025-04-17 06:00:00
SKU01018,Enhanced bifurcated contingency,Electronics,WH-BLR,465,21,10999.99,2025-04-11 12:03:16,2025-04-17 06:00:00
SKU01019,Ergonomic optimal firmware,Beauty,WH-BLR,304,69,2242.24,2025-04-10 16:50:56,2025-04-17 06:00:00
SKU01020,Team-oriented bottom-line success,Grocery,WH-BLR,256,100,5553.03,2025-04-14 13:02:48,2025-04-17 06:00:00
SKU01021,Enhanced local utilization,Books,WH-CHE,1296,85,7258.71,2025-04-01 14:24:08,2025-04-17 06:00:00
SKU01022,Automated contextually-based circuit,Electronics,WH-MUM,733,61,10815.82,2025-04-10 21:47:26,2025-04-17 06:00:00
SKU01023,Reduced 4thgeneration approach,Books,WH-HYD,1008,39,2952.13,2025-04-06 06:28:10,2025-04-17 06:00:00
SKU01024,Reduced 6thgeneration toolset,Sports,WH-BLR,,99,1986.3,2025-04-10 17:09:38,2025-04-17 06:00:00
SKU01025,Networked national contingency,Home & Kitchen,WH-CHE,1578,39,11611.29,2025-04-12 07:05:16,2025-04-17 06:00:00
SKU01026,Cross-platform scalable protocol,Home & Kitchen,WH-MUM,1705,73,13433.38,2025-04-05 06:56:35,2025-04-17 06:00:00
SKU01027,Programmable systemic throughput,Home & Kitchen,WH-MUM,1187,23,5088.43,2025-04-01 20:35:23,2025-04-17 06:00:00
SKU01028,Streamlined web-enabled customer loyalty,Books,WH-HYD,1469,99,12158.2,2025-04-02 06:59:42,2025-04-17 06:00:00
SKU01029,User-centric zero-defect knowledgebase,Electronics,WH-BLR,1196,28,8171.11,2025-04-16 21:33:12,2025-04-17 06:00:00
SKU01030,Optimized static circuit,Books,WH-DEL,1835,36,3802.2,2025-04-11 19:40:49,2025-04-17 06:00:00
SKU01031,Fully-configurable bandwidth-monitored Graphical U,Electronics,WH-MUM,391,35,4043.11,2025-04-04 00:06:45,2025-04-17 06:00:00
SKU01032,Visionary encompassing Internet solution,Books,WH-HYD,751,91,8023.96,2025-04-03 00:03:13,2025-04-17 06:00:00
SKU01033,Multi-lateral multi-tasking paradigm,Home & Kitchen,WH-CHE,997,90,5432.71,2025-04-01 07:21:50,2025-04-17 06:00:00
SKU01034,Programmable encompassing Local Area Network,Sports,WH-DEL,900,85,6997.86,2025-04-13 17:06:54,2025-04-17 06:00:00
SKU01035,Stand-alone mobile extranet,Beauty,WH-DEL,1407,71,11303.48,2025-04-11 05:13:50,2025-04-17 06:00:00
SKU01036,Total intermediate migration,Toys,WH-HYD,1830,47,8128.29,2025-04-09 23:15:58,2025-04-17 06:00:00
SKU01037,Secured client-server process improvement,Beauty,WH-MUM,1490,22,4642.09,2025-04-09 22:10:16,2025-04-17 06:00:00
SKU01038,Right-sized well-modulated protocol,Grocery,WH-MUM,1104,69,10002.03,2025-04-16 01:35:52,2025-04-17 06:00:00
SKU01039,Operative mobile policy,Home & Kitchen,WH-BLR,61,36,6554.39,2025-04-04 12:44:31,2025-04-17 06:00:00
SKU01040,Secured solution-oriented alliance,Grocery,WH-CHE,1985,64,3013.37,2025-04-13 16:19:01,2025-04-17 06:00:00
SKU01041,Customer-focused disintermediate pricing structure,Beauty,WH-MUM,538,77,9270.27,2025-04-14 11:56:50,2025-04-17 06:00:00
SKU01042,Persistent high-level access,Books,WH-DEL,1171,38,9553.11,2025-04-15 15:24:25,2025-04-17 06:00:00
SKU01043,Extended disintermediate orchestration,Grocery,WH-HYD,1243,96,9223.46,2025-04-13 13:41:16,2025-04-17 06:00:00
SKU01044,Re-contextualized well-modulated success,Books,WH-BLR,164,12,10181.91,2025-04-06 18:39:29,2025-04-17 06:00:00
SKU01045,Object-based hybrid budgetary management,Home & Kitchen,WH-BLR,1044,84,1464.32,2025-04-11 05:01:14,2025-04-17 06:00:00
SKU01046,User-centric systemic secured line,Beauty,WH-DEL,1596,97,11978.12,2025-04-01 17:23:27,2025-04-17 06:00:00
SKU01047,Triple-buffered responsive info-mediaries,Home & Kitchen,WH-HYD,811,65,5007.75,2025-04-16 18:16:26,2025-04-17 06:00:00
SKU01048,Versatile well-modulated application,Toys,WH-DEL,1571,61,9586.55,2025-04-16 16:27:27,2025-04-17 06:00:00
SKU01049,Focused solution-oriented complexity,Grocery,WH-HYD,609,63,3386.15,2025-04-12 10:23:44,2025-04-17 06:00:00
SKU01050,Synchronized leadingedge benchmark,Clothing,WH-CHE,1697,83,13068.95,2025-04-13 21:50:58,2025-04-17 06:00:00
SKU01051,Ameliorated dynamic capability,Toys,WH-CHE,1145,55,3736.87,2025-04-15 22:38:06,2025-04-17 06:00:00
SKU01052,Versatile high-level installation,Clothing,WH-MUM,1,77,13364.13,2025-04-09 03:07:19,2025-04-17 06:00:00
SKU01053,Secured contextually-based Graphical User Interfac,Home & Kitchen,WH-HYD,1754,58,4690.77,2025-04-05 02:23:21,2025-04-17 06:00:00
SKU01054,Visionary fault-tolerant Internet solution,Home & Kitchen,WH-CHE,721,61,1592.29,2025-04-06 20:58:58,2025-04-17 06:00:00
SKU01055,Function-based value-added superstructure,Grocery,WH-HYD,1173,39,4459.6,2025-04-15 11:31:39,2025-04-17 06:00:00
SKU01056,Triple-buffered maximized structure,Sports,WH-CHE,1877,46,9245.55,2025-04-01 04:12:27,2025-04-17 06:00:00
SKU01057,Organic stable database,Books,WH-BLR,,46,8367.16,2025-04-11 01:36:50,2025-04-17 06:00:00
SKU01058,Re-contextualized clear-thinking protocol,Beauty,WH-BLR,1356,35,6560.42,2025-04-02 19:23:29,2025-04-17 06:00:00
SKU01059,Horizontal disintermediate system engine,Grocery,WH-MUM,1004,14,920.21,2025-04-02 07:12:35,2025-04-17 06:00:00
SKU01060,Multi-lateral human-resource protocol,Home & Kitchen,WH-DEL,186,94,11088.05,2025-04-04 13:19:32,2025-04-17 06:00:00
SKU01061,Right-sized fault-tolerant paradigm,Grocery,WH-HYD,778,38,14103.22,2025-04-05 01:43:06,2025-04-17 06:00:00
SKU01062,Fully-configurable 6thgeneration secured line,Beauty,WH-HYD,1345,36,11050.66,2025-04-05 12:17:14,2025-04-17 06:00:00
SKU01063,Stand-alone web-enabled synergy,Home & Kitchen,WH-BLR,418,74,14208.75,2025-04-11 23:19:09,2025-04-17 06:00:00
SKU01064,Robust transitional circuit,Sports,WH-DEL,1225,64,8485.99,2025-04-10 12:01:42,2025-04-17 06:00:00
SKU01065,Stand-alone full-range conglomeration,Electronics,WH-DEL,1188,14,11964.38,2025-04-15 15:23:39,2025-04-17 06:00:00
SKU01066,Persevering real-time model,Electronics,WH-HYD,1063,60,4570.34,2025-04-01 13:20:36,2025-04-17 06:00:00
SKU01067,Fully-configurable secondary algorithm,Grocery,WH-MUM,1758,62,3157.7,2025-04-08 12:19:16,2025-04-17 06:00:00
SKU01068,Enhanced solution-oriented emulation,Sports,WH-CHE,916,83,13863.42,2025-04-16 05:48:26,2025-04-17 06:00:00
SKU01069,Implemented zero-defect success,Books,WH-BLR,1052,88,9983.88,2025-04-09 19:30:07,2025-04-17 06:00:00
SKU01070,Sharable web-enabled protocol,Sports,WH-DEL,882,88,1415.92,2025-04-01 13:31:12,2025-04-17 06:00:00
SKU01071,Programmable modular info-mediaries,Books,WH-HYD,1881,47,7459.95,2025-04-16 22:41:27,2025-04-17 06:00:00
SKU01072,Quality-focused foreground open system,Beauty,WH-DEL,1145,11,9595.58,2025-04-07 22:21:11,2025-04-17 06:00:00
SKU01073,Quality-focused bifurcated frame,Beauty,WH-MUM,1668,44,11280.85,2025-04-11 03:46:28,2025-04-17 06:00:00
SKU01074,Ameliorated 5thgeneration capacity,Toys,WH-BLR,1710,42,14422.42,2025-04-12 23:38:04,2025-04-17 06:00:00
SKU01075,Decentralized non-volatile customer loyalty,Books,WH-MUM,1983,79,10345.56,2025-04-11 16:35:53,2025-04-17 06:00:00
SKU01076,Cross-group national pricing structure,Electronics,WH-BLR,1610,26,11175.79,2025-04-13 03:57:16,2025-04-17 06:00:00
SKU01077,Multi-layered empowering artificial intelligence,Electronics,WH-HYD,796,54,9904.75,2025-04-03 03:11:28,2025-04-17 06:00:00
SKU01078,Mandatory impactful framework,Books,WH-BLR,1636,67,6665.41,2025-04-11 17:47:59,2025-04-17 06:00:00
SKU01079,Open-architected transitional migration,Clothing,WH-CHE,1888,74,8921.55,2025-04-06 17:42:24,2025-04-17 06:00:00
SKU01080,Up-sized intermediate definition,Grocery,WH-BLR,1669,55,4137.91,2025-04-02 01:16:48,2025-04-17 06:00:00
SKU01081,Function-based web-enabled parallelism,Toys,WH-MUM,1267,74,7646.26,2025-04-01 23:38:15,2025-04-17 06:00:00
SKU01082,Adaptive clear-thinking Graphical User Interface,Toys,WH-DEL,662,29,2408.25,2025-04-06 19:39:38,2025-04-17 06:00:00
SKU01083,Progressive neutral attitude,Electronics,WH-CHE,1168,96,7696.98,2025-04-10 11:09:11,2025-04-17 06:00:00
SKU01084,Triple-buffered incremental superstructure,Sports,WH-MUM,1245,43,5929.55,2025-04-06 09:29:38,2025-04-17 06:00:00
SKU01085,Secured cohesive definition,Sports,WH-BLR,475,42,11629.2,2025-04-13 19:48:33,2025-04-17 06:00:00
SKU01086,Optional mobile concept,Toys,WH-DEL,362,33,8943.23,2025-04-03 11:29:27,2025-04-17 06:00:00
SKU01087,Horizontal 5thgeneration budgetary management,Beauty,WH-MUM,1684,74,5863.69,2025-04-11 23:14:07,2025-04-17 06:00:00
SKU01088,Sharable zero-defect extranet,Clothing,WH-DEL,1118,36,126.38,2025-04-09 00:18:26,2025-04-17 06:00:00
SKU01089,Distributed upward-trending policy,Sports,WH-HYD,595,64,6323.13,2025-04-01 00:24:10,2025-04-17 06:00:00
SKU01090,Synergized bifurcated policy,Sports,WH-MUM,,71,8831.71,2025-04-10 18:23:32,2025-04-17 06:00:00
SKU01091,Down-sized 24/7 monitoring,Sports,WH-HYD,941,84,6647.38,2025-04-03 23:22:34,2025-04-17 06:00:00
SKU01092,Progressive static superstructure,Clothing,WH-MUM,381,24,6419.14,2025-04-09 04:54:58,2025-04-17 06:00:00
SKU01093,Down-sized directional Local Area Network,Electronics,WH-CHE,486,97,14775.94,2025-04-10 19:57:53,2025-04-17 06:00:00
SKU01094,Re-contextualized value-added emulation,Beauty,WH-HYD,1128,100,14686.56,2025-04-13 04:50:56,2025-04-17 06:00:00
SKU01095,Mandatory even-keeled monitoring,Clothing,WH-DEL,1849,15,9595.18,2025-04-08 08:20:03,2025-04-17 06:00:00
SKU01096,Synergized scalable Internet solution,Clothing,WH-MUM,1233,37,4742.15,2025-04-06 06:13:20,2025-04-17 06:00:00
SKU01097,Managed radical service-desk,Beauty,WH-HYD,1113,94,2008.78,2025-04-10 17:39:12,2025-04-17 06:00:00
SKU01098,Reduced neutral focus group,Electronics,WH-CHE,457,50,1551.24,2025-04-08 15:52:53,2025-04-17 06:00:00
SKU01099,Front-line dynamic moratorium,Electronics,WH-MUM,53,85,11507.98,2025-04-09 05:19:40,2025-04-17 06:00:00
SKU01100,Self-enabling incremental open architecture,Grocery,WH-DEL,1062,23,2935.69,2025-04-01 18:09:21,2025-04-17 06:00:00
SKU01101,Sharable didactic Graphic Interface,Clothing,WH-BLR,602,69,2806.17,2025-04-03 07:09:11,2025-04-17 06:00:00
SKU01102,Profit-focused contextually-based structure,Clothing,WH-DEL,1144,59,13672.75,2025-04-16 21:01:35,2025-04-17 06:00:00
SKU01103,De-engineered analyzing array,Clothing,WH-CHE,1244,84,8986.17,2025-04-03 19:32:14,2025-04-17 06:00:00
SKU01104,Horizontal dedicated model,Books,WH-BLR,1280,14,13704.54,2025-04-09 15:31:32,2025-04-17 06:00:00
SKU01105,Digitized even-keeled function,Beauty,WH-CHE,194,38,1856.17,2025-04-14 23:46:13,2025-04-17 06:00:00
SKU01106,Persevering demand-driven analyzer,Toys,WH-CHE,166,65,8007.21,2025-04-12 22:52:33,2025-04-17 06:00:00
SKU01107,Multi-layered zero administration initiative,Clothing,WH-DEL,1098,92,7271.26,2025-04-08 13:16:50,2025-04-17 06:00:00
SKU01108,Cross-group multi-state time-frame,Home & Kitchen,WH-MUM,417,81,8981.81,2025-04-09 21:00:03,2025-04-17 06:00:00
SKU01109,Multi-layered homogeneous capacity,Electronics,WH-DEL,1867,86,7381.42,2025-04-11 06:09:41,2025-04-17 06:00:00
SKU01110,Universal directional portal,Clothing,WH-MUM,1210,36,2347.79,2025-04-04 09:50:43,2025-04-17 06:00:00
SKU01111,Synergistic non-volatile approach,Clothing,WH-CHE,572,55,11447.97,2025-04-04 23:04:01,2025-04-17 06:00:00
SKU01112,Up-sized analyzing synergy,Home & Kitchen,WH-BLR,1784,15,679.26,2025-04-02 06:23:11,2025-04-17 06:00:00
SKU01113,Progressive clear-thinking Internet solution,Books,WH-DEL,1384,70,7196.11,2025-04-13 00:57:23,2025-04-17 06:00:00
SKU01114,Open-architected discrete service-desk,Beauty,WH-HYD,714,29,7856.15,2025-04-11 21:32:29,2025-04-17 06:00:00
SKU01115,Assimilated next generation model,Sports,WH-HYD,795,23,8136.47,2025-04-02 15:47:01,2025-04-17 06:00:00
SKU01116,Optimized tangible customer loyalty,Home & Kitchen,WH-MUM,1615,14,13581.48,2025-04-16 18:27:29,2025-04-17 06:00:00
SKU01117,Expanded coherent flexibility,Books,WH-CHE,795,57,13756.91,2025-04-02 18:46:38,2025-04-17 06:00:00
SKU01118,Programmable holistic challenge,Toys,WH-DEL,1379,31,4804.11,2025-04-03 16:10:37,2025-04-17 06:00:00
SKU01119,Open-architected client-driven policy,Clothing,WH-DEL,98,79,8337.79,2025-04-02 23:41:31,2025-04-17 06:00:00
SKU01120,Progressive well-modulated complexity,Clothing,WH-MUM,269,96,10025.02,2025-04-15 22:01:10,2025-04-17 06:00:00
SKU01121,Universal modular time-frame,Books,WH-BLR,372,55,2975.22,2025-04-15 04:02:22,2025-04-17 06:00:00
SKU01122,Reactive web-enabled Graphical User Interface,Grocery,WH-MUM,1874,17,8733.1,2025-04-11 10:01:18,2025-04-17 06:00:00
SKU01123,Optional interactive throughput,Home & Kitchen,WH-BLR,,94,3356.37,2025-04-09 06:33:20,2025-04-17 06:00:00
SKU01124,Object-based executive methodology,Toys,WH-CHE,1408,99,8346.82,2025-04-15 16:36:48,2025-04-17 06:00:00
SKU01125,Secured client-driven model,Clothing,WH-CHE,1805,100,12694.99,2025-04-10 09:23:14,2025-04-17 06:00:00
SKU01126,Fully-configurable methodical moratorium,Clothing,WH-CHE,828,16,8582.27,2025-04-07 23:53:34,2025-04-17 06:00:00
SKU01127,Optional attitude-oriented concept,Beauty,WH-DEL,334,18,511.08,2025-04-04 10:07:40,2025-04-17 06:00:00
SKU01128,Digitized exuding secured line,Electronics,WH-HYD,1623,10,12646.1,2025-04-13 14:15:42,2025-04-17 06:00:00
SKU01129,Versatile intangible secured line,Clothing,WH-DEL,561,98,6103.98,2025-04-14 12:21:28,2025-04-17 06:00:00
SKU01130,Function-based radical utilization,Electronics,WH-HYD,1530,15,3834.93,2025-04-14 03:13:21,2025-04-17 06:00:00
SKU01131,Front-line mission-critical synergy,Clothing,WH-DEL,1023,42,10392.29,2025-04-01 22:13:07,2025-04-17 06:00:00
SKU01132,Total heuristic leverage,Books,WH-BLR,1154,43,4133.97,2025-04-07 19:23:49,2025-04-17 06:00:00
SKU01133,Synergized human-resource info-mediaries,Beauty,WH-DEL,827,85,496.06,2025-04-09 01:38:49,2025-04-17 06:00:00
SKU01134,Extended attitude-oriented conglomeration,Electronics,WH-HYD,269,43,6238.87,2025-04-09 06:20:38,2025-04-17 06:00:00
SKU01135,Integrated transitional database,Toys,WH-MUM,1141,97,6511.37,2025-04-16 00:08:58,2025-04-17 06:00:00
SKU01136,Synergistic content-based solution,Beauty,WH-HYD,83,43,8593.9,2025-04-04 10:31:21,2025-04-17 06:00:00
SKU01137,Diverse solution-oriented model,Sports,WH-CHE,293,94,1218.7,2025-04-01 09:21:54,2025-04-17 06:00:00
SKU01138,Compatible grid-enabled algorithm,Sports,WH-HYD,930,65,9323.46,2025-04-05 08:21:27,2025-04-17 06:00:00
SKU01139,Open-architected didactic framework,Beauty,WH-CHE,1381,46,12727.18,2025-04-12 00:33:19,2025-04-17 06:00:00
SKU01140,Horizontal tertiary monitoring,Toys,WH-DEL,1238,86,11303.6,2025-04-09 09:12:28,2025-04-17 06:00:00
SKU01141,Cross-group disintermediate capacity,Books,WH-BLR,800,73,721.2,2025-04-04 08:57:50,2025-04-17 06:00:00
SKU01142,Future-proofed zero administration throughput,Toys,WH-HYD,601,76,1895.77,2025-04-08 18:30:42,2025-04-17 06:00:00
SKU01143,Cross-group solution-oriented utilization,Electronics,WH-HYD,1602,26,2064.52,2025-04-15 18:37:21,2025-04-17 06:00:00
SKU01144,Integrated coherent knowledge user,Grocery,WH-DEL,173,59,14361.86,2025-04-10 09:24:45,2025-04-17 06:00:00
SKU01145,Switchable 3rdgeneration standardization,Home & Kitchen,WH-HYD,1106,65,11542.48,2025-04-01 04:35:21,2025-04-17 06:00:00
SKU01146,Down-sized logistical Graphical User Interface,Books,WH-MUM,1069,44,4661.2,2025-04-10 17:01:44,2025-04-17 06:00:00
SKU01147,Right-sized needs-based conglomeration,Toys,WH-DEL,94,60,7272.6,2025-04-09 23:17:40,2025-04-17 06:00:00
SKU01148,Organic heuristic project,Toys,WH-HYD,1019,97,2403.15,2025-04-08 04:03:18,2025-04-17 06:00:00
SKU01149,Advanced asynchronous matrices,Electronics,WH-BLR,1836,73,2414.15,2025-04-04 04:58:31,2025-04-17 06:00:00
SKU01150,Phased regional array,Books,WH-MUM,1920,51,1346.72,2025-04-04 14:11:32,2025-04-17 06:00:00
SKU01151,Down-sized 5thgeneration functionalities,Sports,WH-BLR,415,29,2730.71,2025-04-09 06:58:46,2025-04-17 06:00:00
SKU01152,Seamless optimizing benchmark,Toys,WH-CHE,1,51,12475.58,2025-04-13 16:22:01,2025-04-17 06:00:00
SKU01153,Programmable modular open system,Sports,WH-DEL,1799,67,9023.04,2025-04-05 08:42:48,2025-04-17 06:00:00
SKU01154,Visionary stable synergy,Clothing,WH-DEL,1739,53,5461.38,2025-04-04 15:29:49,2025-04-17 06:00:00
SKU01155,Quality-focused clear-thinking database,Electronics,WH-MUM,1859,52,9407.76,2025-04-05 20:03:10,2025-04-17 06:00:00
SKU01156,Programmable homogeneous task-force,Clothing,WH-CHE,,44,2866.85,2025-04-10 00:23:42,2025-04-17 06:00:00
SKU01157,Reverse-engineered 6thgeneration capability,Toys,WH-CHE,1254,39,299.04,2025-04-07 23:51:44,2025-04-17 06:00:00
SKU01158,Networked well-modulated adapter,Home & Kitchen,WH-DEL,259,10,3670.9,2025-04-15 16:09:54,2025-04-17 06:00:00
SKU01159,Networked actuating emulation,Clothing,WH-CHE,1886,44,13253.71,2025-04-07 06:22:45,2025-04-17 06:00:00
SKU01160,Mandatory human-resource Graphic Interface,Books,WH-BLR,1623,99,10896.79,2025-04-16 13:13:13,2025-04-17 06:00:00
SKU01161,Innovative human-resource artificial intelligence,Clothing,WH-CHE,63,72,4251.51,2025-04-13 10:15:28,2025-04-17 06:00:00
SKU01162,Phased bifurcated policy,Books,WH-MUM,1857,97,4015.33,2025-04-16 10:00:58,2025-04-17 06:00:00
SKU01163,Public-key fresh-thinking ability,Grocery,WH-CHE,986,79,13145.47,2025-04-04 16:02:23,2025-04-17 06:00:00
SKU01164,Right-sized client-driven system engine,Sports,WH-DEL,304,24,724.73,2025-04-11 08:47:40,2025-04-17 06:00:00
SKU01165,Decentralized asymmetric hub,Home & Kitchen,WH-HYD,444,89,3459.89,2025-04-14 17:37:52,2025-04-17 06:00:00
SKU01166,Optimized content-based benchmark,Clothing,WH-DEL,1337,15,7558.61,2025-04-14 18:13:15,2025-04-17 06:00:00
SKU01167,Reduced mobile contingency,Toys,WH-MUM,636,62,2301.53,2025-04-09 08:16:48,2025-04-17 06:00:00
SKU01168,Cloned motivating portal,Grocery,WH-HYD,1262,37,7813.81,2025-04-09 01:41:34,2025-04-17 06:00:00
SKU01169,Profit-focused global functionalities,Beauty,WH-BLR,924,54,7583.83,2025-04-04 02:16:19,2025-04-17 06:00:00
SKU01170,Monitored demand-driven process improvement,Toys,WH-BLR,1438,74,3237.44,2025-04-13 16:28:56,2025-04-17 06:00:00
SKU01171,Intuitive holistic concept,Home & Kitchen,WH-HYD,1550,90,2971.55,2025-04-04 14:51:12,2025-04-17 06:00:00
SKU01172,Focused directional Local Area Network,Beauty,WH-MUM,1531,26,4696.71,2025-04-16 12:28:27,2025-04-17 06:00:00
SKU01173,Operative directional help-desk,Beauty,WH-DEL,239,69,3078.86,2025-04-13 18:38:32,2025-04-17 06:00:00
SKU01174,Versatile attitude-oriented methodology,Home & Kitchen,WH-DEL,678,41,8325.4,2025-04-07 02:39:50,2025-04-17 06:00:00
SKU01175,Cloned optimal archive,Beauty,WH-CHE,1134,33,5514.57,2025-04-13 09:33:12,2025-04-17 06:00:00
SKU01176,Synergistic system-worthy hierarchy,Grocery,WH-HYD,536,60,2424.63,2025-04-12 11:26:05,2025-04-17 06:00:00
SKU01177,Customizable bi-directional intranet,Toys,WH-DEL,775,78,5726.38,2025-04-04 02:51:32,2025-04-17 06:00:00
SKU01178,Implemented uniform collaboration,Grocery,WH-CHE,1447,67,4523.46,2025-04-02 22:02:18,2025-04-17 06:00:00
SKU01179,De-engineered national knowledgebase,Home & Kitchen,WH-BLR,967,36,881.45,2025-04-02 18:05:30,2025-04-17 06:00:00
SKU01180,Automated static circuit,Books,WH-CHE,798,56,10765.9,2025-04-15 15:57:31,2025-04-17 06:00:00
SKU01181,Quality-focused composite frame,Books,WH-MUM,1591,60,1585.71,2025-04-04 02:47:42,2025-04-17 06:00:00
SKU01182,Managed optimizing website,Clothing,WH-HYD,70,47,9867.17,2025-04-02 23:53:04,2025-04-17 06:00:00
SKU01183,Customer-focused client-driven framework,Sports,WH-MUM,539,10,11865.77,2025-04-16 10:14:47,2025-04-17 06:00:00
SKU01184,Networked fresh-thinking budgetary management,Clothing,WH-DEL,793,45,277.62,2025-04-07 22:41:52,2025-04-17 06:00:00
SKU01185,Self-enabling multimedia firmware,Beauty,WH-CHE,1614,58,2177.93,2025-04-08 10:11:40,2025-04-17 06:00:00
SKU01186,Seamless demand-driven analyzer,Beauty,WH-BLR,638,36,10632.02,2025-04-06 04:23:32,2025-04-17 06:00:00
SKU01187,Switchable optimal attitude,Clothing,WH-HYD,1254,22,8947.63,2025-04-03 23:21:03,2025-04-17 06:00:00
SKU01188,Optimized methodical Graphical User Interface,Beauty,WH-MUM,1676,45,3440.39,2025-04-15 02:14:26,2025-04-17 06:00:00
SKU01189,Team-oriented full-range architecture,Grocery,WH-CHE,,69,2511.18,2025-04-01 16:35:48,2025-04-17 06:00:00
SKU01190,Down-sized zero-defect model,Clothing,WH-MUM,93,91,426.0,2025-04-08 08:14:41,2025-04-17 06:00:00
SKU01191,Cloned contextually-based alliance,Books,WH-CHE,1228,73,4452.67,2025-04-09 20:13:05,2025-04-17 06:00:00
SKU01192,Reduced heuristic productivity,Beauty,WH-HYD,1468,90,12215.16,2025-04-02 16:05:24,2025-04-17 06:00:00
SKU01193,Re-engineered modular customer loyalty,Clothing,WH-CHE,975,61,12576.15,2025-04-02 07:16:30,2025-04-17 06:00:00
SKU01194,Streamlined stable data-warehouse,Home & Kitchen,WH-CHE,1172,29,1778.27,2025-04-13 02:46:14,2025-04-17 06:00:00
SKU01195,Triple-buffered well-modulated open architecture,Sports,WH-MUM,895,75,3299.39,2025-04-04 02:18:40,2025-04-17 06:00:00
SKU01196,Re-engineered impactful standardization,Grocery,WH-DEL,1194,36,13550.18,2025-04-06 04:53:20,2025-04-17 06:00:00
SKU01197,Open-architected local interface,Clothing,WH-MUM,381,87,2444.66,2025-04-08 19:16:59,2025-04-17 06:00:00
SKU01198,Horizontal global superstructure,Sports,WH-HYD,1903,11,8373.38,2025-04-08 00:50:33,2025-04-17 06:00:00
SKU01199,Extended intangible projection,Grocery,WH-BLR,240,77,3140.76,2025-04-06 07:11:39,2025-04-17 06:00:00
SKU01200,Compatible uniform methodology,Toys,WH-HYD,634,70,8355.85,2025-04-13 01:09:22,2025-04-17 06:00:00
SKU01201,Optional transitional product,Sports,WH-MUM,36,61,145.35,2025-04-10 08:16:34,2025-04-17 06:00:00
SKU01202,Phased incremental customer loyalty,Toys,WH-BLR,1561,61,12901.44,2025-04-01 07:17:39,2025-04-17 06:00:00
SKU01203,Grass-roots well-modulated hub,Electronics,WH-HYD,920,27,10099.54,2025-04-04 22:24:12,2025-04-17 06:00:00
SKU01204,Customizable radical product,Home & Kitchen,WH-MUM,1980,97,1846.19,2025-04-16 15:45:02,2025-04-17 06:00:00
SKU01205,User-centric even-keeled instruction set,Home & Kitchen,WH-MUM,1697,74,1857.79,2025-04-11 01:57:07,2025-04-17 06:00:00
SKU01206,Mandatory bifurcated policy,Home & Kitchen,WH-BLR,1618,66,7237.38,2025-04-04 05:51:52,2025-04-17 06:00:00
SKU01207,Horizontal intermediate toolset,Toys,WH-MUM,1618,86,3958.35,2025-04-05 23:59:53,2025-04-17 06:00:00
SKU01208,Front-line directional data-warehouse,Books,WH-BLR,1856,56,12764.79,2025-04-16 15:04:04,2025-04-17 06:00:00
SKU01209,Focused secondary success,Toys,WH-DEL,1356,61,8570.31,2025-04-10 17:32:00,2025-04-17 06:00:00
SKU01210,Persistent composite productivity,Toys,WH-CHE,559,55,535.3,2025-04-06 14:55:27,2025-04-17 06:00:00
SKU01211,Integrated holistic throughput,Clothing,WH-BLR,516,36,2766.47,2025-04-09 06:05:40,2025-04-17 06:00:00
SKU01212,Universal web-enabled definition,Sports,WH-DEL,1151,24,8695.26,2025-04-13 15:25:11,2025-04-17 06:00:00
SKU01213,Team-oriented directional collaboration,Sports,WH-HYD,1634,54,14722.63,2025-04-03 09:08:04,2025-04-17 06:00:00
SKU01214,Upgradable composite implementation,Home & Kitchen,WH-DEL,371,13,14504.73,2025-04-10 10:29:29,2025-04-17 06:00:00
SKU01215,De-engineered bi-directional collaboration,Books,WH-DEL,1397,70,7041.85,2025-04-01 11:03:17,2025-04-17 06:00:00
SKU01216,Seamless background time-frame,Sports,WH-MUM,1486,58,8408.71,2025-04-07 03:02:43,2025-04-17 06:00:00
SKU01217,Business-focused asynchronous architecture,Clothing,WH-BLR,841,84,1293.29,2025-04-09 11:39:51,2025-04-17 06:00:00
SKU01218,Centralized interactive open system,Beauty,WH-CHE,1679,90,11084.79,2025-04-10 00:51:51,2025-04-17 06:00:00
SKU01219,Stand-alone hybrid standardization,Sports,WH-MUM,1275,73,2545.45,2025-04-14 22:16:03,2025-04-17 06:00:00
SKU01220,Team-oriented scalable forecast,Books,WH-HYD,427,34,13824.87,2025-04-10 13:27:00,2025-04-17 06:00:00
SKU01221,Pre-emptive leadingedge flexibility,Beauty,WH-HYD,363,61,8664.2,2025-04-12 04:40:40,2025-04-17 06:00:00
SKU01222,Monitored motivating conglomeration,Toys,WH-HYD,,56,7819.02,2025-04-14 18:51:30,2025-04-17 06:00:00
SKU01223,Focused intermediate Internet solution,Books,WH-HYD,1144,19,5445.16,2025-04-06 01:31:45,2025-04-17 06:00:00
SKU01224,Programmable motivating concept,Sports,WH-CHE,526,19,1385.02,2025-04-15 04:41:05,2025-04-17 06:00:00
SKU01225,Decentralized regional extranet,Beauty,WH-CHE,1667,13,3339.88,2025-04-14 07:04:24,2025-04-17 06:00:00
SKU01226,Polarized bi-directional info-mediaries,Sports,WH-HYD,1611,26,2728.39,2025-04-05 15:50:29,2025-04-17 06:00:00
SKU01227,Managed fresh-thinking contingency,Books,WH-HYD,26,61,9136.69,2025-04-03 18:58:53,2025-04-17 06:00:00
SKU01228,Up-sized context-sensitive infrastructure,Beauty,WH-DEL,67,19,12995.0,2025-04-02 23:46:01,2025-04-17 06:00:00
SKU01229,Quality-focused 24hour service-desk,Books,WH-BLR,684,77,9166.35,2025-04-01 00:07:46,2025-04-17 06:00:00
SKU01230,Cross-group system-worthy synergy,Sports,WH-MUM,1534,62,4281.73,2025-04-07 02:17:04,2025-04-17 06:00:00
SKU01231,Multi-layered reciprocal Graphical User Interface,Grocery,WH-DEL,1552,43,9296.2,2025-04-15 04:48:08,2025-04-17 06:00:00
SKU01232,Open-source directional application,Electronics,WH-CHE,1769,60,1351.11,2025-04-03 08:39:05,2025-04-17 06:00:00
SKU01233,Automated modular knowledgebase,Toys,WH-BLR,1858,68,11671.19,2025-04-15 16:47:15,2025-04-17 06:00:00
SKU01234,Integrated hybrid structure,Electronics,WH-CHE,1287,83,4712.4,2025-04-03 04:10:26,2025-04-17 06:00:00
SKU01235,Cross-group upward-trending hub,Beauty,WH-MUM,985,77,14719.55,2025-04-01 15:35:22,2025-04-17 06:00:00
SKU01236,Distributed uniform artificial intelligence,Toys,WH-CHE,1922,58,6840.13,2025-04-12 05:00:43,2025-04-17 06:00:00
SKU01237,Focused incremental protocol,Books,WH-DEL,371,84,5837.21,2025-04-10 13:45:24,2025-04-17 06:00:00
SKU01238,Multi-tiered dedicated middleware,Clothing,WH-MUM,371,68,723.57,2025-04-05 09:33:32,2025-04-17 06:00:00
SKU01239,Innovative mission-critical artificial intelligenc,Toys,WH-MUM,1381,17,4618.01,2025-04-09 19:56:53,2025-04-17 06:00:00
SKU01240,Synergistic interactive groupware,Toys,WH-MUM,898,44,8535.83,2025-04-09 19:30:17,2025-04-17 06:00:00
SKU01241,Programmable value-added strategy,Grocery,WH-BLR,1729,56,1598.2,2025-04-11 18:36:31,2025-04-17 06:00:00
SKU01242,Focused zero-defect migration,Books,WH-HYD,1794,69,2396.49,2025-04-01 04:08:37,2025-04-17 06:00:00
SKU01243,De-engineered zero-defect task-force,Clothing,WH-BLR,687,96,1778.69,2025-04-16 00:20:48,2025-04-17 06:00:00
SKU01244,Secured optimal encryption,Clothing,WH-HYD,955,36,12511.38,2025-04-16 04:17:34,2025-04-17 06:00:00
SKU01245,Team-oriented global software,Home & Kitchen,WH-HYD,1740,10,10965.85,2025-04-15 05:30:31,2025-04-17 06:00:00
SKU01246,Digitized well-modulated framework,Toys,WH-CHE,832,80,7644.25,2025-04-14 00:15:58,2025-04-17 06:00:00
SKU01247,Advanced incremental challenge,Toys,WH-CHE,71,53,11327.15,2025-04-15 16:24:32,2025-04-17 06:00:00
SKU01248,Future-proofed asynchronous data-warehouse,Grocery,WH-CHE,710,58,3046.98,2025-04-12 14:56:59,2025-04-17 06:00:00
SKU01249,Face-to-face responsive support,Sports,WH-MUM,1943,62,12447.7,2025-04-07 15:30:14,2025-04-17 06:00:00
SKU01250,Open-source bottom-line flexibility,Sports,WH-MUM,104,58,13261.44,2025-04-05 20:57:13,2025-04-17 06:00:00
SKU01251,Extended solution-oriented firmware,Home & Kitchen,WH-HYD,1719,94,7375.53,2025-04-11 07:10:15,2025-04-17 06:00:00
SKU01252,Compatible empowering architecture,Beauty,WH-BLR,1655,52,8938.19,2025-04-13 13:53:53,2025-04-17 06:00:00
SKU01253,Object-based reciprocal encoding,Grocery,WH-HYD,793,89,9854.55,2025-04-07 07:02:35,2025-04-17 06:00:00
SKU01254,Adaptive national focus group,Sports,WH-DEL,1524,54,14588.08,2025-04-09 13:58:37,2025-04-17 06:00:00
SKU01255,Persevering actuating pricing structure,Books,WH-BLR,,50,4162.39,2025-04-16 17:21:21,2025-04-17 06:00:00
SKU01256,Horizontal optimizing open architecture,Electronics,WH-BLR,265,13,10767.67,2025-04-09 20:21:45,2025-04-17 06:00:00
SKU01257,Persevering tertiary framework,Books,WH-CHE,347,92,6668.12,2025-04-01 03:14:20,2025-04-17 06:00:00
SKU01258,Secured national process improvement,Sports,WH-CHE,1531,88,10204.43,2025-04-10 16:03:49,2025-04-17 06:00:00
SKU01259,Horizontal non-volatile conglomeration,Beauty,WH-CHE,1314,43,13183.5,2025-04-09 01:51:01,2025-04-17 06:00:00
SKU01260,Enterprise-wide real-time data-warehouse,Electronics,WH-BLR,1648,45,3593.5,2025-04-14 10:42:30,2025-04-17 06:00:00
SKU01261,Cross-platform context-sensitive portal,Electronics,WH-CHE,987,10,11604.14,2025-04-10 02:13:07,2025-04-17 06:00:00
SKU01262,Phased directional productivity,Books,WH-CHE,406,57,8004.83,2025-04-10 18:42:51,2025-04-17 06:00:00
SKU01263,Fundamental clear-thinking website,Books,WH-DEL,1243,41,2838.62,2025-04-10 21:08:32,2025-04-17 06:00:00
SKU01264,Switchable bandwidth-monitored interface,Toys,WH-CHE,1516,15,4579.01,2025-04-07 17:11:14,2025-04-17 06:00:00
SKU01265,Organic system-worthy infrastructure,Electronics,WH-MUM,939,17,7147.04,2025-04-07 16:06:13,2025-04-17 06:00:00
SKU01266,Pre-emptive systemic interface,Clothing,WH-HYD,1478,37,5308.63,2025-04-05 06:55:20,2025-04-17 06:00:00
SKU01267,User-friendly disintermediate challenge,Sports,WH-DEL,643,15,12584.54,2025-04-04 10:13:37,2025-04-17 06:00:00
SKU01268,Progressive intangible help-desk,Toys,WH-CHE,471,67,5446.41,2025-04-16 07:57:24,2025-04-17 06:00:00
SKU01269,Business-focused national initiative,Toys,WH-BLR,1824,60,3129.33,2025-04-12 08:12:35,2025-04-17 06:00:00
SKU01270,Managed zero-defect middleware,Sports,WH-HYD,545,65,9733.4,2025-04-01 21:45:13,2025-04-17 06:00:00
SKU01271,Compatible content-based contingency,Books,WH-MUM,1755,72,3315.24,2025-04-05 18:30:28,2025-04-17 06:00:00
SKU01272,Re-contextualized coherent benchmark,Grocery,WH-CHE,687,28,4003.62,2025-04-02 07:16:27,2025-04-17 06:00:00
SKU01273,Organized multimedia help-desk,Sports,WH-DEL,142,21,12281.52,2025-04-01 12:19:11,2025-04-17 06:00:00
SKU01274,Optional content-based core,Home & Kitchen,WH-DEL,893,71,9442.87,2025-04-13 22:40:52,2025-04-17 06:00:00
SKU01275,Realigned modular solution,Clothing,WH-BLR,1221,24,10246.82,2025-04-10 12:12:18,2025-04-17 06:00:00
SKU01276,Total fresh-thinking policy,Sports,WH-CHE,537,69,14652.46,2025-04-12 13:09:35,2025-04-17 06:00:00
SKU01277,Front-line 24/7 interface,Grocery,WH-MUM,402,12,3072.66,2025-04-11 08:48:47,2025-04-17 06:00:00
SKU01278,Proactive content-based complexity,Clothing,WH-BLR,440,67,3990.61,2025-04-16 21:44:25,2025-04-17 06:00:00
SKU01279,Function-based neutral project,Beauty,WH-HYD,1938,77,4080.39,2025-04-15 07:43:27,2025-04-17 06:00:00
SKU01280,Grass-roots value-added encoding,Books,WH-BLR,46,95,12832.44,2025-04-16 13:36:00,2025-04-17 06:00:00
SKU01281,Compatible intangible projection,Home & Kitchen,WH-HYD,380,13,6177.92,2025-04-10 19:02:54,2025-04-17 06:00:00
SKU01282,Upgradable object-oriented definition,Grocery,WH-HYD,1548,17,5045.1,2025-04-12 16:08:09,2025-04-17 06:00:00
SKU01283,Synergistic systemic customer loyalty,Clothing,WH-CHE,1872,97,9565.81,2025-04-03 21:45:34,2025-04-17 06:00:00
SKU01284,Proactive transitional algorithm,Home & Kitchen,WH-HYD,489,22,9015.73,2025-04-06 07:14:22,2025-04-17 06:00:00
SKU01285,Devolved zero tolerance Internet solution,Clothing,WH-HYD,1007,42,1954.27,2025-04-09 19:59:46,2025-04-17 06:00:00
SKU01286,Adaptive hybrid algorithm,Sports,WH-MUM,209,41,14401.3,2025-04-13 02:14:22,2025-04-17 06:00:00
SKU01287,Digitized encompassing solution,Toys,WH-DEL,913,52,14030.85,2025-04-13 06:11:52,2025-04-17 06:00:00
SKU01288,Re-contextualized regional help-desk,Electronics,WH-DEL,,90,7364.72,2025-04-10 19:36:59,2025-04-17 06:00:00
SKU01289,Pre-emptive hybrid structure,Beauty,WH-HYD,61,44,1830.63,2025-04-01 23:47:05,2025-04-17 06:00:00
SKU01290,Function-based bifurcated concept,Grocery,WH-CHE,931,36,585.4,2025-04-14 01:18:56,2025-04-17 06:00:00
SKU01291,Managed dynamic matrix,Sports,WH-BLR,1496,75,6648.44,2025-04-05 18:20:24,2025-04-17 06:00:00
SKU01292,Diverse secondary interface,Electronics,WH-BLR,1059,69,3458.57,2025-04-06 04:07:13,2025-04-17 06:00:00
SKU01293,Cloned 6thgeneration hub,Toys,WH-BLR,672,98,13948.96,2025-04-01 04:13:01,2025-04-17 06:00:00
SKU01294,Devolved dedicated leverage,Sports,WH-MUM,1270,71,13170.73,2025-04-05 11:35:49,2025-04-17 06:00:00
SKU01295,Enterprise-wide incremental analyzer,Electronics,WH-DEL,387,67,9234.37,2025-04-14 10:46:32,2025-04-17 06:00:00
SKU01296,Centralized eco-centric circuit,Books,WH-HYD,1609,42,11888.32,2025-04-06 23:07:59,2025-04-17 06:00:00
SKU01297,Implemented impactful matrices,Clothing,WH-CHE,1524,51,6448.94,2025-04-16 03:36:29,2025-04-17 06:00:00
SKU01298,Diverse transitional extranet,Sports,WH-DEL,547,80,14225.07,2025-04-14 15:22:12,2025-04-17 06:00:00
SKU01299,Persistent optimizing throughput,Beauty,WH-MUM,1203,13,14947.91,2025-04-05 20:27:06,2025-04-17 06:00:00
SKU01300,Devolved optimizing attitude,Home & Kitchen,WH-HYD,68,90,14577.18,2025-04-10 00:33:20,2025-04-17 06:00:00
SKU01301,Proactive neutral portal,Toys,WH-BLR,1460,29,125.93,2025-04-11 06:36:17,2025-04-17 06:00:00
SKU01302,Distributed responsive hardware,Electronics,WH-MUM,740,36,1906.76,2025-04-16 18:03:16,2025-04-17 06:00:00
SKU01303,Quality-focused empowering encoding,Electronics,WH-CHE,1243,94,13489.05,2025-04-16 02:36:13,2025-04-17 06:00:00
SKU01304,Persevering modular project,Toys,WH-DEL,448,86,5747.41,2025-04-05 00:11:47,2025-04-17 06:00:00
SKU01305,Upgradable leadingedge superstructure,Books,WH-HYD,1974,55,5405.34,2025-04-07 10:13:14,2025-04-17 06:00:00
SKU01306,Persistent demand-driven algorithm,Electronics,WH-HYD,60,86,14678.15,2025-04-16 14:22:50,2025-04-17 06:00:00
SKU01307,Robust intermediate parallelism,Clothing,WH-DEL,563,33,12058.53,2025-04-12 05:39:55,2025-04-17 06:00:00
SKU01308,Diverse multimedia throughput,Books,WH-DEL,52,28,13869.65,2025-04-16 05:48:38,2025-04-17 06:00:00
SKU01309,Virtual zero-defect implementation,Beauty,WH-BLR,1143,10,3264.28,2025-04-01 12:48:39,2025-04-17 06:00:00
SKU01310,Cloned national focus group,Sports,WH-CHE,160,27,1963.94,2025-04-01 22:42:31,2025-04-17 06:00:00
SKU01311,Balanced client-driven functionalities,Toys,WH-DEL,258,48,14002.54,2025-04-13 19:47:00,2025-04-17 06:00:00
SKU01312,De-engineered radical hardware,Clothing,WH-CHE,66,40,11737.34,2025-04-02 08:34:23,2025-04-17 06:00:00
SKU01313,Proactive asymmetric infrastructure,Beauty,WH-HYD,589,37,4494.96,2025-04-13 12:42:40,2025-04-17 06:00:00
SKU01314,Diverse foreground paradigm,Beauty,WH-HYD,1688,86,6679.8,2025-04-11 20:26:15,2025-04-17 06:00:00
SKU01315,Persevering cohesive attitude,Books,WH-MUM,1076,44,8824.35,2025-04-08 23:57:08,2025-04-17 06:00:00
SKU01316,Team-oriented value-added array,Beauty,WH-DEL,1699,57,3588.7,2025-04-03 01:18:34,2025-04-17 06:00:00
SKU01317,Reactive system-worthy orchestration,Home & Kitchen,WH-MUM,1760,75,7315.99,2025-04-04 08:26:21,2025-04-17 06:00:00
SKU01318,Monitored foreground knowledgebase,Toys,WH-MUM,1744,85,13980.37,2025-04-09 14:49:24,2025-04-17 06:00:00
SKU01319,Reduced clear-thinking orchestration,Clothing,WH-BLR,378,56,7591.43,2025-04-16 16:37:33,2025-04-17 06:00:00
SKU01320,Universal exuding hardware,Grocery,WH-CHE,1585,77,10299.14,2025-04-02 22:10:32,2025-04-17 06:00:00
SKU01321,Compatible interactive alliance,Beauty,WH-DEL,,41,13583.69,2025-04-02 07:14:46,2025-04-17 06:00:00
SKU01322,Re-contextualized bottom-line Local Area Network,Clothing,WH-CHE,1490,52,8649.05,2025-04-08 08:42:12,2025-04-17 06:00:00
SKU01323,Multi-layered 24hour capacity,Sports,WH-HYD,928,23,11139.03,2025-04-09 05:14:22,2025-04-17 06:00:00
SKU01324,Enterprise-wide system-worthy intranet,Electronics,WH-BLR,1560,75,12377.13,2025-04-14 10:57:54,2025-04-17 06:00:00
SKU01325,Multi-layered intermediate success,Sports,WH-BLR,235,13,8798.79,2025-04-13 09:20:30,2025-04-17 06:00:00
SKU01326,Multi-layered user-facing implementation,Home & Kitchen,WH-HYD,590,47,9833.39,2025-04-01 23:55:32,2025-04-17 06:00:00
SKU01327,Innovative impactful Graphical User Interface,Books,WH-HYD,54,62,13765.88,2025-04-15 10:59:48,2025-04-17 06:00:00
SKU01328,Grass-roots user-facing orchestration,Beauty,WH-CHE,721,99,5232.71,2025-04-06 02:31:34,2025-04-17 06:00:00
SKU01329,Optional grid-enabled database,Beauty,WH-CHE,1041,19,12921.09,2025-04-02 12:07:09,2025-04-17 06:00:00
SKU01330,Profound eco-centric concept,Home & Kitchen,WH-HYD,914,52,9977.51,2025-04-08 06:46:38,2025-04-17 06:00:00
SKU01331,Optional intangible application,Grocery,WH-HYD,925,73,11526.21,2025-04-07 14:09:56,2025-04-17 06:00:00
SKU01332,Progressive 24/7 knowledgebase,Beauty,WH-BLR,368,46,8637.64,2025-04-03 20:25:56,2025-04-17 06:00:00
SKU01333,Reactive clear-thinking interface,Home & Kitchen,WH-MUM,916,46,3291.54,2025-04-15 05:49:57,2025-04-17 06:00:00
SKU01334,Right-sized stable Internet solution,Books,WH-CHE,962,14,7263.79,2025-04-01 09:55:07,2025-04-17 06:00:00
SKU01335,Enhanced stable productivity,Grocery,WH-BLR,583,56,978.76,2025-04-15 13:26:07,2025-04-17 06:00:00
SKU01336,Down-sized full-range capacity,Sports,WH-CHE,635,98,8233.92,2025-04-11 02:22:09,2025-04-17 06:00:00
SKU01337,Down-sized scalable structure,Grocery,WH-DEL,1888,65,13451.0,2025-04-11 08:22:45,2025-04-17 06:00:00
SKU01338,De-engineered uniform array,Home & Kitchen,WH-BLR,1154,63,3002.3,2025-04-16 23:53:24,2025-04-17 06:00:00
SKU01339,Optional even-keeled interface,Grocery,WH-BLR,675,85,1805.32,2025-04-06 08:44:24,2025-04-17 06:00:00
SKU01340,Versatile user-facing access,Beauty,WH-MUM,1904,67,13529.49,2025-04-11 11:01:56,2025-04-17 06:00:00
SKU01341,Inverse real-time projection,Grocery,WH-DEL,1503,58,3989.44,2025-04-08 07:25:06,2025-04-17 06:00:00
SKU01342,Managed uniform attitude,Clothing,WH-MUM,1866,72,11744.46,2025-04-04 13:56:22,2025-04-17 06:00:00
SKU01343,Team-oriented didactic moderator,Grocery,WH-DEL,404,46,5989.65,2025-04-09 22:16:10,2025-04-17 06:00:00
SKU01344,Up-sized 24/7 open system,Clothing,WH-BLR,413,23,10416.79,2025-04-13 01:11:42,2025-04-17 06:00:00
SKU01345,Grass-roots bandwidth-monitored solution,Electronics,WH-BLR,579,53,885.44,2025-04-14 11:42:34,2025-04-17 06:00:00
SKU01346,Fundamental systemic knowledge user,Books,WH-BLR,723,89,11865.07,2025-04-09 03:51:27,2025-04-17 06:00:00
SKU01347,Robust hybrid artificial intelligence,Beauty,WH-MUM,1641,25,13858.3,2025-04-11 06:58:34,2025-04-17 06:00:00
SKU01348,Ergonomic reciprocal pricing structure,Books,WH-HYD,1626,99,3092.88,2025-04-11 01:31:45,2025-04-17 06:00:00
SKU01349,Synchronized multimedia software,Toys,WH-CHE,1147,55,7659.17,2025-04-01 04:31:52,2025-04-17 06:00:00
SKU01350,Future-proofed methodical methodology,Sports,WH-CHE,1523,21,14828.26,2025-04-01 17:27:30,2025-04-17 06:00:00
SKU01351,Phased national adapter,Toys,WH-BLR,104,35,11399.03,2025-04-02 22:17:14,2025-04-17 06:00:00
SKU01352,Universal high-level forecast,Grocery,WH-BLR,1865,97,1377.48,2025-04-12 10:41:50,2025-04-17 06:00:00
SKU01353,Team-oriented fresh-thinking help-desk,Beauty,WH-CHE,191,68,11501.08,2025-04-15 03:39:48,2025-04-17 06:00:00
SKU01354,Down-sized mission-critical model,Books,WH-HYD,,15,3384.86,2025-04-15 22:52:56,2025-04-17 06:00:00
SKU01355,Managed transitional core,Books,WH-HYD,1368,14,13061.59,2025-04-13 16:58:04,2025-04-17 06:00:00
SKU01356,Optional exuding software,Beauty,WH-DEL,50,14,9711.14,2025-04-09 22:41:53,2025-04-17 06:00:00
SKU01357,Stand-alone object-oriented customer loyalty,Beauty,WH-MUM,1130,86,11861.33,2025-04-02 21:36:02,2025-04-17 06:00:00
SKU01358,Extended demand-driven open architecture,Clothing,WH-MUM,1722,32,1665.0,2025-04-02 01:27:47,2025-04-17 06:00:00
SKU01359,Team-oriented 4thgeneration encryption,Home & Kitchen,WH-DEL,99,88,6118.16,2025-04-05 14:36:04,2025-04-17 06:00:00
SKU01360,Self-enabling tangible service-desk,Books,WH-CHE,1926,65,10628.84,2025-04-06 21:33:14,2025-04-17 06:00:00
SKU01361,Synchronized analyzing customer loyalty,Grocery,WH-DEL,378,95,8832.16,2025-04-06 17:35:55,2025-04-17 06:00:00
SKU01362,Innovative disintermediate model,Grocery,WH-DEL,1932,81,7805.46,2025-04-13 22:05:05,2025-04-17 06:00:00
SKU01363,Ameliorated motivating service-desk,Books,WH-HYD,580,76,7946.79,2025-04-03 09:52:10,2025-04-17 06:00:00
SKU01364,Intuitive content-based hub,Toys,WH-HYD,885,41,11605.23,2025-04-07 15:00:57,2025-04-17 06:00:00
SKU01365,Cross-platform actuating task-force,Home & Kitchen,WH-MUM,1113,48,11100.27,2025-04-13 10:33:17,2025-04-17 06:00:00
SKU01366,Universal methodical benchmark,Clothing,WH-HYD,381,65,2824.63,2025-04-08 02:09:42,2025-04-17 06:00:00
SKU01367,Robust global initiative,Grocery,WH-HYD,1490,49,4207.51,2025-04-07 16:05:26,2025-04-17 06:00:00
SKU01368,Organized grid-enabled core,Electronics,WH-CHE,1327,34,3901.97,2025-04-05 00:57:58,2025-04-17 06:00:00
SKU01369,Secured high-level installation,Grocery,WH-HYD,889,40,9009.1,2025-04-11 17:41:01,2025-04-17 06:00:00
SKU01370,Compatible foreground hub,Beauty,WH-CHE,1398,70,7798.33,2025-04-11 18:25:52,2025-04-17 06:00:00
SKU01371,Down-sized regional neural-net,Sports,WH-MUM,1160,49,4125.76,2025-04-10 10:07:32,2025-04-17 06:00:00
SKU01372,De-engineered uniform methodology,Grocery,WH-BLR,626,59,9973.08,2025-04-15 19:16:08,2025-04-17 06:00:00
SKU01373,Seamless multi-state function,Books,WH-CHE,1165,100,14742.23,2025-04-09 03:07:40,2025-04-17 06:00:00
SKU01374,Phased attitude-oriented focus group,Books,WH-BLR,669,65,1423.18,2025-04-10 18:58:59,2025-04-17 06:00:00
SKU01375,Proactive neutral framework,Sports,WH-CHE,401,45,9821.24,2025-04-01 05:57:48,2025-04-17 06:00:00
SKU01376,Implemented grid-enabled algorithm,Home & Kitchen,WH-CHE,1622,11,9417.75,2025-04-14 11:36:48,2025-04-17 06:00:00
SKU01377,Business-focused systemic open architecture,Toys,WH-CHE,1956,59,4060.62,2025-04-10 11:28:00,2025-04-17 06:00:00
SKU01378,Grass-roots tangible functionalities,Toys,WH-CHE,1654,18,10031.7,2025-04-03 22:54:57,2025-04-17 06:00:00
SKU01379,Total content-based conglomeration,Home & Kitchen,WH-MUM,1180,41,12604.74,2025-04-16 18:36:34,2025-04-17 06:00:00
SKU01380,Triple-buffered uniform array,Home & Kitchen,WH-HYD,1147,27,4031.03,2025-04-05 12:12:02,2025-04-17 06:00:00
SKU01381,Persistent dedicated model,Electronics,WH-MUM,425,72,3437.02,2025-04-14 13:03:24,2025-04-17 06:00:00
SKU01382,Object-based 3rdgeneration firmware,Sports,WH-DEL,792,36,845.84,2025-04-13 11:49:24,2025-04-17 06:00:00
SKU01383,Upgradable content-based data-warehouse,Toys,WH-CHE,616,51,7404.5,2025-04-13 00:48:30,2025-04-17 06:00:00
SKU01384,Streamlined upward-trending software,Books,WH-BLR,543,51,819.29,2025-04-15 04:16:31,2025-04-17 06:00:00
SKU01385,Future-proofed zero-defect hardware,Toys,WH-BLR,1870,96,10312.97,2025-04-11 21:46:07,2025-04-17 06:00:00
SKU01386,Integrated context-sensitive Internet solution,Toys,WH-BLR,1364,68,9793.31,2025-04-13 04:40:42,2025-04-17 06:00:00
SKU01387,Seamless optimal core,Toys,WH-DEL,,55,8446.26,2025-04-09 04:30:20,2025-04-17 06:00:00
SKU01388,Devolved foreground productivity,Clothing,WH-HYD,269,91,12753.46,2025-04-12 15:01:28,2025-04-17 06:00:00
SKU01389,Focused fresh-thinking success,Toys,WH-CHE,523,43,3954.02,2025-04-06 05:09:02,2025-04-17 06:00:00
SKU01390,Digitized didactic synergy,Toys,WH-HYD,339,14,13736.55,2025-04-09 22:10:07,2025-04-17 06:00:00
SKU01391,Reactive full-range leverage,Toys,WH-HYD,1970,55,1655.2,2025-04-05 16:21:44,2025-04-17 06:00:00
SKU01392,Versatile secondary function,Sports,WH-DEL,363,17,12004.56,2025-04-08 02:00:31,2025-04-17 06:00:00
SKU01393,Open-architected discrete Graphic Interface,Home & Kitchen,WH-CHE,1402,65,1362.31,2025-04-11 18:06:39,2025-04-17 06:00:00
SKU01394,Operative tertiary policy,Sports,WH-BLR,204,27,6865.9,2025-04-02 05:32:24,2025-04-17 06:00:00
SKU01395,Balanced clear-thinking strategy,Books,WH-CHE,1293,21,4920.67,2025-04-14 21:00:35,2025-04-17 06:00:00
SKU01396,Visionary empowering concept,Beauty,WH-DEL,1346,53,10076.51,2025-04-10 22:10:16,2025-04-17 06:00:00
SKU01397,User-centric directional matrices,Beauty,WH-MUM,482,50,9428.88,2025-04-14 06:50:34,2025-04-17 06:00:00
SKU01398,Multi-channeled local alliance,Beauty,WH-BLR,179,34,792.45,2025-04-05 12:08:13,2025-04-17 06:00:00
SKU01399,Reduced analyzing benchmark,Home & Kitchen,WH-HYD,1025,64,10658.11,2025-04-10 23:16:59,2025-04-17 06:00:00
SKU01400,Seamless systematic attitude,Books,WH-CHE,1003,98,2833.19,2025-04-02 03:44:27,2025-04-17 06:00:00
SKU01401,Fundamental incremental paradigm,Sports,WH-CHE,418,22,1976.41,2025-04-01 00:54:39,2025-04-17 06:00:00
SKU01402,Upgradable non-volatile website,Toys,WH-CHE,1523,88,656.33,2025-04-02 21:06:02,2025-04-17 06:00:00
SKU01403,Universal non-volatile firmware,Grocery,WH-MUM,744,26,696.11,2025-04-15 15:21:13,2025-04-17 06:00:00
SKU01404,Future-proofed object-oriented core,Clothing,WH-HYD,715,93,7954.74,2025-04-08 04:07:29,2025-04-17 06:00:00
SKU01405,Re-contextualized foreground architecture,Toys,WH-DEL,1225,52,5459.65,2025-04-04 05:18:23,2025-04-17 06:00:00
SKU01406,Total high-level firmware,Grocery,WH-BLR,369,88,333.24,2025-04-16 01:25:49,2025-04-17 06:00:00
SKU01407,Pre-emptive didactic contingency,Toys,WH-BLR,231,37,1480.45,2025-04-08 16:23:31,2025-04-17 06:00:00
SKU01408,Organic cohesive capacity,Books,WH-DEL,1929,90,718.97,2025-04-12 17:56:19,2025-04-17 06:00:00
SKU01409,Digitized logistical moderator,Grocery,WH-BLR,1519,25,10987.02,2025-04-06 08:38:24,2025-04-17 06:00:00
SKU01410,Business-focused full-range interface,Electronics,WH-CHE,22,29,6450.2,2025-04-04 09:31:02,2025-04-17 06:00:00
SKU01411,Seamless mobile approach,Clothing,WH-HYD,1203,46,6051.73,2025-04-09 05:34:13,2025-04-17 06:00:00
SKU01412,Secured fresh-thinking task-force,Books,WH-BLR,225,67,12355.44,2025-04-06 19:20:52,2025-04-17 06:00:00
SKU01413,Self-enabling optimal toolset,Home & Kitchen,WH-DEL,503,88,703.72,2025-04-04 01:33:04,2025-04-17 06:00:00
SKU01414,Streamlined uniform function,Grocery,WH-DEL,1638,32,4265.96,2025-04-11 01:02:13,2025-04-17 06:00:00
SKU01415,Optimized maximized Graphical User Interface,Toys,WH-DEL,815,32,6197.94,2025-04-06 09:07:42,2025-04-17 06:00:00
SKU01416,Reverse-engineered responsive time-frame,Books,WH-HYD,1852,55,6055.51,2025-04-09 05:55:12,2025-04-17 06:00:00
SKU01417,Programmable mission-critical hardware,Electronics,WH-BLR,298,68,6306.87,2025-04-08 21:49:44,2025-04-17 06:00:00
SKU01418,Compatible encompassing productivity,Beauty,WH-HYD,862,27,5108.66,2025-04-02 07:32:17,2025-04-17 06:00:00
SKU01419,Re-contextualized didactic algorithm,Books,WH-HYD,1826,17,6107.48,2025-04-04 11:52:14,2025-04-17 06:00:00
SKU01420,Horizontal explicit moderator,Grocery,WH-DEL,,10,10874.15,2025-04-09 15:31:43,2025-04-17 06:00:00
SKU01421,Business-focused dynamic synergy,Toys,WH-HYD,85,84,8270.39,2025-04-01 01:35:46,2025-04-17 06:00:00
SKU01422,Future-proofed value-added hardware,Beauty,WH-DEL,155,32,6962.29,2025-04-03 00:29:04,2025-04-17 06:00:00
SKU01423,Self-enabling modular open architecture,Clothing,WH-CHE,929,35,12748.41,2025-04-05 08:59:26,2025-04-17 06:00:00
SKU01424,Total actuating budgetary management,Books,WH-MUM,1629,83,5506.38,2025-04-06 13:46:22,2025-04-17 06:00:00
SKU01425,Virtual solution-oriented alliance,Books,WH-BLR,1771,44,299.64,2025-04-13 20:35:14,2025-04-17 06:00:00
SKU01426,Cloned bottom-line matrices,Sports,WH-BLR,1435,20,11024.44,2025-04-11 03:51:15,2025-04-17 06:00:00
SKU01427,Multi-layered value-added database,Beauty,WH-HYD,114,84,7122.55,2025-04-08 04:53:54,2025-04-17 06:00:00
SKU01428,Operative well-modulated synergy,Books,WH-CHE,221,39,2221.94,2025-04-01 18:40:49,2025-04-17 06:00:00
SKU01429,Phased fresh-thinking ability,Home & Kitchen,WH-BLR,810,62,4107.57,2025-04-13 19:46:08,2025-04-17 06:00:00
SKU01430,Multi-tiered local intranet,Beauty,WH-BLR,1401,24,9439.8,2025-04-14 22:06:34,2025-04-17 06:00:00
SKU01431,Object-based bandwidth-monitored policy,Electronics,WH-BLR,70,18,2183.13,2025-04-16 20:04:37,2025-04-17 06:00:00
SKU01432,Cloned needs-based contingency,Clothing,WH-CHE,624,74,4878.76,2025-04-01 19:05:38,2025-04-17 06:00:00
SKU01433,Pre-emptive logistical workforce,Beauty,WH-MUM,1242,34,1522.97,2025-04-07 21:41:39,2025-04-17 06:00:00
SKU01434,Synergistic non-volatile collaboration,Toys,WH-MUM,1481,38,11631.61,2025-04-11 02:42:53,2025-04-17 06:00:00
SKU01435,Advanced systemic protocol,Books,WH-BLR,13,71,11471.1,2025-04-09 22:33:10,2025-04-17 06:00:00
SKU01436,Multi-tiered 24hour extranet,Sports,WH-DEL,1434,10,2942.94,2025-04-15 00:29:56,2025-04-17 06:00:00
SKU01437,Reverse-engineered local encryption,Sports,WH-BLR,1579,39,1836.79,2025-04-11 22:37:54,2025-04-17 06:00:00
SKU01438,Multi-channeled modular algorithm,Grocery,WH-MUM,1324,22,543.42,2025-04-12 05:22:49,2025-04-17 06:00:00
SKU01439,Cross-platform dedicated product,Electronics,WH-BLR,1529,66,12435.39,2025-04-02 11:49:08,2025-04-17 06:00:00
SKU01440,Monitored object-oriented hub,Clothing,WH-CHE,698,31,12292.78,2025-04-14 09:26:47,2025-04-17 06:00:00
SKU01441,Profound coherent hardware,Books,WH-CHE,1885,70,12946.0,2025-04-03 05:54:19,2025-04-17 06:00:00
SKU01442,Stand-alone reciprocal database,Grocery,WH-CHE,1734,57,9647.06,2025-04-10 05:45:48,2025-04-17 06:00:00
SKU01443,Customer-focused explicit alliance,Clothing,WH-HYD,1239,57,6837.5,2025-04-01 21:26:36,2025-04-17 06:00:00
SKU01444,Balanced regional projection,Beauty,WH-MUM,1010,98,9084.38,2025-04-14 15:51:26,2025-04-17 06:00:00
SKU01445,Cross-group high-level core,Books,WH-DEL,1436,17,506.37,2025-04-09 10:14:09,2025-04-17 06:00:00
SKU01446,Implemented analyzing matrices,Beauty,WH-DEL,1207,58,13392.58,2025-04-15 17:21:21,2025-04-17 06:00:00
SKU01447,Upgradable multi-state productivity,Books,WH-DEL,1332,72,3747.86,2025-04-15 07:02:04,2025-04-17 06:00:00
SKU01448,Self-enabling full-range help-desk,Books,WH-BLR,769,92,14925.63,2025-04-13 03:01:09,2025-04-17 06:00:00
SKU01449,User-centric disintermediate functionalities,Electronics,WH-BLR,1461,48,7811.03,2025-04-02 01:08:33,2025-04-17 06:00:00
SKU01450,Balanced directional monitoring,Toys,WH-BLR,1469,55,5288.26,2025-04-04 14:56:23,2025-04-17 06:00:00
SKU01451,Decentralized mobile success,Beauty,WH-BLR,1907,69,8585.46,2025-04-01 12:29:52,2025-04-17 06:00:00
SKU01452,Optional web-enabled attitude,Grocery,WH-BLR,782,10,12794.75,2025-04-14 23:51:51,2025-04-17 06:00:00
SKU01453,Adaptive tertiary protocol,Sports,WH-DEL,,70,5909.77,2025-04-14 01:23:55,2025-04-17 06:00:00
SKU01454,Open-source dedicated capacity,Beauty,WH-MUM,1336,67,6409.41,2025-04-03 16:27:49,2025-04-17 06:00:00
SKU01455,Assimilated motivating standardization,Home & Kitchen,WH-MUM,1556,90,6189.52,2025-04-16 23:06:27,2025-04-17 06:00:00
SKU01456,Quality-focused non-volatile strategy,Toys,WH-DEL,1677,25,11825.16,2025-04-14 14:52:19,2025-04-17 06:00:00
SKU01457,Secured human-resource website,Toys,WH-DEL,1771,25,7712.36,2025-04-01 15:22:22,2025-04-17 06:00:00
SKU01458,Assimilated impactful migration,Books,WH-CHE,6,93,6568.28,2025-04-02 15:36:53,2025-04-17 06:00:00
SKU01459,Intuitive modular function,Sports,WH-CHE,7,18,12672.54,2025-04-16 20:47:47,2025-04-17 06:00:00
SKU01460,Organized empowering interface,Grocery,WH-MUM,1786,27,781.93,2025-04-13 03:02:04,2025-04-17 06:00:00
SKU01461,Intuitive interactive policy,Toys,WH-DEL,1080,54,10018.24,2025-04-13 17:11:01,2025-04-17 06:00:00
SKU01462,Ergonomic eco-centric conglomeration,Grocery,WH-HYD,1005,16,7000.84,2025-04-03 01:17:55,2025-04-17 06:00:00
SKU01463,Programmable neutral info-mediaries,Sports,WH-MUM,950,99,10081.82,2025-04-10 08:41:05,2025-04-17 06:00:00
SKU01464,Reverse-engineered impactful application,Home & Kitchen,WH-DEL,205,82,13220.07,2025-04-09 03:38:51,2025-04-17 06:00:00
SKU01465,Reverse-engineered discrete initiative,Toys,WH-CHE,1582,61,9729.82,2025-04-08 10:12:17,2025-04-17 06:00:00
SKU01466,Innovative empowering array,Toys,WH-HYD,1005,35,471.16,2025-04-16 10:20:43,2025-04-17 06:00:00
SKU01467,Extended interactive standardization,Beauty,WH-HYD,741,99,14428.24,2025-04-14 15:55:51,2025-04-17 06:00:00
SKU01468,Fully-configurable high-level strategy,Clothing,WH-MUM,1674,29,14857.81,2025-04-01 21:30:24,2025-04-17 06:00:00
SKU01469,Optimized background budgetary management,Beauty,WH-DEL,1846,36,12986.54,2025-04-09 22:36:20,2025-04-17 06:00:00
SKU01470,Multi-lateral clear-thinking hierarchy,Toys,WH-CHE,1899,94,3640.36,2025-04-12 03:42:54,2025-04-17 06:00:00
SKU01471,Synergized multi-state pricing structure,Sports,WH-CHE,1602,32,10972.57,2025-04-09 12:53:00,2025-04-17 06:00:00
SKU01472,Centralized didactic encryption,Electronics,WH-DEL,730,64,778.18,2025-04-12 08:01:58,2025-04-17 06:00:00
SKU01473,Advanced heuristic process improvement,Sports,WH-CHE,1479,63,13195.25,2025-04-16 12:13:20,2025-04-17 06:00:00
SKU01474,Persevering value-added service-desk,Grocery,WH-DEL,1108,80,2877.59,2025-04-04 04:08:54,2025-04-17 06:00:00
SKU01475,Total zero tolerance functionalities,Clothing,WH-BLR,1017,75,7376.46,2025-04-11 21:43:17,2025-04-17 06:00:00
SKU01476,Progressive encompassing intranet,Sports,WH-MUM,1243,57,7511.94,2025-04-15 21:48:30,2025-04-17 06:00:00
SKU01477,Polarized multi-state knowledge user,Beauty,WH-MUM,628,78,9836.35,2025-04-06 17:00:42,2025-04-17 06:00:00
SKU01478,Expanded optimizing open system,Beauty,WH-CHE,1185,70,5830.1,2025-04-04 00:20:57,2025-04-17 06:00:00
SKU01479,Robust multimedia support,Home & Kitchen,WH-DEL,1583,20,5292.49,2025-04-15 20:18:09,2025-04-17 06:00:00
SKU01480,Cross-platform optimal archive,Books,WH-BLR,778,64,970.65,2025-04-16 13:04:01,2025-04-17 06:00:00
SKU01481,Compatible 24/7 productivity,Clothing,WH-HYD,1658,24,2273.12,2025-04-15 00:19:10,2025-04-17 06:00:00
SKU01482,Persistent web-enabled flexibility,Clothing,WH-CHE,1970,83,8550.53,2025-04-05 14:11:14,2025-04-17 06:00:00
SKU01483,Mandatory bifurcated adapter,Books,WH-DEL,1389,37,5574.94,2025-04-16 05:19:12,2025-04-17 06:00:00
SKU01484,Optional methodical leverage,Clothing,WH-HYD,1136,81,3717.47,2025-04-06 06:15:56,2025-04-17 06:00:00
SKU01485,Exclusive logistical task-force,Electronics,WH-CHE,805,26,4848.0,2025-04-13 12:21:30,2025-04-17 06:00:00
SKU01486,Ameliorated cohesive functionalities,Grocery,WH-BLR,,52,5639.97,2025-04-05 07:39:18,2025-04-17 06:00:00
SKU01487,Assimilated impactful conglomeration,Toys,WH-MUM,109,86,10358.71,2025-04-07 17:13:39,2025-04-17 06:00:00
SKU01488,Inverse hybrid encryption,Grocery,WH-DEL,1032,24,3841.04,2025-04-05 12:31:32,2025-04-17 06:00:00
SKU01489,Digitized systematic alliance,Home & Kitchen,WH-CHE,1750,35,6078.3,2025-04-08 01:09:36,2025-04-17 06:00:00
SKU01490,Versatile cohesive open architecture,Beauty,WH-CHE,472,31,1877.2,2025-04-04 02:17:39,2025-04-17 06:00:00
SKU01491,Optional context-sensitive ability,Home & Kitchen,WH-HYD,169,92,8706.19,2025-04-12 04:01:18,2025-04-17 06:00:00
SKU01492,Business-focused eco-centric architecture,Toys,WH-DEL,1910,41,5067.92,2025-04-14 18:41:05,2025-04-17 06:00:00
SKU01493,Optional zero tolerance protocol,Sports,WH-HYD,1661,57,10300.62,2025-04-16 15:15:22,2025-04-17 06:00:00
SKU01494,Adaptive methodical knowledgebase,Electronics,WH-HYD,1977,98,4778.17,2025-04-13 00:19:42,2025-04-17 06:00:00
SKU01495,Public-key 3rdgeneration knowledgebase,Grocery,WH-DEL,1152,68,11725.57,2025-04-08 07:08:40,2025-04-17 06:00:00
SKU01496,Optional heuristic secured line,Books,WH-BLR,257,37,1158.75,2025-04-08 07:49:00,2025-04-17 06:00:00
SKU01497,Proactive 6thgeneration budgetary management,Beauty,WH-CHE,507,99,3135.62,2025-04-02 20:33:34,2025-04-17 06:00:00
SKU01498,Reduced explicit Graphic Interface,Clothing,WH-BLR,1013,14,10364.52,2025-04-15 06:18:28,2025-04-17 06:00:00
SKU01499,Synergized fault-tolerant conglomeration,Home & Kitchen,WH-MUM,940,16,13503.98,2025-04-16 00:32:09,2025-04-17 06:00:00
SKU01500,Team-oriented methodical collaboration,Sports,WH-MUM,1501,58,7757.76,2025-04-15 08:35:16,2025-04-17 06:00:00
SKU01501,Streamlined non-volatile Graphical User Interface,Beauty,WH-HYD,721,33,6788.07,2025-04-15 20:24:21,2025-04-17 06:00:00
SKU01502,Team-oriented mobile paradigm,Sports,WH-DEL,1180,62,2996.33,2025-04-14 00:08:59,2025-04-17 06:00:00
SKU01503,Cross-group clear-thinking support,Toys,WH-HYD,1619,10,13354.19,2025-04-13 15:25:10,2025-04-17 06:00:00
SKU01504,Team-oriented hybrid algorithm,Beauty,WH-CHE,818,44,4901.47,2025-04-06 12:43:12,2025-04-17 06:00:00
SKU01505,Cross-platform foreground intranet,Sports,WH-DEL,217,18,4027.04,2025-04-01 09:06:42,2025-04-17 06:00:00
SKU01506,Face-to-face intangible structure,Sports,WH-CHE,996,70,2231.31,2025-04-07 07:43:07,2025-04-17 06:00:00
SKU01507,Pre-emptive multi-state frame,Books,WH-CHE,1723,29,5264.68,2025-04-03 18:50:10,2025-04-17 06:00:00
SKU01508,Phased scalable challenge,Electronics,WH-DEL,1074,74,1646.72,2025-04-14 05:53:30,2025-04-17 06:00:00
SKU01509,Seamless content-based product,Toys,WH-CHE,1921,92,9188.87,2025-04-03 18:11:27,2025-04-17 06:00:00
SKU01510,Cross-group zero-defect infrastructure,Books,WH-CHE,1561,41,14392.81,2025-04-09 23:22:20,2025-04-17 06:00:00
SKU01511,Public-key mission-critical instruction set,Grocery,WH-MUM,657,77,14568.4,2025-04-08 10:39:27,2025-04-17 06:00:00
SKU01512,Team-oriented context-sensitive project,Clothing,WH-HYD,665,14,1556.14,2025-04-05 13:53:52,2025-04-17 06:00:00
SKU01513,Versatile mobile portal,Sports,WH-DEL,810,92,6897.93,2025-04-03 05:53:24,2025-04-17 06:00:00
SKU01514,Proactive contextually-based projection,Toys,WH-MUM,1910,59,4330.07,2025-04-05 13:09:16,2025-04-17 06:00:00
SKU01515,Front-line encompassing structure,Sports,WH-BLR,684,46,12490.94,2025-04-11 02:28:08,2025-04-17 06:00:00
SKU01516,Triple-buffered executive portal,Home & Kitchen,WH-DEL,364,39,98.54,2025-04-09 07:02:40,2025-04-17 06:00:00
SKU01517,Expanded hybrid archive,Sports,WH-MUM,1275,28,11906.05,2025-04-07 01:36:41,2025-04-17 06:00:00
SKU01518,Reduced zero-defect circuit,Sports,WH-DEL,1713,66,109.29,2025-04-06 23:22:31,2025-04-17 06:00:00
SKU01519,Balanced disintermediate instruction set,Sports,WH-HYD,,17,3474.65,2025-04-16 03:38:09,2025-04-17 06:00:00
SKU01520,Optional hybrid superstructure,Beauty,WH-HYD,530,97,12506.34,2025-04-02 04:53:12,2025-04-17 06:00:00
SKU01521,Synchronized bottom-line encryption,Electronics,WH-MUM,1630,83,6285.95,2025-04-13 18:07:11,2025-04-17 06:00:00
SKU01522,Open-source scalable monitoring,Clothing,WH-BLR,1183,23,819.5,2025-04-10 11:52:50,2025-04-17 06:00:00
SKU01523,Seamless zero tolerance toolset,Books,WH-BLR,152,90,5092.59,2025-04-03 01:45:12,2025-04-17 06:00:00
SKU01524,Phased web-enabled database,Home & Kitchen,WH-MUM,349,47,56.8,2025-04-16 08:48:43,2025-04-17 06:00:00
SKU01525,Open-architected dedicated time-frame,Clothing,WH-DEL,817,59,7339.69,2025-04-13 11:46:24,2025-04-17 06:00:00
SKU01526,Object-based holistic Graphic Interface,Electronics,WH-HYD,691,42,13586.42,2025-04-03 02:02:12,2025-04-17 06:00:00
SKU01527,Business-focused national Graphic Interface,Beauty,WH-MUM,392,96,4083.7,2025-04-05 18:47:42,2025-04-17 06:00:00
SKU01528,Reverse-engineered full-range secured line,Toys,WH-DEL,1496,27,5911.38,2025-04-13 13:41:31,2025-04-17 06:00:00
SKU01529,Right-sized object-oriented framework,Beauty,WH-DEL,1223,52,14708.83,2025-04-11 11:07:50,2025-04-17 06:00:00
SKU01530,Intuitive neutral superstructure,Beauty,WH-CHE,899,22,8301.28,2025-04-10 01:24:38,2025-04-17 06:00:00
SKU01531,Balanced interactive throughput,Grocery,WH-DEL,1158,100,8254.62,2025-04-08 23:46:08,2025-04-17 06:00:00
SKU01532,Multi-channeled system-worthy utilization,Home & Kitchen,WH-CHE,622,32,11078.98,2025-04-05 03:08:21,2025-04-17 06:00:00
SKU01533,Managed bifurcated collaboration,Clothing,WH-DEL,1766,92,12225.88,2025-04-03 11:47:40,2025-04-17 06:00:00
SKU01534,Seamless leadingedge function,Sports,WH-CHE,1193,44,2442.48,2025-04-13 05:28:17,2025-04-17 06:00:00
SKU01535,Ameliorated 6thgeneration leverage,Clothing,WH-DEL,582,20,4388.39,2025-04-06 06:03:41,2025-04-17 06:00:00
SKU01536,Cross-group logistical productivity,Beauty,WH-CHE,812,84,10415.84,2025-04-05 14:25:38,2025-04-17 06:00:00
SKU01537,Devolved transitional project,Clothing,WH-HYD,344,51,4303.42,2025-04-04 17:36:57,2025-04-17 06:00:00
SKU01538,Virtual full-range matrix,Electronics,WH-MUM,1697,100,13591.18,2025-04-01 17:47:03,2025-04-17 06:00:00
SKU01539,Versatile maximized concept,Clothing,WH-DEL,1822,29,6780.86,2025-04-02 06:04:59,2025-04-17 06:00:00
SKU01540,Synergistic clear-thinking open architecture,Sports,WH-CHE,892,74,10542.52,2025-04-13 11:07:46,2025-04-17 06:00:00
SKU01541,Quality-focused responsive algorithm,Toys,WH-BLR,1278,79,6078.52,2025-04-02 19:10:04,2025-04-17 06:00:00
SKU01542,Streamlined asymmetric challenge,Home & Kitchen,WH-CHE,1924,25,6977.1,2025-04-07 00:03:30,2025-04-17 06:00:00
SKU01543,Up-sized client-server capacity,Toys,WH-BLR,1368,87,6883.08,2025-04-03 11:17:30,2025-04-17 06:00:00
SKU01544,Customizable maximized structure,Toys,WH-CHE,559,25,4716.96,2025-04-08 14:32:32,2025-04-17 06:00:00
SKU01545,Compatible multi-tasking contingency,Books,WH-DEL,1473,81,11948.66,2025-04-16 21:21:01,2025-04-17 06:00:00
SKU01546,Universal logistical Internet solution,Electronics,WH-MUM,201,17,13391.83,2025-04-13 13:23:49,2025-04-17 06:00:00
SKU01547,Grass-roots encompassing strategy,Beauty,WH-DEL,445,55,13245.9,2025-04-10 18:33:21,2025-04-17 06:00:00
SKU01548,Progressive asynchronous Graphic Interface,Home & Kitchen,WH-BLR,482,33,13313.81,2025-04-14 04:24:16,2025-04-17 06:00:00
SKU01549,Vision-oriented mission-critical secured line,Sports,WH-DEL,1992,26,14014.59,2025-04-04 13:57:17,2025-04-17 06:00:00
SKU01550,Team-oriented background complexity,Sports,WH-HYD,1930,71,5948.31,2025-04-02 23:34:40,2025-04-17 06:00:00
SKU01551,Fully-configurable secondary superstructure,Books,WH-DEL,323,27,14986.13,2025-04-08 14:24:51,2025-04-17 06:00:00
SKU01552,Grass-roots local circuit,Books,WH-BLR,,30,14062.54,2025-04-06 20:49:28,2025-04-17 06:00:00
SKU01553,Balanced regional moratorium,Toys,WH-HYD,80,70,6643.12,2025-04-10 08:12:00,2025-04-17 06:00:00
SKU01554,Re-engineered intangible frame,Electronics,WH-CHE,275,35,4698.5,2025-04-16 19:42:30,2025-04-17 06:00:00
SKU01555,Vision-oriented scalable synergy,Grocery,WH-HYD,1863,100,9614.89,2025-04-10 14:11:06,2025-04-17 06:00:00
SKU01556,Devolved explicit matrices,Grocery,WH-CHE,1989,99,4570.64,2025-04-13 02:48:32,2025-04-17 06:00:00
SKU01557,Networked high-level hardware,Grocery,WH-DEL,153,67,12955.71,2025-04-16 18:49:14,2025-04-17 06:00:00
SKU01558,Innovative bandwidth-monitored contingency,Beauty,WH-DEL,598,12,2718.25,2025-04-06 20:27:07,2025-04-17 06:00:00
SKU01559,Innovative user-facing circuit,Books,WH-BLR,1807,19,10499.42,2025-04-01 10:52:33,2025-04-17 06:00:00
SKU01560,Right-sized composite throughput,Grocery,WH-BLR,296,69,14499.61,2025-04-04 08:08:23,2025-04-17 06:00:00
SKU01561,Profound bi-directional product,Beauty,WH-BLR,885,47,4183.81,2025-04-02 13:42:31,2025-04-17 06:00:00
SKU01562,Seamless foreground capability,Toys,WH-CHE,1364,85,11186.87,2025-04-06 00:48:01,2025-04-17 06:00:00
SKU01563,Persistent mission-critical complexity,Home & Kitchen,WH-HYD,1728,100,7306.67,2025-04-06 16:16:34,2025-04-17 06:00:00
SKU01564,Cross-group multi-state structure,Beauty,WH-CHE,449,94,10504.77,2025-04-03 12:14:01,2025-04-17 06:00:00
SKU01565,Balanced foreground website,Home & Kitchen,WH-CHE,1047,34,11935.78,2025-04-10 06:08:20,2025-04-17 06:00:00
SKU01566,Organic modular help-desk,Books,WH-MUM,1283,68,14555.18,2025-04-14 07:58:45,2025-04-17 06:00:00
SKU01567,Networked full-range open system,Toys,WH-DEL,979,45,7763.79,2025-04-05 09:14:01,2025-04-17 06:00:00
SKU01568,Decentralized next generation budgetary management,Books,WH-HYD,1872,93,5316.61,2025-04-06 14:33:30,2025-04-17 06:00:00
SKU01569,Innovative encompassing moderator,Clothing,WH-BLR,1233,84,7839.91,2025-04-06 17:03:05,2025-04-17 06:00:00
SKU01570,Right-sized client-driven knowledgebase,Clothing,WH-HYD,1485,97,12318.25,2025-04-15 01:03:27,2025-04-17 06:00:00
SKU01571,Monitored neutral Graphic Interface,Home & Kitchen,WH-MUM,1332,50,10133.21,2025-04-07 01:18:47,2025-04-17 06:00:00
SKU01572,Up-sized intangible function,Sports,WH-DEL,1474,54,10621.28,2025-04-01 03:58:57,2025-04-17 06:00:00
SKU01573,Decentralized empowering orchestration,Grocery,WH-DEL,1342,73,14751.91,2025-04-12 15:19:15,2025-04-17 06:00:00
SKU01574,Networked global data-warehouse,Beauty,WH-CHE,1143,48,141.64,2025-04-14 17:55:06,2025-04-17 06:00:00
SKU01575,Grass-roots systemic interface,Sports,WH-CHE,1248,61,9896.41,2025-04-05 19:14:18,2025-04-17 06:00:00
SKU01576,Future-proofed logistical protocol,Beauty,WH-HYD,1033,100,6868.23,2025-04-11 01:31:26,2025-04-17 06:00:00
SKU01577,Triple-buffered discrete complexity,Home & Kitchen,WH-CHE,486,11,11542.02,2025-04-08 21:31:58,2025-04-17 06:00:00
SKU01578,Synergistic next generation standardization,Beauty,WH-BLR,1599,80,1140.74,2025-04-07 18:48:18,2025-04-17 06:00:00
SKU01579,Fully-configurable multi-tasking definition,Beauty,WH-MUM,350,57,4204.66,2025-04-15 03:26:48,2025-04-17 06:00:00
SKU01580,Streamlined multi-state database,Beauty,WH-MUM,401,100,5082.87,2025-04-01 20:08:16,2025-04-17 06:00:00
SKU01581,Expanded secondary groupware,Beauty,WH-BLR,718,22,9204.39,2025-04-15 02:56:36,2025-04-17 06:00:00
SKU01582,Progressive motivating firmware,Toys,WH-BLR,1410,24,3162.13,2025-04-03 09:57:51,2025-04-17 06:00:00
SKU01583,Optimized dynamic orchestration,Electronics,WH-BLR,1019,53,8969.92,2025-04-03 14:28:49,2025-04-17 06:00:00
SKU01584,Compatible optimizing encoding,Books,WH-HYD,1652,39,14661.04,2025-04-10 18:07:31,2025-04-17 06:00:00
SKU01585,Integrated high-level moderator,Beauty,WH-BLR,,13,11025.31,2025-04-07 02:41:21,2025-04-17 06:00:00
SKU01586,Networked dedicated focus group,Clothing,WH-MUM,1017,28,7393.98,2025-04-06 18:12:45,2025-04-17 06:00:00
SKU01587,Robust optimizing focus group,Sports,WH-HYD,1773,74,2057.91,2025-04-12 07:32:08,2025-04-17 06:00:00
SKU01588,Synergized analyzing database,Electronics,WH-MUM,406,37,14896.05,2025-04-16 08:55:28,2025-04-17 06:00:00
SKU01589,Grass-roots local complexity,Clothing,WH-HYD,164,18,2141.92,2025-04-13 18:36:29,2025-04-17 06:00:00
SKU01590,Open-architected solution-oriented alliance,Books,WH-BLR,1762,96,5331.91,2025-04-11 18:08:10,2025-04-17 06:00:00
SKU01591,Phased system-worthy website,Beauty,WH-DEL,1954,19,13166.02,2025-04-04 21:55:26,2025-04-17 06:00:00
SKU01592,Devolved 24hour framework,Grocery,WH-CHE,1941,64,11250.61,2025-04-06 22:14:18,2025-04-17 06:00:00
SKU01593,Synergistic hybrid contingency,Grocery,WH-DEL,445,21,13372.66,2025-04-08 10:08:56,2025-04-17 06:00:00
SKU01594,Enhanced attitude-oriented matrices,Books,WH-DEL,215,78,3617.15,2025-04-13 05:31:29,2025-04-17 06:00:00
SKU01595,Face-to-face encompassing leverage,Toys,WH-DEL,493,65,2471.51,2025-04-09 02:45:39,2025-04-17 06:00:00
SKU01596,Configurable context-sensitive structure,Sports,WH-DEL,53,40,10116.32,2025-04-13 22:13:52,2025-04-17 06:00:00
SKU01597,Sharable responsive matrix,Clothing,WH-MUM,38,100,7666.0,2025-04-11 03:12:02,2025-04-17 06:00:00
SKU01598,Compatible asynchronous strategy,Sports,WH-DEL,762,96,8229.77,2025-04-01 21:48:25,2025-04-17 06:00:00
SKU01599,Innovative high-level analyzer,Electronics,WH-MUM,1025,48,1978.39,2025-04-02 20:09:29,2025-04-17 06:00:00
SKU01600,Centralized global leverage,Sports,WH-HYD,178,15,404.85,2025-04-04 06:28:39,2025-04-17 06:00:00
SKU01601,Vision-oriented secondary structure,Sports,WH-HYD,128,91,14589.1,2025-04-14 08:29:14,2025-04-17 06:00:00
SKU01602,Diverse tangible knowledge user,Grocery,WH-MUM,1313,33,8017.73,2025-04-02 13:25:01,2025-04-17 06:00:00
SKU01603,User-friendly 5thgeneration policy,Sports,WH-HYD,1175,11,8539.69,2025-04-06 02:06:54,2025-04-17 06:00:00
SKU01604,Vision-oriented regional extranet,Home & Kitchen,WH-MUM,573,92,14441.55,2025-04-08 13:23:47,2025-04-17 06:00:00
SKU01605,Down-sized eco-centric superstructure,Grocery,WH-MUM,1483,49,3874.4,2025-04-08 09:55:44,2025-04-17 06:00:00
SKU01606,Assimilated dedicated paradigm,Home & Kitchen,WH-BLR,842,18,1611.88,2025-04-02 02:12:19,2025-04-17 06:00:00
SKU01607,Visionary methodical service-desk,Electronics,WH-DEL,809,18,4448.72,2025-04-01 06:58:58,2025-04-17 06:00:00
SKU01608,Pre-emptive high-level collaboration,Sports,WH-MUM,249,53,1702.35,2025-04-09 21:26:09,2025-04-17 06:00:00
SKU01609,Inverse explicit database,Beauty,WH-CHE,932,48,14402.64,2025-04-04 05:34:12,2025-04-17 06:00:00
SKU01610,Focused composite groupware,Electronics,WH-MUM,1556,97,10825.24,2025-04-04 02:30:32,2025-04-17 06:00:00
SKU01611,Managed eco-centric Graphical User Interface,Books,WH-HYD,731,98,8972.1,2025-04-12 06:26:48,2025-04-17 06:00:00
SKU01612,Organized multi-tasking emulation,Home & Kitchen,WH-HYD,1001,19,9871.2,2025-04-13 16:30:53,2025-04-17 06:00:00
SKU01613,Organic motivating artificial intelligence,Grocery,WH-HYD,1855,72,10743.95,2025-04-11 06:43:04,2025-04-17 06:00:00
SKU01614,Visionary coherent project,Grocery,WH-BLR,1879,18,11046.47,2025-04-06 06:50:28,2025-04-17 06:00:00
SKU01615,Decentralized 24/7 policy,Grocery,WH-MUM,156,37,6997.55,2025-04-15 17:17:42,2025-04-17 06:00:00
SKU01616,Team-oriented multi-tasking moderator,Clothing,WH-MUM,1175,88,8018.81,2025-04-12 01:54:50,2025-04-17 06:00:00
SKU01617,Organized explicit framework,Home & Kitchen,WH-HYD,1037,38,673.71,2025-04-01 22:37:22,2025-04-17 06:00:00
SKU01618,Adaptive web-enabled architecture,Sports,WH-BLR,,50,5450.63,2025-04-09 06:59:10,2025-04-17 06:00:00
SKU01619,Focused global attitude,Toys,WH-DEL,1655,92,13944.42,2025-04-12 01:46:55,2025-04-17 06:00:00
SKU01620,Polarized optimal neural-net,Books,WH-CHE,1102,97,4244.21,2025-04-01 17:50:17,2025-04-17 06:00:00
SKU01621,Versatile methodical support,Grocery,WH-HYD,1185,49,14429.51,2025-04-01 23:19:51,2025-04-17 06:00:00
SKU01622,Synchronized regional pricing structure,Books,WH-DEL,1628,54,9414.36,2025-04-12 18:13:06,2025-04-17 06:00:00
SKU01623,Organized upward-trending encoding,Beauty,WH-MUM,1269,82,7674.48,2025-04-03 13:46:28,2025-04-17 06:00:00
SKU01624,Optional exuding superstructure,Beauty,WH-MUM,801,14,3614.47,2025-04-09 18:42:13,2025-04-17 06:00:00
SKU01625,Multi-channeled grid-enabled access,Sports,WH-MUM,1230,40,12417.22,2025-04-15 03:55:49,2025-04-17 06:00:00
SKU01626,Future-proofed 24/7 array,Home & Kitchen,WH-CHE,1380,50,6748.47,2025-04-07 02:36:14,2025-04-17 06:00:00
SKU01627,Function-based intermediate hardware,Electronics,WH-CHE,466,50,14150.17,2025-04-11 04:56:43,2025-04-17 06:00:00
SKU01628,Re-contextualized optimal productivity,Grocery,WH-HYD,111,91,176.08,2025-04-02 19:31:04,2025-04-17 06:00:00
SKU01629,Public-key systemic knowledgebase,Beauty,WH-BLR,1144,33,2998.44,2025-04-02 08:08:19,2025-04-17 06:00:00
SKU01630,Switchable empowering installation,Beauty,WH-BLR,1328,53,5417.67,2025-04-06 07:36:11,2025-04-17 06:00:00
SKU01631,Function-based systemic interface,Beauty,WH-DEL,1918,67,4041.35,2025-04-13 12:40:42,2025-04-17 06:00:00
SKU01632,Profit-focused intermediate Graphical User Interfa,Toys,WH-CHE,1430,77,6867.69,2025-04-14 01:26:05,2025-04-17 06:00:00
SKU01633,Distributed composite artificial intelligence,Home & Kitchen,WH-MUM,1838,23,9682.95,2025-04-01 18:13:26,2025-04-17 06:00:00
SKU01634,Intuitive methodical productivity,Electronics,WH-DEL,286,45,6860.2,2025-04-01 12:37:12,2025-04-17 06:00:00
SKU01635,Robust 5thgeneration projection,Sports,WH-DEL,1986,25,7442.62,2025-04-05 05:14:19,2025-04-17 06:00:00
SKU01636,Advanced systemic ability,Sports,WH-HYD,1409,56,6067.86,2025-04-12 22:29:00,2025-04-17 06:00:00
SKU01637,Cross-group leadingedge database,Electronics,WH-DEL,572,12,13392.95,2025-04-08 12:57:08,2025-04-17 06:00:00
SKU01638,Cross-group dedicated archive,Toys,WH-CHE,167,63,6162.38,2025-04-07 05:46:43,2025-04-17 06:00:00
SKU01639,Diverse transitional knowledgebase,Sports,WH-MUM,887,47,2276.58,2025-04-08 07:07:23,2025-04-17 06:00:00
SKU01640,Customizable 24/7 initiative,Grocery,WH-CHE,529,80,936.45,2025-04-11 01:25:18,2025-04-17 06:00:00
SKU01641,Decentralized modular contingency,Grocery,WH-DEL,1649,25,1278.36,2025-04-13 04:28:59,2025-04-17 06:00:00
SKU01642,Configurable well-modulated array,Grocery,WH-MUM,28,41,7019.71,2025-04-04 19:28:36,2025-04-17 06:00:00
SKU01643,Reduced systemic firmware,Beauty,WH-BLR,96,94,6975.5,2025-04-08 03:07:34,2025-04-17 06:00:00
SKU01644,Distributed attitude-oriented array,Books,WH-HYD,59,41,11798.16,2025-04-04 06:24:44,2025-04-17 06:00:00
SKU01645,Synergistic background standardization,Sports,WH-HYD,1350,77,12609.61,2025-04-14 17:53:26,2025-04-17 06:00:00
SKU01646,Pre-emptive tertiary attitude,Grocery,WH-CHE,525,96,9876.16,2025-04-02 10:51:37,2025-04-17 06:00:00
SKU01647,Innovative intangible open system,Books,WH-BLR,116,39,9604.35,2025-04-13 11:05:33,2025-04-17 06:00:00
SKU01648,Triple-buffered system-worthy task-force,Clothing,WH-CHE,905,86,12051.85,2025-04-13 03:23:38,2025-04-17 06:00:00
SKU01649,Up-sized human-resource instruction set,Home & Kitchen,WH-CHE,1723,30,3953.77,2025-04-07 21:13:34,2025-04-17 06:00:00
SKU01650,Open-architected grid-enabled solution,Grocery,WH-CHE,1751,25,383.85,2025-04-03 13:19:52,2025-04-17 06:00:00
SKU01651,Upgradable multi-state throughput,Books,WH-HYD,,46,934.86,2025-04-06 22:45:30,2025-04-17 06:00:00
SKU01652,Future-proofed 3rdgeneration policy,Home & Kitchen,WH-BLR,1667,55,3749.54,2025-04-10 04:45:27,2025-04-17 06:00:00
SKU01653,Digitized incremental initiative,Beauty,WH-DEL,1612,31,1498.62,2025-04-12 06:08:03,2025-04-17 06:00:00
SKU01654,Pre-emptive demand-driven budgetary management,Beauty,WH-HYD,1838,17,8940.43,2025-04-01 12:34:03,2025-04-17 06:00:00
SKU01655,Enterprise-wide radical project,Books,WH-HYD,1850,44,4104.85,2025-04-05 19:13:58,2025-04-17 06:00:00
SKU01656,Proactive reciprocal complexity,Home & Kitchen,WH-HYD,780,47,5343.79,2025-04-01 16:30:21,2025-04-17 06:00:00
SKU01657,Pre-emptive multi-tasking help-desk,Beauty,WH-BLR,282,21,3189.27,2025-04-16 18:18:18,2025-04-17 06:00:00
SKU01658,Enterprise-wide value-added benchmark,Home & Kitchen,WH-BLR,149,43,3122.3,2025-04-03 15:37:32,2025-04-17 06:00:00
SKU01659,Extended client-driven circuit,Clothing,WH-DEL,1712,91,1747.46,2025-04-04 08:06:16,2025-04-17 06:00:00
SKU01660,Customer-focused system-worthy encryption,Electronics,WH-DEL,1001,41,5718.75,2025-04-10 18:11:18,2025-04-17 06:00:00
SKU01661,Universal holistic archive,Books,WH-BLR,67,26,838.73,2025-04-05 06:50:23,2025-04-17 06:00:00
SKU01662,Diverse explicit contingency,Clothing,WH-BLR,633,30,14667.67,2025-04-16 16:44:48,2025-04-17 06:00:00
SKU01663,Operative client-driven complexity,Toys,WH-MUM,896,56,11773.43,2025-04-05 20:36:19,2025-04-17 06:00:00
SKU01664,Persevering modular archive,Sports,WH-HYD,647,25,10063.13,2025-04-04 00:03:24,2025-04-17 06:00:00
SKU01665,Horizontal contextually-based superstructure,Toys,WH-BLR,1403,95,1674.58,2025-04-16 01:51:35,2025-04-17 06:00:00
SKU01666,Business-focused scalable definition,Sports,WH-HYD,290,99,4088.51,2025-04-03 01:40:26,2025-04-17 06:00:00
SKU01667,Phased coherent hardware,Sports,WH-BLR,674,36,12772.73,2025-04-11 15:29:46,2025-04-17 06:00:00
SKU01668,Distributed regional strategy,Beauty,WH-HYD,315,77,8052.96,2025-04-04 02:07:47,2025-04-17 06:00:00
SKU01669,Progressive reciprocal archive,Beauty,WH-BLR,218,88,947.39,2025-04-15 02:10:58,2025-04-17 06:00:00
SKU01670,Diverse dynamic support,Sports,WH-MUM,374,27,14513.93,2025-04-05 17:30:37,2025-04-17 06:00:00
SKU01671,Visionary leadingedge paradigm,Beauty,WH-MUM,1214,54,8349.65,2025-04-13 09:46:53,2025-04-17 06:00:00
SKU01672,Multi-tiered secondary initiative,Electronics,WH-BLR,1943,92,10420.28,2025-04-05 03:50:41,2025-04-17 06:00:00
SKU01673,Adaptive exuding superstructure,Electronics,WH-HYD,1896,50,5074.15,2025-04-02 02:32:49,2025-04-17 06:00:00
SKU01674,Phased eco-centric standardization,Grocery,WH-DEL,1041,84,10755.27,2025-04-16 07:15:53,2025-04-17 06:00:00
SKU01675,Realigned fault-tolerant utilization,Grocery,WH-BLR,738,47,12134.01,2025-04-04 04:36:36,2025-04-17 06:00:00
SKU01676,Upgradable web-enabled matrix,Beauty,WH-HYD,1441,73,2753.47,2025-04-12 20:39:47,2025-04-17 06:00:00
SKU01677,Adaptive leadingedge complexity,Grocery,WH-BLR,1594,82,3834.02,2025-04-10 11:29:36,2025-04-17 06:00:00
SKU01678,Up-sized zero-defect access,Sports,WH-DEL,502,49,11925.14,2025-04-11 08:49:33,2025-04-17 06:00:00
SKU01679,Persevering responsive Graphical User Interface,Sports,WH-HYD,99,11,12110.65,2025-04-10 09:10:16,2025-04-17 06:00:00
SKU01680,Innovative homogeneous Internet solution,Home & Kitchen,WH-HYD,1118,26,5883.11,2025-04-12 02:29:53,2025-04-17 06:00:00
SKU01681,Stand-alone 3rdgeneration capacity,Beauty,WH-MUM,1643,73,12103.1,2025-04-12 05:30:20,2025-04-17 06:00:00
SKU01682,Future-proofed mobile attitude,Books,WH-CHE,1670,55,11788.1,2025-04-16 19:34:37,2025-04-17 06:00:00
SKU01683,Total fault-tolerant synergy,Sports,WH-DEL,777,84,9815.71,2025-04-03 10:38:52,2025-04-17 06:00:00
SKU01684,Decentralized tangible functionalities,Home & Kitchen,WH-BLR,,13,1863.19,2025-04-12 08:30:23,2025-04-17 06:00:00
SKU01685,Monitored modular collaboration,Home & Kitchen,WH-BLR,518,35,12902.64,2025-04-15 15:18:12,2025-04-17 06:00:00
SKU01686,Integrated web-enabled installation,Toys,WH-HYD,1547,17,700.68,2025-04-14 22:05:26,2025-04-17 06:00:00
SKU01687,Automated high-level secured line,Books,WH-BLR,1294,69,2162.96,2025-04-01 18:06:23,2025-04-17 06:00:00
SKU01688,Diverse static strategy,Grocery,WH-MUM,813,56,8476.81,2025-04-03 12:40:24,2025-04-17 06:00:00
SKU01689,Public-key multi-state methodology,Grocery,WH-HYD,254,17,4484.9,2025-04-06 06:45:54,2025-04-17 06:00:00
SKU01690,Fully-configurable incremental policy,Home & Kitchen,WH-MUM,1329,97,5607.41,2025-04-15 04:29:20,2025-04-17 06:00:00
SKU01691,Digitized optimal matrices,Sports,WH-CHE,1299,75,3735.55,2025-04-13 21:25:31,2025-04-17 06:00:00
SKU01692,Centralized fault-tolerant Internet solution,Sports,WH-MUM,1920,68,14218.64,2025-04-14 12:21:56,2025-04-17 06:00:00
SKU01693,Face-to-face global pricing structure,Beauty,WH-MUM,1893,64,2371.65,2025-04-03 04:53:52,2025-04-17 06:00:00
SKU01694,Quality-focused analyzing monitoring,Grocery,WH-CHE,541,63,8893.38,2025-04-07 08:57:15,2025-04-17 06:00:00
SKU01695,Synergistic optimal frame,Beauty,WH-CHE,627,99,13900.52,2025-04-09 14:25:13,2025-04-17 06:00:00
SKU01696,Secured intermediate algorithm,Beauty,WH-CHE,1501,24,12648.72,2025-04-05 04:57:17,2025-04-17 06:00:00
SKU01697,Customer-focused secondary service-desk,Grocery,WH-DEL,1486,73,10890.79,2025-04-07 23:42:43,2025-04-17 06:00:00
SKU01698,Progressive modular encryption,Home & Kitchen,WH-CHE,218,39,6619.76,2025-04-04 05:18:59,2025-04-17 06:00:00
SKU01699,Robust scalable project,Home & Kitchen,WH-DEL,573,30,13980.04,2025-04-06 04:14:34,2025-04-17 06:00:00
SKU01700,Business-focused multimedia productivity,Books,WH-MUM,1363,70,5942.37,2025-04-10 09:42:48,2025-04-17 06:00:00
SKU01701,Enterprise-wide 6thgeneration hierarchy,Clothing,WH-BLR,1880,100,6951.96,2025-04-01 17:42:31,2025-04-17 06:00:00
SKU01702,Realigned disintermediate flexibility,Sports,WH-HYD,569,53,14678.49,2025-04-09 21:33:00,2025-04-17 06:00:00
SKU01703,User-friendly reciprocal archive,Clothing,WH-HYD,1131,39,1257.49,2025-04-13 05:58:28,2025-04-17 06:00:00
SKU01704,Enterprise-wide reciprocal toolset,Clothing,WH-DEL,1975,54,14357.18,2025-04-01 03:48:55,2025-04-17 06:00:00
SKU01705,Monitored zero tolerance policy,Home & Kitchen,WH-MUM,1647,78,10624.87,2025-04-15 15:19:54,2025-04-17 06:00:00
SKU01706,Reverse-engineered eco-centric database,Home & Kitchen,WH-BLR,1587,96,616.02,2025-04-16 10:44:52,2025-04-17 06:00:00
SKU01707,Object-based didactic alliance,Beauty,WH-CHE,347,27,8835.55,2025-04-11 17:41:22,2025-04-17 06:00:00
SKU01708,Adaptive bifurcated model,Toys,WH-BLR,1627,33,7381.0,2025-04-06 00:09:56,2025-04-17 06:00:00
SKU01709,Streamlined tangible workforce,Books,WH-MUM,542,39,4809.27,2025-04-16 12:05:58,2025-04-17 06:00:00
SKU01710,Grass-roots 6thgeneration customer loyalty,Grocery,WH-MUM,1612,66,2943.22,2025-04-13 14:56:21,2025-04-17 06:00:00
SKU01711,Focused object-oriented customer loyalty,Books,WH-CHE,1576,33,9138.27,2025-04-02 22:29:37,2025-04-17 06:00:00
SKU01712,Robust analyzing adapter,Beauty,WH-MUM,24,58,1839.42,2025-04-01 00:49:27,2025-04-17 06:00:00
SKU01713,Stand-alone bottom-line task-force,Grocery,WH-DEL,338,42,6643.29,2025-04-05 16:50:39,2025-04-17 06:00:00
SKU01714,Focused well-modulated data-warehouse,Sports,WH-CHE,1427,59,14308.7,2025-04-14 19:36:45,2025-04-17 06:00:00
SKU01715,Multi-tiered needs-based knowledge user,Toys,WH-BLR,1897,37,14570.2,2025-04-13 01:21:33,2025-04-17 06:00:00
SKU01716,Ameliorated zero-defect infrastructure,Clothing,WH-HYD,730,41,5449.82,2025-04-03 16:53:40,2025-04-17 06:00:00
SKU01717,Centralized interactive application,Electronics,WH-CHE,,82,5373.64,2025-04-14 13:53:34,2025-04-17 06:00:00
SKU01718,Persistent optimal superstructure,Books,WH-MUM,928,13,1029.13,2025-04-14 19:05:04,2025-04-17 06:00:00
SKU01719,Stand-alone modular methodology,Beauty,WH-MUM,1275,39,823.51,2025-04-12 08:05:22,2025-04-17 06:00:00
SKU01720,Phased intangible superstructure,Grocery,WH-MUM,1852,23,12757.37,2025-04-04 03:50:04,2025-04-17 06:00:00
SKU01721,Triple-buffered heuristic migration,Grocery,WH-BLR,1820,20,14834.12,2025-04-08 13:22:09,2025-04-17 06:00:00
SKU01722,Decentralized 6thgeneration monitoring,Beauty,WH-MUM,1571,97,822.49,2025-04-12 00:23:51,2025-04-17 06:00:00
SKU01723,Quality-focused empowering support,Beauty,WH-DEL,1698,77,9117.73,2025-04-04 15:01:07,2025-04-17 06:00:00
SKU01724,Monitored dedicated matrix,Toys,WH-DEL,37,87,8184.45,2025-04-02 10:14:56,2025-04-17 06:00:00
SKU01725,Reduced bandwidth-monitored migration,Grocery,WH-CHE,56,93,2303.61,2025-04-16 05:59:07,2025-04-17 06:00:00
SKU01726,Centralized next generation initiative,Grocery,WH-DEL,320,76,1326.6,2025-04-15 04:24:16,2025-04-17 06:00:00
SKU01727,User-friendly local extranet,Sports,WH-CHE,502,92,5240.19,2025-04-08 20:21:52,2025-04-17 06:00:00
SKU01728,Visionary heuristic core,Toys,WH-MUM,269,36,11597.76,2025-04-02 19:54:56,2025-04-17 06:00:00
SKU01729,Automated systematic hardware,Beauty,WH-CHE,1857,76,12169.83,2025-04-12 06:37:30,2025-04-17 06:00:00
SKU01730,Networked analyzing hardware,Beauty,WH-HYD,738,89,1769.07,2025-04-01 17:13:03,2025-04-17 06:00:00
SKU01731,Triple-buffered 24hour ability,Books,WH-CHE,28,77,2551.88,2025-04-14 01:39:27,2025-04-17 06:00:00
SKU01732,Multi-lateral context-sensitive flexibility,Electronics,WH-DEL,1768,87,11925.77,2025-04-07 20:51:53,2025-04-17 06:00:00
SKU01733,Front-line global matrix,Clothing,WH-MUM,24,45,6999.61,2025-04-03 22:55:57,2025-04-17 06:00:00
SKU01734,Implemented 5thgeneration workforce,Books,WH-HYD,96,75,13994.69,2025-04-16 04:14:53,2025-04-17 06:00:00
SKU01735,Fully-configurable directional framework,Toys,WH-CHE,715,99,7429.69,2025-04-12 18:17:47,2025-04-17 06:00:00
SKU01736,Open-architected multi-state parallelism,Beauty,WH-BLR,1108,10,5143.09,2025-04-15 06:21:38,2025-04-17 06:00:00
SKU01737,Horizontal heuristic contingency,Beauty,WH-BLR,198,52,8646.85,2025-04-02 01:06:14,2025-04-17 06:00:00
SKU01738,Organic grid-enabled process improvement,Sports,WH-HYD,1861,32,9298.26,2025-04-07 00:31:59,2025-04-17 06:00:00
SKU01739,Enhanced methodical Internet solution,Toys,WH-HYD,596,26,6213.91,2025-04-11 19:24:49,2025-04-17 06:00:00
SKU01740,Polarized coherent archive,Home & Kitchen,WH-BLR,1956,23,7550.49,2025-04-14 02:40:32,2025-04-17 06:00:00
SKU01741,Integrated impactful protocol,Clothing,WH-MUM,1412,15,4356.09,2025-04-08 11:41:36,2025-04-17 06:00:00
SKU01742,Enhanced executive support,Books,WH-BLR,553,15,9786.95,2025-04-07 07:01:27,2025-04-17 06:00:00
SKU01743,Upgradable 24/7 superstructure,Toys,WH-HYD,997,43,2236.24,2025-04-05 16:39:04,2025-04-17 06:00:00
SKU01744,Advanced impactful time-frame,Sports,WH-CHE,412,46,9091.37,2025-04-03 14:06:36,2025-04-17 06:00:00
SKU01745,Proactive system-worthy access,Toys,WH-HYD,1887,67,11772.47,2025-04-07 05:22:10,2025-04-17 06:00:00
SKU01746,Decentralized bi-directional system engine,Electronics,WH-CHE,1831,96,6652.22,2025-04-11 04:21:22,2025-04-17 06:00:00
SKU01747,Programmable hybrid frame,Beauty,WH-BLR,914,89,8016.83,2025-04-02 19:54:35,2025-04-17 06:00:00
SKU01748,Universal fault-tolerant software,Clothing,WH-HYD,1322,68,866.29,2025-04-16 13:28:17,2025-04-17 06:00:00
SKU01749,Polarized demand-driven application,Home & Kitchen,WH-DEL,593,74,14676.14,2025-04-11 20:44:43,2025-04-17 06:00:00
SKU01750,Organized didactic framework,Books,WH-CHE,,88,9814.13,2025-04-08 16:41:02,2025-04-17 06:00:00
SKU01751,Ameliorated mobile analyzer,Books,WH-DEL,107,30,6844.99,2025-04-07 18:22:39,2025-04-17 06:00:00
SKU01752,Ameliorated interactive definition,Books,WH-HYD,224,44,13188.28,2025-04-09 15:36:10,2025-04-17 06:00:00
SKU01753,De-engineered logistical hierarchy,Home & Kitchen,WH-MUM,529,66,13898.22,2025-04-14 06:24:25,2025-04-17 06:00:00
SKU01754,Seamless coherent encryption,Electronics,WH-BLR,5,15,4092.59,2025-04-12 17:03:38,2025-04-17 06:00:00
SKU01755,Synchronized encompassing superstructure,Books,WH-CHE,139,67,5865.23,2025-04-10 01:26:43,2025-04-17 06:00:00
SKU01756,Open-source multimedia strategy,Toys,WH-HYD,365,99,11806.2,2025-04-15 07:24:07,2025-04-17 06:00:00
SKU01757,Total national customer loyalty,Home & Kitchen,WH-MUM,1707,95,11364.93,2025-04-04 20:38:41,2025-04-17 06:00:00
SKU01758,Distributed homogeneous open system,Grocery,WH-BLR,1974,73,14294.8,2025-04-03 20:37:45,2025-04-17 06:00:00
SKU01759,Innovative systemic architecture,Home & Kitchen,WH-HYD,1824,33,5494.88,2025-04-02 18:09:21,2025-04-17 06:00:00
SKU01760,Enhanced systematic secured line,Home & Kitchen,WH-DEL,9,80,12796.89,2025-04-09 06:53:15,2025-04-17 06:00:00
SKU01761,Multi-channeled eco-centric concept,Grocery,WH-CHE,1766,54,9912.99,2025-04-15 05:56:21,2025-04-17 06:00:00
SKU01762,Profit-focused bi-directional system engine,Clothing,WH-BLR,290,33,5542.78,2025-04-09 06:18:30,2025-04-17 06:00:00
SKU01763,Enterprise-wide foreground knowledge user,Toys,WH-CHE,14,79,5740.83,2025-04-01 00:29:21,2025-04-17 06:00:00
SKU01764,Reactive regional open system,Beauty,WH-CHE,1661,37,13757.26,2025-04-10 21:14:55,2025-04-17 06:00:00
SKU01765,Universal clear-thinking access,Electronics,WH-DEL,420,35,10481.86,2025-04-07 12:30:37,2025-04-17 06:00:00
SKU01766,Devolved content-based archive,Clothing,WH-MUM,1997,91,12326.25,2025-04-10 20:18:55,2025-04-17 06:00:00
SKU01767,Front-line intermediate throughput,Beauty,WH-CHE,256,75,9830.83,2025-04-08 20:15:51,2025-04-17 06:00:00
SKU01768,Reverse-engineered non-volatile monitoring,Toys,WH-BLR,1097,88,10997.53,2025-04-15 14:43:38,2025-04-17 06:00:00
SKU01769,Programmable tangible structure,Grocery,WH-HYD,1643,13,12992.86,2025-04-13 02:18:04,2025-04-17 06:00:00
SKU01770,User-friendly stable infrastructure,Electronics,WH-HYD,50,44,6421.54,2025-04-10 03:48:32,2025-04-17 06:00:00
SKU01771,Total contextually-based solution,Clothing,WH-MUM,1612,41,12481.9,2025-04-11 19:18:45,2025-04-17 06:00:00
SKU01772,Fully-configurable contextually-based groupware,Electronics,WH-BLR,1605,85,14893.34,2025-04-02 22:13:18,2025-04-17 06:00:00
SKU01773,Up-sized secondary contingency,Grocery,WH-BLR,1826,35,14877.9,2025-04-10 09:44:46,2025-04-17 06:00:00
SKU01774,Profound background workforce,Grocery,WH-HYD,1491,40,1282.6,2025-04-13 05:26:46,2025-04-17 06:00:00
SKU01775,Diverse dynamic monitoring,Grocery,WH-DEL,1791,55,6578.11,2025-04-12 14:27:38,2025-04-17 06:00:00
SKU01776,Distributed well-modulated knowledgebase,Grocery,WH-DEL,1704,51,12009.86,2025-04-07 04:31:43,2025-04-17 06:00:00
SKU01777,Profound motivating projection,Beauty,WH-HYD,895,25,12508.43,2025-04-13 16:58:27,2025-04-17 06:00:00
SKU01778,Quality-focused analyzing frame,Home & Kitchen,WH-HYD,1104,49,4392.53,2025-04-02 15:04:13,2025-04-17 06:00:00
SKU01779,Persevering systematic contingency,Sports,WH-BLR,1036,39,2596.58,2025-04-16 05:42:03,2025-04-17 06:00:00
SKU01780,Visionary holistic circuit,Clothing,WH-CHE,1486,74,3797.85,2025-04-13 03:36:11,2025-04-17 06:00:00
SKU01781,Centralized regional capacity,Grocery,WH-BLR,424,97,2638.16,2025-04-14 21:11:13,2025-04-17 06:00:00
SKU01782,Optional intermediate help-desk,Home & Kitchen,WH-MUM,329,36,1278.26,2025-04-06 07:27:42,2025-04-17 06:00:00
SKU01783,Function-based coherent approach,Home & Kitchen,WH-DEL,,11,1883.96,2025-04-12 04:34:01,2025-04-17 06:00:00
SKU01784,User-friendly discrete pricing structure,Clothing,WH-MUM,1986,94,3213.75,2025-04-01 03:54:54,2025-04-17 06:00:00
SKU01785,Implemented methodical strategy,Sports,WH-CHE,1941,43,10789.7,2025-04-09 12:32:03,2025-04-17 06:00:00
SKU01786,Profit-focused homogeneous synergy,Toys,WH-HYD,1628,19,6828.02,2025-04-09 19:41:00,2025-04-17 06:00:00
SKU01787,Extended web-enabled intranet,Sports,WH-HYD,1946,93,1701.42,2025-04-10 05:17:26,2025-04-17 06:00:00
SKU01788,Profit-focused cohesive contingency,Toys,WH-HYD,646,80,155.64,2025-04-15 07:10:24,2025-04-17 06:00:00
SKU01789,Horizontal composite Graphical User Interface,Books,WH-DEL,1826,61,8672.12,2025-04-08 12:39:21,2025-04-17 06:00:00
SKU01790,Compatible local Graphic Interface,Beauty,WH-HYD,820,95,6630.56,2025-04-11 22:12:49,2025-04-17 06:00:00
SKU01791,Up-sized clear-thinking array,Toys,WH-HYD,1672,65,13986.59,2025-04-10 08:12:04,2025-04-17 06:00:00
SKU01792,Implemented fresh-thinking workforce,Toys,WH-HYD,984,15,12926.85,2025-04-14 15:28:10,2025-04-17 06:00:00
SKU01793,Operative directional throughput,Beauty,WH-BLR,1024,92,1929.55,2025-04-04 09:22:06,2025-04-17 06:00:00
SKU01794,Seamless empowering extranet,Toys,WH-BLR,1803,33,4697.22,2025-04-02 17:07:59,2025-04-17 06:00:00
SKU01795,Ameliorated methodical productivity,Grocery,WH-CHE,588,89,5488.16,2025-04-14 00:59:31,2025-04-17 06:00:00
SKU01796,Reactive web-enabled service-desk,Grocery,WH-CHE,1215,74,7961.84,2025-04-12 20:04:37,2025-04-17 06:00:00
SKU01797,Horizontal next generation portal,Home & Kitchen,WH-BLR,612,28,7046.89,2025-04-05 01:03:29,2025-04-17 06:00:00
SKU01798,Synergistic stable data-warehouse,Electronics,WH-CHE,1406,56,6495.31,2025-04-01 23:38:48,2025-04-17 06:00:00
SKU01799,Polarized dedicated extranet,Toys,WH-CHE,348,78,13361.65,2025-04-12 08:17:16,2025-04-17 06:00:00
SKU01800,Adaptive contextually-based data-warehouse,Books,WH-BLR,884,14,9698.05,2025-04-02 11:56:41,2025-04-17 06:00:00
SKU01801,Diverse 24hour interface,Toys,WH-BLR,286,63,12016.08,2025-04-11 11:32:14,2025-04-17 06:00:00
SKU01802,Business-focused well-modulated solution,Books,WH-MUM,503,21,8783.14,2025-04-07 05:40:48,2025-04-17 06:00:00
SKU01803,Streamlined systematic ability,Books,WH-CHE,182,99,881.37,2025-04-05 14:38:07,2025-04-17 06:00:00
SKU01804,Extended mission-critical service-desk,Books,WH-DEL,40,23,3665.13,2025-04-03 17:16:01,2025-04-17 06:00:00
SKU01805,Triple-buffered interactive customer loyalty,Sports,WH-BLR,820,42,10045.33,2025-04-13 04:18:02,2025-04-17 06:00:00
SKU01806,Phased neutral portal,Beauty,WH-BLR,1020,57,5179.92,2025-04-04 05:43:42,2025-04-17 06:00:00
SKU01807,Object-based systemic model,Sports,WH-HYD,1166,23,5364.41,2025-04-09 08:09:47,2025-04-17 06:00:00
SKU01808,Sharable tertiary flexibility,Clothing,WH-CHE,843,68,4183.38,2025-04-07 03:21:17,2025-04-17 06:00:00
SKU01809,Inverse object-oriented workforce,Beauty,WH-CHE,1953,37,6849.6,2025-04-08 16:53:16,2025-04-17 06:00:00
SKU01810,Re-engineered needs-based solution,Clothing,WH-CHE,1961,79,14065.02,2025-04-05 20:20:40,2025-04-17 06:00:00
SKU01811,Managed impactful migration,Grocery,WH-MUM,182,52,10703.66,2025-04-09 11:21:50,2025-04-17 06:00:00
SKU01812,Upgradable dynamic emulation,Toys,WH-CHE,1871,65,14330.84,2025-04-07 00:08:45,2025-04-17 06:00:00
SKU01813,Innovative grid-enabled algorithm,Books,WH-CHE,1111,55,12127.89,2025-04-14 00:56:26,2025-04-17 06:00:00
SKU01814,Configurable clear-thinking adapter,Toys,WH-HYD,139,93,9981.2,2025-04-13 23:00:37,2025-04-17 06:00:00
SKU01815,Re-contextualized content-based capability,Home & Kitchen,WH-HYD,1397,15,4938.96,2025-04-03 23:27:31,2025-04-17 06:00:00
SKU01816,Robust value-added application,Clothing,WH-HYD,,26,11634.96,2025-04-07 09:38:16,2025-04-17 06:00:00
SKU01817,Persevering hybrid protocol,Toys,WH-HYD,627,63,14017.36,2025-04-05 01:56:14,2025-04-17 06:00:00
SKU01818,Intuitive stable installation,Books,WH-CHE,1813,46,5930.35,2025-04-04 08:02:03,2025-04-17 06:00:00
SKU01819,Ergonomic systematic focus group,Toys,WH-DEL,741,72,7901.9,2025-04-15 07:36:55,2025-04-17 06:00:00
SKU01820,Exclusive multi-tasking initiative,Grocery,WH-CHE,985,87,2909.03,2025-04-02 04:19:05,2025-04-17 06:00:00
SKU01821,Sharable maximized open system,Clothing,WH-MUM,8,93,12199.16,2025-04-13 00:02:23,2025-04-17 06:00:00
SKU01822,Operative upward-trending website,Clothing,WH-CHE,119,50,9120.43,2025-04-04 02:06:12,2025-04-17 06:00:00
SKU01823,Down-sized regional protocol,Electronics,WH-HYD,1956,30,2858.7,2025-04-03 10:45:17,2025-04-17 06:00:00
SKU01824,Automated regional structure,Home & Kitchen,WH-BLR,1762,91,1906.79,2025-04-02 19:49:31,2025-04-17 06:00:00
SKU01825,Business-focused dedicated structure,Electronics,WH-BLR,1841,58,9526.98,2025-04-05 03:55:07,2025-04-17 06:00:00
SKU01826,Multi-layered cohesive intranet,Sports,WH-BLR,1480,63,12241.86,2025-04-05 10:31:50,2025-04-17 06:00:00
SKU01827,Persistent non-volatile secured line,Home & Kitchen,WH-BLR,800,64,582.99,2025-04-10 21:41:49,2025-04-17 06:00:00
SKU01828,Multi-tiered asymmetric interface,Books,WH-CHE,482,37,9500.94,2025-04-09 13:31:30,2025-04-17 06:00:00
SKU01829,User-friendly client-server solution,Electronics,WH-MUM,589,26,7852.76,2025-04-10 07:15:56,2025-04-17 06:00:00
SKU01830,Future-proofed asynchronous array,Home & Kitchen,WH-CHE,1379,21,4879.34,2025-04-07 17:04:54,2025-04-17 06:00:00
SKU01831,Optional human-resource circuit,Electronics,WH-HYD,1317,50,3563.51,2025-04-08 14:33:02,2025-04-17 06:00:00
SKU01832,Universal client-server attitude,Sports,WH-MUM,560,17,1029.91,2025-04-04 10:13:19,2025-04-17 06:00:00
SKU01833,Realigned zero-defect installation,Sports,WH-BLR,388,16,7961.83,2025-04-12 20:11:54,2025-04-17 06:00:00
SKU01834,Open-source responsive benchmark,Sports,WH-CHE,1556,37,5567.63,2025-04-06 23:44:36,2025-04-17 06:00:00
SKU01835,Pre-emptive actuating core,Home & Kitchen,WH-CHE,1750,91,7756.6,2025-04-14 17:08:22,2025-04-17 06:00:00
SKU01836,Phased bifurcated concept,Grocery,WH-BLR,542,10,415.43,2025-04-08 08:05:26,2025-04-17 06:00:00
SKU01837,Managed intermediate moratorium,Books,WH-CHE,1858,11,1336.28,2025-04-12 08:39:47,2025-04-17 06:00:00
SKU01838,Visionary transitional product,Grocery,WH-MUM,1141,40,1488.08,2025-04-08 23:23:29,2025-04-17 06:00:00
SKU01839,User-friendly executive solution,Books,WH-HYD,264,70,14083.61,2025-04-16 06:46:06,2025-04-17 06:00:00
SKU01840,Seamless solution-oriented website,Books,WH-BLR,726,42,7368.31,2025-04-11 16:48:20,2025-04-17 06:00:00
SKU01841,Proactive static monitoring,Toys,WH-HYD,260,55,1019.83,2025-04-12 13:10:56,2025-04-17 06:00:00
SKU01842,Total maximized hardware,Books,WH-CHE,634,23,5096.42,2025-04-07 23:49:50,2025-04-17 06:00:00
SKU01843,Quality-focused multi-state Graphical User Interfa,Grocery,WH-HYD,368,62,14067.26,2025-04-11 09:19:21,2025-04-17 06:00:00
SKU01844,Organic content-based database,Clothing,WH-MUM,1399,84,5126.81,2025-04-06 06:30:08,2025-04-17 06:00:00
SKU01845,Innovative asymmetric customer loyalty,Home & Kitchen,WH-HYD,367,100,9127.89,2025-04-02 05:42:43,2025-04-17 06:00:00
SKU01846,Reduced intermediate structure,Home & Kitchen,WH-DEL,708,92,14427.71,2025-04-03 09:13:06,2025-04-17 06:00:00
SKU01847,Extended attitude-oriented Internet solution,Books,WH-MUM,1700,91,13276.3,2025-04-07 01:22:47,2025-04-17 06:00:00
SKU01848,Virtual modular core,Electronics,WH-CHE,967,79,6578.13,2025-04-15 21:07:05,2025-04-17 06:00:00
SKU01849,Phased content-based protocol,Beauty,WH-BLR,,67,7588.49,2025-04-12 11:37:56,2025-04-17 06:00:00
SKU01850,Re-engineered asynchronous conglomeration,Books,WH-CHE,1811,18,3267.51,2025-04-04 04:39:39,2025-04-17 06:00:00
SKU01851,User-friendly local task-force,Electronics,WH-DEL,1882,98,3354.66,2025-04-15 13:49:29,2025-04-17 06:00:00
SKU01852,Multi-layered context-sensitive firmware,Clothing,WH-BLR,904,86,2263.17,2025-04-06 21:13:12,2025-04-17 06:00:00
SKU01853,Diverse user-facing matrices,Beauty,WH-DEL,1367,46,4760.12,2025-04-05 09:18:00,2025-04-17 06:00:00
SKU01854,Fundamental methodical knowledge user,Clothing,WH-HYD,183,96,11857.07,2025-04-05 12:55:10,2025-04-17 06:00:00
SKU01855,Multi-layered neutral portal,Home & Kitchen,WH-HYD,1896,93,552.27,2025-04-08 21:26:39,2025-04-17 06:00:00
SKU01856,Persistent multi-tasking product,Clothing,WH-BLR,1468,42,735.58,2025-04-05 14:26:38,2025-04-17 06:00:00
SKU01857,Stand-alone explicit paradigm,Toys,WH-HYD,441,44,3805.22,2025-04-08 00:59:46,2025-04-17 06:00:00
SKU01858,Upgradable client-server Graphical User Interface,Sports,WH-CHE,328,63,3193.47,2025-04-15 06:40:27,2025-04-17 06:00:00
SKU01859,Cross-platform foreground archive,Clothing,WH-DEL,320,90,3830.59,2025-04-02 08:50:25,2025-04-17 06:00:00
SKU01860,Synchronized system-worthy success,Grocery,WH-HYD,338,60,9457.31,2025-04-13 03:24:09,2025-04-17 06:00:00
SKU01861,Phased transitional function,Books,WH-CHE,945,16,4821.14,2025-04-16 05:22:13,2025-04-17 06:00:00
SKU01862,Intuitive upward-trending software,Grocery,WH-HYD,654,23,13830.02,2025-04-02 08:50:33,2025-04-17 06:00:00
SKU01863,Open-architected bottom-line application,Books,WH-BLR,1537,37,2865.91,2025-04-01 23:00:21,2025-04-17 06:00:00
SKU01864,Polarized motivating matrix,Electronics,WH-DEL,88,95,701.79,2025-04-11 06:24:46,2025-04-17 06:00:00
SKU01865,Team-oriented client-server Local Area Network,Books,WH-BLR,287,75,9530.34,2025-04-11 07:04:22,2025-04-17 06:00:00
SKU01866,Stand-alone system-worthy function,Grocery,WH-BLR,1811,46,13980.82,2025-04-10 18:27:56,2025-04-17 06:00:00
SKU01867,Profound homogeneous function,Beauty,WH-HYD,246,31,8295.36,2025-04-14 09:59:39,2025-04-17 06:00:00
SKU01868,Persistent asynchronous neural-net,Sports,WH-DEL,1339,40,14460.71,2025-04-08 00:31:35,2025-04-17 06:00:00
SKU01869,Fundamental clear-thinking architecture,Sports,WH-MUM,1306,38,12061.21,2025-04-05 11:04:38,2025-04-17 06:00:00
SKU01870,Streamlined value-added service-desk,Sports,WH-HYD,724,77,12309.68,2025-04-07 22:03:04,2025-04-17 06:00:00
SKU01871,Realigned zero administration success,Clothing,WH-HYD,1533,35,5046.06,2025-04-09 01:55:35,2025-04-17 06:00:00
SKU01872,Profound grid-enabled focus group,Clothing,WH-MUM,1013,50,7009.81,2025-04-02 15:36:14,2025-04-17 06:00:00
SKU01873,Cloned even-keeled architecture,Beauty,WH-HYD,1493,60,1667.97,2025-04-14 19:23:50,2025-04-17 06:00:00
SKU01874,Managed maximized matrices,Toys,WH-CHE,1673,56,5416.68,2025-04-15 01:49:31,2025-04-17 06:00:00
SKU01875,Advanced encompassing flexibility,Toys,WH-DEL,843,15,4941.77,2025-04-16 13:09:23,2025-04-17 06:00:00
SKU01876,Object-based 6thgeneration monitoring,Books,WH-BLR,916,29,10594.82,2025-04-05 10:13:11,2025-04-17 06:00:00
SKU01877,Centralized non-volatile conglomeration,Toys,WH-BLR,1056,91,11064.61,2025-04-04 09:21:52,2025-04-17 06:00:00
SKU01878,Open-source logistical archive,Clothing,WH-MUM,327,26,180.14,2025-04-08 21:56:53,2025-04-17 06:00:00
SKU01879,Extended radical protocol,Clothing,WH-BLR,693,71,10998.67,2025-04-15 06:27:40,2025-04-17 06:00:00
SKU01880,Persistent 3rdgeneration complexity,Beauty,WH-HYD,405,92,12595.73,2025-04-04 03:59:58,2025-04-17 06:00:00
SKU01881,Visionary system-worthy migration,Books,WH-DEL,846,44,7295.86,2025-04-02 16:49:42,2025-04-17 06:00:00
SKU01882,Future-proofed didactic toolset,Sports,WH-BLR,,37,2201.63,2025-04-02 09:26:53,2025-04-17 06:00:00
SKU01883,Stand-alone cohesive contingency,Home & Kitchen,WH-DEL,966,79,9301.47,2025-04-02 21:08:04,2025-04-17 06:00:00
SKU01884,Sharable attitude-oriented artificial intelligence,Books,WH-MUM,317,85,11861.62,2025-04-14 13:58:12,2025-04-17 06:00:00
SKU01885,Exclusive mobile budgetary management,Home & Kitchen,WH-MUM,1269,56,1871.8,2025-04-16 11:52:47,2025-04-17 06:00:00
SKU01886,Multi-layered full-range function,Home & Kitchen,WH-MUM,1374,87,4705.39,2025-04-04 17:01:45,2025-04-17 06:00:00
SKU01887,Centralized high-level middleware,Home & Kitchen,WH-DEL,756,21,9129.97,2025-04-08 10:01:54,2025-04-17 06:00:00
SKU01888,Virtual solution-oriented moderator,Toys,WH-BLR,1140,13,13471.66,2025-04-12 04:28:24,2025-04-17 06:00:00
SKU01889,Compatible methodical function,Toys,WH-CHE,1367,52,10169.22,2025-04-05 19:25:22,2025-04-17 06:00:00
SKU01890,Grass-roots cohesive Graphical User Interface,Electronics,WH-CHE,958,37,13821.16,2025-04-16 22:18:20,2025-04-17 06:00:00
SKU01891,Innovative encompassing portal,Sports,WH-HYD,825,97,11285.29,2025-04-16 03:19:58,2025-04-17 06:00:00
SKU01892,Down-sized transitional collaboration,Electronics,WH-HYD,2000,74,801.95,2025-04-04 18:46:37,2025-04-17 06:00:00
SKU01893,Self-enabling executive moratorium,Sports,WH-HYD,882,58,4586.55,2025-04-15 17:55:58,2025-04-17 06:00:00
SKU01894,Reactive web-enabled Graphical User Interface,Sports,WH-HYD,454,97,10333.1,2025-04-01 02:50:21,2025-04-17 06:00:00
SKU01895,Secured content-based moratorium,Sports,WH-CHE,836,30,3194.91,2025-04-09 15:22:26,2025-04-17 06:00:00
SKU01896,Upgradable multi-state website,Electronics,WH-CHE,686,33,7964.19,2025-04-09 02:41:03,2025-04-17 06:00:00
SKU01897,Balanced intangible system engine,Toys,WH-MUM,976,58,2519.25,2025-04-10 05:33:14,2025-04-17 06:00:00
SKU01898,Stand-alone 24/7 flexibility,Home & Kitchen,WH-MUM,1870,51,3200.19,2025-04-11 20:56:08,2025-04-17 06:00:00
SKU01899,Multi-tiered secondary encoding,Home & Kitchen,WH-BLR,1294,62,7343.23,2025-04-14 02:44:45,2025-04-17 06:00:00
SKU01900,Customizable background benchmark,Home & Kitchen,WH-BLR,112,69,7129.97,2025-04-05 07:00:51,2025-04-17 06:00:00
SKU01901,Cloned neutral portal,Books,WH-MUM,1392,42,11725.31,2025-04-16 11:40:53,2025-04-17 06:00:00
SKU01902,Distributed multimedia model,Sports,WH-HYD,881,60,13134.82,2025-04-03 13:22:25,2025-04-17 06:00:00
SKU01903,Open-architected holistic synergy,Electronics,WH-BLR,1919,86,5333.9,2025-04-10 09:03:23,2025-04-17 06:00:00
SKU01904,Programmable user-facing structure,Clothing,WH-CHE,775,60,8225.35,2025-04-05 02:20:12,2025-04-17 06:00:00
SKU01905,Streamlined modular array,Toys,WH-CHE,1528,99,11378.38,2025-04-13 15:57:26,2025-04-17 06:00:00
SKU01906,Customizable analyzing throughput,Grocery,WH-MUM,1261,44,14142.57,2025-04-07 01:58:24,2025-04-17 06:00:00
SKU01907,Cloned cohesive success,Sports,WH-MUM,1544,97,13347.93,2025-04-16 18:39:30,2025-04-17 06:00:00
SKU01908,Switchable non-volatile open architecture,Beauty,WH-HYD,1960,89,1296.6,2025-04-08 20:44:56,2025-04-17 06:00:00
SKU01909,Inverse 3rdgeneration benchmark,Toys,WH-BLR,470,44,12010.03,2025-04-02 03:24:30,2025-04-17 06:00:00
SKU01910,Front-line client-server strategy,Books,WH-DEL,481,79,10446.28,2025-04-07 00:13:20,2025-04-17 06:00:00
SKU01911,Secured tangible Local Area Network,Electronics,WH-MUM,1186,44,1863.51,2025-04-12 09:09:48,2025-04-17 06:00:00
SKU01912,Re-engineered local leverage,Toys,WH-MUM,1647,92,8804.97,2025-04-05 22:32:31,2025-04-17 06:00:00
SKU01913,Synchronized analyzing benchmark,Grocery,WH-MUM,1233,90,14485.06,2025-04-15 19:18:17,2025-04-17 06:00:00
SKU01914,Re-contextualized optimal software,Electronics,WH-MUM,1379,30,1411.33,2025-04-01 16:11:47,2025-04-17 06:00:00
SKU01915,Horizontal composite groupware,Clothing,WH-CHE,,56,5814.06,2025-04-05 09:04:45,2025-04-17 06:00:00
SKU01916,Function-based regional methodology,Electronics,WH-MUM,313,84,138.26,2025-04-03 09:54:29,2025-04-17 06:00:00
SKU01917,Focused encompassing utilization,Beauty,WH-MUM,149,41,2320.94,2025-04-10 14:05:28,2025-04-17 06:00:00
SKU01918,Automated transitional functionalities,Books,WH-DEL,596,85,10199.39,2025-04-14 10:19:41,2025-04-17 06:00:00
SKU01919,Mandatory radical workforce,Home & Kitchen,WH-DEL,993,33,1239.26,2025-04-06 22:22:37,2025-04-17 06:00:00
SKU01920,Re-contextualized full-range software,Clothing,WH-HYD,1874,71,8261.5,2025-04-05 13:06:31,2025-04-17 06:00:00
SKU01921,Public-key zero tolerance customer loyalty,Electronics,WH-CHE,374,54,12514.47,2025-04-15 16:05:08,2025-04-17 06:00:00
SKU01922,Upgradable fault-tolerant capability,Electronics,WH-MUM,1942,22,13468.61,2025-04-12 01:55:48,2025-04-17 06:00:00
SKU01923,Mandatory multi-tasking focus group,Grocery,WH-CHE,816,99,9552.28,2025-04-01 08:00:17,2025-04-17 06:00:00
SKU01924,Devolved bandwidth-monitored application,Electronics,WH-DEL,1413,93,10502.39,2025-04-15 02:56:34,2025-04-17 06:00:00
SKU01925,Adaptive non-volatile approach,Clothing,WH-BLR,770,37,14270.7,2025-04-05 05:27:28,2025-04-17 06:00:00
SKU01926,Re-engineered tangible ability,Sports,WH-MUM,1084,42,12756.54,2025-04-06 07:24:45,2025-04-17 06:00:00
SKU01927,Mandatory zero administration groupware,Grocery,WH-DEL,1870,50,1750.3,2025-04-07 21:50:13,2025-04-17 06:00:00
SKU01928,Innovative value-added encoding,Grocery,WH-DEL,1267,24,4601.45,2025-04-12 06:59:46,2025-04-17 06:00:00
SKU01929,Programmable zero-defect Local Area Network,Electronics,WH-CHE,1413,67,13473.74,2025-04-01 06:17:18,2025-04-17 06:00:00
SKU01930,Customer-focused logistical groupware,Home & Kitchen,WH-MUM,1091,14,7265.36,2025-04-07 04:15:57,2025-04-17 06:00:00
SKU01931,Customer-focused system-worthy groupware,Electronics,WH-CHE,486,11,746.48,2025-04-14 05:40:10,2025-04-17 06:00:00
SKU01932,Versatile bi-directional architecture,Books,WH-CHE,1461,92,4281.33,2025-04-03 18:25:42,2025-04-17 06:00:00
SKU01933,De-engineered stable workforce,Home & Kitchen,WH-DEL,343,58,12568.76,2025-04-01 07:21:03,2025-04-17 06:00:00
SKU01934,Down-sized scalable Graphic Interface,Electronics,WH-MUM,1229,32,5651.14,2025-04-07 10:32:51,2025-04-17 06:00:00
SKU01935,Cross-platform web-enabled contingency,Clothing,WH-BLR,284,33,8218.45,2025-04-11 22:38:59,2025-04-17 06:00:00
SKU01936,Organized explicit contingency,Toys,WH-DEL,302,30,2444.65,2025-04-03 03:24:50,2025-04-17 06:00:00
SKU01937,Sharable needs-based access,Books,WH-HYD,894,82,1719.96,2025-04-09 09:44:50,2025-04-17 06:00:00
SKU01938,Synergistic background implementation,Sports,WH-MUM,1954,31,2526.08,2025-04-10 09:01:27,2025-04-17 06:00:00
SKU01939,Team-oriented regional contingency,Grocery,WH-DEL,207,61,10210.52,2025-04-11 19:46:31,2025-04-17 06:00:00
SKU01940,Vision-oriented 24hour ability,Clothing,WH-HYD,886,78,1738.45,2025-04-10 23:40:40,2025-04-17 06:00:00
SKU01941,Total mission-critical help-desk,Home & Kitchen,WH-MUM,14,50,14298.62,2025-04-03 07:50:13,2025-04-17 06:00:00
SKU01942,Triple-buffered heuristic array,Beauty,WH-BLR,813,31,2872.59,2025-04-11 11:50:20,2025-04-17 06:00:00
SKU01943,Optimized intermediate groupware,Grocery,WH-MUM,32,31,3546.24,2025-04-01 23:45:55,2025-04-17 06:00:00
SKU01944,Team-oriented demand-driven customer loyalty,Sports,WH-BLR,1404,36,1300.86,2025-04-16 13:14:39,2025-04-17 06:00:00
SKU01945,Quality-focused static project,Electronics,WH-DEL,1379,56,4279.55,2025-04-05 18:59:09,2025-04-17 06:00:00
SKU01946,Reduced dedicated toolset,Clothing,WH-DEL,575,17,9144.6,2025-04-09 07:38:50,2025-04-17 06:00:00
SKU01947,Virtual fault-tolerant extranet,Electronics,WH-BLR,1628,10,6738.01,2025-04-13 19:21:34,2025-04-17 06:00:00
SKU01948,Ameliorated system-worthy challenge,Sports,WH-CHE,,47,7551.92,2025-04-11 00:30:31,2025-04-17 06:00:00
SKU01949,Switchable human-resource challenge,Grocery,WH-HYD,476,74,6726.39,2025-04-07 01:55:43,2025-04-17 06:00:00
SKU01950,Reverse-engineered grid-enabled matrices,Toys,WH-DEL,1007,10,6808.66,2025-04-14 13:43:05,2025-04-17 06:00:00
SKU01951,Innovative didactic methodology,Books,WH-HYD,1332,60,14943.02,2025-04-07 14:48:07,2025-04-17 06:00:00
SKU01952,Horizontal hybrid info-mediaries,Sports,WH-CHE,695,39,12470.13,2025-04-08 19:32:17,2025-04-17 06:00:00
SKU01953,Reduced logistical Graphic Interface,Beauty,WH-DEL,15,73,10782.4,2025-04-04 23:11:57,2025-04-17 06:00:00
SKU01954,Customizable 4thgeneration model,Grocery,WH-CHE,1313,66,2546.62,2025-04-06 21:11:36,2025-04-17 06:00:00
SKU01955,Multi-channeled systemic workforce,Home & Kitchen,WH-DEL,1156,25,8250.04,2025-04-14 06:44:03,2025-04-17 06:00:00
SKU01956,Self-enabling fault-tolerant framework,Books,WH-DEL,739,21,2000.02,2025-04-04 19:50:16,2025-04-17 06:00:00
SKU01957,Multi-channeled holistic matrix,Clothing,WH-DEL,523,64,12404.93,2025-04-05 17:51:21,2025-04-17 06:00:00
SKU01958,Face-to-face encompassing paradigm,Toys,WH-CHE,149,86,8035.74,2025-04-01 23:02:01,2025-04-17 06:00:00
SKU01959,Innovative upward-trending infrastructure,Beauty,WH-DEL,620,61,490.58,2025-04-08 15:22:59,2025-04-17 06:00:00
SKU01960,Fully-configurable scalable hub,Clothing,WH-BLR,960,70,1038.84,2025-04-02 21:13:42,2025-04-17 06:00:00
SKU01961,Cloned maximized paradigm,Clothing,WH-HYD,1368,44,6940.28,2025-04-14 03:01:15,2025-04-17 06:00:00
SKU01962,Operative discrete array,Beauty,WH-HYD,1756,82,14090.45,2025-04-11 13:46:22,2025-04-17 06:00:00
SKU01963,Intuitive 3rdgeneration encoding,Toys,WH-DEL,1291,30,14284.32,2025-04-07 04:19:29,2025-04-17 06:00:00
SKU01964,Extended zero tolerance parallelism,Electronics,WH-CHE,1352,13,6745.07,2025-04-08 11:22:04,2025-04-17 06:00:00
SKU01965,User-centric background moderator,Sports,WH-MUM,164,79,8168.22,2025-04-16 23:06:19,2025-04-17 06:00:00
SKU01966,Multi-channeled reciprocal ability,Clothing,WH-DEL,1871,22,8684.36,2025-04-07 15:50:05,2025-04-17 06:00:00
SKU01967,Devolved tertiary protocol,Beauty,WH-HYD,1023,69,10495.58,2025-04-11 15:43:23,2025-04-17 06:00:00
SKU01968,Object-based methodical Graphic Interface,Toys,WH-BLR,1196,26,13536.68,2025-04-07 12:06:22,2025-04-17 06:00:00
SKU01969,Monitored cohesive process improvement,Toys,WH-HYD,197,14,11080.01,2025-04-14 19:01:34,2025-04-17 06:00:00
SKU01970,Fundamental bottom-line artificial intelligence,Home & Kitchen,WH-HYD,921,49,11862.71,2025-04-09 00:52:59,2025-04-17 06:00:00
SKU01971,Down-sized zero administration website,Clothing,WH-HYD,989,15,13983.19,2025-04-04 03:06:39,2025-04-17 06:00:00
SKU01972,Phased logistical migration,Home & Kitchen,WH-DEL,1136,42,9998.94,2025-04-09 11:53:37,2025-04-17 06:00:00
SKU01973,Up-sized asynchronous workforce,Books,WH-MUM,1033,66,4614.74,2025-04-12 04:13:51,2025-04-17 06:00:00
SKU01974,Optimized non-volatile archive,Home & Kitchen,WH-MUM,388,17,4872.8,2025-04-15 23:35:06,2025-04-17 06:00:00
SKU01975,Versatile uniform intranet,Beauty,WH-MUM,1319,78,9559.86,2025-04-07 11:59:20,2025-04-17 06:00:00
SKU01976,Pre-emptive systematic budgetary management,Grocery,WH-CHE,738,73,11768.41,2025-04-05 05:44:31,2025-04-17 06:00:00
SKU01977,Innovative local approach,Grocery,WH-CHE,1268,34,14361.89,2025-04-06 05:13:24,2025-04-17 06:00:00
SKU01978,Open-architected executive encoding,Beauty,WH-DEL,1826,30,10523.78,2025-04-07 04:30:39,2025-04-17 06:00:00
SKU01979,Team-oriented executive application,Electronics,WH-MUM,1254,83,13419.48,2025-04-13 05:02:08,2025-04-17 06:00:00
SKU01980,Compatible composite application,Toys,WH-CHE,400,77,10006.37,2025-04-08 11:37:04,2025-04-17 06:00:00
SKU01981,Fully-configurable regional flexibility,Toys,WH-BLR,,27,4328.42,2025-04-12 01:00:20,2025-04-17 06:00:00
SKU01982,Distributed 3rdgeneration capability,Books,WH-BLR,476,60,8803.77,2025-04-09 10:01:39,2025-04-17 06:00:00
SKU01983,Open-architected real-time capability,Home & Kitchen,WH-DEL,1234,80,10666.19,2025-04-14 10:03:45,2025-04-17 06:00:00
SKU01984,Multi-tiered dedicated array,Toys,WH-MUM,829,29,9939.63,2025-04-12 11:43:46,2025-04-17 06:00:00
SKU01985,Team-oriented object-oriented matrix,Books,WH-MUM,1774,40,5035.68,2025-04-08 13:36:01,2025-04-17 06:00:00
SKU01986,Down-sized scalable approach,Electronics,WH-MUM,1291,17,14089.2,2025-04-03 12:47:39,2025-04-17 06:00:00
SKU01987,Networked clear-thinking challenge,Toys,WH-BLR,503,17,6390.7,2025-04-03 19:58:38,2025-04-17 06:00:00
SKU01988,Organized holistic methodology,Sports,WH-DEL,272,57,10382.79,2025-04-10 16:03:36,2025-04-17 06:00:00
SKU01989,Visionary responsive support,Books,WH-BLR,1411,32,3868.62,2025-04-11 02:06:21,2025-04-17 06:00:00
SKU01990,Extended logistical project,Books,WH-CHE,1637,81,6047.22,2025-04-11 04:25:44,2025-04-17 06:00:00
SKU01991,Proactive motivating application,Home & Kitchen,WH-BLR,399,68,13309.07,2025-04-01 18:43:52,2025-04-17 06:00:00
SKU01992,Down-sized responsive orchestration,Sports,WH-BLR,745,25,4175.27,2025-04-16 20:03:12,2025-04-17 06:00:00
SKU01993,Polarized object-oriented function,Sports,WH-BLR,1784,28,3090.62,2025-04-03 00:57:51,2025-04-17 06:00:00
SKU01994,Quality-focused cohesive structure,Clothing,WH-BLR,695,83,1623.53,2025-04-07 10:21:36,2025-04-17 06:00:00
SKU01995,Persevering tangible definition,Sports,WH-HYD,680,92,14874.82,2025-04-08 00:14:57,2025-04-17 06:00:00
SKU01996,Total discrete archive,Home & Kitchen,WH-CHE,165,78,11491.37,2025-04-08 06:20:41,2025-04-17 06:00:00
SKU01997,Advanced attitude-oriented synergy,Home & Kitchen,WH-BLR,1573,58,12851.59,2025-04-06 18:26:00,2025-04-17 06:00:00
SKU01998,Multi-layered solution-oriented project,Clothing,WH-MUM,152,89,13493.51,2025-04-03 16:48:14,2025-04-17 06:00:00
SKU01999,Programmable didactic customer loyalty,Clothing,WH-BLR,835,72,14681.6,2025-04-16 13:48:23,2025-04-17 06:00:00
SKU02000,Vision-oriented static productivity,Home & Kitchen,WH-HYD,1352,46,13536.03,2025-04-05 07:42:43,2025-04-17 06:00:00
SKU02001,Seamless uniform workforce,Grocery,WH-MUM,903,51,2644.27,2025-04-06 04:54:05,2025-04-17 06:00:00
SKU02002,Cloned 24/7 core,Grocery,WH-CHE,1321,25,5651.12,2025-04-09 17:47:34,2025-04-17 06:00:00
SKU02003,Fundamental actuating alliance,Books,WH-HYD,125,50,12818.3,2025-04-03 21:27:22,2025-04-17 06:00:00
SKU02004,Inverse global Internet solution,Sports,WH-DEL,1933,77,5560.33,2025-04-06 08:17:59,2025-04-17 06:00:00
SKU02005,Assimilated mission-critical secured line,Sports,WH-MUM,1164,97,7227.6,2025-04-06 16:40:09,2025-04-17 06:00:00
SKU02006,Vision-oriented fresh-thinking Local Area Network,Electronics,WH-CHE,953,31,5127.08,2025-04-07 07:30:17,2025-04-17 06:00:00
SKU02007,Re-engineered background pricing structure,Beauty,WH-DEL,156,74,11115.25,2025-04-03 05:28:17,2025-04-17 06:00:00
SKU02008,Upgradable well-modulated support,Home & Kitchen,WH-MUM,614,71,3802.36,2025-04-13 23:42:08,2025-04-17 06:00:00
SKU02009,Synergized radical open system,Toys,WH-MUM,631,16,14099.56,2025-04-16 10:18:57,2025-04-17 06:00:00
SKU02010,Streamlined directional archive,Clothing,WH-HYD,1294,11,13817.7,2025-04-11 08:01:52,2025-04-17 06:00:00
SKU02011,Cross-platform encompassing algorithm,Toys,WH-HYD,1209,24,11058.9,2025-04-01 15:25:42,2025-04-17 06:00:00
SKU02012,Synergized demand-driven installation,Toys,WH-HYD,1218,41,12144.59,2025-04-11 19:44:25,2025-04-17 06:00:00
SKU02013,Automated actuating focus group,Sports,WH-MUM,1804,18,9126.68,2025-04-13 14:15:54,2025-04-17 06:00:00
SKU02014,Multi-tiered dynamic collaboration,Grocery,WH-DEL,,59,8985.93,2025-04-09 04:59:44,2025-04-17 06:00:00
SKU02015,Assimilated multi-state capability,Electronics,WH-BLR,1739,66,6399.87,2025-04-03 00:39:23,2025-04-17 06:00:00
SKU02016,Organized multi-tasking circuit,Beauty,WH-DEL,209,31,8740.56,2025-04-08 17:29:37,2025-04-17 06:00:00
SKU02017,Managed 3rdgeneration Graphical User Interface,Electronics,WH-DEL,391,63,2124.96,2025-04-02 01:41:24,2025-04-17 06:00:00
SKU02018,Progressive coherent artificial intelligence,Electronics,WH-DEL,1559,33,13651.12,2025-04-12 15:58:06,2025-04-17 06:00:00
SKU02019,Phased secondary application,Home & Kitchen,WH-CHE,1661,79,8390.93,2025-04-11 02:07:06,2025-04-17 06:00:00
SKU02020,Optional asynchronous time-frame,Books,WH-MUM,231,17,9601.13,2025-04-14 10:50:08,2025-04-17 06:00:00
SKU02021,Inverse holistic interface,Toys,WH-CHE,541,80,13334.03,2025-04-08 04:03:28,2025-04-17 06:00:00
SKU02022,Re-contextualized national benchmark,Home & Kitchen,WH-HYD,1741,89,5610.29,2025-04-10 14:07:16,2025-04-17 06:00:00
SKU02023,Multi-channeled discrete process improvement,Toys,WH-HYD,1667,74,9287.4,2025-04-07 08:11:59,2025-04-17 06:00:00
SKU02024,Ergonomic 4thgeneration project,Home & Kitchen,WH-DEL,126,46,534.68,2025-04-03 01:23:10,2025-04-17 06:00:00
SKU02025,Switchable maximized challenge,Sports,WH-BLR,279,60,12580.31,2025-04-01 08:03:45,2025-04-17 06:00:00
SKU02026,Seamless holistic ability,Grocery,WH-MUM,1000,41,3381.43,2025-04-13 22:38:47,2025-04-17 06:00:00
SKU02027,Down-sized mission-critical knowledge user,Toys,WH-CHE,724,57,1062.56,2025-04-05 02:49:56,2025-04-17 06:00:00
SKU02028,De-engineered full-range Local Area Network,Beauty,WH-CHE,1451,44,11111.02,2025-04-12 02:11:48,2025-04-17 06:00:00
SKU02029,Quality-focused upward-trending Local Area Network,Beauty,WH-HYD,1428,37,9912.49,2025-04-12 21:18:58,2025-04-17 06:00:00
SKU02030,Triple-buffered global Internet solution,Home & Kitchen,WH-BLR,58,50,8915.85,2025-04-13 02:38:15,2025-04-17 06:00:00
SKU02031,Adaptive systematic capacity,Grocery,WH-CHE,1351,92,8642.98,2025-04-13 23:27:05,2025-04-17 06:00:00
SKU02032,Profound systemic support,Books,WH-DEL,889,70,5879.79,2025-04-08 13:41:05,2025-04-17 06:00:00
SKU02033,Multi-layered solution-oriented customer loyalty,Clothing,WH-MUM,1201,87,653.4,2025-04-07 14:47:51,2025-04-17 06:00:00
SKU02034,Pre-emptive intangible instruction set,Clothing,WH-BLR,1580,39,4781.06,2025-04-14 19:55:58,2025-04-17 06:00:00
SKU02035,Reduced multimedia task-force,Electronics,WH-HYD,698,13,14629.85,2025-04-04 05:41:32,2025-04-17 06:00:00
SKU02036,Secured holistic system engine,Beauty,WH-HYD,1295,89,11524.11,2025-04-16 08:35:20,2025-04-17 06:00:00
SKU02037,Reduced background workforce,Toys,WH-CHE,30,63,6411.75,2025-04-06 03:11:43,2025-04-17 06:00:00
SKU02038,Inverse web-enabled secured line,Beauty,WH-HYD,958,12,4643.45,2025-04-12 19:12:51,2025-04-17 06:00:00
SKU02039,Polarized stable productivity,Beauty,WH-MUM,1632,21,12686.64,2025-04-02 09:10:12,2025-04-17 06:00:00
SKU02040,Business-focused disintermediate complexity,Clothing,WH-HYD,265,31,7531.11,2025-04-04 07:40:44,2025-04-17 06:00:00
SKU02041,User-centric leadingedge benchmark,Toys,WH-BLR,1342,23,4696.48,2025-04-13 18:38:54,2025-04-17 06:00:00
SKU02042,Decentralized regional approach,Electronics,WH-BLR,267,54,13152.91,2025-04-15 03:17:19,2025-04-17 06:00:00
SKU02043,Profound contextually-based policy,Sports,WH-CHE,714,91,960.24,2025-04-06 16:23:32,2025-04-17 06:00:00
SKU02044,Synergized encompassing attitude,Beauty,WH-BLR,492,30,6108.93,2025-04-07 17:01:34,2025-04-17 06:00:00
SKU02045,Distributed system-worthy portal,Books,WH-CHE,928,52,7085.91,2025-04-01 22:10:33,2025-04-17 06:00:00
SKU02046,Multi-tiered local hub,Grocery,WH-BLR,854,51,10854.9,2025-04-12 03:14:23,2025-04-17 06:00:00
SKU02047,Configurable incremental ability,Books,WH-BLR,,81,7313.32,2025-04-09 13:24:57,2025-04-17 06:00:00
SKU02048,Adaptive context-sensitive capability,Home & Kitchen,WH-MUM,349,52,4987.36,2025-04-14 08:52:10,2025-04-17 06:00:00
SKU02049,Centralized user-facing capability,Sports,WH-CHE,1624,91,6318.66,2025-04-02 05:55:48,2025-04-17 06:00:00
SKU02050,Right-sized web-enabled flexibility,Clothing,WH-BLR,1649,31,9912.09,2025-04-04 19:55:27,2025-04-17 06:00:00
SKU02051,Inverse explicit monitoring,Grocery,WH-MUM,1299,89,8855.38,2025-04-07 15:28:17,2025-04-17 06:00:00
SKU02052,Compatible foreground database,Toys,WH-MUM,331,89,4949.94,2025-04-10 15:30:26,2025-04-17 06:00:00
SKU02053,Switchable leadingedge project,Grocery,WH-CHE,1788,82,3859.19,2025-04-15 23:10:21,2025-04-17 06:00:00
SKU02054,Configurable reciprocal core,Electronics,WH-MUM,1679,95,2176.03,2025-04-13 13:10:42,2025-04-17 06:00:00
SKU02055,Cloned analyzing analyzer,Beauty,WH-DEL,896,17,4074.61,2025-04-14 14:22:52,2025-04-17 06:00:00
SKU02056,Enhanced user-facing orchestration,Sports,WH-CHE,701,20,11406.14,2025-04-04 03:05:28,2025-04-17 06:00:00
SKU02057,Multi-channeled 24/7 project,Sports,WH-BLR,1155,70,2195.36,2025-04-08 18:30:31,2025-04-17 06:00:00
SKU02058,Extended explicit flexibility,Books,WH-BLR,1112,18,12565.49,2025-04-05 21:30:29,2025-04-17 06:00:00
SKU02059,Distributed stable hierarchy,Grocery,WH-BLR,507,30,5657.99,2025-04-15 22:16:45,2025-04-17 06:00:00
SKU02060,Operative systemic instruction set,Sports,WH-MUM,639,65,6287.6,2025-04-05 01:37:18,2025-04-17 06:00:00
SKU02061,Innovative discrete moratorium,Electronics,WH-BLR,1046,28,4103.24,2025-04-01 13:03:42,2025-04-17 06:00:00
SKU02062,Automated exuding superstructure,Toys,WH-BLR,418,62,11869.52,2025-04-02 20:24:25,2025-04-17 06:00:00
SKU02063,Fundamental contextually-based process improvement,Clothing,WH-CHE,1020,73,7931.79,2025-04-05 14:00:58,2025-04-17 06:00:00
SKU02064,Horizontal interactive flexibility,Grocery,WH-HYD,367,54,2201.65,2025-04-15 15:24:29,2025-04-17 06:00:00
SKU02065,Reduced bifurcated circuit,Books,WH-CHE,1416,15,9902.22,2025-04-07 23:06:19,2025-04-17 06:00:00
SKU02066,Automated grid-enabled instruction set,Clothing,WH-DEL,1255,71,10692.88,2025-04-03 01:31:58,2025-04-17 06:00:00
SKU02067,Sharable methodical approach,Toys,WH-MUM,502,96,771.63,2025-04-06 14:48:15,2025-04-17 06:00:00
SKU02068,Horizontal disintermediate Internet solution,Electronics,WH-BLR,765,46,7593.82,2025-04-03 02:35:10,2025-04-17 06:00:00
SKU02069,Optimized empowering protocol,Sports,WH-HYD,1336,16,3784.53,2025-04-05 09:17:07,2025-04-17 06:00:00
SKU02070,Decentralized fault-tolerant interface,Electronics,WH-MUM,1880,21,9475.39,2025-04-06 09:37:34,2025-04-17 06:00:00
SKU02071,Right-sized discrete secured line,Grocery,WH-DEL,1106,30,13663.38,2025-04-02 14:55:19,2025-04-17 06:00:00
SKU02072,Face-to-face motivating approach,Electronics,WH-HYD,1904,72,8726.26,2025-04-11 00:42:13,2025-04-17 06:00:00
SKU02073,Synergized object-oriented matrix,Grocery,WH-HYD,1603,68,14096.16,2025-04-06 19:54:29,2025-04-17 06:00:00
SKU02074,Cloned needs-based migration,Toys,WH-HYD,1954,58,5163.92,2025-04-08 13:15:32,2025-04-17 06:00:00
SKU02075,Extended zero-defect secured line,Beauty,WH-CHE,677,17,5261.48,2025-04-06 01:11:04,2025-04-17 06:00:00
SKU02076,Vision-oriented explicit Graphic Interface,Sports,WH-DEL,1032,88,13497.74,2025-04-09 00:43:07,2025-04-17 06:00:00
SKU02077,Horizontal even-keeled application,Sports,WH-DEL,1580,23,3070.53,2025-04-02 05:25:52,2025-04-17 06:00:00
SKU02078,Re-contextualized national installation,Home & Kitchen,WH-CHE,418,50,5758.19,2025-04-10 00:23:36,2025-04-17 06:00:00
SKU02079,Horizontal reciprocal toolset,Books,WH-CHE,100,89,3563.84,2025-04-04 06:48:52,2025-04-17 06:00:00
SKU02080,Sharable bifurcated algorithm,Books,WH-DEL,,36,10382.65,2025-04-09 20:45:29,2025-04-17 06:00:00
SKU02081,Front-line optimizing extranet,Clothing,WH-CHE,1341,50,4704.32,2025-04-09 03:56:40,2025-04-17 06:00:00
SKU02082,Configurable motivating success,Electronics,WH-HYD,293,42,6994.43,2025-04-01 10:06:54,2025-04-17 06:00:00
SKU02083,Intuitive real-time synergy,Toys,WH-HYD,1629,11,2122.29,2025-04-10 08:34:27,2025-04-17 06:00:00
SKU02084,Expanded high-level standardization,Grocery,WH-BLR,217,90,4257.54,2025-04-03 23:49:30,2025-04-17 06:00:00
SKU02085,Horizontal bandwidth-monitored ability,Sports,WH-HYD,1038,65,4620.36,2025-04-04 19:34:04,2025-04-17 06:00:00
SKU02086,Centralized upward-trending interface,Clothing,WH-HYD,1852,46,13991.55,2025-04-14 15:40:20,2025-04-17 06:00:00
SKU02087,Reduced multi-tasking toolset,Books,WH-MUM,522,68,11034.67,2025-04-15 01:13:58,2025-04-17 06:00:00
SKU02088,Inverse scalable migration,Grocery,WH-CHE,356,46,3776.26,2025-04-02 07:16:15,2025-04-17 06:00:00
SKU02089,Exclusive mission-critical portal,Toys,WH-HYD,1689,31,8523.44,2025-04-09 08:54:18,2025-04-17 06:00:00
SKU02090,Persistent coherent orchestration,Home & Kitchen,WH-MUM,322,56,10017.11,2025-04-13 07:29:34,2025-04-17 06:00:00
SKU02091,Business-focused tangible initiative,Books,WH-DEL,1573,30,6836.56,2025-04-10 02:00:37,2025-04-17 06:00:00
SKU02092,Innovative demand-driven process improvement,Home & Kitchen,WH-CHE,1086,87,8078.34,2025-04-03 01:18:06,2025-04-17 06:00:00
SKU02093,Down-sized didactic strategy,Sports,WH-DEL,733,59,12460.76,2025-04-09 02:27:37,2025-04-17 06:00:00
SKU02094,Enterprise-wide grid-enabled encoding,Clothing,WH-CHE,1434,45,11249.64,2025-04-08 14:39:58,2025-04-17 06:00:00
SKU02095,Managed interactive website,Toys,WH-BLR,600,65,9869.33,2025-04-07 02:27:48,2025-04-17 06:00:00
SKU02096,Profit-focused high-level data-warehouse,Beauty,WH-CHE,1688,10,2208.48,2025-04-01 17:34:35,2025-04-17 06:00:00
SKU02097,Inverse background emulation,Sports,WH-MUM,758,48,1134.63,2025-04-04 18:59:58,2025-04-17 06:00:00
SKU02098,Object-based bandwidth-monitored intranet,Toys,WH-BLR,748,42,7457.95,2025-04-12 23:36:25,2025-04-17 06:00:00
SKU02099,Reactive analyzing time-frame,Electronics,WH-CHE,1028,70,11822.57,2025-04-12 20:19:12,2025-04-17 06:00:00
SKU02100,Ergonomic hybrid support,Beauty,WH-BLR,255,58,11479.25,2025-04-11 22:58:30,2025-04-17 06:00:00
SKU02101,Universal disintermediate architecture,Electronics,WH-MUM,1261,64,11241.72,2025-04-12 21:29:58,2025-04-17 06:00:00
SKU02102,Upgradable 24hour knowledge user,Home & Kitchen,WH-BLR,1951,15,11393.62,2025-04-04 02:40:02,2025-04-17 06:00:00
SKU02103,Profound zero-defect software,Electronics,WH-BLR,1415,95,906.57,2025-04-02 20:41:28,2025-04-17 06:00:00
SKU02104,Decentralized full-range access,Grocery,WH-DEL,1456,91,7279.19,2025-04-13 00:31:32,2025-04-17 06:00:00
SKU02105,Function-based hybrid benchmark,Books,WH-HYD,1742,15,4084.25,2025-04-07 00:34:52,2025-04-17 06:00:00
SKU02106,Synergistic grid-enabled encryption,Clothing,WH-BLR,453,11,6233.4,2025-04-12 19:53:19,2025-04-17 06:00:00
SKU02107,Reverse-engineered maximized initiative,Home & Kitchen,WH-DEL,1527,59,12038.28,2025-04-07 12:14:04,2025-04-17 06:00:00
SKU02108,Persistent demand-driven model,Beauty,WH-MUM,1726,72,7247.4,2025-04-09 09:09:29,2025-04-17 06:00:00
SKU02109,Fundamental uniform structure,Sports,WH-CHE,1469,95,9731.58,2025-04-05 21:13:06,2025-04-17 06:00:00
SKU02110,Reactive demand-driven projection,Home & Kitchen,WH-HYD,1545,72,11416.2,2025-04-13 04:30:28,2025-04-17 06:00:00
SKU02111,Future-proofed didactic help-desk,Beauty,WH-BLR,1964,97,13810.37,2025-04-02 06:25:32,2025-04-17 06:00:00
SKU02112,Quality-focused logistical emulation,Toys,WH-CHE,801,75,13613.68,2025-04-02 16:54:56,2025-04-17 06:00:00
SKU02113,Cross-platform methodical parallelism,Beauty,WH-DEL,,98,5410.68,2025-04-08 21:23:06,2025-04-17 06:00:00
SKU02114,Versatile encompassing Local Area Network,Beauty,WH-HYD,1387,20,12545.97,2025-04-11 05:27:52,2025-04-17 06:00:00
SKU02115,Extended foreground process improvement,Toys,WH-BLR,1192,15,8417.19,2025-04-14 17:31:42,2025-04-17 06:00:00
SKU02116,Front-line demand-driven emulation,Books,WH-MUM,1528,59,6337.64,2025-04-07 02:09:02,2025-04-17 06:00:00
SKU02117,Total responsive superstructure,Toys,WH-CHE,699,57,9606.44,2025-04-08 14:40:32,2025-04-17 06:00:00
SKU02118,Stand-alone logistical info-mediaries,Clothing,WH-DEL,238,38,10449.26,2025-04-06 00:36:55,2025-04-17 06:00:00
SKU02119,Triple-buffered tangible forecast,Beauty,WH-MUM,384,26,6259.13,2025-04-07 07:55:35,2025-04-17 06:00:00
SKU02120,Secured zero tolerance knowledge user,Beauty,WH-MUM,1046,57,13970.04,2025-04-10 14:03:40,2025-04-17 06:00:00
SKU02121,Implemented multimedia circuit,Toys,WH-DEL,263,28,1057.27,2025-04-16 13:32:55,2025-04-17 06:00:00
SKU02122,Programmable reciprocal analyzer,Toys,WH-BLR,923,81,13557.93,2025-04-10 09:55:44,2025-04-17 06:00:00
SKU02123,Up-sized demand-driven project,Grocery,WH-HYD,1076,83,8324.02,2025-04-13 07:37:17,2025-04-17 06:00:00
SKU02124,Down-sized solution-oriented Graphical User Interf,Toys,WH-CHE,174,64,11105.91,2025-04-06 10:45:41,2025-04-17 06:00:00
SKU02125,Stand-alone leadingedge implementation,Electronics,WH-DEL,1013,43,5245.19,2025-04-05 23:20:34,2025-04-17 06:00:00
SKU02126,Public-key user-facing Local Area Network,Toys,WH-MUM,1701,33,8582.02,2025-04-09 10:27:33,2025-04-17 06:00:00
SKU02127,Progressive mission-critical instruction set,Clothing,WH-MUM,272,10,6358.25,2025-04-03 22:11:49,2025-04-17 06:00:00
SKU02128,User-friendly non-volatile leverage,Home & Kitchen,WH-CHE,830,11,7266.02,2025-04-03 16:25:37,2025-04-17 06:00:00
SKU02129,Upgradable heuristic access,Grocery,WH-DEL,1992,87,5887.27,2025-04-03 04:42:23,2025-04-17 06:00:00
SKU02130,Front-line 24/7 orchestration,Toys,WH-DEL,1397,77,3693.57,2025-04-09 19:21:30,2025-04-17 06:00:00
SKU02131,Enhanced responsive circuit,Beauty,WH-DEL,795,63,3432.02,2025-04-04 15:19:35,2025-04-17 06:00:00
SKU02132,Horizontal well-modulated system engine,Home & Kitchen,WH-MUM,846,54,2930.09,2025-04-11 03:01:27,2025-04-17 06:00:00
SKU02133,Robust didactic parallelism,Grocery,WH-BLR,1509,72,3130.97,2025-04-12 00:55:29,2025-04-17 06:00:00
SKU02134,Versatile bifurcated system engine,Beauty,WH-BLR,1497,31,5904.31,2025-04-15 18:10:38,2025-04-17 06:00:00
SKU02135,Multi-lateral motivating support,Sports,WH-BLR,3,11,12015.8,2025-04-01 20:35:02,2025-04-17 06:00:00
SKU02136,Multi-channeled 5thgeneration moratorium,Books,WH-HYD,326,36,12834.42,2025-04-01 10:45:26,2025-04-17 06:00:00
SKU02137,Fully-configurable even-keeled standardization,Books,WH-CHE,631,32,11298.34,2025-04-11 18:56:01,2025-04-17 06:00:00
SKU02138,Team-oriented intermediate circuit,Sports,WH-MUM,780,51,12979.86,2025-04-04 02:10:19,2025-04-17 06:00:00
SKU02139,Distributed system-worthy analyzer,Books,WH-HYD,1718,20,11816.35,2025-04-03 19:32:15,2025-04-17 06:00:00
SKU02140,Total exuding artificial intelligence,Home & Kitchen,WH-CHE,497,10,242.36,2025-04-11 10:03:59,2025-04-17 06:00:00
SKU02141,Persistent well-modulated parallelism,Beauty,WH-MUM,845,94,7608.36,2025-04-02 15:05:34,2025-04-17 06:00:00
SKU02142,Re-engineered solution-oriented matrices,Beauty,WH-DEL,1330,100,3038.07,2025-04-03 11:59:13,2025-04-17 06:00:00
SKU02143,Fundamental encompassing workforce,Clothing,WH-CHE,335,20,9855.13,2025-04-12 07:49:59,2025-04-17 06:00:00
SKU02144,Reactive context-sensitive policy,Grocery,WH-MUM,61,91,11937.77,2025-04-10 11:57:10,2025-04-17 06:00:00
SKU02145,Monitored bandwidth-monitored Graphic Interface,Toys,WH-HYD,468,93,5804.82,2025-04-15 23:14:24,2025-04-17 06:00:00
SKU02146,Multi-channeled analyzing core,Sports,WH-DEL,,93,7228.41,2025-04-06 23:27:31,2025-04-17 06:00:00
SKU02147,Reverse-engineered mission-critical system engine,Home & Kitchen,WH-BLR,1738,84,6241.48,2025-04-13 12:15:17,2025-04-17 06:00:00
SKU02148,User-centric modular pricing structure,Sports,WH-MUM,394,97,5077.5,2025-04-12 22:13:25,2025-04-17 06:00:00
SKU02149,Sharable context-sensitive support,Electronics,WH-CHE,1367,45,10771.02,2025-04-01 17:58:51,2025-04-17 06:00:00
SKU02150,Multi-tiered object-oriented installation,Books,WH-BLR,447,91,7383.99,2025-04-05 19:18:20,2025-04-17 06:00:00
SKU02151,Sharable national array,Clothing,WH-BLR,318,53,9919.25,2025-04-04 01:29:03,2025-04-17 06:00:00
SKU02152,Cloned uniform alliance,Grocery,WH-HYD,675,67,14295.17,2025-04-03 09:10:22,2025-04-17 06:00:00
SKU02153,Down-sized 5thgeneration time-frame,Beauty,WH-MUM,1651,16,759.17,2025-04-09 23:02:51,2025-04-17 06:00:00
SKU02154,Customer-focused intermediate ability,Toys,WH-DEL,1137,68,7544.81,2025-04-02 15:03:52,2025-04-17 06:00:00
SKU02155,Public-key object-oriented adapter,Home & Kitchen,WH-HYD,1582,52,10530.08,2025-04-04 16:24:29,2025-04-17 06:00:00
SKU02156,Expanded bi-directional emulation,Sports,WH-BLR,1275,79,12745.77,2025-04-15 15:38:29,2025-04-17 06:00:00
SKU02157,Object-based mobile alliance,Clothing,WH-CHE,327,74,7532.44,2025-04-06 18:37:15,2025-04-17 06:00:00
SKU02158,Devolved intermediate secured line,Home & Kitchen,WH-DEL,1857,51,13644.38,2025-04-03 22:22:24,2025-04-17 06:00:00
SKU02159,Streamlined high-level archive,Sports,WH-HYD,904,62,8827.16,2025-04-07 12:15:54,2025-04-17 06:00:00
SKU02160,Organized zero-defect architecture,Clothing,WH-DEL,1486,62,3729.07,2025-04-09 13:04:59,2025-04-17 06:00:00
SKU02161,Open-architected web-enabled approach,Grocery,WH-MUM,709,75,6238.27,2025-04-05 01:00:25,2025-04-17 06:00:00
SKU02162,Diverse actuating access,Home & Kitchen,WH-HYD,1648,23,10561.92,2025-04-14 18:35:27,2025-04-17 06:00:00
SKU02163,Organic mission-critical hierarchy,Beauty,WH-CHE,1450,95,9865.41,2025-04-01 13:48:18,2025-04-17 06:00:00
SKU02164,Decentralized motivating flexibility,Home & Kitchen,WH-BLR,1150,84,8462.71,2025-04-08 04:43:31,2025-04-17 06:00:00
SKU02165,Sharable impactful hierarchy,Books,WH-BLR,1525,50,10080.0,2025-04-12 02:48:54,2025-04-17 06:00:00
SKU02166,Upgradable dedicated toolset,Grocery,WH-HYD,838,19,12513.15,2025-04-06 18:28:40,2025-04-17 06:00:00
SKU02167,Enterprise-wide content-based info-mediaries,Toys,WH-DEL,696,14,5181.76,2025-04-15 03:24:03,2025-04-17 06:00:00
SKU02168,Synergistic 5thgeneration encryption,Clothing,WH-BLR,1217,61,10476.72,2025-04-11 18:24:56,2025-04-17 06:00:00
SKU02169,Down-sized systematic implementation,Books,WH-CHE,426,99,2167.62,2025-04-16 19:20:08,2025-04-17 06:00:00
SKU02170,Digitized reciprocal leverage,Beauty,WH-CHE,1549,34,14391.14,2025-04-10 07:28:36,2025-04-17 06:00:00
SKU02171,Sharable neutral hardware,Electronics,WH-BLR,1186,21,13859.05,2025-04-04 17:50:52,2025-04-17 06:00:00
SKU02172,Pre-emptive multimedia success,Grocery,WH-DEL,784,81,508.83,2025-04-08 22:35:44,2025-04-17 06:00:00
SKU02173,Expanded real-time challenge,Books,WH-CHE,1444,73,6175.95,2025-04-13 23:36:23,2025-04-17 06:00:00
SKU02174,Assimilated dedicated framework,Electronics,WH-MUM,897,10,14928.93,2025-04-04 09:28:16,2025-04-17 06:00:00
SKU02175,Extended heuristic neural-net,Electronics,WH-MUM,1849,91,13540.6,2025-04-06 05:03:03,2025-04-17 06:00:00
SKU02176,Decentralized scalable capability,Clothing,WH-DEL,323,83,14155.37,2025-04-15 23:53:51,2025-04-17 06:00:00
SKU02177,Function-based cohesive extranet,Toys,WH-HYD,976,38,5970.47,2025-04-11 17:59:37,2025-04-17 06:00:00
SKU02178,Sharable multimedia groupware,Home & Kitchen,WH-HYD,408,38,14166.66,2025-04-08 03:59:19,2025-04-17 06:00:00
SKU02179,Networked bandwidth-monitored workforce,Sports,WH-HYD,,56,7574.14,2025-04-11 04:58:29,2025-04-17 06:00:00
SKU02180,Monitored systematic success,Grocery,WH-DEL,1311,84,64.37,2025-04-16 06:22:34,2025-04-17 06:00:00
SKU02181,Stand-alone zero tolerance data-warehouse,Electronics,WH-BLR,1350,72,5245.23,2025-04-07 23:11:27,2025-04-17 06:00:00
SKU02182,Configurable foreground Local Area Network,Books,WH-HYD,1001,14,8854.85,2025-04-08 17:02:33,2025-04-17 06:00:00
SKU02183,Team-oriented well-modulated moderator,Sports,WH-MUM,922,86,5896.85,2025-04-06 22:08:01,2025-04-17 06:00:00
SKU02184,Profound incremental migration,Clothing,WH-CHE,1486,10,5917.43,2025-04-15 07:54:00,2025-04-17 06:00:00
SKU02185,Integrated object-oriented archive,Beauty,WH-CHE,871,93,4094.66,2025-04-13 22:18:30,2025-04-17 06:00:00
SKU02186,Ergonomic didactic application,Grocery,WH-DEL,493,55,11206.64,2025-04-13 13:27:22,2025-04-17 06:00:00
SKU02187,Multi-tiered tertiary emulation,Toys,WH-MUM,119,52,8030.31,2025-04-06 03:42:00,2025-04-17 06:00:00
SKU02188,Horizontal demand-driven moratorium,Clothing,WH-MUM,1207,64,2092.15,2025-04-11 04:25:08,2025-04-17 06:00:00
SKU02189,Stand-alone logistical flexibility,Home & Kitchen,WH-CHE,1014,16,4777.74,2025-04-01 19:01:44,2025-04-17 06:00:00
SKU02190,Virtual homogeneous array,Beauty,WH-DEL,626,21,7759.42,2025-04-08 03:11:53,2025-04-17 06:00:00
SKU02191,Digitized secondary data-warehouse,Toys,WH-CHE,646,69,1876.15,2025-04-01 07:34:14,2025-04-17 06:00:00
SKU02192,Organic full-range frame,Electronics,WH-CHE,1876,95,432.35,2025-04-02 08:23:12,2025-04-17 06:00:00
SKU02193,Distributed needs-based alliance,Electronics,WH-CHE,1063,50,6788.63,2025-04-07 06:04:55,2025-04-17 06:00:00
SKU02194,Upgradable exuding array,Toys,WH-MUM,1552,90,6643.37,2025-04-08 12:01:23,2025-04-17 06:00:00
SKU02195,Open-architected optimizing hub,Grocery,WH-HYD,1729,83,4281.71,2025-04-06 15:08:11,2025-04-17 06:00:00
SKU02196,Proactive 6thgeneration hardware,Electronics,WH-DEL,565,36,8339.36,2025-04-03 14:30:50,2025-04-17 06:00:00
SKU02197,Mandatory eco-centric hub,Beauty,WH-HYD,774,18,14197.42,2025-04-13 17:03:47,2025-04-17 06:00:00
SKU02198,Managed impactful projection,Books,WH-DEL,411,54,2194.6,2025-04-08 03:08:48,2025-04-17 06:00:00
SKU02199,Object-based leadingedge focus group,Home & Kitchen,WH-BLR,1109,93,13991.09,2025-04-05 06:01:42,2025-04-17 06:00:00
SKU02200,Re-contextualized non-volatile monitoring,Beauty,WH-DEL,212,84,9472.37,2025-04-16 22:16:23,2025-04-17 06:00:00
SKU02201,Optimized content-based software,Electronics,WH-CHE,723,48,2984.97,2025-04-01 08:23:20,2025-04-17 06:00:00
SKU02202,Synergized responsive architecture,Sports,WH-BLR,1182,18,2532.48,2025-04-05 09:41:49,2025-04-17 06:00:00
SKU02203,Face-to-face next generation concept,Beauty,WH-CHE,1272,85,8492.52,2025-04-01 21:10:34,2025-04-17 06:00:00
SKU02204,Mandatory multimedia model,Books,WH-MUM,285,81,11416.97,2025-04-14 03:52:42,2025-04-17 06:00:00
SKU02205,Business-focused mission-critical adapter,Grocery,WH-HYD,958,65,10206.75,2025-04-01 21:07:51,2025-04-17 06:00:00
SKU02206,Devolved directional artificial intelligence,Toys,WH-CHE,1723,83,12479.29,2025-04-08 18:31:08,2025-04-17 06:00:00
SKU02207,Focused scalable artificial intelligence,Clothing,WH-BLR,1599,12,13418.94,2025-04-16 17:17:33,2025-04-17 06:00:00
SKU02208,Balanced systematic core,Books,WH-HYD,1675,80,8484.42,2025-04-06 06:55:01,2025-04-17 06:00:00
SKU02209,Monitored solution-oriented service-desk,Grocery,WH-MUM,1370,12,4337.21,2025-04-13 19:36:35,2025-04-17 06:00:00
SKU02210,Seamless radical implementation,Clothing,WH-MUM,834,30,7682.48,2025-04-14 19:09:37,2025-04-17 06:00:00
SKU02211,Centralized fresh-thinking neural-net,Books,WH-HYD,1787,100,9522.9,2025-04-01 04:57:55,2025-04-17 06:00:00
SKU02212,Multi-tiered discrete product,Home & Kitchen,WH-MUM,,75,5803.19,2025-04-05 01:11:37,2025-04-17 06:00:00
SKU02213,Re-contextualized encompassing portal,Electronics,WH-BLR,713,81,7105.26,2025-04-02 22:30:46,2025-04-17 06:00:00
SKU02214,Synergized composite approach,Beauty,WH-DEL,457,19,1802.44,2025-04-12 09:44:20,2025-04-17 06:00:00
SKU02215,Decentralized impactful throughput,Toys,WH-HYD,896,61,894.38,2025-04-11 23:29:42,2025-04-17 06:00:00
SKU02216,Secured didactic workforce,Grocery,WH-CHE,279,80,1118.57,2025-04-15 17:28:19,2025-04-17 06:00:00
SKU02217,Seamless multi-tasking artificial intelligence,Home & Kitchen,WH-MUM,1791,17,11460.43,2025-04-04 18:55:34,2025-04-17 06:00:00
SKU02218,Persevering even-keeled complexity,Grocery,WH-BLR,896,14,4827.87,2025-04-09 16:16:17,2025-04-17 06:00:00
SKU02219,Managed explicit structure,Home & Kitchen,WH-DEL,1712,36,3611.49,2025-04-11 03:17:46,2025-04-17 06:00:00
SKU02220,Multi-channeled logistical workforce,Electronics,WH-CHE,1001,71,5702.17,2025-04-03 16:31:29,2025-04-17 06:00:00
SKU02221,Diverse multi-state hub,Home & Kitchen,WH-HYD,1222,94,4031.01,2025-04-05 05:55:33,2025-04-17 06:00:00
SKU02222,Secured tertiary hub,Toys,WH-HYD,1537,18,4888.26,2025-04-05 14:18:00,2025-04-17 06:00:00
SKU02223,Vision-oriented contextually-based attitude,Toys,WH-HYD,1723,71,4262.97,2025-04-07 06:44:26,2025-04-17 06:00:00
SKU02224,Optional hybrid definition,Beauty,WH-BLR,1525,50,1466.43,2025-04-06 13:19:55,2025-04-17 06:00:00
SKU02225,Intuitive radical open system,Grocery,WH-BLR,363,66,5378.17,2025-04-08 07:01:25,2025-04-17 06:00:00
SKU02226,Stand-alone local approach,Sports,WH-CHE,1943,78,10184.95,2025-04-04 13:10:38,2025-04-17 06:00:00
SKU02227,Stand-alone dedicated hub,Beauty,WH-CHE,858,83,2135.46,2025-04-02 04:16:16,2025-04-17 06:00:00
SKU02228,Realigned modular moderator,Clothing,WH-DEL,748,23,12254.76,2025-04-03 17:22:16,2025-04-17 06:00:00
SKU02229,Business-focused grid-enabled definition,Beauty,WH-MUM,975,39,11050.41,2025-04-14 04:34:49,2025-04-17 06:00:00
SKU02230,Profit-focused incremental circuit,Beauty,WH-HYD,941,46,1164.79,2025-04-11 04:56:08,2025-04-17 06:00:00
SKU02231,Advanced encompassing flexibility,Grocery,WH-BLR,1329,17,14898.14,2025-04-11 01:00:08,2025-04-17 06:00:00
SKU02232,De-engineered national migration,Electronics,WH-MUM,1115,74,14559.8,2025-04-06 02:03:12,2025-04-17 06:00:00
SKU02233,Future-proofed bandwidth-monitored encryption,Clothing,WH-BLR,457,65,12899.24,2025-04-08 20:31:01,2025-04-17 06:00:00
SKU02234,Self-enabling leadingedge toolset,Electronics,WH-BLR,993,75,2703.29,2025-04-11 09:31:04,2025-04-17 06:00:00
SKU02235,Triple-buffered local approach,Electronics,WH-BLR,1281,54,3766.93,2025-04-10 03:30:53,2025-04-17 06:00:00
SKU02236,De-engineered homogeneous interface,Books,WH-MUM,1749,79,10337.85,2025-04-15 00:45:29,2025-04-17 06:00:00
SKU02237,Cross-platform attitude-oriented knowledgebase,Home & Kitchen,WH-BLR,1277,27,3700.94,2025-04-07 18:28:08,2025-04-17 06:00:00
SKU02238,Re-contextualized next generation algorithm,Beauty,WH-DEL,694,50,6808.45,2025-04-09 04:27:30,2025-04-17 06:00:00
SKU02239,Virtual local interface,Grocery,WH-MUM,1922,61,12805.79,2025-04-05 16:04:06,2025-04-17 06:00:00
SKU02240,Customer-focused user-facing standardization,Electronics,WH-MUM,414,44,12367.12,2025-04-04 12:40:08,2025-04-17 06:00:00
SKU02241,Digitized zero-defect standardization,Grocery,WH-CHE,225,95,1375.66,2025-04-10 11:00:25,2025-04-17 06:00:00
SKU02242,Virtual leadingedge middleware,Home & Kitchen,WH-CHE,1409,90,10743.09,2025-04-10 04:06:14,2025-04-17 06:00:00
SKU02243,Enhanced multi-tasking array,Grocery,WH-HYD,513,63,14380.82,2025-04-05 08:46:40,2025-04-17 06:00:00
SKU02244,Devolved interactive alliance,Books,WH-MUM,50,97,9507.3,2025-04-14 12:11:24,2025-04-17 06:00:00
SKU02245,Profit-focused radical installation,Beauty,WH-HYD,,81,9789.21,2025-04-11 18:35:26,2025-04-17 06:00:00
SKU02246,Cloned directional process improvement,Home & Kitchen,WH-CHE,196,34,6227.46,2025-04-03 23:34:00,2025-04-17 06:00:00
SKU02247,Exclusive directional initiative,Home & Kitchen,WH-BLR,1171,21,2723.85,2025-04-05 06:21:11,2025-04-17 06:00:00
SKU02248,Face-to-face optimizing open architecture,Books,WH-DEL,1543,60,2135.49,2025-04-05 12:01:14,2025-04-17 06:00:00
SKU02249,Upgradable directional task-force,Beauty,WH-BLR,1187,22,3647.76,2025-04-13 04:19:11,2025-04-17 06:00:00
SKU02250,Multi-channeled clear-thinking archive,Beauty,WH-BLR,753,18,4154.89,2025-04-14 02:04:52,2025-04-17 06:00:00
SKU02251,User-friendly object-oriented website,Home & Kitchen,WH-CHE,1838,40,4808.55,2025-04-03 01:49:46,2025-04-17 06:00:00
SKU02252,Decentralized 3rdgeneration data-warehouse,Sports,WH-MUM,104,54,11499.05,2025-04-10 18:22:41,2025-04-17 06:00:00
SKU02253,Distributed modular architecture,Books,WH-MUM,1852,74,468.45,2025-04-04 15:46:02,2025-04-17 06:00:00
SKU02254,Profound contextually-based support,Toys,WH-BLR,668,88,7148.91,2025-04-01 05:17:04,2025-04-17 06:00:00
SKU02255,Optional neutral implementation,Sports,WH-CHE,1186,58,14758.62,2025-04-09 17:53:01,2025-04-17 06:00:00
SKU02256,Expanded even-keeled leverage,Grocery,WH-CHE,1696,84,1548.91,2025-04-11 14:23:17,2025-04-17 06:00:00
SKU02257,Cross-group intermediate time-frame,Home & Kitchen,WH-BLR,302,17,1431.06,2025-04-13 17:32:55,2025-04-17 06:00:00
SKU02258,Future-proofed solution-oriented application,Toys,WH-HYD,1105,78,2630.66,2025-04-08 14:45:36,2025-04-17 06:00:00
SKU02259,Intuitive object-oriented parallelism,Toys,WH-MUM,1280,48,4417.97,2025-04-11 15:18:05,2025-04-17 06:00:00
SKU02260,User-centric bandwidth-monitored challenge,Toys,WH-CHE,1392,78,805.56,2025-04-05 05:51:03,2025-04-17 06:00:00
SKU02261,Customer-focused multi-state access,Books,WH-BLR,348,79,353.26,2025-04-11 15:56:49,2025-04-17 06:00:00
SKU02262,Open-source neutral help-desk,Home & Kitchen,WH-BLR,1620,60,7833.95,2025-04-12 07:56:54,2025-04-17 06:00:00
SKU02263,Object-based homogeneous application,Books,WH-HYD,159,35,5924.33,2025-04-06 22:11:27,2025-04-17 06:00:00
SKU02264,Horizontal demand-driven access,Electronics,WH-HYD,601,15,12786.36,2025-04-03 12:04:34,2025-04-17 06:00:00
SKU02265,Switchable national help-desk,Grocery,WH-MUM,807,75,2407.58,2025-04-01 08:19:10,2025-04-17 06:00:00
SKU02266,Adaptive value-added open architecture,Books,WH-HYD,1435,49,14173.0,2025-04-15 18:34:23,2025-04-17 06:00:00
SKU02267,Organized incremental model,Electronics,WH-BLR,1658,95,7757.72,2025-04-13 03:02:37,2025-04-17 06:00:00
SKU02268,Balanced bandwidth-monitored infrastructure,Sports,WH-DEL,1293,65,8585.9,2025-04-06 19:32:36,2025-04-17 06:00:00
SKU02269,Visionary foreground hierarchy,Sports,WH-MUM,1448,97,12805.84,2025-04-01 20:08:17,2025-04-17 06:00:00
SKU02270,Extended tangible knowledgebase,Books,WH-DEL,125,59,14144.64,2025-04-11 00:02:08,2025-04-17 06:00:00
SKU02271,Innovative asynchronous open architecture,Books,WH-MUM,883,28,11540.62,2025-04-13 17:20:46,2025-04-17 06:00:00
SKU02272,Advanced system-worthy strategy,Sports,WH-BLR,651,19,5474.36,2025-04-08 00:59:52,2025-04-17 06:00:00
SKU02273,Extended web-enabled encoding,Electronics,WH-HYD,678,88,8024.66,2025-04-10 04:24:43,2025-04-17 06:00:00
SKU02274,Face-to-face discrete leverage,Home & Kitchen,WH-BLR,1177,19,2484.48,2025-04-03 12:38:16,2025-04-17 06:00:00
SKU02275,Distributed discrete knowledge user,Electronics,WH-HYD,1079,20,7696.18,2025-04-01 21:11:45,2025-04-17 06:00:00
SKU02276,Profit-focused actuating circuit,Toys,WH-HYD,1585,15,10980.16,2025-04-02 11:01:50,2025-04-17 06:00:00
SKU02277,Multi-tiered 5thgeneration parallelism,Home & Kitchen,WH-DEL,1824,47,13001.26,2025-04-11 03:59:29,2025-04-17 06:00:00
SKU02278,Right-sized stable complexity,Electronics,WH-BLR,,88,9575.28,2025-04-09 03:26:35,2025-04-17 06:00:00
SKU02279,Ergonomic stable focus group,Books,WH-CHE,1298,23,7691.13,2025-04-10 05:12:41,2025-04-17 06:00:00
SKU02280,Self-enabling zero-defect moratorium,Home & Kitchen,WH-DEL,568,13,13527.79,2025-04-11 02:34:41,2025-04-17 06:00:00
SKU02281,Synergized bifurcated help-desk,Toys,WH-CHE,1117,46,9415.97,2025-04-08 18:05:34,2025-04-17 06:00:00
SKU02282,Future-proofed user-facing moratorium,Grocery,WH-MUM,452,19,13110.92,2025-04-11 10:49:38,2025-04-17 06:00:00
SKU02283,Persistent static framework,Beauty,WH-BLR,363,29,886.88,2025-04-06 03:11:02,2025-04-17 06:00:00
SKU02284,Expanded upward-trending paradigm,Books,WH-BLR,1520,11,5230.85,2025-04-12 04:30:08,2025-04-17 06:00:00
SKU02285,Advanced user-facing core,Clothing,WH-DEL,1315,97,12013.78,2025-04-12 06:19:53,2025-04-17 06:00:00
SKU02286,Virtual local policy,Home & Kitchen,WH-DEL,767,31,9267.35,2025-04-06 22:04:19,2025-04-17 06:00:00
SKU02287,Grass-roots client-server instruction set,Electronics,WH-DEL,1308,64,14857.52,2025-04-11 12:39:39,2025-04-17 06:00:00
SKU02288,Cross-platform homogeneous approach,Grocery,WH-BLR,1107,39,1459.57,2025-04-06 09:32:34,2025-04-17 06:00:00
SKU02289,Sharable attitude-oriented groupware,Books,WH-DEL,1023,42,11654.24,2025-04-12 01:06:15,2025-04-17 06:00:00
SKU02290,Digitized user-facing time-frame,Beauty,WH-DEL,1506,31,5384.63,2025-04-14 15:55:01,2025-04-17 06:00:00
SKU02291,Robust heuristic alliance,Home & Kitchen,WH-CHE,1553,32,4425.97,2025-04-04 19:14:03,2025-04-17 06:00:00
SKU02292,Seamless optimal secured line,Electronics,WH-CHE,368,95,12319.31,2025-04-14 07:44:32,2025-04-17 06:00:00
SKU02293,Operative bandwidth-monitored circuit,Clothing,WH-MUM,1338,16,5380.24,2025-04-13 08:31:13,2025-04-17 06:00:00
SKU02294,Down-sized transitional Graphical User Interface,Beauty,WH-HYD,1730,60,2123.44,2025-04-14 06:58:01,2025-04-17 06:00:00
SKU02295,Sharable dedicated extranet,Electronics,WH-MUM,1669,63,1846.96,2025-04-15 17:45:52,2025-04-17 06:00:00
SKU02296,Ergonomic multimedia hardware,Toys,WH-DEL,1976,51,2535.36,2025-04-02 09:13:53,2025-04-17 06:00:00
SKU02297,Integrated tangible open system,Grocery,WH-MUM,1459,45,11063.21,2025-04-15 13:36:31,2025-04-17 06:00:00
SKU02298,Proactive 24hour focus group,Clothing,WH-BLR,1230,40,3513.67,2025-04-02 07:33:37,2025-04-17 06:00:00
SKU02299,Digitized high-level encoding,Books,WH-MUM,1409,56,12284.12,2025-04-02 02:41:47,2025-04-17 06:00:00
SKU02300,Multi-layered explicit strategy,Home & Kitchen,WH-HYD,1229,29,7320.84,2025-04-06 19:38:25,2025-04-17 06:00:00
SKU02301,Synchronized holistic implementation,Books,WH-BLR,576,16,7612.13,2025-04-06 15:07:53,2025-04-17 06:00:00
SKU02302,Intuitive asymmetric moderator,Grocery,WH-BLR,726,36,9653.26,2025-04-15 11:16:03,2025-04-17 06:00:00
SKU02303,Open-source logistical collaboration,Sports,WH-CHE,1497,55,2357.68,2025-04-13 17:34:10,2025-04-17 06:00:00
SKU02304,Distributed hybrid initiative,Electronics,WH-CHE,53,62,2906.61,2025-04-16 13:09:23,2025-04-17 06:00:00
SKU02305,Optional even-keeled Graphic Interface,Sports,WH-CHE,588,62,12325.91,2025-04-16 21:46:30,2025-04-17 06:00:00
SKU02306,Polarized intangible challenge,Books,WH-DEL,1209,75,12450.85,2025-04-08 18:01:09,2025-04-17 06:00:00
SKU02307,Balanced context-sensitive hub,Electronics,WH-BLR,117,95,5023.86,2025-04-13 09:46:15,2025-04-17 06:00:00
SKU02308,Cross-group global pricing structure,Grocery,WH-CHE,685,13,9928.82,2025-04-08 15:28:24,2025-04-17 06:00:00
SKU02309,Sharable composite implementation,Clothing,WH-MUM,1866,69,8378.55,2025-04-12 20:24:45,2025-04-17 06:00:00
SKU02310,Phased tangible strategy,Home & Kitchen,WH-DEL,1258,71,1616.35,2025-04-07 03:27:42,2025-04-17 06:00:00
SKU02311,Reduced executive ability,Sports,WH-MUM,,82,3894.48,2025-04-03 14:27:39,2025-04-17 06:00:00
SKU02312,Devolved zero administration Internet solution,Clothing,WH-BLR,992,11,7101.4,2025-04-01 17:13:17,2025-04-17 06:00:00
SKU02313,Grass-roots bandwidth-monitored ability,Books,WH-HYD,730,77,10664.88,2025-04-13 05:40:26,2025-04-17 06:00:00
SKU02314,Reactive impactful product,Sports,WH-HYD,1085,52,13734.58,2025-04-12 19:33:36,2025-04-17 06:00:00
SKU02315,Cross-platform executive concept,Books,WH-BLR,1598,86,7209.0,2025-04-10 04:24:39,2025-04-17 06:00:00
SKU02316,Optimized scalable framework,Toys,WH-HYD,10,27,5686.7,2025-04-06 07:38:51,2025-04-17 06:00:00
SKU02317,Networked full-range info-mediaries,Toys,WH-BLR,118,70,5707.76,2025-04-07 09:23:34,2025-04-17 06:00:00
SKU02318,Enterprise-wide background hub,Clothing,WH-DEL,1143,79,2262.3,2025-04-01 00:54:56,2025-04-17 06:00:00
SKU02319,Open-source systematic archive,Books,WH-MUM,1216,74,6573.53,2025-04-16 12:28:55,2025-04-17 06:00:00
SKU02320,Total tertiary methodology,Home & Kitchen,WH-MUM,1756,78,5366.07,2025-04-15 05:09:15,2025-04-17 06:00:00
SKU02321,Optional background synergy,Sports,WH-CHE,442,41,120.97,2025-04-09 20:38:13,2025-04-17 06:00:00
SKU02322,Diverse explicit frame,Clothing,WH-HYD,280,87,6062.2,2025-04-08 23:25:43,2025-04-17 06:00:00
SKU02323,Phased cohesive Internet solution,Grocery,WH-MUM,764,98,14615.39,2025-04-11 10:49:07,2025-04-17 06:00:00
SKU02324,Implemented multimedia middleware,Toys,WH-CHE,1939,16,8431.55,2025-04-06 06:25:41,2025-04-17 06:00:00
SKU02325,Configurable content-based matrix,Clothing,WH-HYD,819,76,6438.94,2025-04-02 16:29:06,2025-04-17 06:00:00
SKU02326,Business-focused scalable frame,Grocery,WH-CHE,535,18,4760.73,2025-04-07 00:45:28,2025-04-17 06:00:00
SKU02327,Grass-roots even-keeled function,Beauty,WH-BLR,789,30,3699.36,2025-04-15 19:14:32,2025-04-17 06:00:00
SKU02328,Open-architected intermediate success,Books,WH-DEL,450,36,11350.19,2025-04-16 03:34:31,2025-04-17 06:00:00
SKU02329,Multi-lateral full-range product,Beauty,WH-MUM,750,99,3642.92,2025-04-10 15:20:45,2025-04-17 06:00:00
SKU02330,Seamless hybrid portal,Electronics,WH-BLR,1100,34,7852.68,2025-04-05 09:20:49,2025-04-17 06:00:00
SKU02331,Public-key clear-thinking workforce,Grocery,WH-DEL,594,21,13200.98,2025-04-03 00:59:03,2025-04-17 06:00:00
SKU02332,Diverse high-level adapter,Sports,WH-HYD,1233,48,9310.05,2025-04-12 01:13:47,2025-04-17 06:00:00
SKU02333,Advanced bifurcated encoding,Beauty,WH-MUM,1002,96,4121.4,2025-04-16 21:06:04,2025-04-17 06:00:00
SKU02334,Sharable responsive monitoring,Grocery,WH-BLR,75,85,12850.4,2025-04-15 22:49:18,2025-04-17 06:00:00
SKU02335,Future-proofed full-range focus group,Electronics,WH-HYD,854,78,8660.06,2025-04-02 15:31:36,2025-04-17 06:00:00
SKU02336,Horizontal fault-tolerant budgetary management,Sports,WH-HYD,1621,53,5500.68,2025-04-14 22:56:27,2025-04-17 06:00:00
SKU02337,Cross-group high-level firmware,Grocery,WH-CHE,477,59,14189.83,2025-04-03 06:48:45,2025-04-17 06:00:00
SKU02338,Virtual systematic intranet,Electronics,WH-BLR,1583,12,9966.69,2025-04-09 07:53:01,2025-04-17 06:00:00
SKU02339,Organized dynamic collaboration,Grocery,WH-HYD,1837,79,3123.63,2025-04-15 02:11:56,2025-04-17 06:00:00
SKU02340,Re-contextualized tangible access,Clothing,WH-DEL,1062,47,13841.57,2025-04-03 15:47:29,2025-04-17 06:00:00
SKU02341,Down-sized clear-thinking approach,Grocery,WH-HYD,642,89,14497.32,2025-04-16 12:19:06,2025-04-17 06:00:00
SKU02342,Grass-roots optimizing workforce,Sports,WH-HYD,64,30,13361.59,2025-04-03 12:37:39,2025-04-17 06:00:00
SKU02343,Enterprise-wide responsive secured line,Grocery,WH-DEL,1642,96,9943.25,2025-04-11 07:11:52,2025-04-17 06:00:00
SKU02344,Phased dedicated methodology,Clothing,WH-HYD,,33,5838.72,2025-04-06 14:54:58,2025-04-17 06:00:00
SKU02345,Universal 24/7 knowledgebase,Toys,WH-DEL,1563,25,3746.34,2025-04-01 18:40:12,2025-04-17 06:00:00
SKU02346,Universal 4thgeneration emulation,Sports,WH-HYD,679,81,8093.53,2025-04-11 04:25:21,2025-04-17 06:00:00
SKU02347,Programmable asynchronous middleware,Grocery,WH-MUM,226,59,13999.02,2025-04-08 22:53:39,2025-04-17 06:00:00
SKU02348,Up-sized content-based Local Area Network,Grocery,WH-DEL,1124,80,10428.87,2025-04-04 11:38:09,2025-04-17 06:00:00
SKU02349,Re-contextualized tangible ability,Clothing,WH-CHE,1004,89,2535.38,2025-04-16 13:36:23,2025-04-17 06:00:00
SKU02350,Assimilated discrete groupware,Beauty,WH-BLR,337,83,13681.35,2025-04-15 03:19:50,2025-04-17 06:00:00
SKU02351,Implemented fault-tolerant Graphical User Interfac,Clothing,WH-DEL,828,91,9386.58,2025-04-13 20:38:50,2025-04-17 06:00:00
SKU02352,Implemented next generation conglomeration,Sports,WH-BLR,1424,96,1543.81,2025-04-14 14:22:28,2025-04-17 06:00:00
SKU02353,Business-focused client-server forecast,Beauty,WH-HYD,395,39,13141.23,2025-04-02 11:56:58,2025-04-17 06:00:00
SKU02354,Right-sized clear-thinking structure,Sports,WH-HYD,1841,36,3256.84,2025-04-04 00:13:22,2025-04-17 06:00:00
SKU02355,Polarized cohesive synergy,Beauty,WH-HYD,826,12,5557.73,2025-04-12 23:13:20,2025-04-17 06:00:00
SKU02356,Down-sized executive access,Clothing,WH-BLR,1274,42,6556.35,2025-04-14 06:54:17,2025-04-17 06:00:00
SKU02357,Automated global orchestration,Clothing,WH-DEL,625,10,4101.2,2025-04-02 10:26:02,2025-04-17 06:00:00
SKU02358,Decentralized systematic middleware,Sports,WH-BLR,910,62,591.33,2025-04-02 02:17:36,2025-04-17 06:00:00
SKU02359,Open-source national synergy,Home & Kitchen,WH-DEL,1764,16,3614.7,2025-04-11 06:18:14,2025-04-17 06:00:00
SKU02360,Future-proofed 5thgeneration alliance,Sports,WH-HYD,82,87,14536.42,2025-04-12 19:16:16,2025-04-17 06:00:00
SKU02361,Distributed maximized info-mediaries,Home & Kitchen,WH-MUM,1073,32,8785.47,2025-04-14 15:16:53,2025-04-17 06:00:00
SKU02362,Fundamental incremental migration,Beauty,WH-MUM,625,68,11249.91,2025-04-06 00:04:51,2025-04-17 06:00:00
SKU02363,Realigned bottom-line hierarchy,Sports,WH-HYD,1205,83,3916.42,2025-04-15 13:03:49,2025-04-17 06:00:00
SKU02364,Programmable secondary middleware,Home & Kitchen,WH-DEL,767,92,13447.14,2025-04-15 11:31:12,2025-04-17 06:00:00
SKU02365,Reactive tangible Local Area Network,Grocery,WH-HYD,1663,62,10360.32,2025-04-16 07:37:28,2025-04-17 06:00:00
SKU02366,Realigned multimedia extranet,Beauty,WH-BLR,912,75,14877.23,2025-04-12 04:48:33,2025-04-17 06:00:00
SKU02367,Reverse-engineered bottom-line contingency,Books,WH-DEL,991,17,14323.51,2025-04-08 19:56:11,2025-04-17 06:00:00
SKU02368,Re-engineered didactic forecast,Books,WH-MUM,1525,55,14610.09,2025-04-16 17:13:50,2025-04-17 06:00:00
SKU02369,Ergonomic zero administration time-frame,Electronics,WH-HYD,1419,68,11951.62,2025-04-03 22:07:18,2025-04-17 06:00:00
SKU02370,Ameliorated transitional success,Beauty,WH-DEL,821,91,2965.84,2025-04-03 14:13:34,2025-04-17 06:00:00
SKU02371,Organic clear-thinking matrices,Grocery,WH-DEL,459,42,4377.66,2025-04-02 11:41:27,2025-04-17 06:00:00
SKU02372,Object-based fresh-thinking initiative,Home & Kitchen,WH-DEL,1953,15,5285.4,2025-04-08 02:59:10,2025-04-17 06:00:00
SKU02373,Diverse attitude-oriented product,Clothing,WH-HYD,203,97,3054.62,2025-04-10 15:10:45,2025-04-17 06:00:00
SKU02374,Organized real-time Local Area Network,Grocery,WH-HYD,302,10,6999.48,2025-04-11 15:02:52,2025-04-17 06:00:00
SKU02375,Advanced optimal approach,Clothing,WH-HYD,1804,83,14859.66,2025-04-12 09:02:42,2025-04-17 06:00:00
SKU02376,Front-line 24/7 capability,Clothing,WH-BLR,436,11,6614.22,2025-04-10 23:05:44,2025-04-17 06:00:00
SKU02377,Up-sized attitude-oriented framework,Sports,WH-HYD,,30,2717.8,2025-04-14 19:44:24,2025-04-17 06:00:00
SKU02378,Decentralized asymmetric methodology,Electronics,WH-CHE,431,80,10328.93,2025-04-16 06:27:44,2025-04-17 06:00:00
SKU02379,Quality-focused optimal hardware,Clothing,WH-HYD,1473,69,7331.86,2025-04-10 15:38:30,2025-04-17 06:00:00
SKU02380,Compatible solution-oriented standardization,Home & Kitchen,WH-HYD,343,14,13997.19,2025-04-04 11:47:27,2025-04-17 06:00:00
SKU02381,Proactive interactive open system,Beauty,WH-DEL,1947,60,4714.56,2025-04-16 13:01:50,2025-04-17 06:00:00
SKU02382,Focused 24hour alliance,Books,WH-CHE,652,49,8639.58,2025-04-11 05:15:17,2025-04-17 06:00:00
SKU02383,Pre-emptive 5thgeneration intranet,Sports,WH-BLR,258,63,13292.56,2025-04-02 07:33:41,2025-04-17 06:00:00
SKU02384,Open-source uniform product,Sports,WH-CHE,957,30,5790.05,2025-04-16 20:36:59,2025-04-17 06:00:00
SKU02385,Inverse context-sensitive benchmark,Electronics,WH-CHE,892,12,10246.7,2025-04-10 11:38:47,2025-04-17 06:00:00
SKU02386,De-engineered local capacity,Clothing,WH-BLR,1629,14,4838.07,2025-04-05 11:38:38,2025-04-17 06:00:00
SKU02387,Fundamental foreground contingency,Toys,WH-BLR,486,13,13658.78,2025-04-16 03:24:31,2025-04-17 06:00:00
SKU02388,Total non-volatile orchestration,Grocery,WH-MUM,1771,29,3435.2,2025-04-02 08:17:10,2025-04-17 06:00:00
SKU02389,Multi-lateral zero administration policy,Toys,WH-HYD,891,51,5788.98,2025-04-07 22:53:26,2025-04-17 06:00:00
SKU02390,Diverse systemic budgetary management,Electronics,WH-MUM,1507,45,4898.61,2025-04-04 19:19:35,2025-04-17 06:00:00
SKU02391,Cloned empowering installation,Clothing,WH-CHE,843,45,10389.51,2025-04-06 08:53:24,2025-04-17 06:00:00
SKU02392,Focused systematic attitude,Beauty,WH-CHE,341,65,3393.77,2025-04-02 18:41:16,2025-04-17 06:00:00
SKU02393,Digitized non-volatile emulation,Grocery,WH-BLR,24,80,8274.74,2025-04-02 15:29:09,2025-04-17 06:00:00
SKU02394,Down-sized content-based project,Books,WH-DEL,1063,52,14641.17,2025-04-11 23:56:26,2025-04-17 06:00:00
SKU02395,User-centric web-enabled archive,Books,WH-HYD,457,66,2842.52,2025-04-14 13:00:47,2025-04-17 06:00:00
SKU02396,Future-proofed grid-enabled conglomeration,Toys,WH-BLR,680,27,4484.36,2025-04-10 22:07:15,2025-04-17 06:00:00
SKU02397,Re-engineered optimal matrix,Clothing,WH-HYD,61,11,4763.78,2025-04-09 10:35:48,2025-04-17 06:00:00
SKU02398,Profit-focused object-oriented support,Beauty,WH-BLR,17,30,14727.57,2025-04-16 02:51:44,2025-04-17 06:00:00
SKU02399,Profound stable functionalities,Beauty,WH-CHE,816,73,589.96,2025-04-07 11:30:06,2025-04-17 06:00:00
SKU02400,Ergonomic value-added open architecture,Sports,WH-MUM,1581,53,1434.52,2025-04-15 05:45:55,2025-04-17 06:00:00
SKU02401,Profit-focused reciprocal success,Toys,WH-BLR,1910,81,9854.22,2025-04-10 15:21:15,2025-04-17 06:00:00
SKU02402,Configurable exuding neural-net,Home & Kitchen,WH-BLR,504,65,13120.13,2025-04-01 14:32:15,2025-04-17 06:00:00
SKU02403,Configurable hybrid firmware,Electronics,WH-BLR,383,95,5773.99,2025-04-09 09:27:55,2025-04-17 06:00:00
SKU02404,Re-engineered local firmware,Clothing,WH-CHE,988,67,5524.76,2025-04-09 19:35:51,2025-04-17 06:00:00
SKU02405,Up-sized eco-centric matrix,Clothing,WH-HYD,411,76,12996.69,2025-04-07 01:54:21,2025-04-17 06:00:00
SKU02406,Multi-lateral composite Graphic Interface,Beauty,WH-MUM,1710,68,3307.3,2025-04-05 19:16:36,2025-04-17 06:00:00
SKU02407,Cross-group modular firmware,Sports,WH-BLR,514,77,11490.21,2025-04-16 16:32:07,2025-04-17 06:00:00
SKU02408,Organized mobile data-warehouse,Electronics,WH-HYD,1278,64,10052.12,2025-04-04 20:55:03,2025-04-17 06:00:00
SKU02409,Multi-channeled radical encoding,Clothing,WH-HYD,550,21,3000.53,2025-04-10 15:06:03,2025-04-17 06:00:00
SKU02410,Function-based explicit knowledgebase,Sports,WH-BLR,,29,10264.49,2025-04-11 11:23:05,2025-04-17 06:00:00
SKU02411,Reactive incremental neural-net,Beauty,WH-MUM,1663,26,3761.5,2025-04-07 08:27:25,2025-04-17 06:00:00
SKU02412,Assimilated eco-centric frame,Grocery,WH-CHE,1385,22,634.94,2025-04-01 01:24:16,2025-04-17 06:00:00
SKU02413,Adaptive directional info-mediaries,Clothing,WH-DEL,1415,31,4083.09,2025-04-15 03:32:23,2025-04-17 06:00:00
SKU02414,Horizontal contextually-based open system,Grocery,WH-CHE,1143,44,1130.91,2025-04-02 01:22:32,2025-04-17 06:00:00
SKU02415,Synchronized encompassing capacity,Sports,WH-BLR,1572,80,3731.57,2025-04-16 17:25:06,2025-04-17 06:00:00
SKU02416,Extended global pricing structure,Clothing,WH-HYD,1831,75,12151.99,2025-04-03 16:03:34,2025-04-17 06:00:00
SKU02417,Decentralized upward-trending knowledgebase,Grocery,WH-MUM,1231,11,11323.44,2025-04-01 08:16:30,2025-04-17 06:00:00
SKU02418,De-engineered zero administration solution,Electronics,WH-CHE,1109,87,4888.28,2025-04-01 06:56:35,2025-04-17 06:00:00
SKU02419,Multi-channeled modular initiative,Beauty,WH-CHE,1861,15,12798.82,2025-04-14 06:21:46,2025-04-17 06:00:00
SKU02420,Innovative executive interface,Clothing,WH-MUM,394,46,4053.17,2025-04-01 14:39:28,2025-04-17 06:00:00
SKU02421,Object-based holistic time-frame,Beauty,WH-DEL,1132,98,14909.84,2025-04-02 04:05:34,2025-04-17 06:00:00
SKU02422,Seamless national forecast,Beauty,WH-MUM,1943,53,5680.99,2025-04-16 13:44:35,2025-04-17 06:00:00
SKU02423,Ergonomic interactive firmware,Toys,WH-CHE,1211,14,12164.86,2025-04-16 09:46:35,2025-04-17 06:00:00
SKU02424,Seamless optimal challenge,Home & Kitchen,WH-MUM,1593,18,14423.39,2025-04-03 08:37:51,2025-04-17 06:00:00
SKU02425,Compatible secondary policy,Toys,WH-BLR,1164,63,10539.75,2025-04-01 12:50:22,2025-04-17 06:00:00
SKU02426,Function-based zero-defect strategy,Home & Kitchen,WH-MUM,153,47,14413.99,2025-04-11 10:35:20,2025-04-17 06:00:00
SKU02427,Advanced value-added help-desk,Grocery,WH-BLR,1588,28,12450.43,2025-04-13 06:36:12,2025-04-17 06:00:00
SKU02428,Visionary optimizing architecture,Clothing,WH-BLR,1403,82,2278.03,2025-04-13 17:04:07,2025-04-17 06:00:00
SKU02429,Advanced homogeneous hierarchy,Books,WH-DEL,325,68,5978.26,2025-04-07 11:48:58,2025-04-17 06:00:00
SKU02430,Multi-tiered empowering ability,Sports,WH-BLR,1413,86,8792.58,2025-04-02 19:36:15,2025-04-17 06:00:00
SKU02431,Object-based full-range matrix,Home & Kitchen,WH-CHE,1765,29,5862.45,2025-04-01 00:17:02,2025-04-17 06:00:00
SKU02432,Innovative logistical access,Books,WH-BLR,1482,65,3400.17,2025-04-09 23:13:00,2025-04-17 06:00:00
SKU02433,Reduced tertiary system engine,Toys,WH-HYD,724,25,14530.84,2025-04-11 04:25:01,2025-04-17 06:00:00
SKU02434,Decentralized 4thgeneration support,Toys,WH-CHE,1742,90,5348.62,2025-04-03 08:14:42,2025-04-17 06:00:00
SKU02435,Enterprise-wide client-driven ability,Books,WH-CHE,1176,54,389.36,2025-04-02 09:24:11,2025-04-17 06:00:00
SKU02436,Focused contextually-based methodology,Sports,WH-CHE,1026,96,3565.06,2025-04-10 14:44:27,2025-04-17 06:00:00
SKU02437,Face-to-face zero tolerance software,Sports,WH-BLR,814,55,9756.22,2025-04-01 22:59:23,2025-04-17 06:00:00
SKU02438,Reduced 6thgeneration open architecture,Toys,WH-CHE,1482,51,2205.31,2025-04-05 14:42:02,2025-04-17 06:00:00
SKU02439,Ameliorated motivating paradigm,Home & Kitchen,WH-MUM,1734,12,11544.51,2025-04-12 10:49:20,2025-04-17 06:00:00
SKU02440,Robust value-added process improvement,Home & Kitchen,WH-CHE,1829,72,14898.6,2025-04-10 08:35:53,2025-04-17 06:00:00
SKU02441,Advanced upward-trending hierarchy,Sports,WH-HYD,381,22,1455.68,2025-04-06 06:44:37,2025-04-17 06:00:00
SKU02442,Implemented 6thgeneration core,Beauty,WH-BLR,1909,72,12230.41,2025-04-07 02:23:24,2025-04-17 06:00:00
SKU02443,Ergonomic full-range open system,Beauty,WH-CHE,,11,8184.12,2025-04-08 20:06:35,2025-04-17 06:00:00
SKU02444,Profit-focused tangible artificial intelligence,Books,WH-DEL,639,76,8670.3,2025-04-06 07:43:15,2025-04-17 06:00:00
SKU02445,Configurable contextually-based Graphical User Int,Beauty,WH-BLR,1670,28,4105.86,2025-04-16 12:16:59,2025-04-17 06:00:00
SKU02446,Customer-focused fresh-thinking function,Grocery,WH-CHE,722,79,7748.62,2025-04-13 09:03:54,2025-04-17 06:00:00
SKU02447,Assimilated fault-tolerant synergy,Clothing,WH-HYD,31,88,8863.19,2025-04-10 07:09:23,2025-04-17 06:00:00
SKU02448,Pre-emptive local forecast,Beauty,WH-MUM,401,57,5744.31,2025-04-15 12:18:11,2025-04-17 06:00:00
SKU02449,Object-based multi-state Internet solution,Toys,WH-HYD,1949,65,12163.02,2025-04-04 23:05:23,2025-04-17 06:00:00
SKU02450,Enhanced grid-enabled software,Home & Kitchen,WH-MUM,1103,20,3637.89,2025-04-05 05:22:20,2025-04-17 06:00:00
SKU02451,Team-oriented zero administration approach,Grocery,WH-BLR,1855,25,5139.82,2025-04-13 22:09:32,2025-04-17 06:00:00
SKU02452,Up-sized asynchronous application,Books,WH-BLR,1243,53,9214.68,2025-04-16 09:47:11,2025-04-17 06:00:00
SKU02453,Customizable asynchronous utilization,Grocery,WH-DEL,1681,30,12533.66,2025-04-04 06:10:40,2025-04-17 06:00:00
SKU02454,Decentralized neutral adapter,Electronics,WH-HYD,930,20,1364.56,2025-04-01 15:34:28,2025-04-17 06:00:00
SKU02455,Mandatory multi-state extranet,Toys,WH-BLR,606,12,1992.67,2025-04-04 05:46:50,2025-04-17 06:00:00
SKU02456,Programmable static flexibility,Toys,WH-BLR,1170,44,9925.08,2025-04-12 00:57:30,2025-04-17 06:00:00
SKU02457,Phased exuding encryption,Books,WH-MUM,1365,45,11665.33,2025-04-03 07:37:21,2025-04-17 06:00:00
SKU02458,Optimized 5thgeneration process improvement,Sports,WH-DEL,1272,13,10462.93,2025-04-06 06:23:23,2025-04-17 06:00:00
SKU02459,Compatible grid-enabled firmware,Home & Kitchen,WH-DEL,1507,77,14249.22,2025-04-11 11:10:57,2025-04-17 06:00:00
SKU02460,Automated multimedia success,Toys,WH-CHE,1754,91,14496.67,2025-04-02 05:05:25,2025-04-17 06:00:00
SKU02461,Phased hybrid definition,Toys,WH-BLR,996,70,6359.33,2025-04-12 16:49:34,2025-04-17 06:00:00
SKU02462,Future-proofed stable pricing structure,Home & Kitchen,WH-DEL,1459,20,11279.78,2025-04-02 11:50:10,2025-04-17 06:00:00
SKU02463,Polarized secondary focus group,Sports,WH-CHE,471,42,72.98,2025-04-06 23:49:46,2025-04-17 06:00:00
SKU02464,Polarized 24/7 success,Grocery,WH-HYD,355,12,12700.46,2025-04-03 01:28:37,2025-04-17 06:00:00
SKU02465,Monitored disintermediate projection,Grocery,WH-CHE,974,54,7058.19,2025-04-16 15:21:40,2025-04-17 06:00:00
SKU02466,Ergonomic context-sensitive algorithm,Books,WH-BLR,1911,28,2866.42,2025-04-04 05:37:26,2025-04-17 06:00:00
SKU02467,Cloned context-sensitive capacity,Beauty,WH-CHE,462,26,3215.56,2025-04-04 06:01:16,2025-04-17 06:00:00
SKU02468,Cloned fault-tolerant concept,Sports,WH-HYD,1812,71,1965.82,2025-04-11 22:44:00,2025-04-17 06:00:00
SKU02469,Compatible next generation implementation,Home & Kitchen,WH-BLR,516,67,6867.02,2025-04-09 05:31:35,2025-04-17 06:00:00
SKU02470,Ameliorated coherent concept,Electronics,WH-CHE,218,77,2514.59,2025-04-09 08:33:16,2025-04-17 06:00:00
SKU02471,Implemented heuristic encryption,Home & Kitchen,WH-BLR,1916,77,1443.86,2025-04-08 12:00:44,2025-04-17 06:00:00
SKU02472,Decentralized optimal moderator,Toys,WH-HYD,465,34,14929.45,2025-04-13 21:28:21,2025-04-17 06:00:00
SKU02473,Configurable mission-critical complexity,Books,WH-CHE,811,72,8757.42,2025-04-14 03:44:58,2025-04-17 06:00:00
SKU02474,Quality-focused content-based knowledgebase,Sports,WH-DEL,1605,95,2686.37,2025-04-07 22:14:07,2025-04-17 06:00:00
SKU02475,Multi-tiered attitude-oriented initiative,Grocery,WH-CHE,1409,81,5001.82,2025-04-06 23:38:44,2025-04-17 06:00:00
SKU02476,Team-oriented analyzing synergy,Beauty,WH-CHE,,49,9967.63,2025-04-11 20:26:22,2025-04-17 06:00:00
SKU02477,Mandatory systemic contingency,Grocery,WH-CHE,785,99,886.87,2025-04-06 22:23:50,2025-04-17 06:00:00
SKU02478,Balanced national instruction set,Home & Kitchen,WH-MUM,494,92,7917.06,2025-04-16 12:13:34,2025-04-17 06:00:00
SKU02479,Proactive directional capacity,Electronics,WH-BLR,1993,49,2295.69,2025-04-10 21:16:14,2025-04-17 06:00:00
SKU02480,Ergonomic stable monitoring,Clothing,WH-HYD,1459,85,12790.0,2025-04-08 00:49:38,2025-04-17 06:00:00
SKU02481,Up-sized clear-thinking attitude,Toys,WH-HYD,911,77,11204.65,2025-04-02 15:45:27,2025-04-17 06:00:00
SKU02482,Persistent needs-based system engine,Toys,WH-DEL,848,38,3267.98,2025-04-14 22:29:26,2025-04-17 06:00:00
SKU02483,Programmable even-keeled encoding,Beauty,WH-BLR,595,84,9295.08,2025-04-04 06:40:57,2025-04-17 06:00:00
SKU02484,Balanced 4thgeneration workforce,Clothing,WH-BLR,1147,66,1765.75,2025-04-05 04:43:52,2025-04-17 06:00:00
SKU02485,Synchronized bifurcated archive,Books,WH-DEL,680,21,14295.17,2025-04-16 00:27:40,2025-04-17 06:00:00
SKU02486,Stand-alone homogeneous framework,Sports,WH-HYD,1012,83,6936.36,2025-04-11 06:08:08,2025-04-17 06:00:00
SKU02487,Object-based radical Graphical User Interface,Home & Kitchen,WH-CHE,402,84,6045.37,2025-04-10 04:49:33,2025-04-17 06:00:00
SKU02488,Open-architected logistical analyzer,Beauty,WH-CHE,1965,89,4416.29,2025-04-12 23:27:50,2025-04-17 06:00:00
SKU02489,Public-key attitude-oriented functionalities,Grocery,WH-HYD,1449,80,8574.38,2025-04-16 05:16:46,2025-04-17 06:00:00
SKU02490,Automated mobile capacity,Home & Kitchen,WH-MUM,1626,12,12160.86,2025-04-02 01:37:38,2025-04-17 06:00:00
SKU02491,Advanced neutral access,Clothing,WH-DEL,61,42,397.46,2025-04-05 07:38:15,2025-04-17 06:00:00
SKU02492,Seamless background Graphical User Interface,Toys,WH-DEL,1220,60,10033.68,2025-04-05 10:08:31,2025-04-17 06:00:00
SKU02493,Pre-emptive background algorithm,Beauty,WH-BLR,1000,85,1332.81,2025-04-09 06:10:40,2025-04-17 06:00:00
SKU02494,Optional 24/7 help-desk,Clothing,WH-DEL,1193,82,3837.7,2025-04-10 15:34:58,2025-04-17 06:00:00
SKU02495,Object-based disintermediate Internet solution,Grocery,WH-DEL,1428,94,1517.42,2025-04-13 09:49:35,2025-04-17 06:00:00
SKU02496,Ameliorated responsive support,Electronics,WH-BLR,543,75,73.4,2025-04-12 17:48:11,2025-04-17 06:00:00
SKU02497,Mandatory intangible process improvement,Home & Kitchen,WH-MUM,1349,71,4129.81,2025-04-16 13:28:25,2025-04-17 06:00:00
SKU02498,Synergized incremental throughput,Sports,WH-CHE,1475,60,13154.72,2025-04-11 06:43:45,2025-04-17 06:00:00
SKU02499,Polarized composite Local Area Network,Beauty,WH-CHE,263,48,10571.37,2025-04-13 12:45:05,2025-04-17 06:00:00
SKU02500,Switchable hybrid challenge,Books,WH-BLR,1945,24,12809.54,2025-04-12 02:00:39,2025-04-17 06:00:00
SKU02501,Adaptive content-based secured line,Clothing,WH-BLR,318,18,8815.54,2025-04-05 08:52:54,2025-04-17 06:00:00
SKU02502,Decentralized demand-driven synergy,Books,WH-MUM,524,40,12976.44,2025-04-08 22:48:35,2025-04-17 06:00:00
SKU02503,Fundamental demand-driven throughput,Books,WH-BLR,948,96,14170.98,2025-04-11 20:41:06,2025-04-17 06:00:00
SKU02504,Quality-focused impactful service-desk,Grocery,WH-BLR,435,26,7490.71,2025-04-10 10:01:40,2025-04-17 06:00:00
SKU02505,Fully-configurable well-modulated time-frame,Beauty,WH-BLR,987,16,8003.89,2025-04-06 00:28:46,2025-04-17 06:00:00
SKU02506,Ameliorated encompassing utilization,Clothing,WH-CHE,1451,66,185.67,2025-04-15 13:05:50,2025-04-17 06:00:00
SKU02507,Innovative motivating attitude,Clothing,WH-HYD,963,19,3888.57,2025-04-16 06:44:18,2025-04-17 06:00:00
SKU02508,Business-focused leadingedge projection,Home & Kitchen,WH-HYD,61,20,13018.4,2025-04-14 23:47:22,2025-04-17 06:00:00
SKU02509,Progressive directional product,Electronics,WH-HYD,,60,7246.47,2025-04-11 00:11:00,2025-04-17 06:00:00
SKU02510,Organic neutral extranet,Grocery,WH-HYD,559,29,12496.25,2025-04-03 04:29:18,2025-04-17 06:00:00
SKU02511,Fundamental 24hour protocol,Grocery,WH-MUM,1916,47,1839.62,2025-04-06 14:08:17,2025-04-17 06:00:00
SKU02512,Re-contextualized asynchronous hardware,Beauty,WH-MUM,1024,16,5881.22,2025-04-06 07:00:29,2025-04-17 06:00:00
SKU02513,Face-to-face incremental toolset,Home & Kitchen,WH-HYD,403,83,5256.56,2025-04-10 00:32:22,2025-04-17 06:00:00
SKU02514,Ameliorated systematic ability,Home & Kitchen,WH-CHE,667,67,13259.48,2025-04-10 05:13:30,2025-04-17 06:00:00
SKU02515,Balanced clear-thinking superstructure,Grocery,WH-DEL,1493,70,3142.86,2025-04-14 14:21:40,2025-04-17 06:00:00
SKU02516,Virtual incremental info-mediaries,Clothing,WH-HYD,1354,32,11204.46,2025-04-13 16:25:54,2025-04-17 06:00:00
SKU02517,Networked analyzing service-desk,Books,WH-HYD,609,59,9804.26,2025-04-07 12:08:18,2025-04-17 06:00:00
SKU02518,Stand-alone eco-centric toolset,Toys,WH-DEL,1976,33,11250.01,2025-04-10 04:42:43,2025-04-17 06:00:00
SKU02519,Organic multi-tasking approach,Clothing,WH-CHE,1428,36,3941.61,2025-04-16 22:17:58,2025-04-17 06:00:00
SKU02520,Future-proofed logistical array,Toys,WH-DEL,484,83,10069.18,2025-04-10 14:01:21,2025-04-17 06:00:00
SKU02521,Upgradable mission-critical benchmark,Home & Kitchen,WH-HYD,1877,52,12916.47,2025-04-10 13:47:28,2025-04-17 06:00:00
SKU02522,Function-based dedicated definition,Sports,WH-DEL,1188,84,3872.22,2025-04-08 17:27:36,2025-04-17 06:00:00
SKU02523,Distributed background circuit,Clothing,WH-BLR,1713,60,9461.73,2025-04-10 17:32:24,2025-04-17 06:00:00
SKU02524,Automated exuding utilization,Books,WH-HYD,126,35,14982.62,2025-04-10 11:13:52,2025-04-17 06:00:00
SKU02525,Integrated high-level utilization,Home & Kitchen,WH-DEL,241,55,10679.55,2025-04-02 20:59:03,2025-04-17 06:00:00
SKU02526,Fundamental interactive conglomeration,Toys,WH-CHE,912,69,3921.7,2025-04-16 17:28:20,2025-04-17 06:00:00
SKU02527,Optional impactful project,Electronics,WH-CHE,1718,23,13072.87,2025-04-03 04:39:54,2025-04-17 06:00:00
SKU02528,Exclusive disintermediate access,Books,WH-MUM,745,98,11126.39,2025-04-12 13:32:03,2025-04-17 06:00:00
SKU02529,Networked optimal encoding,Books,WH-MUM,747,71,9085.06,2025-04-16 06:11:27,2025-04-17 06:00:00
SKU02530,Innovative cohesive support,Home & Kitchen,WH-BLR,1219,84,11493.05,2025-04-14 04:58:33,2025-04-17 06:00:00
SKU02531,Visionary foreground project,Toys,WH-DEL,960,52,6637.97,2025-04-09 18:01:51,2025-04-17 06:00:00
SKU02532,Secured multimedia extranet,Sports,WH-DEL,1197,70,7776.59,2025-04-03 03:56:46,2025-04-17 06:00:00
SKU02533,Re-engineered motivating approach,Home & Kitchen,WH-CHE,1884,59,10416.26,2025-04-15 18:45:32,2025-04-17 06:00:00
SKU02534,Expanded full-range ability,Clothing,WH-CHE,1441,33,4918.59,2025-04-12 14:36:20,2025-04-17 06:00:00
SKU02535,Enhanced cohesive solution,Electronics,WH-CHE,260,41,791.91,2025-04-06 06:20:53,2025-04-17 06:00:00
SKU02536,Robust composite conglomeration,Clothing,WH-HYD,263,75,3221.56,2025-04-14 21:10:20,2025-04-17 06:00:00
SKU02537,Versatile zero tolerance throughput,Books,WH-HYD,536,12,7090.93,2025-04-04 19:13:42,2025-04-17 06:00:00
SKU02538,Down-sized leadingedge encoding,Clothing,WH-CHE,1552,78,3783.22,2025-04-07 23:15:49,2025-04-17 06:00:00
SKU02539,Pre-emptive client-driven analyzer,Clothing,WH-DEL,987,98,5427.61,2025-04-04 06:52:50,2025-04-17 06:00:00
SKU02540,Down-sized 5thgeneration encryption,Clothing,WH-BLR,353,18,7918.2,2025-04-15 07:57:13,2025-04-17 06:00:00
SKU02541,Stand-alone contextually-based matrix,Beauty,WH-DEL,1541,70,11957.63,2025-04-11 13:49:58,2025-04-17 06:00:00
SKU02542,Total incremental adapter,Beauty,WH-MUM,,29,5073.15,2025-04-06 08:13:33,2025-04-17 06:00:00
SKU02543,Virtual logistical definition,Beauty,WH-CHE,265,51,5454.89,2025-04-14 12:06:36,2025-04-17 06:00:00
SKU02544,Networked 4thgeneration Graphic Interface,Grocery,WH-HYD,1780,34,10039.3,2025-04-01 03:20:41,2025-04-17 06:00:00
SKU02545,Managed modular Internet solution,Home & Kitchen,WH-MUM,1120,87,11528.29,2025-04-06 09:47:19,2025-04-17 06:00:00
SKU02546,Triple-buffered eco-centric circuit,Books,WH-CHE,294,66,5384.38,2025-04-13 19:05:24,2025-04-17 06:00:00
SKU02547,Assimilated mission-critical workforce,Grocery,WH-MUM,1487,54,1602.86,2025-04-15 12:43:31,2025-04-17 06:00:00
SKU02548,Business-focused regional capacity,Toys,WH-MUM,1931,62,4539.8,2025-04-13 18:33:42,2025-04-17 06:00:00
SKU02549,Customer-focused logistical hardware,Sports,WH-BLR,1021,62,12764.86,2025-04-07 17:21:10,2025-04-17 06:00:00
SKU02550,User-centric systematic task-force,Beauty,WH-MUM,931,76,4848.33,2025-04-06 22:56:59,2025-04-17 06:00:00
SKU02551,Reactive homogeneous alliance,Clothing,WH-DEL,1890,80,11384.96,2025-04-09 13:53:01,2025-04-17 06:00:00
SKU02552,Enterprise-wide exuding strategy,Electronics,WH-CHE,100,71,7918.71,2025-04-08 16:08:12,2025-04-17 06:00:00
SKU02553,Robust client-server help-desk,Toys,WH-BLR,1676,13,11113.52,2025-04-09 05:08:34,2025-04-17 06:00:00
SKU02554,Multi-lateral static open architecture,Clothing,WH-CHE,655,11,9775.13,2025-04-03 15:25:21,2025-04-17 06:00:00
SKU02555,Switchable incremental analyzer,Electronics,WH-CHE,1314,97,8452.08,2025-04-11 04:56:23,2025-04-17 06:00:00
SKU02556,Optional 6thgeneration firmware,Grocery,WH-BLR,1646,42,8938.38,2025-04-13 03:00:28,2025-04-17 06:00:00
SKU02557,Stand-alone methodical concept,Toys,WH-HYD,434,78,1236.72,2025-04-14 07:15:51,2025-04-17 06:00:00
SKU02558,Fully-configurable radical implementation,Toys,WH-HYD,1699,91,5685.07,2025-04-08 04:14:40,2025-04-17 06:00:00
SKU02559,User-centric background function,Toys,WH-MUM,496,39,11453.77,2025-04-08 06:57:56,2025-04-17 06:00:00
SKU02560,Visionary radical knowledge user,Grocery,WH-CHE,1523,62,6668.15,2025-04-06 13:19:36,2025-04-17 06:00:00
SKU02561,Quality-focused bottom-line policy,Books,WH-MUM,1182,29,14292.46,2025-04-11 10:43:43,2025-04-17 06:00:00
SKU02562,Operative attitude-oriented capability,Home & Kitchen,WH-DEL,1261,54,7554.88,2025-04-01 00:18:07,2025-04-17 06:00:00
SKU02563,Versatile bifurcated hub,Home & Kitchen,WH-MUM,594,80,3317.73,2025-04-16 12:08:16,2025-04-17 06:00:00
SKU02564,Enterprise-wide grid-enabled software,Grocery,WH-DEL,641,51,3710.86,2025-04-04 23:52:48,2025-04-17 06:00:00
SKU02565,Secured real-time frame,Clothing,WH-BLR,17,91,9024.28,2025-04-01 02:16:29,2025-04-17 06:00:00
SKU02566,Compatible client-driven data-warehouse,Sports,WH-HYD,1539,13,7124.91,2025-04-16 03:41:20,2025-04-17 06:00:00
SKU02567,Reverse-engineered clear-thinking toolset,Grocery,WH-CHE,1313,64,12971.25,2025-04-04 23:26:48,2025-04-17 06:00:00
SKU02568,Secured non-volatile array,Clothing,WH-CHE,1944,72,4081.73,2025-04-11 22:39:59,2025-04-17 06:00:00
SKU02569,Multi-lateral logistical challenge,Books,WH-HYD,839,12,14648.77,2025-04-14 21:17:45,2025-04-17 06:00:00
SKU02570,Monitored methodical hub,Beauty,WH-CHE,1242,21,8729.97,2025-04-11 15:47:05,2025-04-17 06:00:00
SKU02571,Monitored explicit concept,Sports,WH-MUM,1475,59,7296.11,2025-04-11 13:53:36,2025-04-17 06:00:00
SKU02572,Implemented national array,Beauty,WH-CHE,903,77,3114.54,2025-04-09 11:55:59,2025-04-17 06:00:00
SKU02573,Face-to-face directional productivity,Grocery,WH-CHE,1036,97,12103.27,2025-04-09 09:45:59,2025-04-17 06:00:00
SKU02574,Universal optimizing superstructure,Beauty,WH-DEL,501,90,6817.62,2025-04-15 20:33:32,2025-04-17 06:00:00
SKU02575,Optional exuding core,Sports,WH-CHE,,59,14389.89,2025-04-02 13:35:08,2025-04-17 06:00:00
SKU02576,Synchronized homogeneous groupware,Toys,WH-BLR,1156,33,3685.22,2025-04-09 05:27:04,2025-04-17 06:00:00
SKU02577,Object-based empowering moderator,Grocery,WH-HYD,976,45,3802.07,2025-04-06 18:03:51,2025-04-17 06:00:00
SKU02578,Inverse high-level challenge,Grocery,WH-MUM,162,38,9621.14,2025-04-13 07:41:31,2025-04-17 06:00:00
SKU02579,Monitored multimedia benchmark,Sports,WH-BLR,910,59,7752.44,2025-04-02 18:21:19,2025-04-17 06:00:00
SKU02580,Enterprise-wide stable middleware,Clothing,WH-CHE,1548,76,13920.21,2025-04-12 09:15:21,2025-04-17 06:00:00
SKU02581,De-engineered zero-defect challenge,Beauty,WH-CHE,1213,38,5631.03,2025-04-04 01:53:07,2025-04-17 06:00:00
SKU02582,Fundamental bi-directional capability,Home & Kitchen,WH-DEL,82,17,12218.94,2025-04-08 20:33:41,2025-04-17 06:00:00
SKU02583,Multi-tiered exuding challenge,Electronics,WH-DEL,718,66,4829.35,2025-04-06 14:03:05,2025-04-17 06:00:00
SKU02584,Grass-roots leadingedge leverage,Toys,WH-BLR,746,14,4865.16,2025-04-08 19:52:52,2025-04-17 06:00:00
SKU02585,User-centric web-enabled encryption,Clothing,WH-BLR,567,33,8596.21,2025-04-08 01:11:57,2025-04-17 06:00:00
SKU02586,Multi-layered 5thgeneration infrastructure,Toys,WH-HYD,1346,23,1928.99,2025-04-04 06:29:11,2025-04-17 06:00:00
SKU02587,Virtual responsive firmware,Books,WH-DEL,505,62,9170.51,2025-04-09 03:52:15,2025-04-17 06:00:00
SKU02588,Persevering stable encoding,Books,WH-MUM,1796,57,3072.57,2025-04-15 20:49:33,2025-04-17 06:00:00
SKU02589,Self-enabling leadingedge monitoring,Grocery,WH-CHE,1857,95,4740.84,2025-04-14 03:33:51,2025-04-17 06:00:00
SKU02590,Distributed zero tolerance benchmark,Electronics,WH-MUM,1660,74,8576.31,2025-04-05 12:17:49,2025-04-17 06:00:00
SKU02591,Face-to-face maximized customer loyalty,Clothing,WH-DEL,1876,77,8936.45,2025-04-12 21:29:46,2025-04-17 06:00:00
SKU02592,Persevering 24hour challenge,Grocery,WH-HYD,666,74,11470.41,2025-04-16 19:36:29,2025-04-17 06:00:00
SKU02593,Persevering discrete workforce,Home & Kitchen,WH-HYD,1611,34,11685.1,2025-04-12 06:55:21,2025-04-17 06:00:00
SKU02594,Cross-group incremental alliance,Toys,WH-HYD,1204,68,3750.89,2025-04-06 07:51:48,2025-04-17 06:00:00
SKU02595,Decentralized demand-driven implementation,Books,WH-HYD,1731,62,13021.21,2025-04-01 15:51:35,2025-04-17 06:00:00
SKU02596,Enhanced holistic complexity,Grocery,WH-CHE,1021,51,9877.33,2025-04-09 03:08:17,2025-04-17 06:00:00
SKU02597,Monitored fresh-thinking instruction set,Electronics,WH-DEL,1544,97,11874.9,2025-04-16 14:20:01,2025-04-17 06:00:00
SKU02598,Multi-lateral actuating flexibility,Sports,WH-DEL,745,66,4197.75,2025-04-04 09:50:41,2025-04-17 06:00:00
SKU02599,Synergistic content-based service-desk,Toys,WH-DEL,1248,97,2398.32,2025-04-02 23:35:16,2025-04-17 06:00:00
SKU02600,Cross-group homogeneous array,Electronics,WH-MUM,1253,100,13939.74,2025-04-05 10:00:11,2025-04-17 06:00:00
SKU02601,Devolved hybrid archive,Home & Kitchen,WH-HYD,302,76,6101.18,2025-04-04 20:14:20,2025-04-17 06:00:00
SKU02602,Vision-oriented impactful core,Beauty,WH-DEL,486,52,4380.25,2025-04-16 01:50:50,2025-04-17 06:00:00
SKU02603,Profit-focused composite parallelism,Sports,WH-BLR,1511,64,10077.13,2025-04-13 03:11:54,2025-04-17 06:00:00
SKU02604,Extended non-volatile artificial intelligence,Clothing,WH-BLR,905,36,1061.93,2025-04-15 04:14:09,2025-04-17 06:00:00
SKU02605,Open-architected clear-thinking ability,Grocery,WH-BLR,1641,80,2510.63,2025-04-03 04:45:19,2025-04-17 06:00:00
SKU02606,Front-line exuding standardization,Grocery,WH-CHE,1036,48,10075.41,2025-04-01 04:09:46,2025-04-17 06:00:00
SKU02607,Ergonomic national moratorium,Grocery,WH-MUM,645,98,4973.5,2025-04-14 08:45:34,2025-04-17 06:00:00
SKU02608,Reverse-engineered 24/7 budgetary management,Electronics,WH-HYD,,53,5500.27,2025-04-16 00:21:12,2025-04-17 06:00:00
SKU02609,Synergized web-enabled open system,Grocery,WH-MUM,1068,89,2171.93,2025-04-10 00:05:55,2025-04-17 06:00:00
SKU02610,Organic fresh-thinking core,Electronics,WH-DEL,1517,54,11552.88,2025-04-02 23:48:35,2025-04-17 06:00:00
SKU02611,Ergonomic motivating focus group,Books,WH-CHE,837,63,12788.23,2025-04-11 21:13:54,2025-04-17 06:00:00
SKU02612,Digitized uniform orchestration,Home & Kitchen,WH-CHE,263,23,1019.15,2025-04-08 16:59:56,2025-04-17 06:00:00
SKU02613,Multi-layered background toolset,Toys,WH-HYD,1132,13,8235.27,2025-04-05 10:41:57,2025-04-17 06:00:00
SKU02614,Switchable zero-defect paradigm,Grocery,WH-BLR,1066,38,12982.54,2025-04-11 22:01:29,2025-04-17 06:00:00
SKU02615,Face-to-face client-driven help-desk,Home & Kitchen,WH-CHE,1966,31,1719.0,2025-04-08 12:41:34,2025-04-17 06:00:00
SKU02616,Operative reciprocal hardware,Clothing,WH-HYD,211,40,3379.29,2025-04-01 01:28:09,2025-04-17 06:00:00
SKU02617,Switchable intangible instruction set,Toys,WH-DEL,1159,77,10342.92,2025-04-10 00:41:36,2025-04-17 06:00:00
SKU02618,Customer-focused systemic workforce,Books,WH-BLR,1145,97,548.42,2025-04-13 04:21:16,2025-04-17 06:00:00
SKU02619,Customer-focused encompassing leverage,Books,WH-CHE,870,25,14667.77,2025-04-11 06:38:22,2025-04-17 06:00:00
SKU02620,Versatile local website,Grocery,WH-HYD,1097,64,2470.15,2025-04-09 03:43:04,2025-04-17 06:00:00
SKU02621,Enhanced disintermediate knowledge user,Toys,WH-HYD,817,71,736.62,2025-04-10 00:21:08,2025-04-17 06:00:00
SKU02622,Ergonomic system-worthy protocol,Beauty,WH-MUM,919,51,8483.62,2025-04-08 01:17:34,2025-04-17 06:00:00
SKU02623,Monitored exuding model,Clothing,WH-HYD,652,71,12172.71,2025-04-16 23:51:36,2025-04-17 06:00:00
SKU02624,User-friendly explicit ability,Home & Kitchen,WH-BLR,24,15,5339.18,2025-04-05 08:10:45,2025-04-17 06:00:00
SKU02625,Extended high-level collaboration,Beauty,WH-CHE,1644,93,10342.26,2025-04-15 22:10:34,2025-04-17 06:00:00
SKU02626,Ergonomic user-facing open architecture,Clothing,WH-BLR,1107,51,435.57,2025-04-13 19:55:51,2025-04-17 06:00:00
SKU02627,Re-engineered heuristic framework,Grocery,WH-HYD,701,74,2311.17,2025-04-08 02:04:46,2025-04-17 06:00:00
SKU02628,Intuitive human-resource collaboration,Beauty,WH-MUM,1288,15,11773.59,2025-04-13 18:38:50,2025-04-17 06:00:00
SKU02629,Ergonomic well-modulated hardware,Electronics,WH-DEL,1927,12,2336.09,2025-04-07 22:45:27,2025-04-17 06:00:00
SKU02630,Multi-tiered coherent orchestration,Clothing,WH-HYD,1616,48,5579.24,2025-04-15 01:47:21,2025-04-17 06:00:00
SKU02631,Face-to-face holistic encoding,Books,WH-DEL,776,76,1798.29,2025-04-03 21:15:14,2025-04-17 06:00:00
SKU02632,Centralized radical circuit,Toys,WH-DEL,1683,21,11509.57,2025-04-09 07:58:22,2025-04-17 06:00:00
SKU02633,Re-contextualized stable policy,Beauty,WH-HYD,1984,21,9463.81,2025-04-06 14:32:33,2025-04-17 06:00:00
SKU02634,Centralized motivating conglomeration,Sports,WH-HYD,564,94,298.86,2025-04-16 21:13:06,2025-04-17 06:00:00
SKU02635,Focused asynchronous budgetary management,Beauty,WH-BLR,84,52,723.33,2025-04-14 09:33:39,2025-04-17 06:00:00
SKU02636,Integrated global access,Sports,WH-CHE,1312,85,557.06,2025-04-04 08:15:43,2025-04-17 06:00:00
SKU02637,Secured web-enabled open architecture,Home & Kitchen,WH-HYD,47,83,9411.59,2025-04-16 02:54:23,2025-04-17 06:00:00
SKU02638,Diverse zero-defect project,Electronics,WH-BLR,787,87,13906.45,2025-04-08 11:16:39,2025-04-17 06:00:00
SKU02639,Public-key holistic initiative,Books,WH-BLR,1329,99,5013.9,2025-04-16 18:20:51,2025-04-17 06:00:00
SKU02640,Down-sized tertiary archive,Electronics,WH-HYD,461,37,13808.7,2025-04-14 15:38:05,2025-04-17 06:00:00
SKU02641,Expanded local array,Books,WH-MUM,,31,6081.58,2025-04-08 09:19:35,2025-04-17 06:00:00
SKU02642,Re-contextualized systematic ability,Beauty,WH-DEL,1044,72,4911.85,2025-04-01 22:21:31,2025-04-17 06:00:00
SKU02643,Networked uniform software,Books,WH-BLR,132,92,3573.9,2025-04-05 11:10:29,2025-04-17 06:00:00
SKU02644,Progressive uniform circuit,Sports,WH-CHE,1302,90,4118.6,2025-04-10 21:04:41,2025-04-17 06:00:00
SKU02645,Operative high-level interface,Toys,WH-CHE,1374,14,10550.1,2025-04-01 23:40:00,2025-04-17 06:00:00
SKU02646,Configurable impactful projection,Electronics,WH-CHE,433,100,3934.76,2025-04-14 07:41:00,2025-04-17 06:00:00
SKU02647,Exclusive intermediate success,Electronics,WH-CHE,1992,79,4134.72,2025-04-11 02:59:21,2025-04-17 06:00:00
SKU02648,Ergonomic methodical neural-net,Grocery,WH-BLR,1724,23,9497.9,2025-04-08 07:41:22,2025-04-17 06:00:00
SKU02649,Team-oriented clear-thinking help-desk,Electronics,WH-DEL,771,66,10327.0,2025-04-02 05:40:07,2025-04-17 06:00:00
SKU02650,Self-enabling user-facing service-desk,Grocery,WH-DEL,1019,85,3200.81,2025-04-13 03:54:11,2025-04-17 06:00:00
SKU02651,Universal mobile process improvement,Clothing,WH-HYD,1985,78,13318.72,2025-04-14 14:46:38,2025-04-17 06:00:00
SKU02652,Front-line optimal application,Clothing,WH-MUM,36,90,3382.03,2025-04-14 05:49:10,2025-04-17 06:00:00
SKU02653,Seamless 5thgeneration adapter,Sports,WH-MUM,222,80,5726.93,2025-04-03 07:53:00,2025-04-17 06:00:00
SKU02654,Multi-tiered maximized superstructure,Beauty,WH-BLR,780,51,867.0,2025-04-07 08:06:25,2025-04-17 06:00:00
SKU02655,Realigned optimal interface,Toys,WH-BLR,314,66,5806.58,2025-04-06 14:56:12,2025-04-17 06:00:00
SKU02656,Cross-group intangible instruction set,Clothing,WH-MUM,715,63,2364.07,2025-04-03 14:55:02,2025-04-17 06:00:00
SKU02657,Focused discrete structure,Home & Kitchen,WH-CHE,1215,67,6648.56,2025-04-10 13:54:26,2025-04-17 06:00:00
SKU02658,Inverse stable array,Home & Kitchen,WH-CHE,331,55,11565.64,2025-04-13 02:12:21,2025-04-17 06:00:00
SKU02659,Implemented impactful analyzer,Sports,WH-DEL,745,81,7349.82,2025-04-02 10:54:36,2025-04-17 06:00:00
SKU02660,Fully-configurable hybrid process improvement,Grocery,WH-MUM,1850,93,1840.01,2025-04-06 08:26:00,2025-04-17 06:00:00
SKU02661,Enhanced logistical moderator,Clothing,WH-HYD,1585,22,11388.75,2025-04-11 07:10:25,2025-04-17 06:00:00
SKU02662,Phased radical function,Electronics,WH-HYD,353,20,13412.4,2025-04-07 10:24:22,2025-04-17 06:00:00
SKU02663,Polarized high-level process improvement,Sports,WH-HYD,1836,52,6744.57,2025-04-01 21:29:27,2025-04-17 06:00:00
SKU02664,Business-focused web-enabled success,Sports,WH-BLR,214,33,3974.26,2025-04-11 10:34:29,2025-04-17 06:00:00
SKU02665,Pre-emptive heuristic superstructure,Sports,WH-CHE,706,91,4294.74,2025-04-04 11:33:23,2025-04-17 06:00:00
SKU02666,Phased motivating challenge,Toys,WH-BLR,585,42,11091.18,2025-04-03 02:16:47,2025-04-17 06:00:00
SKU02667,Multi-layered responsive access,Clothing,WH-HYD,1908,81,12536.6,2025-04-02 01:56:40,2025-04-17 06:00:00
SKU02668,Integrated high-level parallelism,Sports,WH-HYD,993,27,8944.31,2025-04-01 12:11:08,2025-04-17 06:00:00
SKU02669,Public-key full-range analyzer,Books,WH-MUM,1654,66,12168.24,2025-04-06 23:36:51,2025-04-17 06:00:00
SKU02670,Grass-roots radical function,Toys,WH-MUM,1507,49,13967.07,2025-04-05 05:08:25,2025-04-17 06:00:00
SKU02671,Reactive systematic throughput,Grocery,WH-HYD,4,46,10068.25,2025-04-03 22:31:32,2025-04-17 06:00:00
SKU02672,Secured mobile challenge,Sports,WH-BLR,1730,10,6576.55,2025-04-05 03:14:24,2025-04-17 06:00:00
SKU02673,Innovative bifurcated circuit,Toys,WH-BLR,389,34,10422.18,2025-04-07 20:31:06,2025-04-17 06:00:00
SKU02674,Up-sized bi-directional emulation,Home & Kitchen,WH-HYD,,21,4916.97,2025-04-14 12:28:05,2025-04-17 06:00:00
SKU02675,Proactive optimizing capacity,Books,WH-HYD,1934,29,2193.51,2025-04-03 03:25:46,2025-04-17 06:00:00
SKU02676,Streamlined 5thgeneration methodology,Books,WH-DEL,1922,98,8023.77,2025-04-09 17:45:53,2025-04-17 06:00:00
SKU02677,Customer-focused hybrid pricing structure,Beauty,WH-CHE,18,95,1132.29,2025-04-09 12:48:20,2025-04-17 06:00:00
SKU02678,Cloned motivating infrastructure,Sports,WH-BLR,1783,28,13949.51,2025-04-12 16:20:39,2025-04-17 06:00:00
SKU02679,Multi-tiered even-keeled encryption,Beauty,WH-CHE,823,74,149.09,2025-04-16 12:01:07,2025-04-17 06:00:00
SKU02680,Mandatory fault-tolerant instruction set,Electronics,WH-CHE,560,32,7682.78,2025-04-01 07:42:55,2025-04-17 06:00:00
SKU02681,Configurable exuding database,Grocery,WH-MUM,147,60,2387.5,2025-04-05 13:36:13,2025-04-17 06:00:00
SKU02682,Multi-layered human-resource functionalities,Books,WH-MUM,1417,94,4637.45,2025-04-16 00:11:15,2025-04-17 06:00:00
SKU02683,Virtual empowering pricing structure,Books,WH-DEL,1917,41,7356.26,2025-04-04 16:13:25,2025-04-17 06:00:00
SKU02684,Object-based high-level artificial intelligence,Toys,WH-MUM,924,41,7074.44,2025-04-04 18:05:26,2025-04-17 06:00:00
SKU02685,Networked upward-trending framework,Toys,WH-HYD,915,66,1924.34,2025-04-08 01:45:52,2025-04-17 06:00:00
SKU02686,Profit-focused multi-tasking open system,Toys,WH-CHE,687,75,13237.22,2025-04-04 00:00:52,2025-04-17 06:00:00
SKU02687,Exclusive hybrid secured line,Sports,WH-HYD,1100,91,11446.63,2025-04-12 02:41:25,2025-04-17 06:00:00
SKU02688,Multi-tiered web-enabled algorithm,Sports,WH-CHE,309,47,8774.37,2025-04-07 12:24:16,2025-04-17 06:00:00
SKU02689,Triple-buffered dynamic matrices,Books,WH-HYD,412,72,11821.11,2025-04-09 09:53:46,2025-04-17 06:00:00
SKU02690,Decentralized bi-directional customer loyalty,Grocery,WH-HYD,1774,62,2396.9,2025-04-13 05:58:13,2025-04-17 06:00:00
SKU02691,Horizontal intangible encryption,Sports,WH-DEL,1236,97,10654.29,2025-04-09 00:26:00,2025-04-17 06:00:00
SKU02692,Automated encompassing implementation,Books,WH-HYD,865,92,6094.85,2025-04-13 04:05:03,2025-04-17 06:00:00
SKU02693,Future-proofed coherent portal,Books,WH-MUM,65,19,11460.68,2025-04-10 15:10:18,2025-04-17 06:00:00
SKU02694,Profit-focused grid-enabled neural-net,Clothing,WH-MUM,1456,23,13534.03,2025-04-12 17:45:15,2025-04-17 06:00:00
SKU02695,Devolved holistic neural-net,Grocery,WH-MUM,699,48,8973.25,2025-04-02 00:01:07,2025-04-17 06:00:00
SKU02696,Horizontal client-server toolset,Books,WH-MUM,1093,34,8340.94,2025-04-05 20:20:12,2025-04-17 06:00:00
SKU02697,Assimilated directional process improvement,Clothing,WH-DEL,1629,75,9830.07,2025-04-01 09:09:35,2025-04-17 06:00:00
SKU02698,Cloned systematic database,Clothing,WH-CHE,572,11,6000.3,2025-04-04 19:45:42,2025-04-17 06:00:00
SKU02699,Future-proofed 3rdgeneration concept,Books,WH-DEL,1101,25,6379.45,2025-04-15 11:46:22,2025-04-17 06:00:00
SKU02700,Cross-platform full-range process improvement,Books,WH-CHE,1713,92,7535.96,2025-04-09 20:50:24,2025-04-17 06:00:00
SKU02701,Adaptive eco-centric capability,Books,WH-BLR,724,95,1125.84,2025-04-06 20:22:29,2025-04-17 06:00:00
SKU02702,Automated homogeneous interface,Grocery,WH-BLR,193,72,8185.45,2025-04-06 23:20:46,2025-04-17 06:00:00
SKU02703,Pre-emptive bi-directional leverage,Sports,WH-BLR,1761,84,12146.34,2025-04-03 01:12:04,2025-04-17 06:00:00
SKU02704,Front-line non-volatile throughput,Electronics,WH-HYD,1586,11,10122.56,2025-04-13 03:20:02,2025-04-17 06:00:00
SKU02705,Team-oriented heuristic core,Toys,WH-HYD,482,55,12698.18,2025-04-02 10:43:19,2025-04-17 06:00:00
SKU02706,Upgradable hybrid instruction set,Sports,WH-MUM,1946,62,5987.81,2025-04-16 20:24:45,2025-04-17 06:00:00
SKU02707,Open-source actuating extranet,Home & Kitchen,WH-HYD,,80,12155.6,2025-04-16 12:18:04,2025-04-17 06:00:00
SKU02708,Integrated needs-based contingency,Home & Kitchen,WH-BLR,1891,23,2211.88,2025-04-16 11:51:10,2025-04-17 06:00:00
SKU02709,Organized maximized functionalities,Home & Kitchen,WH-HYD,1830,92,13038.93,2025-04-03 09:50:45,2025-04-17 06:00:00
SKU02710,Virtual zero-defect extranet,Books,WH-HYD,1956,26,5093.39,2025-04-02 13:54:00,2025-04-17 06:00:00
SKU02711,Cloned optimal circuit,Electronics,WH-DEL,67,51,7964.02,2025-04-12 15:39:34,2025-04-17 06:00:00
SKU02712,Polarized 5thgeneration strategy,Grocery,WH-HYD,36,27,13852.28,2025-04-15 22:20:17,2025-04-17 06:00:00
SKU02713,Business-focused incremental instruction set,Clothing,WH-HYD,1252,92,605.7,2025-04-09 14:06:50,2025-04-17 06:00:00
SKU02714,Intuitive global moderator,Home & Kitchen,WH-CHE,865,60,13015.52,2025-04-11 03:44:07,2025-04-17 06:00:00
SKU02715,Expanded next generation encoding,Beauty,WH-MUM,1092,63,791.78,2025-04-14 09:45:51,2025-04-17 06:00:00
SKU02716,Upgradable methodical orchestration,Clothing,WH-MUM,1141,24,11453.86,2025-04-08 01:28:03,2025-04-17 06:00:00
SKU02717,Devolved radical solution,Electronics,WH-HYD,462,35,6665.74,2025-04-02 07:24:31,2025-04-17 06:00:00
SKU02718,Quality-focused web-enabled workforce,Grocery,WH-MUM,574,84,1287.22,2025-04-01 10:25:18,2025-04-17 06:00:00
SKU02719,Reverse-engineered logistical Graphical User Inter,Books,WH-MUM,1234,13,9305.86,2025-04-02 06:19:14,2025-04-17 06:00:00
SKU02720,Networked tangible focus group,Beauty,WH-HYD,1513,32,12690.51,2025-04-10 15:44:15,2025-04-17 06:00:00
SKU02721,Future-proofed leadingedge help-desk,Electronics,WH-MUM,1295,93,7261.52,2025-04-07 21:45:34,2025-04-17 06:00:00
SKU02722,Robust needs-based algorithm,Grocery,WH-BLR,1690,93,4316.98,2025-04-11 21:29:37,2025-04-17 06:00:00
SKU02723,Programmable motivating application,Home & Kitchen,WH-HYD,344,39,993.51,2025-04-13 22:27:55,2025-04-17 06:00:00
SKU02724,Organized bi-directional Graphical User Interface,Clothing,WH-MUM,1923,29,13351.88,2025-04-15 11:13:36,2025-04-17 06:00:00
SKU02725,Extended explicit orchestration,Books,WH-HYD,1177,95,2635.16,2025-04-05 05:44:35,2025-04-17 06:00:00
SKU02726,Organized global emulation,Beauty,WH-BLR,229,85,3876.04,2025-04-07 00:56:56,2025-04-17 06:00:00
SKU02727,Decentralized dynamic parallelism,Sports,WH-BLR,1809,47,7365.08,2025-04-06 16:44:12,2025-04-17 06:00:00
SKU02728,Total mission-critical workforce,Clothing,WH-BLR,822,56,7612.61,2025-04-15 13:36:54,2025-04-17 06:00:00
SKU02729,Virtual heuristic artificial intelligence,Sports,WH-DEL,106,70,6845.1,2025-04-16 06:31:13,2025-04-17 06:00:00
SKU02730,Face-to-face bifurcated workforce,Home & Kitchen,WH-HYD,552,37,11059.86,2025-04-10 16:53:26,2025-04-17 06:00:00
SKU02731,Profit-focused exuding contingency,Toys,WH-CHE,1711,40,14805.5,2025-04-12 14:28:44,2025-04-17 06:00:00
SKU02732,Secured grid-enabled implementation,Beauty,WH-BLR,1307,92,5424.16,2025-04-01 09:56:34,2025-04-17 06:00:00
SKU02733,Streamlined mobile intranet,Sports,WH-CHE,688,41,12482.11,2025-04-14 02:22:34,2025-04-17 06:00:00
SKU02734,Public-key explicit productivity,Grocery,WH-HYD,27,69,5445.01,2025-04-01 18:15:43,2025-04-17 06:00:00
SKU02735,Centralized asymmetric functionalities,Electronics,WH-HYD,236,28,10989.6,2025-04-03 07:20:08,2025-04-17 06:00:00
SKU02736,Enhanced reciprocal service-desk,Clothing,WH-BLR,1568,85,11914.32,2025-04-13 03:27:35,2025-04-17 06:00:00
SKU02737,Phased analyzing data-warehouse,Electronics,WH-MUM,429,24,4277.16,2025-04-10 02:18:47,2025-04-17 06:00:00
SKU02738,User-centric logistical artificial intelligence,Toys,WH-DEL,541,24,8731.26,2025-04-02 04:24:19,2025-04-17 06:00:00
SKU02739,Pre-emptive logistical function,Clothing,WH-DEL,63,89,4720.12,2025-04-05 20:26:52,2025-04-17 06:00:00
SKU02740,Reactive fresh-thinking Local Area Network,Books,WH-HYD,,31,4936.79,2025-04-05 05:26:57,2025-04-17 06:00:00
SKU02741,Managed client-driven open architecture,Toys,WH-MUM,1161,19,865.65,2025-04-10 09:52:26,2025-04-17 06:00:00
SKU02742,Business-focused content-based function,Sports,WH-HYD,791,39,2000.27,2025-04-06 14:37:37,2025-04-17 06:00:00
SKU02743,Synchronized homogeneous support,Clothing,WH-DEL,599,80,5718.15,2025-04-04 18:58:18,2025-04-17 06:00:00
SKU02744,Managed maximized analyzer,Books,WH-HYD,130,20,1625.79,2025-04-11 21:29:25,2025-04-17 06:00:00
SKU02745,Team-oriented intermediate archive,Clothing,WH-BLR,1192,50,9050.88,2025-04-12 06:56:47,2025-04-17 06:00:00
SKU02746,Enhanced real-time Graphic Interface,Sports,WH-DEL,1561,87,740.71,2025-04-16 10:59:09,2025-04-17 06:00:00
SKU02747,Advanced national data-warehouse,Beauty,WH-CHE,150,100,481.18,2025-04-01 06:45:57,2025-04-17 06:00:00
SKU02748,Innovative modular framework,Electronics,WH-BLR,1550,62,12630.5,2025-04-11 16:53:13,2025-04-17 06:00:00
SKU02749,Cloned asynchronous Internet solution,Books,WH-HYD,322,38,9583.43,2025-04-09 20:30:44,2025-04-17 06:00:00
SKU02750,Versatile systematic utilization,Beauty,WH-HYD,1637,40,1351.07,2025-04-09 18:35:43,2025-04-17 06:00:00
SKU02751,Pre-emptive cohesive benchmark,Home & Kitchen,WH-DEL,491,29,3992.81,2025-04-05 12:11:22,2025-04-17 06:00:00
SKU02752,Reactive maximized knowledge user,Toys,WH-DEL,200,60,7210.11,2025-04-11 01:17:48,2025-04-17 06:00:00
SKU02753,Cross-group fault-tolerant forecast,Beauty,WH-MUM,44,47,11150.24,2025-04-15 02:31:35,2025-04-17 06:00:00
SKU02754,Mandatory intangible customer loyalty,Home & Kitchen,WH-HYD,750,66,14504.58,2025-04-11 18:31:44,2025-04-17 06:00:00
SKU02755,Front-line local focus group,Sports,WH-CHE,616,15,1263.24,2025-04-09 21:54:51,2025-04-17 06:00:00
SKU02756,Open-source contextually-based forecast,Grocery,WH-MUM,690,29,1327.48,2025-04-04 02:51:34,2025-04-17 06:00:00
SKU02757,Persevering 6thgeneration emulation,Grocery,WH-CHE,1278,73,12962.96,2025-04-09 10:39:08,2025-04-17 06:00:00
SKU02758,Triple-buffered dedicated flexibility,Home & Kitchen,WH-BLR,249,77,5936.79,2025-04-12 06:38:35,2025-04-17 06:00:00
SKU02759,Polarized full-range emulation,Clothing,WH-CHE,1492,41,6045.61,2025-04-03 09:27:29,2025-04-17 06:00:00
SKU02760,Exclusive context-sensitive synergy,Grocery,WH-DEL,649,21,14563.53,2025-04-02 14:51:01,2025-04-17 06:00:00
SKU02761,Customer-focused asymmetric parallelism,Sports,WH-DEL,538,30,2479.11,2025-04-08 02:32:47,2025-04-17 06:00:00
SKU02762,Distributed discrete frame,Sports,WH-BLR,1816,63,14910.31,2025-04-11 16:05:08,2025-04-17 06:00:00
SKU02763,Horizontal even-keeled help-desk,Books,WH-MUM,1377,66,1161.73,2025-04-02 19:18:53,2025-04-17 06:00:00
SKU02764,Persistent systemic workforce,Grocery,WH-BLR,1812,21,13440.74,2025-04-14 22:00:32,2025-04-17 06:00:00
SKU02765,Universal attitude-oriented productivity,Electronics,WH-CHE,823,51,10251.78,2025-04-08 12:44:33,2025-04-17 06:00:00
SKU02766,Multi-channeled fault-tolerant adapter,Beauty,WH-BLR,1111,70,9837.08,2025-04-01 02:51:46,2025-04-17 06:00:00
SKU02767,Versatile human-resource throughput,Books,WH-DEL,1828,93,3849.79,2025-04-03 04:52:20,2025-04-17 06:00:00
SKU02768,Robust 3rdgeneration structure,Grocery,WH-DEL,1856,69,6079.59,2025-04-01 16:51:04,2025-04-17 06:00:00
SKU02769,Self-enabling holistic policy,Toys,WH-DEL,1331,24,1608.78,2025-04-03 12:18:35,2025-04-17 06:00:00
SKU02770,Managed even-keeled definition,Home & Kitchen,WH-MUM,1090,21,6806.43,2025-04-13 16:17:21,2025-04-17 06:00:00
SKU02771,Function-based impactful process improvement,Clothing,WH-MUM,60,50,6853.4,2025-04-12 09:52:11,2025-04-17 06:00:00
SKU02772,Secured contextually-based task-force,Toys,WH-HYD,1717,43,5396.96,2025-04-01 07:06:57,2025-04-17 06:00:00
SKU02773,Compatible interactive support,Electronics,WH-BLR,,47,1001.59,2025-04-04 03:39:38,2025-04-17 06:00:00
SKU02774,Cloned multimedia productivity,Toys,WH-HYD,1453,80,10855.84,2025-04-04 14:32:17,2025-04-17 06:00:00
SKU02775,Future-proofed actuating capacity,Sports,WH-BLR,862,36,1173.05,2025-04-07 14:00:20,2025-04-17 06:00:00
SKU02776,Customizable bi-directional hierarchy,Home & Kitchen,WH-DEL,1353,25,4579.21,2025-04-07 03:39:43,2025-04-17 06:00:00
SKU02777,Multi-layered radical website,Grocery,WH-HYD,597,65,4790.7,2025-04-04 12:10:25,2025-04-17 06:00:00
SKU02778,Progressive holistic system engine,Sports,WH-MUM,1081,26,13648.13,2025-04-06 13:17:59,2025-04-17 06:00:00
SKU02779,Diverse well-modulated help-desk,Electronics,WH-BLR,1832,26,9681.1,2025-04-02 18:41:33,2025-04-17 06:00:00
SKU02780,Organic grid-enabled Graphical User Interface,Clothing,WH-BLR,1046,61,6369.8,2025-04-02 07:55:53,2025-04-17 06:00:00
SKU02781,Up-sized bi-directional portal,Books,WH-CHE,1944,54,7801.87,2025-04-03 08:58:13,2025-04-17 06:00:00
SKU02782,Networked leadingedge capability,Beauty,WH-BLR,487,98,9220.06,2025-04-11 06:09:52,2025-04-17 06:00:00
SKU02783,Adaptive background function,Toys,WH-HYD,132,46,4813.1,2025-04-11 07:23:55,2025-04-17 06:00:00
SKU02784,Mandatory empowering artificial intelligence,Sports,WH-MUM,1559,22,4905.04,2025-04-11 12:19:52,2025-04-17 06:00:00
SKU02785,Switchable motivating matrices,Sports,WH-DEL,644,65,8728.3,2025-04-01 19:39:02,2025-04-17 06:00:00
SKU02786,Persevering client-server forecast,Beauty,WH-DEL,589,22,9701.33,2025-04-06 04:11:41,2025-04-17 06:00:00
SKU02787,Secured analyzing moderator,Grocery,WH-DEL,1901,38,14706.98,2025-04-16 13:54:39,2025-04-17 06:00:00
SKU02788,Assimilated local function,Sports,WH-MUM,1521,90,9629.47,2025-04-03 13:16:31,2025-04-17 06:00:00
SKU02789,Function-based zero-defect collaboration,Electronics,WH-CHE,1112,97,14199.86,2025-04-02 02:30:47,2025-04-17 06:00:00
SKU02790,Pre-emptive background Internet solution,Grocery,WH-BLR,1180,67,8056.15,2025-04-10 02:53:05,2025-04-17 06:00:00
SKU02791,Operative analyzing project,Electronics,WH-CHE,1639,39,1716.56,2025-04-01 07:58:31,2025-04-17 06:00:00
SKU02792,Grass-roots 6thgeneration groupware,Sports,WH-BLR,1379,91,1641.84,2025-04-07 18:07:38,2025-04-17 06:00:00
SKU02793,Versatile system-worthy monitoring,Sports,WH-HYD,1715,40,7352.38,2025-04-06 18:42:49,2025-04-17 06:00:00
SKU02794,Versatile disintermediate productivity,Sports,WH-CHE,760,70,10546.91,2025-04-07 00:49:31,2025-04-17 06:00:00
SKU02795,Phased modular flexibility,Toys,WH-DEL,978,22,11397.89,2025-04-11 08:29:44,2025-04-17 06:00:00
SKU02796,Networked multimedia collaboration,Beauty,WH-BLR,1947,40,2385.74,2025-04-02 20:33:58,2025-04-17 06:00:00
SKU02797,Decentralized zero-defect collaboration,Grocery,WH-DEL,654,42,11965.43,2025-04-01 02:23:12,2025-04-17 06:00:00
SKU02798,Self-enabling clear-thinking synergy,Books,WH-DEL,169,76,7132.84,2025-04-08 22:46:02,2025-04-17 06:00:00
SKU02799,Multi-tiered bi-directional moderator,Toys,WH-HYD,1426,44,8377.28,2025-04-16 15:18:38,2025-04-17 06:00:00
SKU02800,Open-source non-volatile capability,Electronics,WH-MUM,734,82,11079.39,2025-04-01 12:22:36,2025-04-17 06:00:00
SKU02801,Reactive local projection,Beauty,WH-BLR,1345,14,10877.68,2025-04-15 12:55:16,2025-04-17 06:00:00
SKU02802,Focused maximized moderator,Beauty,WH-MUM,1168,74,7272.23,2025-04-02 15:16:31,2025-04-17 06:00:00
SKU02803,Streamlined grid-enabled process improvement,Sports,WH-HYD,313,60,6731.34,2025-04-13 06:22:26,2025-04-17 06:00:00
SKU02804,Reactive coherent core,Electronics,WH-CHE,420,87,5981.09,2025-04-16 09:58:33,2025-04-17 06:00:00
SKU02805,Innovative mobile functionalities,Home & Kitchen,WH-DEL,872,21,4355.9,2025-04-15 11:40:37,2025-04-17 06:00:00
SKU02806,Phased radical infrastructure,Beauty,WH-HYD,,32,12934.44,2025-04-12 20:15:42,2025-04-17 06:00:00
SKU02807,Up-sized zero-defect hierarchy,Electronics,WH-DEL,1091,60,7682.31,2025-04-13 04:36:44,2025-04-17 06:00:00
SKU02808,Compatible fresh-thinking strategy,Books,WH-MUM,251,95,1381.0,2025-04-03 20:35:39,2025-04-17 06:00:00
SKU02809,Down-sized motivating open system,Grocery,WH-CHE,680,27,14051.44,2025-04-14 10:58:02,2025-04-17 06:00:00
SKU02810,Face-to-face secondary encoding,Home & Kitchen,WH-MUM,1803,36,11688.68,2025-04-06 20:38:07,2025-04-17 06:00:00
SKU02811,Down-sized tangible service-desk,Clothing,WH-HYD,799,73,2821.39,2025-04-04 07:48:36,2025-04-17 06:00:00
SKU02812,Upgradable uniform help-desk,Beauty,WH-MUM,1413,76,84.52,2025-04-09 08:24:51,2025-04-17 06:00:00
SKU02813,Open-architected didactic neural-net,Toys,WH-HYD,358,99,1893.13,2025-04-03 19:38:56,2025-04-17 06:00:00
SKU02814,Future-proofed exuding approach,Sports,WH-MUM,571,73,1424.34,2025-04-16 20:13:51,2025-04-17 06:00:00
SKU02815,Reverse-engineered bi-directional superstructure,Grocery,WH-BLR,412,93,2870.0,2025-04-12 22:33:04,2025-04-17 06:00:00
SKU02816,Synergized bi-directional help-desk,Books,WH-BLR,1767,33,10508.09,2025-04-03 10:58:17,2025-04-17 06:00:00
SKU02817,Polarized exuding alliance,Sports,WH-CHE,24,42,10850.32,2025-04-05 11:50:57,2025-04-17 06:00:00
SKU02818,Object-based scalable access,Electronics,WH-HYD,488,43,6617.34,2025-04-03 17:12:21,2025-04-17 06:00:00
SKU02819,Re-contextualized local collaboration,Beauty,WH-DEL,932,89,9759.77,2025-04-15 23:06:15,2025-04-17 06:00:00
SKU02820,Right-sized systemic instruction set,Sports,WH-BLR,103,82,2194.94,2025-04-04 07:11:30,2025-04-17 06:00:00
SKU02821,Ameliorated 5thgeneration knowledgebase,Beauty,WH-DEL,1781,83,3432.06,2025-04-09 20:07:28,2025-04-17 06:00:00
SKU02822,Organized coherent database,Beauty,WH-CHE,1513,72,10351.85,2025-04-12 23:59:29,2025-04-17 06:00:00
SKU02823,Inverse explicit algorithm,Books,WH-MUM,1375,72,5960.95,2025-04-06 02:49:56,2025-04-17 06:00:00
SKU02824,Pre-emptive value-added Internet solution,Grocery,WH-MUM,929,38,8795.32,2025-04-13 15:15:17,2025-04-17 06:00:00
SKU02825,Visionary national paradigm,Clothing,WH-DEL,1394,26,6363.02,2025-04-15 03:37:09,2025-04-17 06:00:00
SKU02826,Open-source uniform standardization,Home & Kitchen,WH-DEL,656,23,1321.76,2025-04-16 10:52:15,2025-04-17 06:00:00
SKU02827,Universal impactful function,Clothing,WH-DEL,424,23,3628.73,2025-04-01 17:06:56,2025-04-17 06:00:00
SKU02828,Reduced executive matrices,Grocery,WH-DEL,763,32,4956.19,2025-04-07 07:32:20,2025-04-17 06:00:00
SKU02829,Multi-lateral dynamic middleware,Toys,WH-CHE,571,46,14616.47,2025-04-03 12:20:38,2025-04-17 06:00:00
SKU02830,Virtual non-volatile Graphical User Interface,Home & Kitchen,WH-MUM,1685,33,3206.38,2025-04-06 12:54:19,2025-04-17 06:00:00
SKU02831,Fundamental actuating extranet,Home & Kitchen,WH-HYD,1142,41,13599.91,2025-04-13 17:05:25,2025-04-17 06:00:00
SKU02832,Quality-focused regional utilization,Beauty,WH-HYD,1761,17,13302.94,2025-04-14 23:15:55,2025-04-17 06:00:00
SKU02833,Customer-focused 3rdgeneration intranet,Sports,WH-DEL,1701,41,3147.63,2025-04-12 15:38:33,2025-04-17 06:00:00
SKU02834,Switchable real-time analyzer,Electronics,WH-BLR,1996,81,14760.51,2025-04-11 16:05:21,2025-04-17 06:00:00
SKU02835,Polarized dedicated Internet solution,Books,WH-DEL,347,38,7221.89,2025-04-03 17:00:55,2025-04-17 06:00:00
SKU02836,Reverse-engineered fault-tolerant database,Toys,WH-CHE,1516,33,12245.58,2025-04-04 09:52:53,2025-04-17 06:00:00
SKU02837,Organized client-server task-force,Toys,WH-DEL,1056,89,9760.06,2025-04-15 11:13:42,2025-04-17 06:00:00
SKU02838,Focused encompassing capacity,Books,WH-DEL,762,89,6723.28,2025-04-06 15:04:58,2025-04-17 06:00:00
SKU02839,Synergistic regional protocol,Clothing,WH-CHE,,48,13884.85,2025-04-07 13:15:40,2025-04-17 06:00:00
SKU02840,Reactive static knowledge user,Books,WH-HYD,404,91,8127.67,2025-04-07 18:07:30,2025-04-17 06:00:00
SKU02841,Versatile exuding firmware,Grocery,WH-MUM,1646,79,13324.06,2025-04-03 23:49:41,2025-04-17 06:00:00
SKU02842,Diverse full-range utilization,Clothing,WH-HYD,427,17,3388.81,2025-04-07 01:45:22,2025-04-17 06:00:00
SKU02843,Enhanced 5thgeneration alliance,Sports,WH-BLR,627,50,5965.54,2025-04-08 11:45:52,2025-04-17 06:00:00
SKU02844,Progressive upward-trending customer loyalty,Electronics,WH-DEL,999,11,6622.34,2025-04-08 18:55:19,2025-04-17 06:00:00
SKU02845,Grass-roots foreground info-mediaries,Books,WH-CHE,659,76,13777.36,2025-04-04 03:49:43,2025-04-17 06:00:00
SKU02846,Proactive actuating challenge,Books,WH-DEL,1130,95,13762.43,2025-04-04 00:25:15,2025-04-17 06:00:00
SKU02847,Exclusive global budgetary management,Electronics,WH-MUM,1661,82,10032.86,2025-04-16 19:45:53,2025-04-17 06:00:00
SKU02848,Distributed explicit focus group,Books,WH-DEL,659,27,7786.24,2025-04-13 23:37:35,2025-04-17 06:00:00
SKU02849,Realigned high-level attitude,Sports,WH-CHE,1211,31,7407.71,2025-04-09 06:25:13,2025-04-17 06:00:00
SKU02850,Digitized explicit approach,Grocery,WH-HYD,448,18,11058.0,2025-04-10 00:10:49,2025-04-17 06:00:00
SKU02851,Implemented upward-trending workforce,Toys,WH-BLR,205,40,11563.66,2025-04-06 06:02:29,2025-04-17 06:00:00
SKU02852,Seamless human-resource array,Electronics,WH-HYD,33,62,6721.41,2025-04-11 02:23:29,2025-04-17 06:00:00
SKU02853,Decentralized maximized hierarchy,Grocery,WH-HYD,1823,37,959.77,2025-04-06 15:41:25,2025-04-17 06:00:00
SKU02854,Cloned tertiary alliance,Clothing,WH-DEL,1615,65,1543.04,2025-04-03 06:21:01,2025-04-17 06:00:00
SKU02855,Focused reciprocal pricing structure,Clothing,WH-BLR,1208,53,14838.67,2025-04-06 08:17:11,2025-04-17 06:00:00
SKU02856,Right-sized multi-state algorithm,Electronics,WH-MUM,1003,24,8944.8,2025-04-05 14:51:55,2025-04-17 06:00:00
SKU02857,Business-focused bottom-line ability,Sports,WH-HYD,471,73,10293.42,2025-04-16 02:47:21,2025-04-17 06:00:00
SKU02858,Open-architected object-oriented installation,Clothing,WH-MUM,17,72,14589.32,2025-04-14 21:21:06,2025-04-17 06:00:00
SKU02859,Organic 6thgeneration protocol,Books,WH-CHE,199,84,460.85,2025-04-04 07:52:54,2025-04-17 06:00:00
SKU02860,Front-line optimizing array,Electronics,WH-BLR,587,76,13447.53,2025-04-04 03:29:30,2025-04-17 06:00:00
SKU02861,Operative background moratorium,Electronics,WH-DEL,1651,60,7178.43,2025-04-05 10:19:15,2025-04-17 06:00:00
SKU02862,Programmable zero tolerance middleware,Sports,WH-BLR,1418,26,6759.05,2025-04-08 05:55:13,2025-04-17 06:00:00
SKU02863,Horizontal hybrid collaboration,Toys,WH-HYD,1908,41,8405.26,2025-04-04 13:53:05,2025-04-17 06:00:00
SKU02864,Vision-oriented directional capacity,Beauty,WH-BLR,1886,17,13192.22,2025-04-11 07:20:49,2025-04-17 06:00:00
SKU02865,Innovative homogeneous workforce,Beauty,WH-CHE,1178,13,12525.45,2025-04-09 03:19:11,2025-04-17 06:00:00
SKU02866,Progressive encompassing flexibility,Books,WH-HYD,1874,89,5799.62,2025-04-16 10:20:34,2025-04-17 06:00:00
SKU02867,Reduced secondary knowledgebase,Clothing,WH-HYD,1667,30,1984.31,2025-04-01 19:55:35,2025-04-17 06:00:00
SKU02868,Function-based incremental Internet solution,Beauty,WH-CHE,1664,12,7176.45,2025-04-06 16:24:17,2025-04-17 06:00:00
SKU02869,Synchronized clear-thinking capability,Beauty,WH-BLR,1437,11,10445.08,2025-04-14 00:53:20,2025-04-17 06:00:00
SKU02870,Decentralized actuating hierarchy,Clothing,WH-HYD,1543,79,8547.13,2025-04-07 09:14:23,2025-04-17 06:00:00
SKU02871,Stand-alone global info-mediaries,Sports,WH-HYD,668,99,4861.41,2025-04-14 01:46:27,2025-04-17 06:00:00
SKU02872,Polarized uniform matrices,Clothing,WH-BLR,,47,12374.36,2025-04-05 12:01:56,2025-04-17 06:00:00
SKU02873,Enterprise-wide analyzing access,Electronics,WH-DEL,533,91,14547.51,2025-04-09 18:37:32,2025-04-17 06:00:00
SKU02874,Robust mission-critical protocol,Clothing,WH-BLR,1886,98,14607.49,2025-04-08 21:48:36,2025-04-17 06:00:00
SKU02875,Compatible intermediate infrastructure,Toys,WH-DEL,574,82,7290.96,2025-04-05 05:31:51,2025-04-17 06:00:00
SKU02876,Vision-oriented neutral Graphical User Interface,Electronics,WH-HYD,806,50,1799.8,2025-04-15 14:21:05,2025-04-17 06:00:00
SKU02877,Multi-channeled secondary array,Books,WH-DEL,49,38,579.75,2025-04-07 06:00:05,2025-04-17 06:00:00
SKU02878,Advanced zero tolerance product,Clothing,WH-BLR,68,90,4583.16,2025-04-14 01:53:58,2025-04-17 06:00:00
SKU02879,Upgradable fault-tolerant array,Electronics,WH-DEL,980,83,5844.6,2025-04-02 18:02:12,2025-04-17 06:00:00
SKU02880,Integrated zero-defect throughput,Sports,WH-HYD,556,55,11762.25,2025-04-08 12:11:50,2025-04-17 06:00:00
SKU02881,Managed zero tolerance neural-net,Sports,WH-DEL,100,15,133.08,2025-04-08 03:08:59,2025-04-17 06:00:00
SKU02882,Profit-focused secondary concept,Electronics,WH-HYD,1460,42,386.35,2025-04-09 17:00:26,2025-04-17 06:00:00
SKU02883,Compatible exuding success,Sports,WH-CHE,788,37,9367.89,2025-04-08 04:15:08,2025-04-17 06:00:00
SKU02884,Profound next generation intranet,Grocery,WH-HYD,739,12,5297.55,2025-04-07 20:18:30,2025-04-17 06:00:00
SKU02885,Fundamental high-level task-force,Home & Kitchen,WH-HYD,811,27,12902.18,2025-04-08 16:13:56,2025-04-17 06:00:00
SKU02886,Business-focused 24/7 Internet solution,Grocery,WH-MUM,170,77,6359.67,2025-04-01 23:01:25,2025-04-17 06:00:00
SKU02887,Focused contextually-based budgetary management,Grocery,WH-DEL,1512,21,9056.45,2025-04-13 07:25:55,2025-04-17 06:00:00
SKU02888,Inverse 4thgeneration migration,Clothing,WH-DEL,1827,59,2601.04,2025-04-09 13:34:53,2025-04-17 06:00:00
SKU02889,User-friendly encompassing matrix,Home & Kitchen,WH-DEL,763,81,10234.9,2025-04-03 20:26:58,2025-04-17 06:00:00
SKU02890,Optimized 24/7 benchmark,Beauty,WH-DEL,1232,49,8513.86,2025-04-06 19:57:51,2025-04-17 06:00:00
SKU02891,Networked directional system engine,Clothing,WH-HYD,44,19,5106.06,2025-04-13 01:40:27,2025-04-17 06:00:00
SKU02892,Face-to-face transitional hardware,Sports,WH-BLR,886,71,1113.78,2025-04-12 18:03:46,2025-04-17 06:00:00
SKU02893,Advanced optimizing open architecture,Toys,WH-DEL,1676,90,13177.51,2025-04-01 23:13:32,2025-04-17 06:00:00
SKU02894,Stand-alone radical process improvement,Books,WH-MUM,320,25,11664.56,2025-04-15 04:10:07,2025-04-17 06:00:00
SKU02895,Enterprise-wide value-added info-mediaries,Grocery,WH-MUM,118,56,6059.91,2025-04-08 11:00:32,2025-04-17 06:00:00
SKU02896,Optional cohesive core,Toys,WH-BLR,1044,47,1539.62,2025-04-07 17:59:01,2025-04-17 06:00:00
SKU02897,Down-sized modular infrastructure,Toys,WH-BLR,579,92,8926.03,2025-04-13 06:13:41,2025-04-17 06:00:00
SKU02898,Stand-alone regional analyzer,Home & Kitchen,WH-DEL,631,95,3806.86,2025-04-14 03:52:44,2025-04-17 06:00:00
SKU02899,Realigned dynamic portal,Books,WH-DEL,1832,21,2819.04,2025-04-06 21:01:16,2025-04-17 06:00:00
SKU02900,Balanced methodical policy,Grocery,WH-BLR,556,73,9509.09,2025-04-15 11:01:06,2025-04-17 06:00:00
SKU02901,Open-source bi-directional Local Area Network,Home & Kitchen,WH-BLR,937,83,11728.05,2025-04-03 05:46:42,2025-04-17 06:00:00
SKU02902,Advanced client-server policy,Sports,WH-CHE,613,83,13735.96,2025-04-08 10:06:42,2025-04-17 06:00:00
SKU02903,Focused analyzing forecast,Electronics,WH-BLR,1176,59,13341.6,2025-04-09 05:55:22,2025-04-17 06:00:00
SKU02904,Triple-buffered intermediate help-desk,Sports,WH-CHE,480,29,13460.76,2025-04-16 15:22:02,2025-04-17 06:00:00
SKU02905,Operative systematic website,Sports,WH-CHE,,73,8427.23,2025-04-14 14:18:39,2025-04-17 06:00:00
SKU02906,Enhanced high-level moderator,Electronics,WH-MUM,976,71,9678.1,2025-04-10 15:26:32,2025-04-17 06:00:00
SKU02907,Persevering even-keeled customer loyalty,Grocery,WH-CHE,521,70,6300.03,2025-04-05 23:52:27,2025-04-17 06:00:00
SKU02908,Stand-alone intangible leverage,Grocery,WH-MUM,658,45,7990.41,2025-04-04 14:13:31,2025-04-17 06:00:00
SKU02909,Quality-focused stable array,Beauty,WH-CHE,204,68,1717.15,2025-04-03 23:25:51,2025-04-17 06:00:00
SKU02910,Sharable leadingedge middleware,Toys,WH-CHE,1102,67,1945.61,2025-04-08 10:36:50,2025-04-17 06:00:00
SKU02911,Ergonomic local core,Grocery,WH-HYD,937,64,6556.5,2025-04-10 17:10:43,2025-04-17 06:00:00
SKU02912,Devolved composite analyzer,Electronics,WH-CHE,167,25,10396.48,2025-04-15 14:20:02,2025-04-17 06:00:00
SKU02913,Managed local project,Books,WH-HYD,335,42,13417.21,2025-04-04 01:30:17,2025-04-17 06:00:00
SKU02914,Vision-oriented logistical project,Beauty,WH-CHE,1328,36,8674.14,2025-04-03 17:57:27,2025-04-17 06:00:00
SKU02915,Operative intangible strategy,Grocery,WH-HYD,1186,11,6556.67,2025-04-13 21:17:57,2025-04-17 06:00:00
SKU02916,Automated even-keeled adapter,Beauty,WH-HYD,1755,50,6335.88,2025-04-14 23:03:21,2025-04-17 06:00:00
SKU02917,Secured bandwidth-monitored matrices,Clothing,WH-HYD,767,37,441.06,2025-04-15 08:24:26,2025-04-17 06:00:00
SKU02918,Self-enabling scalable analyzer,Toys,WH-BLR,1354,45,7299.8,2025-04-11 19:25:30,2025-04-17 06:00:00
SKU02919,Programmable actuating focus group,Grocery,WH-DEL,1877,44,14491.29,2025-04-01 19:50:07,2025-04-17 06:00:00
SKU02920,Stand-alone dedicated groupware,Beauty,WH-HYD,1732,17,12084.13,2025-04-04 06:30:31,2025-04-17 06:00:00
SKU02921,Implemented optimizing encryption,Beauty,WH-DEL,1535,99,14940.53,2025-04-03 01:50:15,2025-04-17 06:00:00
SKU02922,Persistent attitude-oriented success,Beauty,WH-BLR,577,89,5559.49,2025-04-07 20:22:42,2025-04-17 06:00:00
SKU02923,Intuitive homogeneous challenge,Electronics,WH-CHE,1606,98,9616.5,2025-04-16 02:54:57,2025-04-17 06:00:00
SKU02924,Public-key zero-defect extranet,Beauty,WH-MUM,663,57,6901.45,2025-04-10 10:52:00,2025-04-17 06:00:00
SKU02925,Multi-channeled actuating leverage,Books,WH-BLR,1945,80,7384.64,2025-04-07 12:45:15,2025-04-17 06:00:00
SKU02926,Exclusive attitude-oriented implementation,Beauty,WH-HYD,689,59,5082.65,2025-04-10 22:50:33,2025-04-17 06:00:00
SKU02927,Public-key 5thgeneration intranet,Books,WH-BLR,692,33,3668.29,2025-04-01 01:52:41,2025-04-17 06:00:00
SKU02928,Implemented next generation neural-net,Beauty,WH-BLR,1157,37,444.45,2025-04-01 05:44:47,2025-04-17 06:00:00
SKU02929,Stand-alone next generation concept,Grocery,WH-HYD,1901,26,2450.2,2025-04-13 19:33:58,2025-04-17 06:00:00
SKU02930,Realigned zero administration function,Home & Kitchen,WH-BLR,1171,96,7148.3,2025-04-13 07:38:45,2025-04-17 06:00:00
SKU02931,Business-focused attitude-oriented matrix,Grocery,WH-CHE,1469,84,949.86,2025-04-07 14:51:38,2025-04-17 06:00:00
SKU02932,Quality-focused zero tolerance groupware,Home & Kitchen,WH-HYD,1321,61,11043.95,2025-04-01 13:18:41,2025-04-17 06:00:00
SKU02933,Function-based system-worthy forecast,Books,WH-CHE,867,79,6175.74,2025-04-01 18:07:28,2025-04-17 06:00:00
SKU02934,Pre-emptive object-oriented moratorium,Home & Kitchen,WH-BLR,891,43,11679.13,2025-04-14 03:07:49,2025-04-17 06:00:00
SKU02935,Object-based contextually-based concept,Home & Kitchen,WH-CHE,1577,46,9639.3,2025-04-05 18:29:46,2025-04-17 06:00:00
SKU02936,Seamless leadingedge definition,Beauty,WH-HYD,1967,87,740.44,2025-04-10 15:54:42,2025-04-17 06:00:00
SKU02937,Configurable zero administration support,Clothing,WH-HYD,458,73,6513.66,2025-04-12 08:04:02,2025-04-17 06:00:00
SKU02938,Open-source optimal policy,Sports,WH-DEL,,63,2136.52,2025-04-07 23:43:45,2025-04-17 06:00:00
SKU02939,Diverse directional throughput,Clothing,WH-MUM,797,97,8816.96,2025-04-11 09:31:06,2025-04-17 06:00:00
SKU02940,Open-architected 4thgeneration structure,Beauty,WH-HYD,1712,32,374.52,2025-04-09 07:52:28,2025-04-17 06:00:00
SKU02941,Upgradable zero administration attitude,Home & Kitchen,WH-HYD,202,87,5196.81,2025-04-02 19:05:00,2025-04-17 06:00:00
SKU02942,Cross-group background system engine,Beauty,WH-CHE,975,17,6435.02,2025-04-12 15:49:44,2025-04-17 06:00:00
SKU02943,Object-based bottom-line knowledgebase,Home & Kitchen,WH-DEL,979,12,3161.99,2025-04-13 17:11:08,2025-04-17 06:00:00
SKU02944,Ameliorated demand-driven database,Clothing,WH-BLR,1544,84,2990.31,2025-04-01 10:42:31,2025-04-17 06:00:00
SKU02945,Synergistic static framework,Home & Kitchen,WH-HYD,1578,48,3167.08,2025-04-06 14:58:26,2025-04-17 06:00:00
SKU02946,Re-engineered intangible contingency,Home & Kitchen,WH-CHE,885,32,12476.47,2025-04-07 18:21:33,2025-04-17 06:00:00
SKU02947,Open-architected asynchronous model,Sports,WH-DEL,7,99,1510.15,2025-04-10 04:58:42,2025-04-17 06:00:00
SKU02948,Reduced 4thgeneration groupware,Beauty,WH-DEL,1255,25,13619.02,2025-04-16 15:39:32,2025-04-17 06:00:00
SKU02949,Future-proofed value-added groupware,Home & Kitchen,WH-HYD,615,43,8606.83,2025-04-01 22:58:03,2025-04-17 06:00:00
SKU02950,Versatile stable firmware,Books,WH-CHE,219,29,1069.16,2025-04-14 10:19:09,2025-04-17 06:00:00
SKU02951,Operative motivating secured line,Grocery,WH-DEL,1854,43,14902.77,2025-04-11 13:11:58,2025-04-17 06:00:00
SKU02952,Organic multi-state matrix,Beauty,WH-DEL,196,93,8872.35,2025-04-04 12:31:05,2025-04-17 06:00:00
SKU02953,Extended web-enabled success,Electronics,WH-MUM,1692,82,12155.32,2025-04-02 10:41:46,2025-04-17 06:00:00
SKU02954,Stand-alone bottom-line installation,Beauty,WH-HYD,788,97,9060.93,2025-04-11 12:04:25,2025-04-17 06:00:00
SKU02955,Realigned secondary analyzer,Sports,WH-BLR,1175,34,2355.04,2025-04-14 12:50:23,2025-04-17 06:00:00
SKU02956,Multi-channeled 24/7 archive,Books,WH-BLR,731,30,10829.11,2025-04-13 20:41:23,2025-04-17 06:00:00
SKU02957,Mandatory intangible customer loyalty,Sports,WH-HYD,970,40,5804.36,2025-04-08 10:32:38,2025-04-17 06:00:00
SKU02958,Extended mobile access,Beauty,WH-DEL,498,32,852.98,2025-04-11 21:18:03,2025-04-17 06:00:00
SKU02959,Innovative foreground success,Grocery,WH-DEL,1400,68,11865.62,2025-04-14 23:13:36,2025-04-17 06:00:00
SKU02960,User-centric clear-thinking throughput,Books,WH-MUM,821,55,12219.62,2025-04-02 03:08:11,2025-04-17 06:00:00
SKU02961,Object-based maximized parallelism,Beauty,WH-HYD,323,66,5319.88,2025-04-15 23:39:19,2025-04-17 06:00:00
SKU02962,Multi-layered upward-trending algorithm,Home & Kitchen,WH-BLR,1724,96,4204.92,2025-04-13 09:41:40,2025-04-17 06:00:00
SKU02963,Advanced value-added product,Books,WH-HYD,294,81,10380.06,2025-04-12 04:45:56,2025-04-17 06:00:00
SKU02964,Versatile exuding collaboration,Grocery,WH-CHE,492,95,8858.3,2025-04-13 18:42:28,2025-04-17 06:00:00
SKU02965,Universal mobile database,Sports,WH-MUM,162,77,12916.19,2025-04-11 14:06:17,2025-04-17 06:00:00
SKU02966,Mandatory even-keeled success,Grocery,WH-HYD,998,42,2527.84,2025-04-13 02:01:35,2025-04-17 06:00:00
SKU02967,Ameliorated client-server toolset,Toys,WH-DEL,170,47,13793.89,2025-04-01 10:29:33,2025-04-17 06:00:00
SKU02968,Innovative global solution,Grocery,WH-MUM,1785,86,5722.03,2025-04-10 03:42:30,2025-04-17 06:00:00
SKU02969,Innovative optimizing access,Toys,WH-BLR,1709,22,4736.77,2025-04-08 16:30:59,2025-04-17 06:00:00
SKU02970,Managed executive encoding,Grocery,WH-CHE,1363,16,3345.01,2025-04-04 09:58:42,2025-04-17 06:00:00
SKU02971,Inverse zero administration encryption,Electronics,WH-DEL,,100,4320.63,2025-04-01 04:37:55,2025-04-17 06:00:00
SKU02972,Object-based zero administration analyzer,Grocery,WH-DEL,1160,27,12094.82,2025-04-15 10:41:42,2025-04-17 06:00:00
SKU02973,Universal scalable adapter,Sports,WH-MUM,1409,68,3777.81,2025-04-02 08:45:20,2025-04-17 06:00:00
SKU02974,Synchronized coherent archive,Home & Kitchen,WH-CHE,896,22,6363.88,2025-04-08 01:34:52,2025-04-17 06:00:00
SKU02975,Re-engineered leadingedge task-force,Toys,WH-BLR,732,13,3369.16,2025-04-02 21:59:25,2025-04-17 06:00:00
SKU02976,Streamlined directional definition,Books,WH-DEL,1848,94,5581.97,2025-04-02 22:17:19,2025-04-17 06:00:00
SKU02977,Seamless zero administration artificial intelligen,Electronics,WH-BLR,1473,75,13239.78,2025-04-08 08:00:39,2025-04-17 06:00:00
SKU02978,Intuitive client-driven help-desk,Beauty,WH-MUM,1727,21,5965.22,2025-04-06 07:31:04,2025-04-17 06:00:00
SKU02979,Up-sized 24/7 model,Grocery,WH-DEL,94,95,910.18,2025-04-12 04:39:10,2025-04-17 06:00:00
SKU02980,Focused holistic application,Sports,WH-HYD,188,56,8530.05,2025-04-11 01:40:09,2025-04-17 06:00:00
SKU02981,Triple-buffered upward-trending info-mediaries,Electronics,WH-DEL,477,33,12038.55,2025-04-03 12:22:57,2025-04-17 06:00:00
SKU02982,Expanded clear-thinking hardware,Grocery,WH-MUM,436,86,3235.99,2025-04-12 16:14:45,2025-04-17 06:00:00
SKU02983,Programmable zero-defect alliance,Electronics,WH-DEL,1813,22,1297.24,2025-04-08 00:36:07,2025-04-17 06:00:00
SKU02984,Proactive optimizing parallelism,Home & Kitchen,WH-CHE,157,88,6235.29,2025-04-04 20:04:42,2025-04-17 06:00:00
SKU02985,Reverse-engineered well-modulated info-mediaries,Home & Kitchen,WH-BLR,1387,11,14241.99,2025-04-01 00:03:00,2025-04-17 06:00:00
SKU02986,User-friendly clear-thinking frame,Toys,WH-HYD,1073,52,1206.32,2025-04-07 13:14:31,2025-04-17 06:00:00
SKU02987,Face-to-face solution-oriented benchmark,Toys,WH-MUM,108,93,13901.75,2025-04-08 14:23:22,2025-04-17 06:00:00
SKU02988,Multi-lateral uniform pricing structure,Clothing,WH-MUM,554,53,14638.95,2025-04-14 04:01:14,2025-04-17 06:00:00
SKU02989,Extended mobile intranet,Electronics,WH-HYD,1697,20,12526.37,2025-04-02 13:22:00,2025-04-17 06:00:00
SKU02990,Implemented bottom-line function,Electronics,WH-BLR,66,53,14908.84,2025-04-02 06:38:12,2025-04-17 06:00:00
SKU02991,Synergistic responsive paradigm,Clothing,WH-MUM,1528,18,13418.07,2025-04-03 17:32:21,2025-04-17 06:00:00
SKU02992,Streamlined human-resource moratorium,Beauty,WH-HYD,1866,17,9188.14,2025-04-04 16:01:24,2025-04-17 06:00:00
SKU02993,Persistent context-sensitive process improvement,Grocery,WH-MUM,1598,99,6123.21,2025-04-07 15:38:02,2025-04-17 06:00:00
SKU02994,Expanded directional analyzer,Grocery,WH-HYD,1243,63,14950.51,2025-04-02 04:56:37,2025-04-17 06:00:00
SKU02995,Universal empowering definition,Beauty,WH-BLR,1028,58,3887.19,2025-04-04 15:11:18,2025-04-17 06:00:00
SKU02996,Adaptive holistic standardization,Beauty,WH-BLR,16,31,7109.32,2025-04-05 08:32:39,2025-04-17 06:00:00
SKU02997,Reactive homogeneous frame,Sports,WH-DEL,534,59,6040.63,2025-04-15 08:05:09,2025-04-17 06:00:00
SKU02998,Balanced multi-tasking success,Sports,WH-CHE,1417,63,9960.73,2025-04-03 15:51:49,2025-04-17 06:00:00
SKU02999,Universal human-resource ability,Grocery,WH-DEL,528,76,5095.77,2025-04-04 20:50:02,2025-04-17 06:00:00
SKU03000,Switchable mobile task-force,Grocery,WH-DEL,223,48,11668.77,2025-04-14 15:14:49,2025-04-17 06:00:00
SKU03001,Re-engineered web-enabled concept,Clothing,WH-CHE,755,12,5771.1,2025-04-02 20:03:45,2025-04-17 06:00:00
SKU03002,Synchronized didactic process improvement,Grocery,WH-BLR,1767,55,10083.91,2025-04-12 21:30:33,2025-04-17 06:00:00
SKU03003,Devolved asynchronous capacity,Electronics,WH-HYD,822,80,8372.03,2025-04-10 06:11:28,2025-04-17 06:00:00
SKU03004,Profit-focused executive help-desk,Beauty,WH-BLR,,47,13319.4,2025-04-03 05:14:57,2025-04-17 06:00:00
SKU03005,Face-to-face reciprocal Internet solution,Sports,WH-MUM,571,89,13596.75,2025-04-07 07:47:49,2025-04-17 06:00:00
SKU03006,Organized 5thgeneration support,Home & Kitchen,WH-DEL,1011,77,11243.36,2025-04-14 01:53:03,2025-04-17 06:00:00
SKU03007,Multi-lateral holistic array,Electronics,WH-DEL,1736,18,10514.67,2025-04-08 23:18:37,2025-04-17 06:00:00
SKU03008,Cloned zero tolerance alliance,Clothing,WH-CHE,1370,94,3448.59,2025-04-11 01:47:04,2025-04-17 06:00:00
SKU03009,Diverse asynchronous adapter,Home & Kitchen,WH-CHE,516,66,6190.07,2025-04-02 01:02:58,2025-04-17 06:00:00
SKU03010,Centralized solution-oriented structure,Sports,WH-HYD,128,82,2187.54,2025-04-13 06:07:51,2025-04-17 06:00:00
SKU03011,Decentralized holistic utilization,Clothing,WH-DEL,1790,66,4457.45,2025-04-10 06:37:10,2025-04-17 06:00:00
SKU03012,Expanded background Graphical User Interface,Clothing,WH-DEL,21,64,6615.12,2025-04-13 23:35:13,2025-04-17 06:00:00
SKU03013,Pre-emptive context-sensitive forecast,Clothing,WH-HYD,450,56,13530.02,2025-04-14 23:59:58,2025-04-17 06:00:00
SKU03014,Configurable uniform workforce,Grocery,WH-MUM,1908,86,2354.71,2025-04-16 18:58:37,2025-04-17 06:00:00
SKU03015,Automated neutral matrices,Grocery,WH-DEL,1509,97,5901.94,2025-04-02 03:35:45,2025-04-17 06:00:00
SKU03016,Seamless coherent website,Beauty,WH-HYD,1772,20,3811.05,2025-04-08 19:50:18,2025-04-17 06:00:00
SKU03017,Diverse interactive encryption,Electronics,WH-HYD,1012,11,487.98,2025-04-02 22:47:39,2025-04-17 06:00:00
SKU03018,Adaptive non-volatile Local Area Network,Grocery,WH-DEL,1969,100,5250.56,2025-04-14 00:45:28,2025-04-17 06:00:00
SKU03019,Persevering 5thgeneration application,Electronics,WH-HYD,919,80,131.39,2025-04-07 01:52:51,2025-04-17 06:00:00
SKU03020,Fully-configurable clear-thinking policy,Home & Kitchen,WH-BLR,1994,56,7628.21,2025-04-12 01:57:42,2025-04-17 06:00:00
SKU03021,Robust bifurcated system engine,Toys,WH-HYD,1280,71,1584.56,2025-04-12 16:54:45,2025-04-17 06:00:00
SKU03022,Organic bi-directional focus group,Electronics,WH-MUM,999,98,6530.36,2025-04-03 05:47:30,2025-04-17 06:00:00
SKU03023,Quality-focused dynamic project,Home & Kitchen,WH-CHE,362,39,11985.79,2025-04-08 06:24:32,2025-04-17 06:00:00
SKU03024,Adaptive demand-driven hierarchy,Clothing,WH-CHE,21,29,3921.23,2025-04-03 16:30:48,2025-04-17 06:00:00
SKU03025,Upgradable impactful benchmark,Beauty,WH-MUM,1949,56,2418.68,2025-04-16 02:26:03,2025-04-17 06:00:00
SKU03026,Proactive global strategy,Grocery,WH-HYD,401,69,8044.31,2025-04-07 19:20:16,2025-04-17 06:00:00
SKU03027,Managed stable open system,Electronics,WH-CHE,1388,23,13434.84,2025-04-05 03:22:07,2025-04-17 06:00:00
SKU03028,Programmable leadingedge artificial intelligence,Electronics,WH-BLR,1196,46,5212.12,2025-04-12 07:04:15,2025-04-17 06:00:00
SKU03029,Robust local paradigm,Toys,WH-CHE,1735,79,8883.92,2025-04-01 17:02:35,2025-04-17 06:00:00
SKU03030,Pre-emptive system-worthy capacity,Clothing,WH-MUM,1585,53,2686.67,2025-04-10 19:55:56,2025-04-17 06:00:00
SKU03031,Reduced logistical frame,Home & Kitchen,WH-HYD,442,22,959.38,2025-04-01 08:28:49,2025-04-17 06:00:00
SKU03032,Optional methodical archive,Electronics,WH-DEL,1005,18,2273.39,2025-04-10 19:00:57,2025-04-17 06:00:00
SKU03033,Reverse-engineered directional algorithm,Home & Kitchen,WH-HYD,1505,40,10779.37,2025-04-12 02:37:02,2025-04-17 06:00:00
SKU03034,Reduced exuding moratorium,Electronics,WH-BLR,761,89,3435.95,2025-04-09 12:54:17,2025-04-17 06:00:00
SKU03035,Open-source foreground moratorium,Clothing,WH-HYD,801,58,4804.69,2025-04-02 20:47:27,2025-04-17 06:00:00
SKU03036,Focused asynchronous encoding,Toys,WH-CHE,310,61,10593.97,2025-04-09 10:16:13,2025-04-17 06:00:00
SKU03037,Automated attitude-oriented hierarchy,Toys,WH-MUM,,59,13859.19,2025-04-02 07:39:41,2025-04-17 06:00:00
SKU03038,Stand-alone composite flexibility,Home & Kitchen,WH-HYD,498,75,11719.2,2025-04-12 20:23:00,2025-04-17 06:00:00
SKU03039,Seamless dedicated monitoring,Books,WH-DEL,1657,89,13895.63,2025-04-04 14:18:59,2025-04-17 06:00:00
SKU03040,Function-based exuding projection,Home & Kitchen,WH-BLR,565,15,4927.09,2025-04-14 08:09:12,2025-04-17 06:00:00
SKU03041,Universal homogeneous architecture,Electronics,WH-DEL,549,88,5838.79,2025-04-11 15:50:55,2025-04-17 06:00:00
SKU03042,Profit-focused object-oriented task-force,Grocery,WH-CHE,1684,73,12299.74,2025-04-03 08:26:55,2025-04-17 06:00:00
SKU03043,Face-to-face asymmetric installation,Books,WH-DEL,588,17,9558.19,2025-04-02 05:38:51,2025-04-17 06:00:00
SKU03044,Cross-platform homogeneous service-desk,Electronics,WH-CHE,660,47,6583.41,2025-04-13 12:10:08,2025-04-17 06:00:00
SKU03045,Extended 24hour matrices,Sports,WH-MUM,1981,82,14884.91,2025-04-06 14:49:21,2025-04-17 06:00:00
SKU03046,Robust human-resource process improvement,Electronics,WH-HYD,566,17,11359.19,2025-04-06 11:09:23,2025-04-17 06:00:00
SKU03047,Object-based systematic matrix,Beauty,WH-HYD,1463,10,12556.3,2025-04-13 22:53:32,2025-04-17 06:00:00
SKU03048,Front-line homogeneous encoding,Grocery,WH-BLR,786,82,13319.38,2025-04-06 22:42:32,2025-04-17 06:00:00
SKU03049,Cloned attitude-oriented artificial intelligence,Grocery,WH-DEL,1631,46,5625.8,2025-04-07 20:39:26,2025-04-17 06:00:00
SKU03050,Polarized asynchronous circuit,Grocery,WH-BLR,104,80,13259.49,2025-04-06 21:18:49,2025-04-17 06:00:00
SKU03051,Assimilated exuding moderator,Electronics,WH-MUM,30,72,3978.93,2025-04-16 21:28:47,2025-04-17 06:00:00
SKU03052,Face-to-face cohesive Internet solution,Electronics,WH-HYD,932,43,2439.1,2025-04-09 22:34:00,2025-04-17 06:00:00
SKU03053,Configurable local middleware,Clothing,WH-DEL,8,51,14966.92,2025-04-16 07:20:16,2025-04-17 06:00:00
SKU03054,Seamless demand-driven approach,Electronics,WH-CHE,242,79,13461.73,2025-04-08 22:56:28,2025-04-17 06:00:00
SKU03055,Managed systemic conglomeration,Grocery,WH-MUM,987,79,4959.63,2025-04-13 07:53:53,2025-04-17 06:00:00
SKU03056,Multi-lateral reciprocal budgetary management,Electronics,WH-HYD,368,49,8151.99,2025-04-01 14:11:30,2025-04-17 06:00:00
SKU03057,Ergonomic object-oriented Local Area Network,Toys,WH-CHE,337,51,2440.71,2025-04-01 01:33:16,2025-04-17 06:00:00
SKU03058,Upgradable background application,Grocery,WH-MUM,644,33,2498.76,2025-04-01 07:39:32,2025-04-17 06:00:00
SKU03059,Innovative background ability,Beauty,WH-CHE,1970,56,10417.35,2025-04-02 18:30:21,2025-04-17 06:00:00
SKU03060,Synchronized upward-trending conglomeration,Beauty,WH-DEL,1839,24,12641.07,2025-04-05 13:49:36,2025-04-17 06:00:00
SKU03061,Vision-oriented modular hub,Beauty,WH-DEL,958,21,2397.17,2025-04-11 14:59:12,2025-04-17 06:00:00
SKU03062,Inverse impactful definition,Grocery,WH-BLR,1586,11,10103.68,2025-04-09 18:33:22,2025-04-17 06:00:00
SKU03063,Cross-platform motivating utilization,Clothing,WH-CHE,1772,98,3163.55,2025-04-03 22:07:01,2025-04-17 06:00:00
SKU03064,Profit-focused 6thgeneration instruction set,Sports,WH-BLR,50,21,1362.51,2025-04-08 00:38:31,2025-04-17 06:00:00
SKU03065,Polarized empowering matrices,Clothing,WH-DEL,1982,73,1951.27,2025-04-07 06:27:56,2025-04-17 06:00:00
SKU03066,Up-sized systemic time-frame,Electronics,WH-BLR,1505,18,14664.15,2025-04-09 00:56:59,2025-04-17 06:00:00
SKU03067,Re-contextualized discrete emulation,Toys,WH-MUM,1872,37,8728.13,2025-04-04 17:43:33,2025-04-17 06:00:00
SKU03068,Distributed client-server Graphical User Interface,Grocery,WH-MUM,1279,58,6137.13,2025-04-14 15:14:46,2025-04-17 06:00:00
SKU03069,Automated intangible structure,Sports,WH-HYD,1046,88,6748.7,2025-04-05 22:17:37,2025-04-17 06:00:00
SKU03070,Assimilated local emulation,Electronics,WH-BLR,,32,8531.9,2025-04-05 22:38:15,2025-04-17 06:00:00
SKU03071,Synergistic responsive implementation,Electronics,WH-BLR,104,62,5663.33,2025-04-05 19:44:53,2025-04-17 06:00:00
SKU03072,Optimized context-sensitive emulation,Toys,WH-DEL,898,29,12177.42,2025-04-08 07:44:06,2025-04-17 06:00:00
SKU03073,Ameliorated user-facing matrix,Clothing,WH-CHE,420,48,3093.61,2025-04-15 22:38:31,2025-04-17 06:00:00
SKU03074,Stand-alone 5thgeneration paradigm,Clothing,WH-CHE,640,18,2096.71,2025-04-14 18:35:17,2025-04-17 06:00:00
SKU03075,Multi-channeled static migration,Books,WH-CHE,797,46,13409.12,2025-04-05 14:30:15,2025-04-17 06:00:00
SKU03076,Reactive intangible hierarchy,Toys,WH-HYD,1982,54,4497.33,2025-04-05 17:34:18,2025-04-17 06:00:00
SKU03077,Mandatory hybrid circuit,Clothing,WH-BLR,1845,98,9883.92,2025-04-15 11:18:01,2025-04-17 06:00:00
SKU03078,Extended 6thgeneration middleware,Sports,WH-CHE,861,25,5623.85,2025-04-09 22:28:07,2025-04-17 06:00:00
SKU03079,Compatible system-worthy collaboration,Electronics,WH-BLR,1195,23,11324.51,2025-04-08 03:00:11,2025-04-17 06:00:00
SKU03080,Devolved holistic extranet,Toys,WH-DEL,1617,78,10533.54,2025-04-11 20:49:52,2025-04-17 06:00:00
SKU03081,Universal holistic leverage,Grocery,WH-MUM,1599,40,13167.24,2025-04-02 03:00:41,2025-04-17 06:00:00
SKU03082,Re-contextualized 6thgeneration encoding,Home & Kitchen,WH-MUM,575,36,3017.21,2025-04-06 20:12:14,2025-04-17 06:00:00
SKU03083,Mandatory systemic benchmark,Books,WH-MUM,1075,23,10387.95,2025-04-14 20:02:51,2025-04-17 06:00:00
SKU03084,Customer-focused 24/7 leverage,Toys,WH-BLR,297,13,110.81,2025-04-15 19:41:23,2025-04-17 06:00:00
SKU03085,Business-focused secondary contingency,Home & Kitchen,WH-DEL,529,13,7460.11,2025-04-08 12:46:58,2025-04-17 06:00:00
SKU03086,Diverse modular portal,Books,WH-HYD,1118,58,11633.0,2025-04-11 09:45:35,2025-04-17 06:00:00
SKU03087,Grass-roots fresh-thinking circuit,Sports,WH-HYD,1662,93,7036.17,2025-04-04 17:01:51,2025-04-17 06:00:00
SKU03088,Ergonomic bandwidth-monitored approach,Toys,WH-HYD,328,50,690.22,2025-04-12 13:39:29,2025-04-17 06:00:00
SKU03089,Upgradable dynamic hierarchy,Toys,WH-HYD,414,74,14287.84,2025-04-01 16:51:39,2025-04-17 06:00:00
SKU03090,Triple-buffered foreground productivity,Beauty,WH-MUM,994,77,3117.12,2025-04-02 09:43:11,2025-04-17 06:00:00
SKU03091,Re-contextualized 3rdgeneration superstructure,Home & Kitchen,WH-DEL,1808,82,3058.65,2025-04-12 04:11:56,2025-04-17 06:00:00
SKU03092,Profound multi-state architecture,Electronics,WH-CHE,1632,79,1445.85,2025-04-05 02:52:20,2025-04-17 06:00:00
SKU03093,Cloned static superstructure,Sports,WH-HYD,103,56,6988.92,2025-04-03 09:49:56,2025-04-17 06:00:00
SKU03094,Enterprise-wide next generation architecture,Toys,WH-CHE,6,74,2122.2,2025-04-16 04:16:53,2025-04-17 06:00:00
SKU03095,Customizable eco-centric capacity,Toys,WH-HYD,826,77,12600.46,2025-04-05 05:17:05,2025-04-17 06:00:00
SKU03096,Realigned neutral algorithm,Clothing,WH-CHE,1115,59,13196.42,2025-04-01 06:34:01,2025-04-17 06:00:00
SKU03097,Diverse zero tolerance challenge,Electronics,WH-HYD,1810,74,5707.1,2025-04-13 17:00:25,2025-04-17 06:00:00
SKU03098,Realigned eco-centric emulation,Clothing,WH-HYD,326,85,13134.89,2025-04-02 03:21:00,2025-04-17 06:00:00
SKU03099,Programmable maximized toolset,Sports,WH-BLR,334,31,10917.34,2025-04-14 05:04:36,2025-04-17 06:00:00
SKU03100,Devolved next generation initiative,Sports,WH-DEL,1031,64,5692.62,2025-04-14 06:01:41,2025-04-17 06:00:00
SKU03101,Switchable encompassing task-force,Clothing,WH-MUM,1222,30,10180.35,2025-04-16 07:45:23,2025-04-17 06:00:00
SKU03102,Down-sized dynamic info-mediaries,Sports,WH-CHE,1251,68,1557.9,2025-04-15 16:08:57,2025-04-17 06:00:00
SKU03103,Reverse-engineered bi-directional definition,Grocery,WH-DEL,,81,175.4,2025-04-02 12:17:08,2025-04-17 06:00:00
SKU03104,Total 6thgeneration installation,Books,WH-DEL,1484,89,4002.84,2025-04-14 06:06:28,2025-04-17 06:00:00
SKU03105,Robust solution-oriented time-frame,Beauty,WH-BLR,529,77,13281.22,2025-04-12 01:40:14,2025-04-17 06:00:00
SKU03106,Secured optimizing encryption,Electronics,WH-BLR,1634,78,14164.64,2025-04-06 23:42:13,2025-04-17 06:00:00
SKU03107,Synergistic system-worthy synergy,Books,WH-BLR,1843,79,3861.92,2025-04-10 03:42:13,2025-04-17 06:00:00
SKU03108,Re-contextualized clear-thinking analyzer,Grocery,WH-MUM,1299,59,13743.99,2025-04-02 10:52:56,2025-04-17 06:00:00
SKU03109,Business-focused transitional array,Home & Kitchen,WH-CHE,143,98,1544.38,2025-04-01 17:12:55,2025-04-17 06:00:00
SKU03110,Open-source cohesive challenge,Toys,WH-HYD,1531,48,10563.33,2025-04-02 08:41:16,2025-04-17 06:00:00
SKU03111,Customer-focused dynamic functionalities,Beauty,WH-CHE,1240,70,13832.41,2025-04-16 10:09:19,2025-04-17 06:00:00
SKU03112,Organized zero-defect budgetary management,Sports,WH-CHE,49,73,3377.43,2025-04-14 11:45:59,2025-04-17 06:00:00
SKU03113,Synchronized transitional budgetary management,Electronics,WH-HYD,433,77,12635.87,2025-04-05 04:46:01,2025-04-17 06:00:00
SKU03114,De-engineered hybrid attitude,Beauty,WH-MUM,1722,66,10605.28,2025-04-03 14:16:57,2025-04-17 06:00:00
SKU03115,Networked web-enabled product,Home & Kitchen,WH-CHE,1795,77,6303.11,2025-04-13 01:13:38,2025-04-17 06:00:00
SKU03116,User-centric static core,Electronics,WH-DEL,1833,52,4345.6,2025-04-08 18:25:58,2025-04-17 06:00:00
SKU03117,Upgradable neutral framework,Grocery,WH-DEL,1303,40,8130.66,2025-04-16 08:00:54,2025-04-17 06:00:00
SKU03118,Progressive modular budgetary management,Grocery,WH-BLR,159,31,3044.28,2025-04-03 21:34:47,2025-04-17 06:00:00
SKU03119,Total dedicated framework,Grocery,WH-MUM,794,44,10046.4,2025-04-12 15:53:46,2025-04-17 06:00:00
SKU03120,Exclusive context-sensitive knowledge user,Sports,WH-MUM,516,35,14483.89,2025-04-03 16:47:06,2025-04-17 06:00:00
SKU03121,Optional multimedia knowledgebase,Grocery,WH-HYD,325,38,14641.68,2025-04-01 22:43:50,2025-04-17 06:00:00
SKU03122,Decentralized fresh-thinking hub,Beauty,WH-HYD,1262,62,9756.74,2025-04-11 13:13:52,2025-04-17 06:00:00
SKU03123,Proactive next generation productivity,Home & Kitchen,WH-DEL,632,66,528.79,2025-04-13 15:25:09,2025-04-17 06:00:00
SKU03124,Digitized value-added encoding,Sports,WH-BLR,821,11,10738.99,2025-04-03 18:57:05,2025-04-17 06:00:00
SKU03125,Vision-oriented interactive projection,Beauty,WH-HYD,602,59,6661.16,2025-04-04 08:55:24,2025-04-17 06:00:00
SKU03126,Monitored zero tolerance moratorium,Clothing,WH-HYD,1429,75,9018.49,2025-04-08 16:26:22,2025-04-17 06:00:00
SKU03127,Assimilated even-keeled focus group,Toys,WH-BLR,256,53,5177.02,2025-04-08 07:10:10,2025-04-17 06:00:00
SKU03128,Self-enabling uniform encoding,Home & Kitchen,WH-HYD,1151,61,3982.77,2025-04-12 00:43:01,2025-04-17 06:00:00
SKU03129,Versatile 5thgeneration budgetary management,Home & Kitchen,WH-CHE,1172,17,9171.48,2025-04-12 05:50:51,2025-04-17 06:00:00
SKU03130,Phased intangible help-desk,Home & Kitchen,WH-HYD,1471,70,2072.3,2025-04-15 22:46:58,2025-04-17 06:00:00
SKU03131,Future-proofed holistic projection,Sports,WH-DEL,1364,22,702.89,2025-04-08 15:10:15,2025-04-17 06:00:00
SKU03132,Integrated secondary hardware,Sports,WH-MUM,1058,66,1607.99,2025-04-06 15:57:20,2025-04-17 06:00:00
SKU03133,Devolved neutral hierarchy,Toys,WH-MUM,1076,40,10080.25,2025-04-15 22:55:56,2025-04-17 06:00:00
SKU03134,Cloned didactic hardware,Home & Kitchen,WH-CHE,1708,95,12062.1,2025-04-15 16:55:02,2025-04-17 06:00:00
SKU03135,Total 3rdgeneration customer loyalty,Toys,WH-BLR,733,64,2110.51,2025-04-16 18:10:36,2025-04-17 06:00:00
SKU03136,Enhanced non-volatile product,Toys,WH-HYD,,21,2841.4,2025-04-02 11:10:58,2025-04-17 06:00:00
SKU03137,Distributed leadingedge algorithm,Books,WH-HYD,763,44,5438.01,2025-04-16 13:39:25,2025-04-17 06:00:00
SKU03138,Integrated 4thgeneration contingency,Electronics,WH-MUM,639,72,8415.43,2025-04-16 19:42:52,2025-04-17 06:00:00
SKU03139,Persistent motivating core,Clothing,WH-CHE,1704,30,10605.2,2025-04-10 23:05:10,2025-04-17 06:00:00
SKU03140,Triple-buffered systematic installation,Home & Kitchen,WH-BLR,1283,10,7241.55,2025-04-16 17:12:42,2025-04-17 06:00:00
SKU03141,Enterprise-wide maximized moderator,Toys,WH-DEL,1494,29,520.25,2025-04-11 09:18:09,2025-04-17 06:00:00
SKU03142,Diverse non-volatile artificial intelligence,Toys,WH-HYD,1751,91,12933.53,2025-04-01 21:11:25,2025-04-17 06:00:00
SKU03143,Optimized regional capacity,Toys,WH-DEL,1238,82,1178.26,2025-04-03 00:41:35,2025-04-17 06:00:00
SKU03144,Profound eco-centric alliance,Electronics,WH-HYD,217,60,752.0,2025-04-09 15:09:44,2025-04-17 06:00:00
SKU03145,Organized scalable process improvement,Beauty,WH-BLR,1930,41,4668.14,2025-04-01 22:34:11,2025-04-17 06:00:00
SKU03146,Ameliorated tertiary firmware,Electronics,WH-CHE,1812,44,1486.49,2025-04-10 17:05:50,2025-04-17 06:00:00
SKU03147,Self-enabling motivating model,Home & Kitchen,WH-HYD,1780,48,9835.14,2025-04-16 19:07:40,2025-04-17 06:00:00
SKU03148,Seamless user-facing system engine,Home & Kitchen,WH-BLR,8,33,12075.7,2025-04-04 04:02:28,2025-04-17 06:00:00
SKU03149,Compatible multi-state utilization,Beauty,WH-CHE,1126,74,9994.95,2025-04-12 02:39:29,2025-04-17 06:00:00
SKU03150,Focused holistic Graphic Interface,Books,WH-MUM,1584,30,894.66,2025-04-03 15:30:04,2025-04-17 06:00:00
SKU03151,Organized object-oriented challenge,Toys,WH-HYD,764,82,14878.23,2025-04-03 13:44:32,2025-04-17 06:00:00
SKU03152,Automated client-driven customer loyalty,Electronics,WH-CHE,121,96,11254.78,2025-04-10 19:21:23,2025-04-17 06:00:00
SKU03153,Exclusive actuating methodology,Clothing,WH-HYD,1666,21,12974.73,2025-04-06 04:18:50,2025-04-17 06:00:00
SKU03154,Configurable real-time flexibility,Sports,WH-BLR,300,14,63.89,2025-04-01 13:04:34,2025-04-17 06:00:00
SKU03155,Cross-group zero tolerance product,Toys,WH-HYD,302,63,4082.53,2025-04-07 05:51:01,2025-04-17 06:00:00
SKU03156,Fully-configurable 24/7 service-desk,Books,WH-BLR,1178,95,4686.17,2025-04-11 01:06:45,2025-04-17 06:00:00
SKU03157,Visionary responsive access,Beauty,WH-BLR,882,17,2145.22,2025-04-08 18:20:38,2025-04-17 06:00:00
SKU03158,Open-source responsive synergy,Books,WH-HYD,1820,96,4302.5,2025-04-07 09:25:55,2025-04-17 06:00:00
SKU03159,Virtual attitude-oriented middleware,Clothing,WH-DEL,842,30,1271.32,2025-04-13 08:07:58,2025-04-17 06:00:00
SKU03160,Optional discrete pricing structure,Beauty,WH-BLR,1796,34,10531.73,2025-04-14 08:04:07,2025-04-17 06:00:00
SKU03161,Universal transitional application,Grocery,WH-CHE,1227,73,5183.26,2025-04-08 16:19:56,2025-04-17 06:00:00
SKU03162,Quality-focused optimal monitoring,Home & Kitchen,WH-DEL,1482,96,937.05,2025-04-09 08:32:56,2025-04-17 06:00:00
SKU03163,Switchable heuristic groupware,Beauty,WH-CHE,1616,31,2496.58,2025-04-06 13:03:38,2025-04-17 06:00:00
SKU03164,Front-line contextually-based firmware,Electronics,WH-HYD,202,45,12097.06,2025-04-06 14:33:45,2025-04-17 06:00:00
SKU03165,Cloned value-added circuit,Electronics,WH-MUM,504,87,13658.83,2025-04-13 00:21:46,2025-04-17 06:00:00
SKU03166,Multi-lateral real-time intranet,Grocery,WH-BLR,603,39,10588.37,2025-04-06 12:45:43,2025-04-17 06:00:00
SKU03167,Balanced actuating encryption,Home & Kitchen,WH-BLR,633,96,8917.49,2025-04-12 01:57:33,2025-04-17 06:00:00
SKU03168,Ergonomic 24hour superstructure,Toys,WH-HYD,1874,98,14233.06,2025-04-16 14:53:49,2025-04-17 06:00:00
SKU03169,Cross-platform demand-driven collaboration,Sports,WH-BLR,,70,13178.42,2025-04-12 00:43:05,2025-04-17 06:00:00
SKU03170,Horizontal regional help-desk,Home & Kitchen,WH-HYD,1303,45,3964.33,2025-04-16 01:23:00,2025-04-17 06:00:00
SKU03171,Organized 24hour database,Grocery,WH-CHE,1777,37,2297.58,2025-04-08 04:19:37,2025-04-17 06:00:00
SKU03172,Object-based hybrid collaboration,Clothing,WH-HYD,20,67,8465.66,2025-04-16 05:43:51,2025-04-17 06:00:00
SKU03173,Pre-emptive coherent product,Clothing,WH-CHE,1221,66,375.66,2025-04-14 13:39:44,2025-04-17 06:00:00
SKU03174,Right-sized upward-trending projection,Sports,WH-CHE,355,75,4408.93,2025-04-05 00:08:41,2025-04-17 06:00:00
SKU03175,Vision-oriented real-time success,Books,WH-BLR,1302,26,1037.12,2025-04-03 22:32:48,2025-04-17 06:00:00
SKU03176,Distributed leadingedge definition,Home & Kitchen,WH-BLR,867,74,7566.31,2025-04-09 11:06:19,2025-04-17 06:00:00
SKU03177,Profit-focused mobile frame,Grocery,WH-MUM,103,46,14545.68,2025-04-13 12:25:39,2025-04-17 06:00:00
SKU03178,Decentralized optimizing system engine,Clothing,WH-BLR,1317,70,76.39,2025-04-14 16:24:37,2025-04-17 06:00:00
SKU03179,Digitized demand-driven application,Clothing,WH-CHE,1737,43,5456.83,2025-04-06 13:09:57,2025-04-17 06:00:00
SKU03180,Ergonomic well-modulated function,Sports,WH-HYD,718,54,10194.27,2025-04-03 20:08:37,2025-04-17 06:00:00
SKU03181,Reactive asynchronous policy,Home & Kitchen,WH-BLR,456,36,14908.81,2025-04-07 10:30:45,2025-04-17 06:00:00
SKU03182,Cross-group motivating core,Sports,WH-HYD,1780,98,885.31,2025-04-01 15:37:38,2025-04-17 06:00:00
SKU03183,Focused tertiary collaboration,Electronics,WH-MUM,1335,19,6245.34,2025-04-06 19:25:33,2025-04-17 06:00:00
SKU03184,User-centric modular initiative,Beauty,WH-MUM,598,51,9174.75,2025-04-11 22:01:38,2025-04-17 06:00:00
SKU03185,Diverse bi-directional artificial intelligence,Sports,WH-DEL,1268,70,12860.4,2025-04-06 01:54:33,2025-04-17 06:00:00
SKU03186,Pre-emptive attitude-oriented architecture,Clothing,WH-DEL,334,91,2382.9,2025-04-03 10:41:37,2025-04-17 06:00:00
SKU03187,Horizontal fault-tolerant function,Clothing,WH-MUM,631,22,2778.2,2025-04-13 09:36:02,2025-04-17 06:00:00
SKU03188,Balanced cohesive definition,Clothing,WH-HYD,537,80,4824.07,2025-04-13 06:18:43,2025-04-17 06:00:00
SKU03189,Cloned fault-tolerant solution,Books,WH-HYD,1301,16,11519.86,2025-04-12 20:02:36,2025-04-17 06:00:00
SKU03190,Optional holistic product,Electronics,WH-HYD,57,13,5580.33,2025-04-16 02:10:33,2025-04-17 06:00:00
SKU03191,Implemented fault-tolerant implementation,Beauty,WH-DEL,1477,91,14207.68,2025-04-10 18:17:13,2025-04-17 06:00:00
SKU03192,Self-enabling asymmetric productivity,Home & Kitchen,WH-MUM,445,66,5803.21,2025-04-10 19:44:02,2025-04-17 06:00:00
SKU03193,Phased mobile intranet,Home & Kitchen,WH-MUM,1461,26,13978.54,2025-04-11 08:59:09,2025-04-17 06:00:00
SKU03194,Polarized didactic encoding,Beauty,WH-HYD,6,87,6822.41,2025-04-13 17:59:43,2025-04-17 06:00:00
SKU03195,Decentralized well-modulated workforce,Electronics,WH-DEL,1005,71,3867.25,2025-04-13 11:05:28,2025-04-17 06:00:00
SKU03196,Multi-channeled coherent infrastructure,Books,WH-CHE,1893,73,6641.89,2025-04-13 00:08:38,2025-04-17 06:00:00
SKU03197,Upgradable directional projection,Beauty,WH-MUM,1987,89,2488.08,2025-04-15 07:04:08,2025-04-17 06:00:00
SKU03198,Business-focused attitude-oriented help-desk,Toys,WH-HYD,399,82,12545.25,2025-04-03 15:24:06,2025-04-17 06:00:00
SKU03199,Visionary background interface,Sports,WH-DEL,548,96,5461.13,2025-04-15 05:30:10,2025-04-17 06:00:00
SKU03200,Decentralized holistic capacity,Books,WH-BLR,1872,67,14727.92,2025-04-14 19:17:30,2025-04-17 06:00:00
SKU03201,Upgradable even-keeled process improvement,Home & Kitchen,WH-MUM,818,87,7933.25,2025-04-01 10:24:04,2025-04-17 06:00:00
SKU03202,Open-source tangible secured line,Clothing,WH-BLR,,23,6320.17,2025-04-08 15:53:47,2025-04-17 06:00:00
SKU03203,Synchronized 5thgeneration interface,Beauty,WH-BLR,1901,67,2530.91,2025-04-14 04:33:02,2025-04-17 06:00:00
SKU03204,Universal regional Local Area Network,Grocery,WH-BLR,739,38,14368.24,2025-04-05 16:28:11,2025-04-17 06:00:00
SKU03205,Diverse client-driven budgetary management,Books,WH-HYD,1326,83,1106.62,2025-04-06 12:39:23,2025-04-17 06:00:00
SKU03206,Persistent web-enabled hub,Clothing,WH-BLR,436,73,11905.03,2025-04-08 23:55:44,2025-04-17 06:00:00
SKU03207,Cross-platform mission-critical encryption,Toys,WH-HYD,1262,22,13203.89,2025-04-12 06:45:38,2025-04-17 06:00:00
SKU03208,Optimized secondary moderator,Toys,WH-MUM,103,24,5443.59,2025-04-01 11:52:49,2025-04-17 06:00:00
SKU03209,De-engineered methodical archive,Electronics,WH-HYD,351,77,11799.14,2025-04-11 07:05:08,2025-04-17 06:00:00
SKU03210,Robust heuristic portal,Sports,WH-CHE,1579,55,9960.53,2025-04-13 15:58:22,2025-04-17 06:00:00
SKU03211,Automated solution-oriented archive,Grocery,WH-BLR,10,25,893.2,2025-04-16 10:47:16,2025-04-17 06:00:00
SKU03212,Programmable discrete knowledge user,Home & Kitchen,WH-CHE,465,93,14137.35,2025-04-02 07:06:42,2025-04-17 06:00:00
SKU03213,Optimized bi-directional conglomeration,Toys,WH-DEL,1257,52,2939.55,2025-04-06 05:41:33,2025-04-17 06:00:00
SKU03214,Pre-emptive multi-tasking firmware,Grocery,WH-CHE,784,36,12528.54,2025-04-05 03:23:03,2025-04-17 06:00:00
SKU03215,Enterprise-wide attitude-oriented algorithm,Grocery,WH-MUM,1857,100,9523.77,2025-04-13 02:04:14,2025-04-17 06:00:00
SKU03216,Down-sized asymmetric groupware,Sports,WH-HYD,1624,33,10149.07,2025-04-05 08:16:00,2025-04-17 06:00:00
SKU03217,Implemented methodical process improvement,Toys,WH-CHE,1385,70,13666.88,2025-04-08 16:49:01,2025-04-17 06:00:00
SKU03218,Multi-channeled bi-directional service-desk,Books,WH-BLR,1529,30,1378.28,2025-04-07 07:32:48,2025-04-17 06:00:00
SKU03219,Customizable incremental challenge,Books,WH-DEL,274,66,8108.94,2025-04-08 21:25:34,2025-04-17 06:00:00
SKU03220,Innovative bottom-line product,Grocery,WH-DEL,1500,49,9058.75,2025-04-16 19:14:20,2025-04-17 06:00:00
SKU03221,Configurable neutral encoding,Sports,WH-BLR,1246,24,3803.88,2025-04-15 09:51:50,2025-04-17 06:00:00
SKU03222,Managed high-level attitude,Toys,WH-CHE,646,93,9913.41,2025-04-10 07:54:29,2025-04-17 06:00:00
SKU03223,Digitized optimal flexibility,Home & Kitchen,WH-MUM,1370,80,9513.27,2025-04-07 17:55:11,2025-04-17 06:00:00
SKU03224,Diverse bottom-line moratorium,Electronics,WH-MUM,1941,73,14489.53,2025-04-11 20:15:14,2025-04-17 06:00:00
SKU03225,Customer-focused clear-thinking open system,Clothing,WH-MUM,922,95,12664.76,2025-04-16 10:35:37,2025-04-17 06:00:00
SKU03226,Inverse directional software,Toys,WH-HYD,11,17,7942.74,2025-04-08 18:42:04,2025-04-17 06:00:00
SKU03227,Fully-configurable bottom-line paradigm,Clothing,WH-BLR,319,21,13440.7,2025-04-16 16:30:17,2025-04-17 06:00:00
SKU03228,Pre-emptive 4thgeneration parallelism,Clothing,WH-MUM,1920,21,11865.1,2025-04-16 20:25:03,2025-04-17 06:00:00
SKU03229,Grass-roots object-oriented benchmark,Toys,WH-HYD,38,55,6821.32,2025-04-15 01:19:20,2025-04-17 06:00:00
SKU03230,Virtual 4thgeneration instruction set,Clothing,WH-BLR,1697,63,4144.64,2025-04-11 10:16:48,2025-04-17 06:00:00
SKU03231,Team-oriented human-resource migration,Clothing,WH-HYD,1650,68,9307.65,2025-04-10 03:17:27,2025-04-17 06:00:00
SKU03232,Organic well-modulated array,Electronics,WH-BLR,1474,16,14531.01,2025-04-07 13:28:16,2025-04-17 06:00:00
SKU03233,Profit-focused bi-directional help-desk,Books,WH-DEL,3,10,4118.06,2025-04-05 11:59:06,2025-04-17 06:00:00
SKU03234,Versatile multi-tasking conglomeration,Toys,WH-HYD,700,58,9828.0,2025-04-08 09:08:59,2025-04-17 06:00:00
SKU03235,Mandatory 5thgeneration contingency,Grocery,WH-HYD,,56,5583.62,2025-04-12 02:47:36,2025-04-17 06:00:00
SKU03236,Open-architected zero tolerance extranet,Books,WH-HYD,1204,71,10890.51,2025-04-08 07:15:50,2025-04-17 06:00:00
SKU03237,Universal needs-based paradigm,Clothing,WH-DEL,691,65,11479.49,2025-04-13 14:43:09,2025-04-17 06:00:00
SKU03238,Ameliorated directional groupware,Beauty,WH-MUM,1622,40,9233.9,2025-04-06 21:56:37,2025-04-17 06:00:00
SKU03239,Optional exuding pricing structure,Electronics,WH-HYD,608,99,9198.77,2025-04-05 12:14:50,2025-04-17 06:00:00
SKU03240,Synergistic 24hour attitude,Clothing,WH-DEL,993,63,4693.75,2025-04-03 08:54:04,2025-04-17 06:00:00
SKU03241,Cloned multimedia info-mediaries,Toys,WH-MUM,684,69,14264.05,2025-04-06 08:00:02,2025-04-17 06:00:00
SKU03242,Stand-alone high-level budgetary management,Electronics,WH-BLR,1589,31,4863.57,2025-04-14 04:25:14,2025-04-17 06:00:00
SKU03243,Innovative dedicated application,Electronics,WH-CHE,1452,18,14266.54,2025-04-16 09:52:56,2025-04-17 06:00:00
SKU03244,Synergized static middleware,Toys,WH-DEL,414,83,2276.55,2025-04-16 18:16:13,2025-04-17 06:00:00
SKU03245,Organic attitude-oriented budgetary management,Toys,WH-DEL,1776,71,1715.91,2025-04-03 16:59:03,2025-04-17 06:00:00
SKU03246,Fully-configurable global hardware,Electronics,WH-HYD,249,87,6505.87,2025-04-02 07:47:46,2025-04-17 06:00:00
SKU03247,Stand-alone solution-oriented info-mediaries,Books,WH-HYD,1781,17,6530.3,2025-04-09 01:12:22,2025-04-17 06:00:00
SKU03248,Polarized real-time software,Electronics,WH-HYD,244,94,4074.45,2025-04-14 22:26:56,2025-04-17 06:00:00
SKU03249,De-engineered bi-directional website,Grocery,WH-MUM,882,23,6673.82,2025-04-15 10:16:33,2025-04-17 06:00:00
SKU03250,Realigned content-based policy,Sports,WH-CHE,66,89,6215.51,2025-04-10 09:35:06,2025-04-17 06:00:00
SKU03251,Phased optimal groupware,Electronics,WH-CHE,555,63,8265.09,2025-04-02 16:19:38,2025-04-17 06:00:00
SKU03252,Public-key global synergy,Home & Kitchen,WH-CHE,1767,38,2286.14,2025-04-01 10:43:05,2025-04-17 06:00:00
SKU03253,Total logistical task-force,Grocery,WH-HYD,636,67,8138.78,2025-04-14 16:04:45,2025-04-17 06:00:00
SKU03254,Horizontal bandwidth-monitored knowledge user,Home & Kitchen,WH-HYD,443,54,3876.68,2025-04-16 02:10:43,2025-04-17 06:00:00
SKU03255,Centralized bottom-line middleware,Toys,WH-HYD,1517,78,14793.83,2025-04-11 10:57:43,2025-04-17 06:00:00
SKU03256,Focused exuding moderator,Home & Kitchen,WH-CHE,519,33,6732.52,2025-04-06 16:30:30,2025-04-17 06:00:00
SKU03257,Seamless stable project,Electronics,WH-DEL,1935,82,13097.0,2025-04-11 16:28:42,2025-04-17 06:00:00
SKU03258,Adaptive static intranet,Clothing,WH-HYD,527,52,13495.76,2025-04-15 07:56:18,2025-04-17 06:00:00
SKU03259,Open-source disintermediate toolset,Beauty,WH-MUM,1663,37,288.53,2025-04-10 08:04:17,2025-04-17 06:00:00
SKU03260,Enterprise-wide national synergy,Grocery,WH-DEL,1488,18,12875.54,2025-04-08 22:47:59,2025-04-17 06:00:00
SKU03261,Extended context-sensitive capacity,Toys,WH-CHE,1498,18,6718.86,2025-04-07 17:22:40,2025-04-17 06:00:00
SKU03262,Balanced optimal encryption,Electronics,WH-CHE,1856,33,8058.74,2025-04-08 03:08:13,2025-04-17 06:00:00
SKU03263,Ergonomic optimizing analyzer,Toys,WH-DEL,1247,92,4663.35,2025-04-06 19:47:45,2025-04-17 06:00:00
SKU03264,Right-sized actuating protocol,Grocery,WH-BLR,1622,17,1241.95,2025-04-14 18:49:30,2025-04-17 06:00:00
SKU03265,Cross-group empowering functionalities,Sports,WH-MUM,343,94,10068.11,2025-04-03 13:39:07,2025-04-17 06:00:00
SKU03266,Vision-oriented 3rdgeneration algorithm,Beauty,WH-MUM,836,70,13599.46,2025-04-14 01:48:23,2025-04-17 06:00:00
SKU03267,Fully-configurable well-modulated emulation,Clothing,WH-CHE,241,18,11954.79,2025-04-09 20:22:55,2025-04-17 06:00:00
SKU03268,Innovative upward-trending solution,Clothing,WH-MUM,,58,7714.23,2025-04-15 01:59:58,2025-04-17 06:00:00
SKU03269,Adaptive object-oriented encryption,Electronics,WH-HYD,1848,86,443.68,2025-04-02 04:03:16,2025-04-17 06:00:00
SKU03270,Universal user-facing portal,Sports,WH-BLR,625,86,6511.52,2025-04-07 08:27:45,2025-04-17 06:00:00
SKU03271,Persevering bi-directional productivity,Electronics,WH-CHE,1397,18,11561.31,2025-04-08 23:25:43,2025-04-17 06:00:00
SKU03272,Mandatory client-driven customer loyalty,Clothing,WH-CHE,456,42,9092.48,2025-04-04 18:42:35,2025-04-17 06:00:00
SKU03273,Proactive grid-enabled database,Grocery,WH-DEL,1815,100,8417.88,2025-04-16 04:39:21,2025-04-17 06:00:00
SKU03274,Extended bandwidth-monitored application,Clothing,WH-MUM,1404,65,9352.64,2025-04-13 23:36:17,2025-04-17 06:00:00
SKU03275,Monitored static Internet solution,Electronics,WH-HYD,1025,96,365.57,2025-04-02 05:06:56,2025-04-17 06:00:00
SKU03276,Diverse context-sensitive architecture,Toys,WH-DEL,1070,47,12411.63,2025-04-08 11:35:53,2025-04-17 06:00:00
SKU03277,Up-sized 24hour pricing structure,Clothing,WH-HYD,1308,59,6462.05,2025-04-03 07:56:02,2025-04-17 06:00:00
SKU03278,Universal static definition,Clothing,WH-MUM,955,87,7179.76,2025-04-07 18:07:30,2025-04-17 06:00:00
SKU03279,Team-oriented client-server process improvement,Home & Kitchen,WH-HYD,838,16,14556.72,2025-04-14 12:32:45,2025-04-17 06:00:00
SKU03280,Assimilated modular extranet,Electronics,WH-BLR,1062,80,5167.18,2025-04-04 17:27:54,2025-04-17 06:00:00
SKU03281,Phased mobile firmware,Sports,WH-BLR,23,89,14983.99,2025-04-16 17:12:55,2025-04-17 06:00:00
SKU03282,Mandatory stable leverage,Grocery,WH-CHE,1401,99,7293.69,2025-04-08 19:45:08,2025-04-17 06:00:00
SKU03283,Operative exuding data-warehouse,Grocery,WH-DEL,13,39,2690.76,2025-04-02 10:12:24,2025-04-17 06:00:00
SKU03284,Implemented dedicated workforce,Books,WH-CHE,132,62,1298.52,2025-04-03 05:48:21,2025-04-17 06:00:00
SKU03285,Right-sized client-server framework,Grocery,WH-CHE,1143,65,5245.86,2025-04-05 07:44:06,2025-04-17 06:00:00
SKU03286,Networked real-time hardware,Home & Kitchen,WH-BLR,1250,91,10309.58,2025-04-12 08:46:23,2025-04-17 06:00:00
SKU03287,Monitored radical standardization,Toys,WH-DEL,1965,88,3996.33,2025-04-07 13:33:59,2025-04-17 06:00:00
SKU03288,Digitized directional initiative,Beauty,WH-MUM,1909,33,12964.48,2025-04-09 19:24:09,2025-04-17 06:00:00
SKU03289,Multi-channeled local portal,Clothing,WH-DEL,77,11,9006.3,2025-04-04 07:23:31,2025-04-17 06:00:00
SKU03290,Triple-buffered local artificial intelligence,Toys,WH-CHE,537,27,3524.46,2025-04-04 12:25:25,2025-04-17 06:00:00
SKU03291,De-engineered upward-trending conglomeration,Grocery,WH-HYD,995,17,13794.2,2025-04-13 21:37:24,2025-04-17 06:00:00
SKU03292,Expanded mission-critical archive,Beauty,WH-MUM,1741,64,8679.97,2025-04-13 06:51:22,2025-04-17 06:00:00
SKU03293,Universal logistical frame,Home & Kitchen,WH-BLR,1349,57,3560.08,2025-04-07 09:44:38,2025-04-17 06:00:00
SKU03294,Business-focused real-time secured line,Books,WH-CHE,524,33,10427.17,2025-04-03 05:14:46,2025-04-17 06:00:00
SKU03295,Programmable web-enabled orchestration,Books,WH-DEL,8,25,7862.68,2025-04-08 14:32:21,2025-04-17 06:00:00
SKU03296,De-engineered web-enabled hardware,Beauty,WH-BLR,1232,22,7185.46,2025-04-09 23:55:25,2025-04-17 06:00:00
SKU03297,Reactive regional Internet solution,Clothing,WH-BLR,1117,57,3200.28,2025-04-07 00:42:51,2025-04-17 06:00:00
SKU03298,Monitored 4thgeneration neural-net,Home & Kitchen,WH-HYD,419,56,13589.65,2025-04-01 08:06:42,2025-04-17 06:00:00
SKU03299,Function-based motivating benchmark,Books,WH-DEL,496,69,9166.41,2025-04-08 18:11:24,2025-04-17 06:00:00
SKU03300,Persevering high-level workforce,Home & Kitchen,WH-MUM,306,28,12246.37,2025-04-07 18:23:22,2025-04-17 06:00:00
SKU03301,Extended uniform software,Books,WH-DEL,,36,3804.17,2025-04-14 19:25:49,2025-04-17 06:00:00
SKU03302,Right-sized contextually-based application,Beauty,WH-CHE,988,65,11975.33,2025-04-08 21:50:53,2025-04-17 06:00:00
SKU03303,Synergistic hybrid approach,Toys,WH-HYD,13,35,2528.42,2025-04-06 09:43:36,2025-04-17 06:00:00
SKU03304,Enterprise-wide impactful hardware,Beauty,WH-BLR,860,98,334.13,2025-04-08 21:43:53,2025-04-17 06:00:00
SKU03305,Reverse-engineered intermediate forecast,Beauty,WH-BLR,90,76,10820.45,2025-04-05 03:26:05,2025-04-17 06:00:00
SKU03306,Pre-emptive maximized matrix,Sports,WH-CHE,1757,30,672.92,2025-04-13 14:34:03,2025-04-17 06:00:00
SKU03307,Reverse-engineered fresh-thinking artificial intel,Toys,WH-BLR,1504,76,2848.37,2025-04-11 16:43:04,2025-04-17 06:00:00
SKU03308,Virtual empowering application,Home & Kitchen,WH-HYD,1776,12,8669.28,2025-04-11 09:11:45,2025-04-17 06:00:00
SKU03309,Seamless scalable implementation,Home & Kitchen,WH-CHE,739,69,9469.05,2025-04-06 06:45:10,2025-04-17 06:00:00
SKU03310,Cross-group regional installation,Toys,WH-BLR,123,55,341.07,2025-04-14 01:41:39,2025-04-17 06:00:00
SKU03311,Ergonomic object-oriented pricing structure,Home & Kitchen,WH-HYD,278,28,12404.98,2025-04-05 22:10:29,2025-04-17 06:00:00
SKU03312,Fully-configurable global initiative,Clothing,WH-BLR,942,12,14580.8,2025-04-02 13:00:03,2025-04-17 06:00:00
SKU03313,Customer-focused 24/7 algorithm,Clothing,WH-MUM,1741,91,5582.88,2025-04-11 21:41:58,2025-04-17 06:00:00
SKU03314,Down-sized hybrid parallelism,Electronics,WH-BLR,440,22,14823.67,2025-04-07 22:22:21,2025-04-17 06:00:00
SKU03315,Robust heuristic data-warehouse,Grocery,WH-HYD,691,99,7178.15,2025-04-14 05:22:50,2025-04-17 06:00:00
SKU03316,Inverse heuristic analyzer,Toys,WH-DEL,998,40,3212.58,2025-04-11 16:04:27,2025-04-17 06:00:00
SKU03317,Down-sized systemic artificial intelligence,Grocery,WH-BLR,63,41,168.13,2025-04-13 06:41:41,2025-04-17 06:00:00
SKU03318,Mandatory 24/7 adapter,Home & Kitchen,WH-CHE,1194,19,8117.38,2025-04-05 06:25:55,2025-04-17 06:00:00
SKU03319,Intuitive holistic circuit,Home & Kitchen,WH-MUM,1590,94,9838.02,2025-04-15 20:21:57,2025-04-17 06:00:00
SKU03320,Reactive motivating project,Toys,WH-HYD,676,98,12025.73,2025-04-09 19:54:35,2025-04-17 06:00:00
SKU03321,Profound clear-thinking time-frame,Books,WH-HYD,996,44,11404.03,2025-04-07 23:51:30,2025-04-17 06:00:00
SKU03322,Front-line attitude-oriented structure,Beauty,WH-BLR,1282,59,1750.9,2025-04-04 18:06:42,2025-04-17 06:00:00
SKU03323,Multi-channeled system-worthy time-frame,Home & Kitchen,WH-MUM,1109,45,2340.22,2025-04-10 21:35:17,2025-04-17 06:00:00
SKU03324,Multi-layered full-range Local Area Network,Sports,WH-MUM,1638,85,10165.28,2025-04-14 17:35:21,2025-04-17 06:00:00
SKU03325,Right-sized even-keeled implementation,Toys,WH-DEL,1060,67,1874.26,2025-04-02 19:47:26,2025-04-17 06:00:00
SKU03326,Fully-configurable context-sensitive paradigm,Toys,WH-HYD,1492,82,713.25,2025-04-15 09:13:37,2025-04-17 06:00:00
SKU03327,Upgradable leadingedge approach,Books,WH-BLR,538,19,9097.93,2025-04-01 21:31:05,2025-04-17 06:00:00
SKU03328,Profound bi-directional ability,Toys,WH-MUM,1083,76,9887.45,2025-04-04 16:31:28,2025-04-17 06:00:00
SKU03329,Customer-focused multi-state solution,Home & Kitchen,WH-CHE,298,76,1105.52,2025-04-10 04:02:00,2025-04-17 06:00:00
SKU03330,Reverse-engineered heuristic database,Electronics,WH-HYD,379,74,4626.63,2025-04-10 01:26:16,2025-04-17 06:00:00
SKU03331,Cross-platform directional portal,Grocery,WH-DEL,216,41,11935.14,2025-04-11 05:32:48,2025-04-17 06:00:00
SKU03332,Front-line analyzing product,Books,WH-HYD,737,86,9527.96,2025-04-09 02:01:06,2025-04-17 06:00:00
SKU03333,Horizontal interactive framework,Toys,WH-DEL,647,97,13698.09,2025-04-15 02:36:52,2025-04-17 06:00:00
SKU03334,Organized 5thgeneration pricing structure,Toys,WH-MUM,,37,9221.84,2025-04-08 17:53:29,2025-04-17 06:00:00
SKU03335,Digitized systematic product,Home & Kitchen,WH-CHE,1118,84,8229.39,2025-04-01 00:58:24,2025-04-17 06:00:00
SKU03336,Focused 5thgeneration database,Toys,WH-DEL,1075,21,11449.77,2025-04-01 02:06:43,2025-04-17 06:00:00
SKU03337,Re-engineered national project,Grocery,WH-MUM,1220,36,1536.96,2025-04-10 17:09:53,2025-04-17 06:00:00
SKU03338,Universal context-sensitive Local Area Network,Electronics,WH-HYD,1993,75,3705.08,2025-04-01 17:05:41,2025-04-17 06:00:00
SKU03339,Customer-focused incremental capacity,Beauty,WH-CHE,1356,46,14724.31,2025-04-07 08:05:05,2025-04-17 06:00:00
SKU03340,Reduced interactive matrix,Sports,WH-HYD,1705,27,3180.83,2025-04-03 17:47:10,2025-04-17 06:00:00
SKU03341,Polarized national flexibility,Books,WH-HYD,1758,73,2648.1,2025-04-11 02:43:56,2025-04-17 06:00:00
SKU03342,Diverse client-server functionalities,Books,WH-MUM,1600,19,12966.66,2025-04-15 06:09:00,2025-04-17 06:00:00
SKU03343,Proactive dedicated task-force,Clothing,WH-DEL,1032,48,10275.03,2025-04-06 15:41:40,2025-04-17 06:00:00
SKU03344,Streamlined discrete budgetary management,Sports,WH-CHE,95,70,10491.51,2025-04-14 20:02:45,2025-04-17 06:00:00
SKU03345,Right-sized zero administration forecast,Grocery,WH-HYD,1579,75,4975.28,2025-04-07 08:17:21,2025-04-17 06:00:00
SKU03346,Optimized multi-state strategy,Home & Kitchen,WH-CHE,248,14,1802.81,2025-04-02 14:16:36,2025-04-17 06:00:00
SKU03347,Multi-tiered fresh-thinking help-desk,Grocery,WH-CHE,340,21,4225.14,2025-04-06 13:03:04,2025-04-17 06:00:00
SKU03348,Phased bandwidth-monitored emulation,Clothing,WH-HYD,1975,55,1889.49,2025-04-16 00:39:43,2025-04-17 06:00:00
SKU03349,Multi-layered intermediate knowledgebase,Grocery,WH-MUM,15,17,4672.08,2025-04-04 04:23:51,2025-04-17 06:00:00
SKU03350,Vision-oriented composite concept,Books,WH-HYD,147,77,1647.98,2025-04-03 18:01:03,2025-04-17 06:00:00
SKU03351,Ergonomic explicit emulation,Grocery,WH-BLR,34,32,11808.94,2025-04-06 22:25:49,2025-04-17 06:00:00
SKU03352,Automated coherent emulation,Home & Kitchen,WH-CHE,644,79,7434.25,2025-04-14 09:13:03,2025-04-17 06:00:00
SKU03353,Universal system-worthy secured line,Clothing,WH-BLR,1091,88,13099.66,2025-04-05 01:08:35,2025-04-17 06:00:00
SKU03354,Synergized intangible encryption,Electronics,WH-BLR,49,24,6246.85,2025-04-10 05:58:50,2025-04-17 06:00:00
SKU03355,Seamless static encryption,Beauty,WH-MUM,928,60,1997.81,2025-04-03 04:05:50,2025-04-17 06:00:00
SKU03356,Mandatory motivating budgetary management,Clothing,WH-MUM,704,22,194.78,2025-04-02 00:46:15,2025-04-17 06:00:00
SKU03357,Exclusive system-worthy circuit,Electronics,WH-DEL,1690,68,14604.91,2025-04-15 14:40:14,2025-04-17 06:00:00
SKU03358,Devolved upward-trending paradigm,Home & Kitchen,WH-MUM,131,60,11378.18,2025-04-16 11:12:54,2025-04-17 06:00:00
SKU03359,Reverse-engineered radical database,Home & Kitchen,WH-DEL,1112,19,2383.71,2025-04-06 05:26:17,2025-04-17 06:00:00
SKU03360,Networked interactive strategy,Grocery,WH-DEL,361,82,14327.1,2025-04-16 20:12:36,2025-04-17 06:00:00
SKU03361,Monitored grid-enabled workforce,Clothing,WH-DEL,638,19,12496.18,2025-04-07 17:30:32,2025-04-17 06:00:00
SKU03362,Total methodical website,Toys,WH-MUM,168,61,9261.15,2025-04-01 20:53:12,2025-04-17 06:00:00
SKU03363,Persevering national array,Grocery,WH-HYD,1831,30,7455.2,2025-04-01 21:09:42,2025-04-17 06:00:00
SKU03364,Total tangible installation,Sports,WH-CHE,1425,80,5498.7,2025-04-01 04:11:40,2025-04-17 06:00:00
SKU03365,Balanced encompassing extranet,Toys,WH-MUM,1835,98,11050.53,2025-04-09 12:22:25,2025-04-17 06:00:00
SKU03366,Customer-focused local array,Books,WH-BLR,423,13,3652.61,2025-04-03 17:15:54,2025-04-17 06:00:00
SKU03367,Operative exuding initiative,Toys,WH-MUM,,51,10668.34,2025-04-02 15:44:59,2025-04-17 06:00:00
SKU03368,Up-sized 24/7 standardization,Electronics,WH-CHE,1707,44,4719.02,2025-04-10 04:07:22,2025-04-17 06:00:00
SKU03369,Expanded asynchronous focus group,Clothing,WH-BLR,72,95,7305.98,2025-04-02 19:28:05,2025-04-17 06:00:00
SKU03370,Multi-lateral 24hour circuit,Beauty,WH-MUM,453,13,1552.4,2025-04-15 08:40:47,2025-04-17 06:00:00
SKU03371,Reactive dynamic orchestration,Toys,WH-CHE,112,29,6674.79,2025-04-08 02:55:38,2025-04-17 06:00:00
SKU03372,Reduced secondary projection,Electronics,WH-MUM,191,53,7192.49,2025-04-14 18:20:17,2025-04-17 06:00:00
SKU03373,Focused dedicated model,Toys,WH-MUM,489,82,6252.35,2025-04-02 05:03:42,2025-04-17 06:00:00
SKU03374,Grass-roots grid-enabled installation,Books,WH-CHE,461,56,11940.59,2025-04-12 15:55:13,2025-04-17 06:00:00
SKU03375,Front-line client-driven contingency,Sports,WH-DEL,1239,85,3049.16,2025-04-08 18:27:45,2025-04-17 06:00:00
SKU03376,Phased impactful contingency,Electronics,WH-CHE,56,48,10553.43,2025-04-03 11:24:10,2025-04-17 06:00:00
SKU03377,Virtual well-modulated hub,Toys,WH-HYD,772,56,2167.11,2025-04-02 01:30:54,2025-04-17 06:00:00
SKU03378,Vision-oriented interactive time-frame,Clothing,WH-CHE,881,40,10714.85,2025-04-16 17:42:43,2025-04-17 06:00:00
SKU03379,Centralized fresh-thinking paradigm,Clothing,WH-DEL,742,12,4056.45,2025-04-06 11:09:31,2025-04-17 06:00:00
SKU03380,Reactive coherent moratorium,Sports,WH-BLR,1851,56,11539.64,2025-04-13 09:36:14,2025-04-17 06:00:00
SKU03381,Centralized disintermediate success,Sports,WH-BLR,1521,92,5858.23,2025-04-04 21:59:07,2025-04-17 06:00:00
SKU03382,Reactive disintermediate extranet,Electronics,WH-CHE,216,12,1510.32,2025-04-04 09:48:53,2025-04-17 06:00:00
SKU03383,Right-sized logistical circuit,Books,WH-HYD,194,54,2579.28,2025-04-03 13:15:37,2025-04-17 06:00:00
SKU03384,Object-based systematic hub,Electronics,WH-CHE,32,24,6119.22,2025-04-12 19:28:02,2025-04-17 06:00:00
SKU03385,Networked multi-tasking orchestration,Beauty,WH-BLR,1984,25,533.54,2025-04-15 00:55:28,2025-04-17 06:00:00
SKU03386,Advanced responsive paradigm,Home & Kitchen,WH-HYD,1850,70,5878.75,2025-04-16 09:19:49,2025-04-17 06:00:00
SKU03387,Re-engineered grid-enabled moderator,Beauty,WH-HYD,574,22,12046.08,2025-04-10 12:02:15,2025-04-17 06:00:00
SKU03388,Upgradable bandwidth-monitored middleware,Home & Kitchen,WH-CHE,1379,90,9945.06,2025-04-07 21:18:37,2025-04-17 06:00:00
SKU03389,Organic object-oriented challenge,Books,WH-HYD,1380,54,11013.86,2025-04-11 07:33:59,2025-04-17 06:00:00
SKU03390,Business-focused incremental approach,Grocery,WH-DEL,337,28,11779.53,2025-04-01 02:02:10,2025-04-17 06:00:00
SKU03391,Multi-lateral modular groupware,Sports,WH-CHE,1936,72,12687.48,2025-04-02 22:47:50,2025-04-17 06:00:00
SKU03392,Managed uniform initiative,Electronics,WH-BLR,785,39,12434.65,2025-04-07 21:37:11,2025-04-17 06:00:00
SKU03393,Function-based 5thgeneration circuit,Grocery,WH-DEL,604,42,5680.09,2025-04-08 01:47:37,2025-04-17 06:00:00
SKU03394,Assimilated 24hour infrastructure,Home & Kitchen,WH-HYD,1455,24,10852.6,2025-04-15 03:03:53,2025-04-17 06:00:00
SKU03395,Self-enabling modular hub,Grocery,WH-MUM,690,18,14068.05,2025-04-08 04:46:40,2025-04-17 06:00:00
SKU03396,Synchronized holistic customer loyalty,Beauty,WH-DEL,727,81,8728.0,2025-04-02 05:39:53,2025-04-17 06:00:00
SKU03397,Future-proofed incremental service-desk,Electronics,WH-DEL,1264,64,2219.95,2025-04-15 03:28:06,2025-04-17 06:00:00
SKU03398,Ergonomic maximized artificial intelligence,Beauty,WH-BLR,400,64,4609.9,2025-04-07 04:07:36,2025-04-17 06:00:00
SKU03399,Multi-tiered encompassing productivity,Home & Kitchen,WH-MUM,1408,85,12181.18,2025-04-07 04:05:09,2025-04-17 06:00:00
SKU03400,Adaptive systemic core,Books,WH-DEL,,88,6221.83,2025-04-01 14:26:59,2025-04-17 06:00:00
SKU03401,Extended static benchmark,Home & Kitchen,WH-CHE,116,24,3953.01,2025-04-07 09:51:32,2025-04-17 06:00:00
SKU03402,Reactive grid-enabled hierarchy,Toys,WH-DEL,905,29,9991.96,2025-04-05 19:24:27,2025-04-17 06:00:00
SKU03403,Intuitive tangible software,Toys,WH-DEL,605,72,140.16,2025-04-02 10:30:53,2025-04-17 06:00:00
SKU03404,Object-based web-enabled success,Toys,WH-BLR,355,31,240.67,2025-04-09 03:30:58,2025-04-17 06:00:00
SKU03405,Centralized heuristic groupware,Beauty,WH-DEL,414,34,13625.59,2025-04-07 04:19:07,2025-04-17 06:00:00
SKU03406,Progressive value-added solution,Clothing,WH-MUM,381,79,6779.1,2025-04-01 16:24:26,2025-04-17 06:00:00
SKU03407,User-centric transitional ability,Beauty,WH-HYD,141,57,4522.57,2025-04-07 10:53:59,2025-04-17 06:00:00
SKU03408,Exclusive responsive Local Area Network,Electronics,WH-HYD,506,88,1488.41,2025-04-01 21:04:18,2025-04-17 06:00:00
SKU03409,Balanced optimizing forecast,Beauty,WH-CHE,549,31,11581.82,2025-04-14 10:33:33,2025-04-17 06:00:00
SKU03410,Robust motivating focus group,Clothing,WH-MUM,1256,37,6711.89,2025-04-15 19:55:19,2025-04-17 06:00:00
SKU03411,Grass-roots 24hour monitoring,Toys,WH-DEL,1850,13,9295.63,2025-04-14 04:25:29,2025-04-17 06:00:00
SKU03412,Universal secondary help-desk,Home & Kitchen,WH-BLR,866,65,12030.23,2025-04-03 15:32:55,2025-04-17 06:00:00
SKU03413,Up-sized demand-driven implementation,Home & Kitchen,WH-HYD,1600,46,12192.19,2025-04-10 09:07:52,2025-04-17 06:00:00
SKU03414,Fundamental systemic capability,Sports,WH-HYD,1713,58,10826.75,2025-04-07 07:17:38,2025-04-17 06:00:00
SKU03415,Balanced zero administration access,Grocery,WH-HYD,728,31,8347.31,2025-04-09 00:45:34,2025-04-17 06:00:00
SKU03416,Universal disintermediate service-desk,Electronics,WH-BLR,1887,17,8348.45,2025-04-02 21:17:51,2025-04-17 06:00:00
SKU03417,Pre-emptive zero-defect standardization,Sports,WH-CHE,1696,84,3754.81,2025-04-14 17:00:40,2025-04-17 06:00:00
SKU03418,Vision-oriented next generation budgetary manageme,Home & Kitchen,WH-DEL,1807,84,5374.92,2025-04-15 01:15:49,2025-04-17 06:00:00
SKU03419,Sharable client-driven parallelism,Home & Kitchen,WH-DEL,245,28,7743.89,2025-04-13 15:29:07,2025-04-17 06:00:00
SKU03420,Profound directional matrix,Beauty,WH-DEL,1566,42,9448.21,2025-04-06 18:53:17,2025-04-17 06:00:00
SKU03421,Multi-tiered optimal portal,Home & Kitchen,WH-MUM,683,11,4868.9,2025-04-06 23:22:20,2025-04-17 06:00:00
SKU03422,Organic clear-thinking access,Home & Kitchen,WH-CHE,1377,62,14085.52,2025-04-09 04:31:09,2025-04-17 06:00:00
SKU03423,Inverse even-keeled moratorium,Clothing,WH-DEL,1975,82,8074.0,2025-04-13 20:13:15,2025-04-17 06:00:00
SKU03424,Balanced bi-directional product,Electronics,WH-CHE,380,36,11695.34,2025-04-15 16:16:50,2025-04-17 06:00:00
SKU03425,Open-source exuding focus group,Electronics,WH-MUM,693,11,12760.5,2025-04-11 12:16:40,2025-04-17 06:00:00
SKU03426,Monitored user-facing help-desk,Grocery,WH-CHE,30,38,3328.74,2025-04-02 06:55:20,2025-04-17 06:00:00
SKU03427,Reduced clear-thinking migration,Books,WH-BLR,1079,12,8452.09,2025-04-03 12:56:09,2025-04-17 06:00:00
SKU03428,Managed multi-tasking throughput,Toys,WH-HYD,950,85,9578.33,2025-04-04 10:54:27,2025-04-17 06:00:00
SKU03429,Self-enabling analyzing parallelism,Clothing,WH-DEL,1324,12,8746.05,2025-04-08 23:17:46,2025-04-17 06:00:00
SKU03430,Organic human-resource infrastructure,Electronics,WH-DEL,1804,84,12676.75,2025-04-12 02:55:11,2025-04-17 06:00:00
SKU03431,Diverse eco-centric alliance,Electronics,WH-BLR,993,49,9048.06,2025-04-09 10:55:42,2025-04-17 06:00:00
SKU03432,Secured value-added projection,Sports,WH-CHE,893,24,416.26,2025-04-08 12:14:30,2025-04-17 06:00:00
SKU03433,Public-key well-modulated analyzer,Books,WH-HYD,,70,7672.03,2025-04-06 00:44:15,2025-04-17 06:00:00
SKU03434,Function-based optimizing circuit,Sports,WH-BLR,1580,57,3722.96,2025-04-11 00:40:41,2025-04-17 06:00:00
SKU03435,Automated needs-based structure,Grocery,WH-CHE,644,69,6397.93,2025-04-16 04:02:56,2025-04-17 06:00:00
SKU03436,Visionary foreground parallelism,Home & Kitchen,WH-HYD,368,39,8469.78,2025-04-04 23:34:29,2025-04-17 06:00:00
SKU03437,Function-based intangible complexity,Grocery,WH-BLR,1972,39,3315.68,2025-04-12 20:52:44,2025-04-17 06:00:00
SKU03438,Implemented systemic utilization,Electronics,WH-CHE,1764,20,2900.29,2025-04-14 20:37:01,2025-04-17 06:00:00
SKU03439,Versatile executive Local Area Network,Electronics,WH-BLR,830,97,4930.65,2025-04-03 15:37:08,2025-04-17 06:00:00
SKU03440,Assimilated heuristic core,Sports,WH-BLR,478,34,990.23,2025-04-01 12:16:00,2025-04-17 06:00:00
SKU03441,Grass-roots asymmetric customer loyalty,Grocery,WH-MUM,1335,29,5987.78,2025-04-15 00:18:04,2025-04-17 06:00:00
SKU03442,User-centric exuding array,Grocery,WH-CHE,1423,20,5800.52,2025-04-16 13:22:29,2025-04-17 06:00:00
SKU03443,Programmable user-facing instruction set,Toys,WH-DEL,725,84,549.23,2025-04-03 12:09:42,2025-04-17 06:00:00
SKU03444,Ameliorated didactic adapter,Grocery,WH-BLR,327,33,11896.98,2025-04-06 18:29:43,2025-04-17 06:00:00
SKU03445,Integrated high-level toolset,Toys,WH-BLR,904,94,11252.82,2025-04-06 05:15:31,2025-04-17 06:00:00
SKU03446,Networked fault-tolerant productivity,Grocery,WH-DEL,92,37,3778.29,2025-04-02 19:50:00,2025-04-17 06:00:00
SKU03447,Phased full-range encryption,Sports,WH-MUM,153,54,2932.04,2025-04-12 16:31:16,2025-04-17 06:00:00
SKU03448,Function-based interactive extranet,Clothing,WH-CHE,1535,28,12081.65,2025-04-11 01:12:14,2025-04-17 06:00:00
SKU03449,Ameliorated leadingedge toolset,Clothing,WH-BLR,1516,69,1027.42,2025-04-10 06:23:12,2025-04-17 06:00:00
SKU03450,Public-key empowering definition,Home & Kitchen,WH-BLR,419,69,426.33,2025-04-14 01:48:08,2025-04-17 06:00:00
SKU03451,Sharable holistic groupware,Grocery,WH-MUM,1536,54,13293.1,2025-04-08 13:46:26,2025-04-17 06:00:00
SKU03452,Synergized 3rdgeneration process improvement,Clothing,WH-BLR,1974,54,4244.53,2025-04-11 03:14:44,2025-04-17 06:00:00
SKU03453,Face-to-face executive concept,Sports,WH-MUM,1919,18,6808.36,2025-04-16 19:45:48,2025-04-17 06:00:00
SKU03454,Pre-emptive multi-tasking product,Clothing,WH-CHE,1048,51,11687.68,2025-04-15 09:07:44,2025-04-17 06:00:00
SKU03455,Realigned exuding monitoring,Home & Kitchen,WH-HYD,473,91,6097.65,2025-04-01 10:58:17,2025-04-17 06:00:00
SKU03456,Robust tangible structure,Electronics,WH-CHE,1325,87,8204.29,2025-04-07 12:25:57,2025-04-17 06:00:00
SKU03457,Managed coherent matrices,Books,WH-DEL,92,48,8254.84,2025-04-14 06:39:18,2025-04-17 06:00:00
SKU03458,Exclusive national system engine,Beauty,WH-DEL,1506,61,7135.14,2025-04-10 01:35:33,2025-04-17 06:00:00
SKU03459,Polarized even-keeled system engine,Toys,WH-DEL,1084,96,196.12,2025-04-07 10:08:31,2025-04-17 06:00:00
SKU03460,Decentralized well-modulated infrastructure,Clothing,WH-DEL,1271,95,7648.42,2025-04-04 03:38:54,2025-04-17 06:00:00
SKU03461,Multi-channeled disintermediate intranet,Sports,WH-MUM,823,81,4300.78,2025-04-13 18:55:02,2025-04-17 06:00:00
SKU03462,Universal impactful array,Home & Kitchen,WH-MUM,957,43,6511.84,2025-04-10 03:55:44,2025-04-17 06:00:00
SKU03463,Organic bi-directional superstructure,Electronics,WH-CHE,1662,68,13916.2,2025-04-06 06:43:13,2025-04-17 06:00:00
SKU03464,Reduced national capacity,Toys,WH-BLR,160,82,12525.76,2025-04-05 17:40:52,2025-04-17 06:00:00
SKU03465,Phased 6thgeneration Internet solution,Clothing,WH-HYD,389,27,7768.38,2025-04-04 16:22:26,2025-04-17 06:00:00
SKU03466,Self-enabling needs-based methodology,Books,WH-BLR,,53,7825.46,2025-04-01 03:56:06,2025-04-17 06:00:00
SKU03467,Decentralized multi-tasking process improvement,Books,WH-CHE,1839,39,99.11,2025-04-07 17:28:17,2025-04-17 06:00:00
SKU03468,Object-based 24hour service-desk,Clothing,WH-BLR,822,72,9835.25,2025-04-11 00:15:05,2025-04-17 06:00:00
SKU03469,Grass-roots real-time circuit,Sports,WH-HYD,1485,35,8730.43,2025-04-14 14:43:38,2025-04-17 06:00:00
SKU03470,Right-sized impactful structure,Toys,WH-MUM,196,39,8347.0,2025-04-12 12:44:40,2025-04-17 06:00:00
SKU03471,Organized homogeneous instruction set,Home & Kitchen,WH-HYD,330,99,13326.37,2025-04-14 13:17:21,2025-04-17 06:00:00
SKU03472,Configurable full-range process improvement,Clothing,WH-BLR,745,36,8396.07,2025-04-16 23:59:23,2025-04-17 06:00:00
SKU03473,Programmable next generation budgetary management,Home & Kitchen,WH-CHE,1031,41,5507.4,2025-04-01 19:54:37,2025-04-17 06:00:00
SKU03474,Realigned global functionalities,Home & Kitchen,WH-HYD,814,18,1371.17,2025-04-10 21:43:44,2025-04-17 06:00:00
SKU03475,Phased explicit instruction set,Electronics,WH-CHE,500,49,9792.37,2025-04-02 18:20:00,2025-04-17 06:00:00
SKU03476,Configurable regional productivity,Grocery,WH-HYD,931,11,11400.43,2025-04-04 18:01:34,2025-04-17 06:00:00
SKU03477,Proactive dedicated model,Grocery,WH-HYD,29,30,4681.08,2025-04-11 00:57:40,2025-04-17 06:00:00
SKU03478,Virtual bifurcated installation,Sports,WH-DEL,145,53,7984.77,2025-04-01 17:38:26,2025-04-17 06:00:00
SKU03479,Distributed global projection,Books,WH-HYD,854,78,8835.52,2025-04-02 19:25:16,2025-04-17 06:00:00
SKU03480,User-centric fresh-thinking Internet solution,Home & Kitchen,WH-MUM,1370,66,7989.73,2025-04-15 19:06:27,2025-04-17 06:00:00
SKU03481,Profound grid-enabled orchestration,Books,WH-BLR,1106,91,9045.97,2025-04-14 18:29:25,2025-04-17 06:00:00
SKU03482,Managed foreground Local Area Network,Books,WH-CHE,118,29,14129.43,2025-04-05 11:05:32,2025-04-17 06:00:00
SKU03483,Profound multi-tasking projection,Grocery,WH-DEL,1058,45,9711.41,2025-04-11 07:59:14,2025-04-17 06:00:00
SKU03484,Managed 3rdgeneration project,Beauty,WH-MUM,648,63,3786.42,2025-04-15 07:44:06,2025-04-17 06:00:00
SKU03485,Quality-focused asymmetric superstructure,Home & Kitchen,WH-MUM,1979,15,3682.43,2025-04-11 15:32:40,2025-04-17 06:00:00
SKU03486,Horizontal asynchronous conglomeration,Home & Kitchen,WH-CHE,1667,63,9503.47,2025-04-03 09:44:56,2025-04-17 06:00:00
SKU03487,Monitored high-level pricing structure,Clothing,WH-MUM,1637,39,5142.87,2025-04-02 06:17:02,2025-04-17 06:00:00
SKU03488,Open-architected explicit infrastructure,Toys,WH-DEL,60,96,7499.55,2025-04-14 23:32:47,2025-04-17 06:00:00
SKU03489,Reactive fault-tolerant superstructure,Sports,WH-DEL,76,45,5816.45,2025-04-02 21:07:25,2025-04-17 06:00:00
SKU03490,Re-engineered motivating benchmark,Home & Kitchen,WH-BLR,1,47,8442.33,2025-04-11 14:52:32,2025-04-17 06:00:00
SKU03491,Visionary asymmetric product,Clothing,WH-MUM,1816,14,14878.71,2025-04-14 15:17:46,2025-04-17 06:00:00
SKU03492,Reactive discrete groupware,Books,WH-BLR,262,80,11371.36,2025-04-11 20:04:02,2025-04-17 06:00:00
SKU03493,Devolved grid-enabled extranet,Sports,WH-MUM,824,37,7581.67,2025-04-11 21:22:17,2025-04-17 06:00:00
SKU03494,Customizable motivating standardization,Toys,WH-MUM,982,26,10554.4,2025-04-11 23:22:06,2025-04-17 06:00:00
SKU03495,Decentralized 24hour superstructure,Grocery,WH-HYD,51,34,14534.49,2025-04-15 20:03:42,2025-04-17 06:00:00
SKU03496,Grass-roots multi-tasking firmware,Beauty,WH-MUM,1445,62,9627.3,2025-04-14 12:40:09,2025-04-17 06:00:00
SKU03497,Inverse global Internet solution,Electronics,WH-HYD,1582,47,6428.32,2025-04-02 19:22:19,2025-04-17 06:00:00
SKU03498,Synergistic radical project,Toys,WH-MUM,514,63,8925.27,2025-04-10 19:44:06,2025-04-17 06:00:00
SKU03499,Upgradable analyzing algorithm,Books,WH-BLR,,63,10148.07,2025-04-03 01:52:43,2025-04-17 06:00:00
SKU03500,Focused reciprocal Local Area Network,Sports,WH-HYD,701,67,5335.51,2025-04-12 16:35:13,2025-04-17 06:00:00
SKU03501,Sharable regional implementation,Grocery,WH-CHE,741,27,13343.48,2025-04-15 18:59:31,2025-04-17 06:00:00
SKU03502,Pre-emptive neutral approach,Sports,WH-MUM,1034,62,14469.85,2025-04-02 18:56:22,2025-04-17 06:00:00
SKU03503,Cloned bottom-line approach,Books,WH-CHE,639,82,6625.18,2025-04-05 00:48:59,2025-04-17 06:00:00
SKU03504,Multi-channeled coherent orchestration,Books,WH-HYD,1815,14,11390.82,2025-04-07 20:18:17,2025-04-17 06:00:00
SKU03505,Re-contextualized web-enabled projection,Home & Kitchen,WH-DEL,664,33,4066.66,2025-04-09 12:42:34,2025-04-17 06:00:00
SKU03506,User-centric composite middleware,Toys,WH-MUM,127,25,7473.15,2025-04-12 15:15:51,2025-04-17 06:00:00
SKU03507,Innovative background function,Home & Kitchen,WH-CHE,1616,81,9286.84,2025-04-14 06:23:33,2025-04-17 06:00:00
SKU03508,Multi-lateral content-based firmware,Clothing,WH-DEL,1554,10,13701.42,2025-04-06 16:24:02,2025-04-17 06:00:00
SKU03509,Stand-alone radical database,Grocery,WH-MUM,426,85,10825.49,2025-04-08 01:57:29,2025-04-17 06:00:00
SKU03510,Organic even-keeled Graphical User Interface,Electronics,WH-CHE,1622,13,3380.76,2025-04-08 09:06:16,2025-04-17 06:00:00
SKU03511,Function-based real-time challenge,Books,WH-MUM,184,65,7388.16,2025-04-15 19:54:06,2025-04-17 06:00:00
SKU03512,Open-source didactic methodology,Electronics,WH-BLR,768,50,7711.99,2025-04-03 21:58:37,2025-04-17 06:00:00
SKU03513,Public-key bi-directional moderator,Electronics,WH-DEL,1590,88,7883.94,2025-04-15 09:47:22,2025-04-17 06:00:00
SKU03514,Public-key modular policy,Grocery,WH-HYD,6,74,13773.23,2025-04-06 00:34:24,2025-04-17 06:00:00
SKU03515,Object-based regional superstructure,Books,WH-MUM,481,89,10192.34,2025-04-08 09:05:14,2025-04-17 06:00:00
SKU03516,Innovative needs-based algorithm,Electronics,WH-BLR,964,85,2538.7,2025-04-08 01:28:47,2025-04-17 06:00:00
SKU03517,Object-based web-enabled adapter,Home & Kitchen,WH-DEL,87,61,5416.54,2025-04-10 01:34:04,2025-04-17 06:00:00
SKU03518,Business-focused static portal,Grocery,WH-HYD,654,48,5498.4,2025-04-13 15:45:12,2025-04-17 06:00:00
SKU03519,Up-sized optimal artificial intelligence,Toys,WH-CHE,304,19,3222.22,2025-04-01 06:15:55,2025-04-17 06:00:00
SKU03520,Reverse-engineered tangible neural-net,Grocery,WH-DEL,1545,53,10061.09,2025-04-10 13:41:35,2025-04-17 06:00:00
SKU03521,Customer-focused context-sensitive open architectu,Electronics,WH-BLR,690,71,13078.16,2025-04-06 02:26:20,2025-04-17 06:00:00
SKU03522,Advanced system-worthy framework,Sports,WH-HYD,1171,10,1781.18,2025-04-01 16:42:30,2025-04-17 06:00:00
SKU03523,Horizontal dedicated capacity,Toys,WH-DEL,1695,62,13925.21,2025-04-02 14:56:10,2025-04-17 06:00:00
SKU03524,Cloned motivating info-mediaries,Beauty,WH-HYD,162,58,2945.5,2025-04-10 20:26:21,2025-04-17 06:00:00
SKU03525,Switchable executive initiative,Electronics,WH-BLR,336,47,12077.37,2025-04-10 02:10:36,2025-04-17 06:00:00
SKU03526,Optimized even-keeled infrastructure,Toys,WH-CHE,1438,21,9032.35,2025-04-13 09:15:04,2025-04-17 06:00:00
SKU03527,Centralized disintermediate open architecture,Clothing,WH-HYD,471,89,4435.61,2025-04-11 23:02:48,2025-04-17 06:00:00
SKU03528,Stand-alone bandwidth-monitored focus group,Beauty,WH-BLR,1734,43,6899.65,2025-04-10 13:03:17,2025-04-17 06:00:00
SKU03529,Automated disintermediate capability,Electronics,WH-BLR,390,33,5798.36,2025-04-11 03:27:23,2025-04-17 06:00:00
SKU03530,Expanded leadingedge pricing structure,Electronics,WH-CHE,482,79,5622.19,2025-04-04 19:41:34,2025-04-17 06:00:00
SKU03531,Fundamental demand-driven hub,Sports,WH-HYD,1205,85,9139.61,2025-04-10 17:09:57,2025-04-17 06:00:00
SKU03532,Customer-focused encompassing website,Toys,WH-DEL,,75,10902.72,2025-04-12 07:36:42,2025-04-17 06:00:00
SKU03533,Cross-group actuating artificial intelligence,Beauty,WH-BLR,74,23,7787.05,2025-04-08 00:25:41,2025-04-17 06:00:00
SKU03534,Right-sized system-worthy budgetary management,Electronics,WH-BLR,456,77,2934.8,2025-04-11 19:10:49,2025-04-17 06:00:00
SKU03535,Diverse asymmetric flexibility,Sports,WH-HYD,282,25,5037.98,2025-04-14 16:24:41,2025-04-17 06:00:00
SKU03536,Enhanced optimal implementation,Books,WH-DEL,1254,31,13005.35,2025-04-04 20:08:17,2025-04-17 06:00:00
SKU03537,Centralized systemic leverage,Books,WH-BLR,1230,47,13193.65,2025-04-06 05:30:28,2025-04-17 06:00:00
SKU03538,Assimilated zero administration concept,Clothing,WH-MUM,173,45,10313.29,2025-04-08 20:28:36,2025-04-17 06:00:00
SKU03539,User-friendly modular knowledge user,Beauty,WH-CHE,1242,86,12479.42,2025-04-01 17:47:58,2025-04-17 06:00:00
SKU03540,Versatile secondary groupware,Electronics,WH-HYD,701,59,7158.16,2025-04-14 12:29:06,2025-04-17 06:00:00
SKU03541,Managed regional infrastructure,Grocery,WH-DEL,511,58,2010.24,2025-04-16 13:11:48,2025-04-17 06:00:00
SKU03542,Compatible local throughput,Books,WH-HYD,713,77,14120.2,2025-04-05 19:23:32,2025-04-17 06:00:00
SKU03543,Monitored well-modulated software,Grocery,WH-BLR,1325,23,10481.98,2025-04-02 06:38:42,2025-04-17 06:00:00
SKU03544,Implemented responsive function,Sports,WH-HYD,817,68,1530.7,2025-04-12 17:31:42,2025-04-17 06:00:00
SKU03545,Balanced cohesive migration,Toys,WH-BLR,1241,84,14951.71,2025-04-16 22:23:48,2025-04-17 06:00:00
SKU03546,Business-focused 3rdgeneration adapter,Books,WH-MUM,1473,44,11163.57,2025-04-15 14:23:08,2025-04-17 06:00:00
SKU03547,Front-line high-level structure,Toys,WH-DEL,958,85,7217.63,2025-04-11 05:38:38,2025-04-17 06:00:00
SKU03548,Diverse asymmetric contingency,Grocery,WH-HYD,1596,84,4738.44,2025-04-03 20:53:50,2025-04-17 06:00:00
SKU03549,Innovative multimedia knowledge user,Home & Kitchen,WH-BLR,1238,52,500.11,2025-04-07 09:46:29,2025-04-17 06:00:00
SKU03550,Synchronized maximized methodology,Electronics,WH-CHE,1102,98,13842.59,2025-04-07 17:50:52,2025-04-17 06:00:00
SKU03551,Re-engineered demand-driven hub,Sports,WH-CHE,1895,27,3090.5,2025-04-10 03:39:28,2025-04-17 06:00:00
SKU03552,Cross-platform mission-critical functionalities,Grocery,WH-DEL,571,40,6085.05,2025-04-10 10:24:24,2025-04-17 06:00:00
SKU03553,Versatile bi-directional synergy,Toys,WH-CHE,1569,76,7329.22,2025-04-11 08:24:56,2025-04-17 06:00:00
SKU03554,Enhanced demand-driven utilization,Toys,WH-CHE,16,71,9057.73,2025-04-13 13:53:00,2025-04-17 06:00:00
SKU03555,Versatile user-facing initiative,Toys,WH-DEL,1869,48,3517.58,2025-04-03 23:11:16,2025-04-17 06:00:00
SKU03556,Ameliorated client-server contingency,Books,WH-CHE,78,46,4887.1,2025-04-15 19:17:43,2025-04-17 06:00:00
SKU03557,Integrated human-resource definition,Electronics,WH-BLR,1617,43,10320.63,2025-04-12 07:44:07,2025-04-17 06:00:00
SKU03558,Grass-roots exuding benchmark,Sports,WH-HYD,109,27,2834.55,2025-04-09 19:03:20,2025-04-17 06:00:00
SKU03559,Object-based interactive application,Sports,WH-MUM,1487,71,4126.78,2025-04-14 14:38:35,2025-04-17 06:00:00
SKU03560,Up-sized zero-defect model,Toys,WH-BLR,1232,42,1002.97,2025-04-12 04:00:30,2025-04-17 06:00:00
SKU03561,Robust empowering solution,Home & Kitchen,WH-DEL,567,68,8266.63,2025-04-08 17:01:07,2025-04-17 06:00:00
SKU03562,Synergized attitude-oriented emulation,Clothing,WH-CHE,503,25,13087.65,2025-04-07 03:07:17,2025-04-17 06:00:00
SKU03563,Advanced regional installation,Toys,WH-HYD,489,79,11977.81,2025-04-05 02:03:54,2025-04-17 06:00:00
SKU03564,Visionary transitional Internet solution,Electronics,WH-CHE,847,86,3464.4,2025-04-15 18:56:58,2025-04-17 06:00:00
SKU03565,Pre-emptive logistical hierarchy,Clothing,WH-CHE,,93,10155.67,2025-04-16 16:44:48,2025-04-17 06:00:00
SKU03566,Horizontal zero-defect success,Beauty,WH-HYD,983,10,8047.36,2025-04-12 09:36:55,2025-04-17 06:00:00
SKU03567,Progressive zero-defect projection,Beauty,WH-CHE,391,93,489.57,2025-04-16 03:33:20,2025-04-17 06:00:00
SKU03568,Future-proofed modular toolset,Books,WH-MUM,1230,51,12578.68,2025-04-10 13:20:27,2025-04-17 06:00:00
SKU03569,Right-sized 3rdgeneration secured line,Grocery,WH-HYD,1905,98,12570.98,2025-04-08 09:22:23,2025-04-17 06:00:00
SKU03570,Optional real-time help-desk,Toys,WH-HYD,188,71,12226.36,2025-04-02 15:03:31,2025-04-17 06:00:00
SKU03571,Future-proofed multi-tasking intranet,Toys,WH-HYD,832,77,2760.38,2025-04-10 23:31:09,2025-04-17 06:00:00
SKU03572,Organic optimizing standardization,Clothing,WH-MUM,476,81,6086.13,2025-04-10 12:32:52,2025-04-17 06:00:00
SKU03573,Robust clear-thinking concept,Books,WH-MUM,244,11,11877.25,2025-04-05 19:16:30,2025-04-17 06:00:00
SKU03574,Self-enabling cohesive throughput,Home & Kitchen,WH-MUM,839,48,11176.13,2025-04-15 22:14:50,2025-04-17 06:00:00
SKU03575,De-engineered cohesive open architecture,Toys,WH-BLR,1249,61,4582.23,2025-04-10 14:58:55,2025-04-17 06:00:00
SKU03576,Optimized static frame,Beauty,WH-CHE,566,72,12146.95,2025-04-11 23:36:18,2025-04-17 06:00:00
SKU03577,Progressive dedicated encoding,Electronics,WH-HYD,460,48,11677.09,2025-04-07 12:43:04,2025-04-17 06:00:00
SKU03578,Customer-focused value-added concept,Books,WH-CHE,1977,93,12266.03,2025-04-09 04:00:59,2025-04-17 06:00:00
SKU03579,Ameliorated mission-critical array,Sports,WH-HYD,223,58,1592.62,2025-04-05 03:15:27,2025-04-17 06:00:00
SKU03580,Cross-platform multimedia website,Electronics,WH-DEL,1335,19,13580.56,2025-04-05 06:53:47,2025-04-17 06:00:00
SKU03581,Mandatory exuding architecture,Books,WH-CHE,1879,30,13456.16,2025-04-13 22:16:57,2025-04-17 06:00:00
SKU03582,User-centric demand-driven parallelism,Electronics,WH-CHE,1617,30,13760.99,2025-04-01 10:56:23,2025-04-17 06:00:00
SKU03583,Cloned systemic solution,Beauty,WH-BLR,789,13,3729.12,2025-04-08 00:15:31,2025-04-17 06:00:00
SKU03584,Polarized contextually-based array,Beauty,WH-CHE,873,63,6020.83,2025-04-15 12:44:58,2025-04-17 06:00:00
SKU03585,Phased multi-tasking protocol,Electronics,WH-CHE,163,31,623.3,2025-04-06 07:16:22,2025-04-17 06:00:00
SKU03586,Secured cohesive hardware,Books,WH-BLR,1855,27,1387.64,2025-04-08 07:02:04,2025-04-17 06:00:00
SKU03587,Intuitive tertiary synergy,Electronics,WH-DEL,1827,50,14246.45,2025-04-16 11:14:00,2025-04-17 06:00:00
SKU03588,Right-sized attitude-oriented synergy,Grocery,WH-BLR,1412,98,4939.46,2025-04-04 12:41:47,2025-04-17 06:00:00
SKU03589,Horizontal zero-defect migration,Grocery,WH-DEL,854,93,6376.17,2025-04-05 05:41:06,2025-04-17 06:00:00
SKU03590,Enhanced eco-centric utilization,Grocery,WH-CHE,1878,35,6763.52,2025-04-06 20:41:20,2025-04-17 06:00:00
SKU03591,Profound heuristic complexity,Books,WH-HYD,673,88,3623.39,2025-04-08 13:00:12,2025-04-17 06:00:00
SKU03592,Realigned zero-defect access,Home & Kitchen,WH-BLR,1129,42,347.85,2025-04-08 18:41:40,2025-04-17 06:00:00
SKU03593,Configurable 24hour help-desk,Grocery,WH-DEL,774,63,5936.39,2025-04-05 06:05:20,2025-04-17 06:00:00
SKU03594,Secured fault-tolerant standardization,Beauty,WH-BLR,848,18,843.09,2025-04-01 08:05:29,2025-04-17 06:00:00
SKU03595,Balanced global time-frame,Books,WH-DEL,628,91,1213.31,2025-04-16 19:00:14,2025-04-17 06:00:00
SKU03596,Advanced exuding circuit,Grocery,WH-MUM,1368,91,13321.78,2025-04-10 21:38:35,2025-04-17 06:00:00
SKU03597,Cross-group incremental artificial intelligence,Beauty,WH-BLR,434,91,12404.44,2025-04-11 09:20:36,2025-04-17 06:00:00
SKU03598,Team-oriented 24hour migration,Beauty,WH-BLR,,46,10532.05,2025-04-11 10:11:42,2025-04-17 06:00:00
SKU03599,Cloned system-worthy leverage,Clothing,WH-DEL,1349,38,1955.74,2025-04-14 03:31:47,2025-04-17 06:00:00
SKU03600,Triple-buffered solution-oriented circuit,Sports,WH-HYD,842,96,11074.54,2025-04-05 05:05:06,2025-04-17 06:00:00
SKU03601,Business-focused fresh-thinking moderator,Toys,WH-DEL,1382,19,3941.62,2025-04-15 14:41:10,2025-04-17 06:00:00
SKU03602,Reactive impactful forecast,Home & Kitchen,WH-CHE,1044,24,10595.14,2025-04-08 06:48:25,2025-04-17 06:00:00
SKU03603,Open-architected client-driven flexibility,Books,WH-BLR,434,91,12418.95,2025-04-07 08:42:46,2025-04-17 06:00:00
SKU03604,Secured cohesive attitude,Home & Kitchen,WH-HYD,1464,26,5175.63,2025-04-13 22:27:55,2025-04-17 06:00:00
SKU03605,Customizable hybrid software,Toys,WH-DEL,1324,73,12101.25,2025-04-13 09:47:08,2025-04-17 06:00:00
SKU03606,Reduced asynchronous open architecture,Clothing,WH-CHE,508,46,12543.54,2025-04-12 00:50:07,2025-04-17 06:00:00
SKU03607,Optional static analyzer,Beauty,WH-BLR,501,15,12709.86,2025-04-12 05:49:57,2025-04-17 06:00:00
SKU03608,Implemented human-resource encoding,Sports,WH-BLR,1030,12,9295.64,2025-04-10 02:02:52,2025-04-17 06:00:00
SKU03609,Assimilated holistic standardization,Home & Kitchen,WH-BLR,106,95,10064.66,2025-04-08 15:39:24,2025-04-17 06:00:00
SKU03610,Managed system-worthy function,Sports,WH-DEL,719,26,6294.14,2025-04-02 10:38:09,2025-04-17 06:00:00
SKU03611,Proactive encompassing matrices,Toys,WH-HYD,1355,23,9271.49,2025-04-03 07:45:21,2025-04-17 06:00:00
SKU03612,Optimized empowering application,Beauty,WH-MUM,930,91,11580.93,2025-04-11 16:06:09,2025-04-17 06:00:00
SKU03613,Mandatory transitional capability,Home & Kitchen,WH-DEL,1619,39,4956.53,2025-04-03 21:13:31,2025-04-17 06:00:00
SKU03614,Ergonomic system-worthy focus group,Beauty,WH-BLR,775,39,8050.42,2025-04-15 11:09:22,2025-04-17 06:00:00
SKU03615,Synergized well-modulated paradigm,Sports,WH-MUM,1707,80,4108.41,2025-04-01 09:34:02,2025-04-17 06:00:00
SKU03616,Expanded hybrid task-force,Beauty,WH-DEL,34,84,3849.92,2025-04-05 00:03:59,2025-04-17 06:00:00
SKU03617,Ergonomic static groupware,Books,WH-DEL,726,70,1656.62,2025-04-14 14:20:26,2025-04-17 06:00:00
SKU03618,Future-proofed empowering projection,Grocery,WH-BLR,1803,97,3681.9,2025-04-05 14:04:15,2025-04-17 06:00:00
SKU03619,Ameliorated coherent core,Electronics,WH-BLR,491,91,12744.53,2025-04-16 08:25:44,2025-04-17 06:00:00
SKU03620,Visionary 5thgeneration interface,Books,WH-CHE,1527,30,14186.62,2025-04-10 10:14:26,2025-04-17 06:00:00
SKU03621,Synergized 24hour open architecture,Home & Kitchen,WH-BLR,677,100,425.37,2025-04-09 22:11:43,2025-04-17 06:00:00
SKU03622,Persevering mission-critical groupware,Beauty,WH-HYD,1484,28,14093.28,2025-04-13 06:10:40,2025-04-17 06:00:00
SKU03623,User-friendly didactic flexibility,Sports,WH-HYD,760,54,9124.64,2025-04-11 17:49:00,2025-04-17 06:00:00
SKU03624,Horizontal web-enabled implementation,Books,WH-MUM,1659,86,12522.8,2025-04-06 21:31:38,2025-04-17 06:00:00
SKU03625,Customizable user-facing encryption,Sports,WH-CHE,60,97,3152.44,2025-04-09 12:31:57,2025-04-17 06:00:00
SKU03626,Optimized content-based process improvement,Clothing,WH-CHE,1033,55,14567.83,2025-04-11 19:11:04,2025-04-17 06:00:00
SKU03627,Enterprise-wide directional extranet,Grocery,WH-CHE,382,11,7984.78,2025-04-14 17:38:26,2025-04-17 06:00:00
SKU03628,Multi-channeled static methodology,Beauty,WH-CHE,1486,41,7260.34,2025-04-15 15:51:17,2025-04-17 06:00:00
SKU03629,Adaptive client-driven data-warehouse,Grocery,WH-DEL,24,81,7800.56,2025-04-15 14:59:15,2025-04-17 06:00:00
SKU03630,Triple-buffered static service-desk,Toys,WH-CHE,1292,97,12213.67,2025-04-13 16:27:14,2025-04-17 06:00:00
SKU03631,Persistent analyzing software,Sports,WH-DEL,,67,6092.97,2025-04-08 02:17:46,2025-04-17 06:00:00
SKU03632,Up-sized disintermediate standardization,Beauty,WH-BLR,322,96,13043.14,2025-04-10 03:43:42,2025-04-17 06:00:00
SKU03633,Public-key analyzing data-warehouse,Grocery,WH-MUM,428,67,102.99,2025-04-03 09:54:29,2025-04-17 06:00:00
SKU03634,Centralized foreground frame,Grocery,WH-BLR,925,16,5382.38,2025-04-15 01:44:16,2025-04-17 06:00:00
SKU03635,Seamless impactful protocol,Electronics,WH-HYD,70,53,9984.74,2025-04-04 01:54:33,2025-04-17 06:00:00
SKU03636,Innovative tangible archive,Electronics,WH-CHE,1624,16,3818.64,2025-04-12 05:32:54,2025-04-17 06:00:00
SKU03637,Monitored tangible support,Sports,WH-HYD,42,43,3161.95,2025-04-13 22:28:32,2025-04-17 06:00:00
SKU03638,Implemented asymmetric algorithm,Sports,WH-MUM,1013,88,7226.16,2025-04-05 01:43:10,2025-04-17 06:00:00
SKU03639,Cross-platform radical help-desk,Electronics,WH-BLR,1288,44,2278.23,2025-04-01 07:35:27,2025-04-17 06:00:00
SKU03640,Upgradable cohesive secured line,Grocery,WH-CHE,207,71,3571.13,2025-04-02 23:00:53,2025-04-17 06:00:00
SKU03641,Secured uniform circuit,Electronics,WH-DEL,370,35,1855.85,2025-04-10 15:35:51,2025-04-17 06:00:00
SKU03642,Team-oriented exuding open system,Grocery,WH-DEL,1250,60,13651.24,2025-04-16 00:14:07,2025-04-17 06:00:00
SKU03643,Synergistic exuding info-mediaries,Sports,WH-HYD,1829,20,13920.78,2025-04-16 12:01:26,2025-04-17 06:00:00
SKU03644,Self-enabling exuding archive,Toys,WH-BLR,860,71,6255.88,2025-04-02 14:36:42,2025-04-17 06:00:00
SKU03645,Proactive methodical software,Electronics,WH-MUM,1173,54,7356.27,2025-04-05 10:34:35,2025-04-17 06:00:00
SKU03646,Right-sized bi-directional access,Grocery,WH-MUM,750,99,5157.69,2025-04-01 14:31:41,2025-04-17 06:00:00
SKU03647,Organic tertiary moderator,Books,WH-MUM,1402,11,1640.63,2025-04-16 19:28:45,2025-04-17 06:00:00
SKU03648,Upgradable next generation superstructure,Electronics,WH-DEL,791,91,1174.77,2025-04-13 17:46:17,2025-04-17 06:00:00
SKU03649,Balanced global complexity,Books,WH-MUM,676,82,2718.18,2025-04-02 03:14:03,2025-04-17 06:00:00
SKU03650,Multi-layered tangible encryption,Electronics,WH-BLR,1008,18,12594.88,2025-04-10 07:13:16,2025-04-17 06:00:00
SKU03651,Mandatory real-time implementation,Toys,WH-MUM,548,14,10684.56,2025-04-14 08:18:17,2025-04-17 06:00:00
SKU03652,Profit-focused asymmetric database,Toys,WH-MUM,607,81,411.8,2025-04-06 16:58:46,2025-04-17 06:00:00
SKU03653,Universal user-facing initiative,Clothing,WH-MUM,287,26,5997.43,2025-04-08 07:10:08,2025-04-17 06:00:00
SKU03654,Organic incremental structure,Toys,WH-BLR,516,70,12559.8,2025-04-03 19:23:21,2025-04-17 06:00:00
SKU03655,Polarized well-modulated workforce,Electronics,WH-HYD,1619,17,5742.66,2025-04-11 10:31:38,2025-04-17 06:00:00
SKU03656,Persevering intangible firmware,Grocery,WH-HYD,485,68,14392.9,2025-04-13 19:47:38,2025-04-17 06:00:00
SKU03657,Integrated neutral utilization,Home & Kitchen,WH-CHE,250,25,1132.38,2025-04-01 22:55:33,2025-04-17 06:00:00
SKU03658,Upgradable incremental complexity,Electronics,WH-CHE,1651,13,6914.02,2025-04-13 05:28:28,2025-04-17 06:00:00
SKU03659,Quality-focused systemic moratorium,Sports,WH-CHE,1658,15,7090.31,2025-04-03 13:00:39,2025-04-17 06:00:00
SKU03660,Quality-focused bandwidth-monitored Local Area Net,Clothing,WH-BLR,1504,60,6868.7,2025-04-07 14:06:56,2025-04-17 06:00:00
SKU03661,Secured grid-enabled synergy,Grocery,WH-HYD,1388,52,9583.88,2025-04-14 02:11:43,2025-04-17 06:00:00
SKU03662,Self-enabling motivating hardware,Beauty,WH-HYD,746,85,6845.42,2025-04-01 12:24:04,2025-04-17 06:00:00
SKU03663,Enhanced demand-driven project,Books,WH-HYD,460,90,12093.06,2025-04-12 04:38:59,2025-04-17 06:00:00
SKU03664,Pre-emptive high-level collaboration,Beauty,WH-BLR,,72,9516.8,2025-04-15 15:23:29,2025-04-17 06:00:00
SKU03665,Universal discrete encryption,Clothing,WH-CHE,42,89,12510.19,2025-04-16 00:31:01,2025-04-17 06:00:00
SKU03666,Ergonomic reciprocal protocol,Books,WH-HYD,1928,77,11147.15,2025-04-07 20:29:00,2025-04-17 06:00:00
SKU03667,Synergized fault-tolerant focus group,Toys,WH-DEL,444,78,4751.6,2025-04-01 02:35:51,2025-04-17 06:00:00
SKU03668,Managed directional time-frame,Sports,WH-MUM,438,43,4771.46,2025-04-06 03:31:06,2025-04-17 06:00:00
SKU03669,Business-focused context-sensitive methodology,Electronics,WH-CHE,1674,32,3992.89,2025-04-01 15:10:10,2025-04-17 06:00:00
SKU03670,Integrated object-oriented infrastructure,Grocery,WH-DEL,4,29,12737.44,2025-04-10 12:44:05,2025-04-17 06:00:00
SKU03671,Function-based even-keeled superstructure,Grocery,WH-HYD,536,54,5275.23,2025-04-05 21:51:36,2025-04-17 06:00:00
SKU03672,Configurable global strategy,Toys,WH-DEL,1617,64,12083.9,2025-04-06 02:48:39,2025-04-17 06:00:00
SKU03673,Centralized reciprocal paradigm,Home & Kitchen,WH-HYD,213,28,5155.41,2025-04-16 09:42:49,2025-04-17 06:00:00
SKU03674,Realigned optimizing core,Books,WH-BLR,1725,74,837.84,2025-04-04 23:27:06,2025-04-17 06:00:00
SKU03675,Optimized logistical info-mediaries,Clothing,WH-MUM,1961,59,7146.77,2025-04-06 11:08:41,2025-04-17 06:00:00
SKU03676,Diverse zero tolerance infrastructure,Books,WH-DEL,1114,43,12990.35,2025-04-14 10:22:22,2025-04-17 06:00:00
SKU03677,Ergonomic content-based budgetary management,Electronics,WH-CHE,1415,64,8052.23,2025-04-02 22:03:51,2025-04-17 06:00:00
SKU03678,Configurable cohesive frame,Clothing,WH-CHE,752,12,2535.68,2025-04-08 08:16:06,2025-04-17 06:00:00
SKU03679,Seamless transitional architecture,Sports,WH-DEL,474,60,10546.21,2025-04-08 17:34:27,2025-04-17 06:00:00
SKU03680,Public-key homogeneous encryption,Grocery,WH-DEL,259,22,13842.76,2025-04-04 05:47:30,2025-04-17 06:00:00
SKU03681,Organic transitional emulation,Grocery,WH-CHE,828,23,1649.91,2025-04-01 00:27:38,2025-04-17 06:00:00
SKU03682,Versatile national help-desk,Clothing,WH-HYD,1742,63,14470.08,2025-04-11 09:51:28,2025-04-17 06:00:00
SKU03683,Innovative multi-tasking structure,Books,WH-DEL,263,52,13697.25,2025-04-04 16:41:12,2025-04-17 06:00:00
SKU03684,De-engineered directional Graphic Interface,Toys,WH-HYD,1695,24,7285.71,2025-04-02 18:20:45,2025-04-17 06:00:00
SKU03685,Digitized homogeneous array,Electronics,WH-HYD,13,78,6807.4,2025-04-10 23:04:32,2025-04-17 06:00:00
SKU03686,Fully-configurable heuristic groupware,Toys,WH-BLR,1511,22,4147.68,2025-04-08 01:25:03,2025-04-17 06:00:00
SKU03687,Extended radical paradigm,Grocery,WH-CHE,716,49,13301.27,2025-04-11 09:10:17,2025-04-17 06:00:00
SKU03688,Face-to-face contextually-based installation,Beauty,WH-BLR,955,33,2911.89,2025-04-09 07:41:27,2025-04-17 06:00:00
SKU03689,Re-engineered context-sensitive intranet,Home & Kitchen,WH-HYD,909,78,4796.75,2025-04-15 03:35:17,2025-04-17 06:00:00
SKU03690,Implemented well-modulated database,Grocery,WH-MUM,1661,97,10775.87,2025-04-14 21:31:46,2025-04-17 06:00:00
SKU03691,Managed coherent leverage,Beauty,WH-HYD,1283,14,1372.14,2025-04-06 10:48:43,2025-04-17 06:00:00
SKU03692,Front-line upward-trending productivity,Home & Kitchen,WH-MUM,1332,94,14613.76,2025-04-12 15:51:56,2025-04-17 06:00:00
SKU03693,Compatible web-enabled core,Electronics,WH-DEL,1385,88,1542.74,2025-04-09 13:36:04,2025-04-17 06:00:00
SKU03694,Universal actuating middleware,Electronics,WH-DEL,1630,54,10199.34,2025-04-16 15:14:06,2025-04-17 06:00:00
SKU03695,Phased zero-defect Internet solution,Clothing,WH-HYD,1937,95,9333.73,2025-04-16 07:40:59,2025-04-17 06:00:00
SKU03696,User-friendly non-volatile hub,Books,WH-BLR,118,72,2155.46,2025-04-12 22:12:28,2025-04-17 06:00:00
SKU03697,Universal secondary service-desk,Home & Kitchen,WH-HYD,,19,5084.99,2025-04-03 05:16:55,2025-04-17 06:00:00
SKU03698,Adaptive analyzing installation,Beauty,WH-CHE,1315,100,9597.56,2025-04-09 08:43:34,2025-04-17 06:00:00
SKU03699,Open-source even-keeled frame,Books,WH-CHE,1592,47,3490.05,2025-04-03 05:22:33,2025-04-17 06:00:00
SKU03700,Organic leadingedge knowledge user,Toys,WH-CHE,1549,97,1929.29,2025-04-01 10:04:58,2025-04-17 06:00:00
SKU03701,Adaptive human-resource frame,Toys,WH-CHE,1505,21,2818.5,2025-04-08 18:56:43,2025-04-17 06:00:00
SKU03702,Persistent multi-state capability,Toys,WH-MUM,1355,13,5994.2,2025-04-14 23:21:44,2025-04-17 06:00:00
SKU03703,Open-architected bottom-line orchestration,Electronics,WH-CHE,171,37,5302.82,2025-04-07 09:14:33,2025-04-17 06:00:00
SKU03704,Synchronized grid-enabled structure,Books,WH-MUM,1162,62,4147.97,2025-04-07 01:26:54,2025-04-17 06:00:00
SKU03705,Optional encompassing support,Beauty,WH-CHE,125,73,6555.02,2025-04-11 18:01:23,2025-04-17 06:00:00
SKU03706,Customer-focused encompassing hierarchy,Books,WH-BLR,296,99,4301.4,2025-04-07 07:48:14,2025-04-17 06:00:00
SKU03707,Automated bandwidth-monitored methodology,Clothing,WH-HYD,949,28,10572.29,2025-04-03 06:57:21,2025-04-17 06:00:00
SKU03708,Team-oriented 24hour open system,Grocery,WH-DEL,494,89,11190.58,2025-04-10 21:08:20,2025-04-17 06:00:00
SKU03709,Reactive bi-directional emulation,Sports,WH-CHE,267,91,7521.65,2025-04-05 21:06:48,2025-04-17 06:00:00
SKU03710,Quality-focused incremental collaboration,Home & Kitchen,WH-BLR,483,76,5893.05,2025-04-12 17:22:43,2025-04-17 06:00:00
SKU03711,Total non-volatile installation,Electronics,WH-MUM,1945,84,9080.32,2025-04-09 03:30:02,2025-04-17 06:00:00
SKU03712,Team-oriented responsive framework,Clothing,WH-CHE,345,100,6338.34,2025-04-15 07:15:09,2025-04-17 06:00:00
SKU03713,Reverse-engineered multimedia matrices,Electronics,WH-BLR,713,77,8369.49,2025-04-04 17:55:26,2025-04-17 06:00:00
SKU03714,Reactive needs-based time-frame,Toys,WH-MUM,976,38,2140.84,2025-04-03 11:27:53,2025-04-17 06:00:00
SKU03715,Cross-group empowering ability,Home & Kitchen,WH-MUM,196,95,5097.4,2025-04-14 14:27:24,2025-04-17 06:00:00
SKU03716,Exclusive disintermediate collaboration,Grocery,WH-MUM,824,44,5930.57,2025-04-01 04:05:22,2025-04-17 06:00:00
SKU03717,Profit-focused real-time Local Area Network,Sports,WH-HYD,1275,42,11972.03,2025-04-07 08:10:49,2025-04-17 06:00:00
SKU03718,User-friendly interactive ability,Grocery,WH-MUM,1464,26,6408.62,2025-04-08 08:42:53,2025-04-17 06:00:00
SKU03719,Devolved reciprocal portal,Toys,WH-CHE,821,52,12679.81,2025-04-03 18:53:23,2025-04-17 06:00:00
SKU03720,Down-sized cohesive definition,Toys,WH-HYD,136,57,8911.14,2025-04-02 18:01:50,2025-04-17 06:00:00
SKU03721,Profound scalable knowledgebase,Grocery,WH-MUM,760,90,1609.47,2025-04-14 10:21:49,2025-04-17 06:00:00
SKU03722,Enhanced executive customer loyalty,Sports,WH-HYD,1315,13,4949.18,2025-04-16 04:46:33,2025-04-17 06:00:00
SKU03723,Innovative well-modulated emulation,Beauty,WH-BLR,47,66,156.22,2025-04-07 07:21:14,2025-04-17 06:00:00
SKU03724,Enhanced fresh-thinking analyzer,Beauty,WH-DEL,1955,72,10652.93,2025-04-11 02:19:48,2025-04-17 06:00:00
SKU03725,Enterprise-wide tangible capacity,Toys,WH-CHE,941,48,4720.43,2025-04-03 19:00:38,2025-04-17 06:00:00
SKU03726,Distributed object-oriented workforce,Books,WH-DEL,511,32,8207.08,2025-04-12 01:43:08,2025-04-17 06:00:00
SKU03727,Re-contextualized client-driven orchestration,Toys,WH-MUM,1097,35,744.62,2025-04-09 11:58:32,2025-04-17 06:00:00
SKU03728,Horizontal multi-tasking archive,Sports,WH-MUM,1304,42,8132.84,2025-04-09 19:03:34,2025-04-17 06:00:00
SKU03729,Customizable scalable methodology,Home & Kitchen,WH-CHE,1952,78,4339.72,2025-04-03 21:08:45,2025-04-17 06:00:00
SKU03730,User-centric static focus group,Toys,WH-MUM,,56,13096.14,2025-04-07 00:39:21,2025-04-17 06:00:00
SKU03731,Optimized empowering ability,Sports,WH-BLR,868,49,1662.86,2025-04-10 21:19:06,2025-04-17 06:00:00
SKU03732,Upgradable 24/7 concept,Clothing,WH-DEL,202,92,12120.8,2025-04-15 01:07:02,2025-04-17 06:00:00
SKU03733,Robust dedicated budgetary management,Clothing,WH-BLR,204,96,537.42,2025-04-12 05:24:42,2025-04-17 06:00:00
SKU03734,Right-sized asynchronous support,Books,WH-DEL,1352,90,8544.18,2025-04-05 02:41:38,2025-04-17 06:00:00
SKU03735,De-engineered optimizing architecture,Books,WH-CHE,641,42,14112.78,2025-04-07 20:07:12,2025-04-17 06:00:00
SKU03736,Ameliorated 5thgeneration installation,Electronics,WH-HYD,275,70,10129.3,2025-04-02 18:48:31,2025-04-17 06:00:00
SKU03737,Switchable executive strategy,Home & Kitchen,WH-DEL,1003,51,13305.31,2025-04-10 08:22:52,2025-04-17 06:00:00
SKU03738,Programmable heuristic archive,Beauty,WH-CHE,1707,10,2959.8,2025-04-15 08:04:29,2025-04-17 06:00:00
SKU03739,Multi-channeled coherent protocol,Clothing,WH-BLR,577,72,10233.17,2025-04-14 20:00:12,2025-04-17 06:00:00
SKU03740,Innovative interactive task-force,Sports,WH-DEL,1077,94,259.44,2025-04-05 16:01:20,2025-04-17 06:00:00
SKU03741,Cross-group mission-critical benchmark,Electronics,WH-CHE,1988,86,11910.31,2025-04-04 21:11:30,2025-04-17 06:00:00
SKU03742,Inverse analyzing product,Home & Kitchen,WH-HYD,91,43,8514.32,2025-04-03 08:26:38,2025-04-17 06:00:00
SKU03743,Managed interactive ability,Toys,WH-BLR,1533,14,4920.6,2025-04-04 18:02:01,2025-04-17 06:00:00
SKU03744,Secured holistic benchmark,Books,WH-BLR,515,26,6995.52,2025-04-11 02:19:04,2025-04-17 06:00:00
SKU03745,Compatible zero tolerance open system,Beauty,WH-MUM,1978,77,8348.71,2025-04-01 08:18:15,2025-04-17 06:00:00
SKU03746,Intuitive neutral Graphic Interface,Home & Kitchen,WH-HYD,1799,50,3608.14,2025-04-11 04:32:25,2025-04-17 06:00:00
SKU03747,User-friendly contextually-based support,Home & Kitchen,WH-DEL,89,80,14860.84,2025-04-01 04:44:50,2025-04-17 06:00:00
SKU03748,Fundamental zero tolerance capacity,Beauty,WH-DEL,52,77,8715.24,2025-04-14 09:23:42,2025-04-17 06:00:00
SKU03749,Quality-focused bottom-line benchmark,Electronics,WH-DEL,506,10,153.56,2025-04-09 01:30:31,2025-04-17 06:00:00
SKU03750,Expanded neutral architecture,Books,WH-CHE,314,60,6868.17,2025-04-13 17:11:20,2025-04-17 06:00:00
SKU03751,Face-to-face asynchronous strategy,Grocery,WH-MUM,1609,16,9462.95,2025-04-05 15:03:06,2025-04-17 06:00:00
SKU03752,Quality-focused systematic extranet,Electronics,WH-CHE,125,18,6841.84,2025-04-11 07:03:25,2025-04-17 06:00:00
SKU03753,Open-source mission-critical throughput,Home & Kitchen,WH-CHE,419,69,14096.09,2025-04-10 04:28:11,2025-04-17 06:00:00
SKU03754,Streamlined holistic encryption,Toys,WH-BLR,750,18,2551.66,2025-04-09 10:57:21,2025-04-17 06:00:00
SKU03755,Re-engineered 3rdgeneration groupware,Clothing,WH-DEL,1149,67,14634.31,2025-04-01 01:31:10,2025-04-17 06:00:00
SKU03756,Sharable foreground matrices,Home & Kitchen,WH-CHE,274,94,6842.43,2025-04-05 01:05:18,2025-04-17 06:00:00
SKU03757,Front-line didactic challenge,Sports,WH-MUM,1909,94,12740.82,2025-04-14 13:24:41,2025-04-17 06:00:00
SKU03758,Profit-focused upward-trending contingency,Toys,WH-MUM,1101,49,3289.07,2025-04-15 04:03:36,2025-04-17 06:00:00
SKU03759,Up-sized asymmetric website,Home & Kitchen,WH-MUM,799,81,10567.16,2025-04-15 03:24:15,2025-04-17 06:00:00
SKU03760,Versatile upward-trending benchmark,Grocery,WH-CHE,551,51,9690.74,2025-04-09 12:33:29,2025-04-17 06:00:00
SKU03761,Fundamental multi-tasking help-desk,Clothing,WH-MUM,288,40,842.6,2025-04-09 17:23:55,2025-04-17 06:00:00
SKU03762,Centralized next generation implementation,Beauty,WH-BLR,1032,68,12745.25,2025-04-04 14:30:45,2025-04-17 06:00:00
SKU03763,Reverse-engineered local benchmark,Books,WH-MUM,,92,3975.04,2025-04-13 12:22:55,2025-04-17 06:00:00
SKU03764,Fundamental clear-thinking matrix,Clothing,WH-CHE,167,13,13317.91,2025-04-09 11:58:26,2025-04-17 06:00:00
SKU03765,Progressive full-range Graphic Interface,Beauty,WH-HYD,1136,56,14402.38,2025-04-06 01:08:36,2025-04-17 06:00:00
SKU03766,Upgradable impactful artificial intelligence,Electronics,WH-CHE,306,62,10488.1,2025-04-03 02:16:08,2025-04-17 06:00:00
SKU03767,Customer-focused bi-directional firmware,Sports,WH-DEL,1231,96,10807.65,2025-04-15 19:11:18,2025-04-17 06:00:00
SKU03768,User-friendly non-volatile database,Sports,WH-CHE,958,51,1014.04,2025-04-16 05:22:49,2025-04-17 06:00:00
SKU03769,Centralized radical data-warehouse,Home & Kitchen,WH-HYD,383,86,9798.64,2025-04-13 07:56:42,2025-04-17 06:00:00
SKU03770,Progressive scalable secured line,Clothing,WH-BLR,1742,79,4158.84,2025-04-02 23:06:51,2025-04-17 06:00:00
SKU03771,Profit-focused zero tolerance interface,Clothing,WH-DEL,1261,70,8458.24,2025-04-16 04:51:58,2025-04-17 06:00:00
SKU03772,Phased 24/7 synergy,Home & Kitchen,WH-CHE,690,48,7724.18,2025-04-14 00:15:45,2025-04-17 06:00:00
SKU03773,Implemented local pricing structure,Grocery,WH-DEL,527,15,4093.22,2025-04-14 23:43:44,2025-04-17 06:00:00
SKU03774,Up-sized hybrid ability,Home & Kitchen,WH-CHE,1131,60,6342.28,2025-04-09 09:54:21,2025-04-17 06:00:00
SKU03775,Customer-focused methodical policy,Electronics,WH-MUM,1010,12,14701.76,2025-04-02 08:30:31,2025-04-17 06:00:00
SKU03776,Organic composite website,Electronics,WH-DEL,1642,20,5364.62,2025-04-14 19:57:31,2025-04-17 06:00:00
SKU03777,Proactive disintermediate paradigm,Grocery,WH-BLR,430,67,4314.11,2025-04-08 19:17:35,2025-04-17 06:00:00
SKU03778,Re-contextualized next generation monitoring,Home & Kitchen,WH-MUM,1263,52,9881.06,2025-04-09 08:18:11,2025-04-17 06:00:00
SKU03779,Multi-channeled analyzing intranet,Beauty,WH-CHE,863,13,13104.99,2025-04-14 06:47:26,2025-04-17 06:00:00
SKU03780,Face-to-face radical hierarchy,Sports,WH-DEL,1228,10,6393.99,2025-04-03 12:33:01,2025-04-17 06:00:00
SKU03781,Ergonomic national circuit,Beauty,WH-DEL,1151,26,10433.7,2025-04-06 02:57:13,2025-04-17 06:00:00
SKU03782,Streamlined fresh-thinking software,Toys,WH-MUM,559,47,12864.97,2025-04-16 01:34:15,2025-04-17 06:00:00
SKU03783,Visionary asynchronous concept,Sports,WH-DEL,1389,10,11781.59,2025-04-04 06:53:15,2025-04-17 06:00:00
SKU03784,Horizontal maximized approach,Beauty,WH-DEL,1418,60,1785.53,2025-04-16 19:09:47,2025-04-17 06:00:00
SKU03785,Horizontal methodical circuit,Grocery,WH-BLR,631,64,13567.0,2025-04-02 05:29:12,2025-04-17 06:00:00
SKU03786,Universal systemic capability,Beauty,WH-HYD,968,30,12141.84,2025-04-07 23:20:35,2025-04-17 06:00:00
SKU03787,Synchronized encompassing migration,Grocery,WH-HYD,938,41,7291.75,2025-04-02 07:40:01,2025-04-17 06:00:00
SKU03788,Distributed national complexity,Books,WH-CHE,270,87,5032.84,2025-04-01 17:15:07,2025-04-17 06:00:00
SKU03789,Open-architected modular firmware,Clothing,WH-DEL,1381,14,12886.88,2025-04-11 03:15:06,2025-04-17 06:00:00
SKU03790,Cross-group analyzing open system,Books,WH-BLR,942,90,4042.17,2025-04-02 22:53:44,2025-04-17 06:00:00
SKU03791,Synergistic client-server project,Electronics,WH-MUM,1821,15,12308.58,2025-04-04 17:42:03,2025-04-17 06:00:00
SKU03792,Reduced modular contingency,Home & Kitchen,WH-CHE,647,71,2961.6,2025-04-09 08:32:12,2025-04-17 06:00:00
SKU03793,Versatile content-based monitoring,Grocery,WH-HYD,1591,81,3775.43,2025-04-16 20:05:48,2025-04-17 06:00:00
SKU03794,Profit-focused dynamic help-desk,Home & Kitchen,WH-HYD,1738,58,13964.89,2025-04-09 08:31:26,2025-04-17 06:00:00
SKU03795,Multi-tiered directional complexity,Grocery,WH-BLR,731,27,5430.8,2025-04-09 01:19:27,2025-04-17 06:00:00
SKU03796,Persistent even-keeled flexibility,Toys,WH-HYD,,79,8383.86,2025-04-09 17:46:02,2025-04-17 06:00:00
SKU03797,Profit-focused eco-centric frame,Electronics,WH-HYD,872,44,10884.53,2025-04-13 03:49:57,2025-04-17 06:00:00
SKU03798,Digitized dedicated architecture,Grocery,WH-HYD,1347,49,7900.89,2025-04-13 09:11:02,2025-04-17 06:00:00
SKU03799,Optimized responsive contingency,Grocery,WH-DEL,92,16,1717.92,2025-04-05 06:22:59,2025-04-17 06:00:00
SKU03800,Decentralized next generation paradigm,Beauty,WH-BLR,829,53,5317.64,2025-04-07 01:14:34,2025-04-17 06:00:00
SKU03801,Reactive context-sensitive superstructure,Books,WH-CHE,1273,54,4321.43,2025-04-04 07:21:38,2025-04-17 06:00:00
SKU03802,Assimilated eco-centric analyzer,Sports,WH-CHE,1998,46,9549.75,2025-04-07 23:40:18,2025-04-17 06:00:00
SKU03803,Multi-layered mobile circuit,Grocery,WH-DEL,1675,98,140.49,2025-04-08 13:23:06,2025-04-17 06:00:00
SKU03804,User-friendly mission-critical groupware,Beauty,WH-HYD,1364,37,576.63,2025-04-05 18:04:36,2025-04-17 06:00:00
SKU03805,Assimilated clear-thinking website,Grocery,WH-BLR,1235,93,653.56,2025-04-03 13:41:37,2025-04-17 06:00:00
SKU03806,Decentralized responsive project,Clothing,WH-HYD,1209,92,7862.5,2025-04-03 22:16:11,2025-04-17 06:00:00
SKU03807,Customer-focused systemic productivity,Books,WH-BLR,902,93,8045.51,2025-04-15 23:20:08,2025-04-17 06:00:00
SKU03808,Versatile scalable algorithm,Beauty,WH-MUM,572,32,4919.1,2025-04-14 22:53:02,2025-04-17 06:00:00
SKU03809,Managed explicit process improvement,Clothing,WH-MUM,504,46,9994.31,2025-04-02 20:35:51,2025-04-17 06:00:00
SKU03810,Enhanced holistic structure,Grocery,WH-HYD,1823,21,12714.83,2025-04-02 23:10:28,2025-04-17 06:00:00
SKU03811,Optimized mission-critical intranet,Electronics,WH-HYD,1461,66,12918.27,2025-04-12 04:25:33,2025-04-17 06:00:00
SKU03812,Fundamental homogeneous ability,Sports,WH-HYD,396,16,14115.47,2025-04-07 09:47:47,2025-04-17 06:00:00
SKU03813,Universal high-level flexibility,Electronics,WH-BLR,1064,87,12997.72,2025-04-04 18:26:23,2025-04-17 06:00:00
SKU03814,Up-sized maximized matrices,Grocery,WH-MUM,528,97,1535.46,2025-04-11 02:07:10,2025-04-17 06:00:00
SKU03815,Grass-roots secondary frame,Sports,WH-MUM,1237,91,7081.42,2025-04-08 10:07:18,2025-04-17 06:00:00
SKU03816,Horizontal optimizing Graphic Interface,Grocery,WH-CHE,1942,78,5887.01,2025-04-15 03:12:57,2025-04-17 06:00:00
SKU03817,Reduced 6thgeneration Graphic Interface,Books,WH-DEL,855,60,10744.17,2025-04-16 08:04:52,2025-04-17 06:00:00
SKU03818,Adaptive bottom-line productivity,Clothing,WH-HYD,1078,68,10524.13,2025-04-10 07:10:17,2025-04-17 06:00:00
SKU03819,Open-architected logistical pricing structure,Sports,WH-CHE,647,96,14515.34,2025-04-02 08:29:04,2025-04-17 06:00:00
SKU03820,Public-key next generation array,Sports,WH-CHE,1616,63,2876.33,2025-04-16 09:36:39,2025-04-17 06:00:00
SKU03821,Implemented exuding extranet,Beauty,WH-HYD,137,82,2480.33,2025-04-01 21:08:05,2025-04-17 06:00:00
SKU03822,Expanded leadingedge intranet,Electronics,WH-DEL,396,27,12900.14,2025-04-11 04:37:18,2025-04-17 06:00:00
SKU03823,Stand-alone 24hour flexibility,Electronics,WH-HYD,1427,48,5589.12,2025-04-02 12:11:08,2025-04-17 06:00:00
SKU03824,Centralized analyzing policy,Home & Kitchen,WH-CHE,1637,48,13604.89,2025-04-09 03:44:25,2025-04-17 06:00:00
SKU03825,Polarized leadingedge analyzer,Beauty,WH-HYD,1983,64,8089.4,2025-04-14 21:55:41,2025-04-17 06:00:00
SKU03826,Operative background approach,Beauty,WH-DEL,1783,91,5646.23,2025-04-05 03:21:51,2025-04-17 06:00:00
SKU03827,De-engineered optimizing forecast,Toys,WH-DEL,465,73,7761.96,2025-04-13 14:00:24,2025-04-17 06:00:00
SKU03828,Open-source impactful moratorium,Books,WH-DEL,429,76,6792.78,2025-04-06 20:50:27,2025-04-17 06:00:00
SKU03829,Secured grid-enabled service-desk,Beauty,WH-DEL,,31,8743.74,2025-04-06 17:26:47,2025-04-17 06:00:00
SKU03830,Re-contextualized explicit moderator,Sports,WH-MUM,1468,35,4950.34,2025-04-05 06:47:03,2025-04-17 06:00:00
SKU03831,Compatible object-oriented encryption,Beauty,WH-MUM,114,46,10410.89,2025-04-09 10:27:00,2025-04-17 06:00:00
SKU03832,Organized systemic parallelism,Beauty,WH-DEL,158,59,12558.59,2025-04-05 08:21:22,2025-04-17 06:00:00
SKU03833,Centralized systemic artificial intelligence,Grocery,WH-BLR,425,23,4086.37,2025-04-07 20:51:21,2025-04-17 06:00:00
SKU03834,Organized multi-tasking solution,Home & Kitchen,WH-MUM,843,27,7739.15,2025-04-13 00:50:00,2025-04-17 06:00:00
SKU03835,Advanced foreground orchestration,Electronics,WH-HYD,204,42,2350.19,2025-04-16 09:18:06,2025-04-17 06:00:00
SKU03836,Future-proofed global budgetary management,Electronics,WH-DEL,1522,15,1989.18,2025-04-10 05:33:49,2025-04-17 06:00:00
SKU03837,Customizable mobile website,Electronics,WH-HYD,1747,59,11728.57,2025-04-06 15:23:31,2025-04-17 06:00:00
SKU03838,Extended logistical project,Sports,WH-BLR,425,97,4143.22,2025-04-11 01:49:27,2025-04-17 06:00:00
SKU03839,Enhanced value-added interface,Electronics,WH-HYD,1979,36,2762.8,2025-04-06 23:05:40,2025-04-17 06:00:00
SKU03840,Networked bandwidth-monitored implementation,Beauty,WH-HYD,151,91,6001.29,2025-04-05 08:24:28,2025-04-17 06:00:00
SKU03841,Reactive actuating flexibility,Grocery,WH-BLR,350,29,614.06,2025-04-03 07:07:50,2025-04-17 06:00:00
SKU03842,Compatible 24hour application,Beauty,WH-DEL,1793,44,10830.35,2025-04-16 12:43:38,2025-04-17 06:00:00
SKU03843,Vision-oriented radical array,Books,WH-DEL,1749,70,14209.27,2025-04-04 04:08:31,2025-04-17 06:00:00
SKU03844,Cross-platform tangible benchmark,Books,WH-CHE,1890,56,10044.82,2025-04-02 01:22:25,2025-04-17 06:00:00
SKU03845,Digitized optimal interface,Sports,WH-BLR,1626,78,10966.81,2025-04-09 19:50:58,2025-04-17 06:00:00
SKU03846,Monitored hybrid functionalities,Home & Kitchen,WH-MUM,1297,41,5857.48,2025-04-09 02:27:12,2025-04-17 06:00:00
SKU03847,Streamlined optimal throughput,Sports,WH-MUM,314,42,9844.31,2025-04-01 20:41:54,2025-04-17 06:00:00
SKU03848,Reverse-engineered analyzing encryption,Beauty,WH-BLR,1910,40,13917.63,2025-04-02 02:28:53,2025-04-17 06:00:00
SKU03849,Programmable real-time challenge,Toys,WH-DEL,1968,38,13428.3,2025-04-15 20:59:10,2025-04-17 06:00:00
SKU03850,Self-enabling well-modulated Graphic Interface,Electronics,WH-CHE,748,87,113.81,2025-04-04 06:45:44,2025-04-17 06:00:00
SKU03851,Grass-roots didactic algorithm,Grocery,WH-MUM,1299,35,5488.67,2025-04-07 12:05:48,2025-04-17 06:00:00
SKU03852,Self-enabling object-oriented portal,Electronics,WH-BLR,73,63,7623.39,2025-04-14 15:37:36,2025-04-17 06:00:00
SKU03853,Decentralized composite throughput,Books,WH-BLR,749,61,3323.07,2025-04-06 19:43:45,2025-04-17 06:00:00
SKU03854,Sharable disintermediate firmware,Beauty,WH-CHE,129,29,8871.49,2025-04-14 12:12:37,2025-04-17 06:00:00
SKU03855,Inverse bi-directional website,Sports,WH-CHE,1254,66,13250.25,2025-04-08 05:03:58,2025-04-17 06:00:00
SKU03856,Exclusive well-modulated solution,Toys,WH-DEL,86,54,8718.74,2025-04-09 17:27:58,2025-04-17 06:00:00
SKU03857,Stand-alone zero tolerance challenge,Grocery,WH-MUM,427,77,10686.01,2025-04-01 01:55:16,2025-04-17 06:00:00
SKU03858,Reduced cohesive monitoring,Grocery,WH-MUM,1504,61,9375.03,2025-04-16 06:48:19,2025-04-17 06:00:00
SKU03859,Adaptive intermediate time-frame,Toys,WH-BLR,1379,11,64.49,2025-04-08 09:04:56,2025-04-17 06:00:00
SKU03860,Multi-tiered analyzing website,Sports,WH-BLR,1861,13,6866.47,2025-04-03 11:45:46,2025-04-17 06:00:00
SKU03861,Virtual attitude-oriented standardization,Grocery,WH-BLR,31,62,12119.21,2025-04-10 12:10:09,2025-04-17 06:00:00
SKU03862,Extended upward-trending ability,Beauty,WH-CHE,,88,11737.45,2025-04-16 09:14:04,2025-04-17 06:00:00
SKU03863,Self-enabling content-based algorithm,Electronics,WH-CHE,661,60,9700.61,2025-04-15 08:08:12,2025-04-17 06:00:00
SKU03864,De-engineered real-time help-desk,Grocery,WH-MUM,1533,30,12986.93,2025-04-05 21:38:51,2025-04-17 06:00:00
SKU03865,Universal non-volatile function,Home & Kitchen,WH-BLR,86,40,4377.62,2025-04-01 10:34:08,2025-04-17 06:00:00
SKU03866,Face-to-face coherent access,Electronics,WH-DEL,1413,83,6019.48,2025-04-03 13:11:21,2025-04-17 06:00:00
SKU03867,Pre-emptive real-time analyzer,Electronics,WH-CHE,1746,70,12407.91,2025-04-03 10:40:46,2025-04-17 06:00:00
SKU03868,Innovative foreground hierarchy,Books,WH-BLR,495,85,5757.93,2025-04-02 21:44:57,2025-04-17 06:00:00
SKU03869,Down-sized grid-enabled model,Clothing,WH-MUM,1471,16,12684.72,2025-04-04 17:42:12,2025-04-17 06:00:00
SKU03870,Reactive optimizing monitoring,Toys,WH-MUM,1670,37,1676.72,2025-04-04 19:52:32,2025-04-17 06:00:00
SKU03871,Profound mission-critical contingency,Toys,WH-DEL,1876,44,10205.92,2025-04-01 01:09:09,2025-04-17 06:00:00
SKU03872,Organized didactic infrastructure,Home & Kitchen,WH-BLR,1904,48,9558.43,2025-04-04 07:26:17,2025-04-17 06:00:00
SKU03873,Visionary homogeneous Internet solution,Home & Kitchen,WH-MUM,1217,31,3955.65,2025-04-07 23:19:53,2025-04-17 06:00:00
SKU03874,Streamlined multi-tasking toolset,Books,WH-MUM,473,99,384.27,2025-04-02 08:27:45,2025-04-17 06:00:00
SKU03875,Intuitive asynchronous access,Electronics,WH-MUM,390,67,457.08,2025-04-13 18:39:56,2025-04-17 06:00:00
SKU03876,Versatile client-driven benchmark,Home & Kitchen,WH-MUM,1376,43,8191.37,2025-04-06 17:21:38,2025-04-17 06:00:00
SKU03877,Inverse multi-tasking ability,Beauty,WH-HYD,1200,82,967.51,2025-04-03 07:51:20,2025-04-17 06:00:00
SKU03878,Versatile real-time product,Books,WH-MUM,1554,87,5067.98,2025-04-08 19:59:40,2025-04-17 06:00:00
SKU03879,Adaptive bi-directional toolset,Toys,WH-HYD,1927,62,1792.78,2025-04-05 11:04:02,2025-04-17 06:00:00
SKU03880,Focused systematic moderator,Sports,WH-CHE,1426,45,13419.36,2025-04-10 21:37:05,2025-04-17 06:00:00
SKU03881,Operative object-oriented artificial intelligence,Grocery,WH-DEL,585,78,12007.69,2025-04-15 11:14:32,2025-04-17 06:00:00
SKU03882,Innovative system-worthy matrix,Grocery,WH-BLR,1912,37,6902.66,2025-04-10 03:00:53,2025-04-17 06:00:00
SKU03883,Realigned mission-critical focus group,Clothing,WH-CHE,7,34,13581.32,2025-04-01 00:09:19,2025-04-17 06:00:00
SKU03884,Phased optimal system engine,Grocery,WH-HYD,110,41,644.16,2025-04-06 18:20:35,2025-04-17 06:00:00
SKU03885,Exclusive leadingedge architecture,Toys,WH-MUM,993,25,868.51,2025-04-09 02:46:41,2025-04-17 06:00:00
SKU03886,Face-to-face logistical circuit,Toys,WH-MUM,1482,63,7074.75,2025-04-02 16:06:50,2025-04-17 06:00:00
SKU03887,Customizable demand-driven circuit,Grocery,WH-MUM,1872,64,11201.01,2025-04-05 12:56:47,2025-04-17 06:00:00
SKU03888,Devolved optimizing knowledgebase,Home & Kitchen,WH-CHE,1662,95,4407.61,2025-04-14 05:36:31,2025-04-17 06:00:00
SKU03889,Universal cohesive access,Grocery,WH-HYD,1771,35,10630.02,2025-04-14 04:50:22,2025-04-17 06:00:00
SKU03890,Right-sized didactic archive,Home & Kitchen,WH-CHE,397,29,10383.58,2025-04-02 13:17:56,2025-04-17 06:00:00
SKU03891,Streamlined methodical focus group,Sports,WH-MUM,1216,31,6511.04,2025-04-05 12:23:43,2025-04-17 06:00:00
SKU03892,Integrated bottom-line utilization,Home & Kitchen,WH-MUM,1749,35,14194.84,2025-04-13 16:06:45,2025-04-17 06:00:00
SKU03893,Progressive local migration,Clothing,WH-BLR,1922,32,2992.88,2025-04-04 23:09:07,2025-04-17 06:00:00
SKU03894,Polarized high-level frame,Books,WH-HYD,57,28,5100.88,2025-04-12 18:44:03,2025-04-17 06:00:00
SKU03895,Diverse zero-defect Local Area Network,Electronics,WH-BLR,,15,11582.59,2025-04-03 07:51:46,2025-04-17 06:00:00
SKU03896,Managed empowering algorithm,Sports,WH-BLR,351,53,4524.45,2025-04-04 21:26:28,2025-04-17 06:00:00
SKU03897,Polarized empowering synergy,Home & Kitchen,WH-BLR,317,57,8874.43,2025-04-10 09:57:03,2025-04-17 06:00:00
SKU03898,Future-proofed secondary middleware,Grocery,WH-CHE,1069,38,10146.5,2025-04-14 23:07:33,2025-04-17 06:00:00
SKU03899,Synchronized object-oriented utilization,Books,WH-BLR,1428,14,13580.58,2025-04-07 18:50:41,2025-04-17 06:00:00
SKU03900,Seamless systemic capacity,Toys,WH-CHE,1421,98,13637.72,2025-04-05 14:12:01,2025-04-17 06:00:00
SKU03901,Operative empowering website,Books,WH-BLR,940,24,9658.71,2025-04-09 13:17:47,2025-04-17 06:00:00
SKU03902,Realigned foreground customer loyalty,Books,WH-MUM,1132,36,12893.06,2025-04-13 16:15:16,2025-04-17 06:00:00
SKU03903,Function-based solution-oriented analyzer,Grocery,WH-CHE,1931,56,7651.54,2025-04-16 03:35:13,2025-04-17 06:00:00
SKU03904,Intuitive incremental support,Clothing,WH-CHE,1651,12,10983.91,2025-04-09 06:15:56,2025-04-17 06:00:00
SKU03905,Quality-focused executive utilization,Books,WH-BLR,1186,53,11448.55,2025-04-14 15:02:06,2025-04-17 06:00:00
SKU03906,Sharable 3rdgeneration approach,Grocery,WH-DEL,707,75,5453.06,2025-04-05 11:52:00,2025-04-17 06:00:00
SKU03907,Future-proofed stable encryption,Beauty,WH-MUM,976,38,12138.89,2025-04-05 09:58:00,2025-04-17 06:00:00
SKU03908,Organic asynchronous application,Books,WH-DEL,987,81,259.43,2025-04-11 05:27:58,2025-04-17 06:00:00
SKU03909,User-friendly tertiary emulation,Clothing,WH-BLR,1234,74,8385.42,2025-04-08 05:35:03,2025-04-17 06:00:00
SKU03910,Customizable neutral initiative,Toys,WH-HYD,583,90,10235.01,2025-04-09 11:56:14,2025-04-17 06:00:00
SKU03911,Profound stable moratorium,Home & Kitchen,WH-BLR,200,80,11160.16,2025-04-07 01:24:35,2025-04-17 06:00:00
SKU03912,Multi-channeled next generation software,Beauty,WH-BLR,779,15,14314.39,2025-04-14 11:53:33,2025-04-17 06:00:00
SKU03913,Stand-alone non-volatile monitoring,Toys,WH-MUM,1361,68,8592.07,2025-04-01 00:23:37,2025-04-17 06:00:00
SKU03914,Horizontal tangible approach,Home & Kitchen,WH-BLR,266,91,5027.45,2025-04-07 09:53:49,2025-04-17 06:00:00
SKU03915,Future-proofed interactive software,Clothing,WH-DEL,1527,57,11949.93,2025-04-09 14:51:10,2025-04-17 06:00:00
SKU03916,Multi-tiered bifurcated toolset,Toys,WH-DEL,621,28,2710.19,2025-04-11 06:18:39,2025-04-17 06:00:00
SKU03917,Ergonomic attitude-oriented policy,Toys,WH-CHE,1835,13,6713.18,2025-04-16 17:06:58,2025-04-17 06:00:00
SKU03918,Robust 24hour architecture,Sports,WH-BLR,1513,82,14247.49,2025-04-10 18:21:16,2025-04-17 06:00:00
SKU03919,Monitored 24/7 installation,Sports,WH-MUM,508,64,7283.9,2025-04-07 11:19:37,2025-04-17 06:00:00
SKU03920,Cross-group systematic open architecture,Home & Kitchen,WH-BLR,1725,35,12628.44,2025-04-04 18:48:29,2025-04-17 06:00:00
SKU03921,Front-line hybrid knowledgebase,Electronics,WH-MUM,554,27,6481.12,2025-04-10 21:39:47,2025-04-17 06:00:00
SKU03922,Reactive discrete moratorium,Clothing,WH-BLR,451,17,4459.23,2025-04-06 01:01:30,2025-04-17 06:00:00
SKU03923,Total leadingedge support,Grocery,WH-BLR,305,34,1114.38,2025-04-03 21:46:00,2025-04-17 06:00:00
SKU03924,Function-based full-range model,Electronics,WH-HYD,686,78,9150.02,2025-04-07 00:09:17,2025-04-17 06:00:00
SKU03925,Secured user-facing function,Electronics,WH-BLR,1829,40,9305.49,2025-04-02 21:27:20,2025-04-17 06:00:00
SKU03926,Proactive bottom-line parallelism,Home & Kitchen,WH-MUM,744,61,2494.82,2025-04-07 16:34:09,2025-04-17 06:00:00
SKU03927,Extended static help-desk,Grocery,WH-HYD,1124,17,4261.79,2025-04-11 13:19:39,2025-04-17 06:00:00
SKU03928,Function-based 6thgeneration pricing structure,Grocery,WH-HYD,,47,9775.36,2025-04-07 20:09:58,2025-04-17 06:00:00
SKU03929,Diverse zero administration capability,Home & Kitchen,WH-MUM,1284,14,7618.63,2025-04-12 07:51:39,2025-04-17 06:00:00
SKU03930,Organized system-worthy neural-net,Electronics,WH-DEL,162,18,6930.03,2025-04-01 21:21:25,2025-04-17 06:00:00
SKU03931,Realigned systematic project,Clothing,WH-BLR,1718,77,2071.34,2025-04-01 05:23:57,2025-04-17 06:00:00
SKU03932,Triple-buffered coherent migration,Beauty,WH-BLR,1311,26,5906.35,2025-04-03 13:02:30,2025-04-17 06:00:00
SKU03933,Team-oriented leadingedge functionalities,Clothing,WH-BLR,987,85,11096.42,2025-04-16 20:20:55,2025-04-17 06:00:00
SKU03934,Multi-channeled web-enabled data-warehouse,Electronics,WH-CHE,524,18,431.5,2025-04-02 07:49:58,2025-04-17 06:00:00
SKU03935,Right-sized hybrid pricing structure,Electronics,WH-MUM,1430,98,6617.85,2025-04-02 17:35:08,2025-04-17 06:00:00
SKU03936,Cross-platform multi-tasking knowledge user,Sports,WH-DEL,354,46,13766.86,2025-04-14 19:08:25,2025-04-17 06:00:00
SKU03937,Triple-buffered global parallelism,Books,WH-HYD,1961,47,293.33,2025-04-02 08:58:15,2025-04-17 06:00:00
SKU03938,Front-line even-keeled circuit,Sports,WH-DEL,150,68,1329.7,2025-04-01 23:21:37,2025-04-17 06:00:00
SKU03939,Realigned composite moratorium,Sports,WH-DEL,423,13,10291.62,2025-04-09 10:44:02,2025-04-17 06:00:00
SKU03940,Re-contextualized mobile complexity,Beauty,WH-DEL,444,56,11798.4,2025-04-13 16:11:59,2025-04-17 06:00:00
SKU03941,Networked optimal artificial intelligence,Grocery,WH-HYD,79,63,8267.03,2025-04-01 08:58:56,2025-04-17 06:00:00
SKU03942,Re-contextualized secondary open architecture,Toys,WH-BLR,1658,92,6700.84,2025-04-03 19:26:11,2025-04-17 06:00:00
SKU03943,Customizable actuating time-frame,Sports,WH-MUM,1069,54,1784.43,2025-04-02 17:55:39,2025-04-17 06:00:00
SKU03944,Future-proofed reciprocal projection,Beauty,WH-BLR,1160,25,6076.91,2025-04-07 10:51:36,2025-04-17 06:00:00
SKU03945,Optional empowering interface,Home & Kitchen,WH-DEL,971,97,13973.41,2025-04-04 18:55:26,2025-04-17 06:00:00
SKU03946,Profit-focused next generation complexity,Clothing,WH-CHE,471,59,5174.28,2025-04-03 18:54:35,2025-04-17 06:00:00
SKU03947,Re-contextualized intermediate frame,Clothing,WH-DEL,250,20,14470.99,2025-04-11 13:04:17,2025-04-17 06:00:00
SKU03948,Synergized bi-directional encryption,Home & Kitchen,WH-DEL,964,42,12982.05,2025-04-06 01:03:20,2025-04-17 06:00:00
SKU03949,Configurable human-resource definition,Beauty,WH-DEL,539,14,9264.24,2025-04-10 12:52:22,2025-04-17 06:00:00
SKU03950,Profit-focused motivating concept,Clothing,WH-BLR,863,11,9725.0,2025-04-16 08:03:09,2025-04-17 06:00:00
SKU03951,Automated client-server ability,Sports,WH-HYD,1788,33,14308.97,2025-04-08 17:00:49,2025-04-17 06:00:00
SKU03952,Versatile 24hour algorithm,Beauty,WH-DEL,1739,73,3270.99,2025-04-05 20:32:53,2025-04-17 06:00:00
SKU03953,Persevering 4thgeneration challenge,Grocery,WH-MUM,382,10,13455.5,2025-04-11 15:34:04,2025-04-17 06:00:00
SKU03954,Optimized intermediate website,Home & Kitchen,WH-CHE,65,92,4862.52,2025-04-08 10:21:50,2025-04-17 06:00:00
SKU03955,Total holistic knowledge user,Beauty,WH-MUM,1531,48,12214.58,2025-04-01 11:39:04,2025-04-17 06:00:00
SKU03956,Proactive leadingedge orchestration,Toys,WH-CHE,70,64,10802.2,2025-04-15 09:26:11,2025-04-17 06:00:00
SKU03957,Down-sized interactive paradigm,Home & Kitchen,WH-MUM,1935,40,4798.13,2025-04-10 21:23:29,2025-04-17 06:00:00
SKU03958,Innovative next generation circuit,Electronics,WH-CHE,30,93,1532.06,2025-04-15 21:09:25,2025-04-17 06:00:00
SKU03959,Open-architected cohesive hardware,Books,WH-CHE,1706,22,11742.99,2025-04-07 12:38:23,2025-04-17 06:00:00
SKU03960,User-centric radical parallelism,Electronics,WH-CHE,1218,97,434.82,2025-04-13 06:13:26,2025-04-17 06:00:00
SKU03961,Public-key encompassing utilization,Clothing,WH-CHE,,67,2512.88,2025-04-03 16:25:37,2025-04-17 06:00:00
SKU03962,Diverse logistical open architecture,Home & Kitchen,WH-MUM,1731,76,9943.4,2025-04-13 15:22:49,2025-04-17 06:00:00
SKU03963,Multi-tiered composite hub,Grocery,WH-DEL,626,52,12871.42,2025-04-15 08:22:26,2025-04-17 06:00:00
SKU03964,Team-oriented zero administration analyzer,Sports,WH-BLR,1639,43,9358.2,2025-04-16 10:27:06,2025-04-17 06:00:00
SKU03965,Stand-alone human-resource firmware,Books,WH-DEL,677,29,4502.91,2025-04-10 20:01:53,2025-04-17 06:00:00
SKU03966,Switchable next generation core,Toys,WH-HYD,355,41,3945.95,2025-04-13 22:13:50,2025-04-17 06:00:00
SKU03967,Streamlined bi-directional emulation,Toys,WH-HYD,1749,65,9399.0,2025-04-07 18:12:55,2025-04-17 06:00:00
SKU03968,Synergistic encompassing support,Clothing,WH-BLR,76,18,13186.96,2025-04-05 03:38:59,2025-04-17 06:00:00
SKU03969,Implemented needs-based success,Home & Kitchen,WH-MUM,959,44,10497.64,2025-04-05 14:06:55,2025-04-17 06:00:00
SKU03970,Organized tertiary parallelism,Electronics,WH-HYD,1009,73,11052.12,2025-04-15 23:44:15,2025-04-17 06:00:00
SKU03971,Horizontal 5thgeneration approach,Books,WH-HYD,932,74,9965.16,2025-04-02 14:49:33,2025-04-17 06:00:00
SKU03972,Sharable multi-tasking throughput,Electronics,WH-MUM,1045,42,7422.88,2025-04-02 07:20:43,2025-04-17 06:00:00
SKU03973,Programmable directional knowledgebase,Books,WH-MUM,170,34,9514.15,2025-04-03 08:33:27,2025-04-17 06:00:00
SKU03974,Up-sized empowering open system,Beauty,WH-DEL,365,81,6843.36,2025-04-05 09:01:37,2025-04-17 06:00:00
SKU03975,Organized value-added structure,Books,WH-DEL,789,100,11882.22,2025-04-10 09:39:44,2025-04-17 06:00:00
SKU03976,Customizable maximized paradigm,Home & Kitchen,WH-MUM,913,85,291.47,2025-04-08 21:33:16,2025-04-17 06:00:00
SKU03977,Secured next generation collaboration,Clothing,WH-HYD,781,17,10204.18,2025-04-14 15:32:09,2025-04-17 06:00:00
SKU03978,Innovative bi-directional help-desk,Toys,WH-DEL,866,21,14269.02,2025-04-01 11:35:35,2025-04-17 06:00:00
SKU03979,Programmable analyzing migration,Sports,WH-CHE,490,13,74.6,2025-04-14 18:52:33,2025-04-17 06:00:00
SKU03980,Pre-emptive well-modulated focus group,Home & Kitchen,WH-HYD,1375,60,9891.42,2025-04-12 17:36:18,2025-04-17 06:00:00
SKU03981,Fully-configurable needs-based middleware,Books,WH-CHE,42,63,11373.28,2025-04-06 13:07:34,2025-04-17 06:00:00
SKU03982,Compatible value-added workforce,Books,WH-CHE,1194,92,3317.23,2025-04-09 09:48:49,2025-04-17 06:00:00
SKU03983,Down-sized secondary product,Electronics,WH-HYD,1438,92,5897.37,2025-04-12 23:19:30,2025-04-17 06:00:00
SKU03984,Sharable high-level middleware,Toys,WH-BLR,1466,55,178.38,2025-04-01 11:32:04,2025-04-17 06:00:00
SKU03985,User-friendly local customer loyalty,Electronics,WH-DEL,695,96,9746.65,2025-04-15 18:25:42,2025-04-17 06:00:00
SKU03986,Integrated asynchronous adapter,Electronics,WH-HYD,88,90,8248.56,2025-04-16 02:16:54,2025-04-17 06:00:00
SKU03987,Pre-emptive bifurcated support,Home & Kitchen,WH-CHE,1416,74,5442.57,2025-04-01 20:46:07,2025-04-17 06:00:00
SKU03988,Object-based mission-critical definition,Beauty,WH-BLR,1972,65,14753.9,2025-04-08 03:50:47,2025-04-17 06:00:00
SKU03989,Compatible background strategy,Sports,WH-CHE,1198,46,12009.78,2025-04-02 15:20:19,2025-04-17 06:00:00
SKU03990,Robust maximized function,Home & Kitchen,WH-DEL,855,60,3955.68,2025-04-02 04:03:44,2025-04-17 06:00:00
SKU03991,Cross-platform real-time utilization,Beauty,WH-CHE,368,91,242.13,2025-04-15 04:25:07,2025-04-17 06:00:00
SKU03992,Stand-alone needs-based implementation,Electronics,WH-CHE,188,25,6631.26,2025-04-16 07:12:15,2025-04-17 06:00:00
SKU03993,Organized national utilization,Clothing,WH-BLR,1843,88,11142.53,2025-04-14 00:35:31,2025-04-17 06:00:00
SKU03994,User-friendly empowering solution,Books,WH-BLR,,88,6225.21,2025-04-01 08:21:28,2025-04-17 06:00:00
SKU03995,Cross-platform next generation monitoring,Books,WH-DEL,1936,67,2052.29,2025-04-11 17:44:39,2025-04-17 06:00:00
SKU03996,Fundamental holistic projection,Sports,WH-DEL,1957,25,8474.2,2025-04-12 14:35:35,2025-04-17 06:00:00
SKU03997,Pre-emptive next generation capacity,Toys,WH-DEL,760,98,6611.35,2025-04-01 23:40:37,2025-04-17 06:00:00
SKU03998,User-centric non-volatile encryption,Sports,WH-BLR,1011,92,2864.71,2025-04-05 19:58:12,2025-04-17 06:00:00
SKU03999,Synergistic composite forecast,Clothing,WH-BLR,912,92,5019.45,2025-04-04 05:03:15,2025-04-17 06:00:00
SKU04000,Organized even-keeled infrastructure,Home & Kitchen,WH-CHE,107,41,9330.88,2025-04-14 13:36:38,2025-04-17 06:00:00
SKU04001,Streamlined 24/7 access,Toys,WH-CHE,405,17,584.89,2025-04-06 04:01:41,2025-04-17 06:00:00
SKU04002,Reactive static database,Toys,WH-HYD,1137,66,7460.75,2025-04-09 17:45:18,2025-04-17 06:00:00
SKU04003,Public-key intermediate ability,Toys,WH-MUM,752,51,7106.13,2025-04-02 19:41:49,2025-04-17 06:00:00
SKU04004,Sharable optimal Internet solution,Beauty,WH-HYD,1354,46,3762.58,2025-04-05 21:38:17,2025-04-17 06:00:00
SKU04005,Integrated 24hour instruction set,Home & Kitchen,WH-DEL,1061,31,7472.21,2025-04-02 09:02:32,2025-04-17 06:00:00
SKU04006,Implemented scalable moderator,Grocery,WH-DEL,1561,36,8208.07,2025-04-12 22:56:53,2025-04-17 06:00:00
SKU04007,Streamlined 24hour algorithm,Clothing,WH-DEL,236,41,12850.89,2025-04-16 09:20:20,2025-04-17 06:00:00
SKU04008,Managed upward-trending pricing structure,Home & Kitchen,WH-CHE,11,29,12042.94,2025-04-06 19:25:18,2025-04-17 06:00:00
SKU04009,Expanded national encoding,Sports,WH-HYD,1664,11,13604.04,2025-04-15 11:56:25,2025-04-17 06:00:00
SKU04010,Operative disintermediate firmware,Electronics,WH-HYD,711,100,8673.2,2025-04-13 15:04:14,2025-04-17 06:00:00
SKU04011,Cross-platform user-facing hardware,Beauty,WH-HYD,820,20,1750.87,2025-04-14 15:41:02,2025-04-17 06:00:00
SKU04012,Robust multimedia function,Electronics,WH-BLR,811,49,7505.31,2025-04-07 10:52:31,2025-04-17 06:00:00
SKU04013,Customer-focused web-enabled framework,Electronics,WH-CHE,1605,46,4246.41,2025-04-10 16:14:50,2025-04-17 06:00:00
SKU04014,Diverse secondary workforce,Clothing,WH-MUM,1324,26,6540.85,2025-04-05 02:23:32,2025-04-17 06:00:00
SKU04015,Implemented impactful forecast,Grocery,WH-HYD,1805,26,10362.78,2025-04-11 11:22:58,2025-04-17 06:00:00
SKU04016,Virtual fresh-thinking collaboration,Clothing,WH-DEL,550,31,328.88,2025-04-10 06:16:39,2025-04-17 06:00:00
SKU04017,Digitized responsive adapter,Electronics,WH-CHE,368,93,11197.71,2025-04-08 08:05:14,2025-04-17 06:00:00
SKU04018,Polarized value-added artificial intelligence,Toys,WH-CHE,678,28,5367.72,2025-04-03 05:01:21,2025-04-17 06:00:00
SKU04019,Open-architected dedicated Graphical User Interfac,Beauty,WH-HYD,1038,42,5776.75,2025-04-16 03:56:59,2025-04-17 06:00:00
SKU04020,Quality-focused grid-enabled software,Books,WH-CHE,1369,67,12754.67,2025-04-07 15:51:58,2025-04-17 06:00:00
SKU04021,User-centric leadingedge instruction set,Beauty,WH-DEL,1242,78,2893.39,2025-04-02 00:50:43,2025-04-17 06:00:00
SKU04022,Total systematic monitoring,Home & Kitchen,WH-CHE,602,66,3537.51,2025-04-10 23:12:11,2025-04-17 06:00:00
SKU04023,Phased eco-centric flexibility,Clothing,WH-BLR,622,42,11784.19,2025-04-06 10:24:23,2025-04-17 06:00:00
SKU04024,Expanded logistical circuit,Books,WH-HYD,1573,39,10060.9,2025-04-10 04:03:03,2025-04-17 06:00:00
SKU04025,Pre-emptive global frame,Electronics,WH-DEL,1731,75,9326.18,2025-04-08 23:49:27,2025-04-17 06:00:00
SKU04026,Polarized 6thgeneration flexibility,Grocery,WH-HYD,1593,87,5124.79,2025-04-08 10:14:05,2025-04-17 06:00:00
SKU04027,Synchronized encompassing emulation,Grocery,WH-DEL,,77,5915.57,2025-04-06 06:53:15,2025-04-17 06:00:00
SKU04028,Synergistic leadingedge archive,Sports,WH-DEL,1172,11,2736.84,2025-04-04 20:18:09,2025-04-17 06:00:00
SKU04029,Visionary content-based portal,Sports,WH-HYD,339,78,13990.66,2025-04-09 07:10:00,2025-04-17 06:00:00
SKU04030,Horizontal mission-critical service-desk,Home & Kitchen,WH-HYD,604,94,12711.89,2025-04-02 21:41:02,2025-04-17 06:00:00
SKU04031,Stand-alone didactic database,Beauty,WH-MUM,1999,24,1087.41,2025-04-11 08:27:12,2025-04-17 06:00:00
SKU04032,De-engineered reciprocal extranet,Grocery,WH-CHE,9,87,6078.47,2025-04-10 22:12:01,2025-04-17 06:00:00
SKU04033,Ameliorated upward-trending archive,Electronics,WH-HYD,774,50,1374.94,2025-04-13 06:34:36,2025-04-17 06:00:00
SKU04034,Visionary user-facing task-force,Grocery,WH-BLR,327,26,7555.46,2025-04-09 23:15:38,2025-04-17 06:00:00
SKU04035,Implemented 5thgeneration paradigm,Toys,WH-CHE,267,37,5439.97,2025-04-14 12:21:17,2025-04-17 06:00:00
SKU04036,Up-sized mobile protocol,Beauty,WH-DEL,1307,90,3795.62,2025-04-16 23:54:45,2025-04-17 06:00:00
SKU04037,Robust zero tolerance capability,Sports,WH-BLR,1282,12,10842.39,2025-04-06 15:28:38,2025-04-17 06:00:00
SKU04038,Cross-platform didactic flexibility,Toys,WH-MUM,1809,42,2944.9,2025-04-10 03:37:28,2025-04-17 06:00:00
SKU04039,Ameliorated 24/7 productivity,Toys,WH-CHE,46,25,9059.96,2025-04-07 05:59:55,2025-04-17 06:00:00
SKU04040,Enterprise-wide intermediate archive,Sports,WH-DEL,801,27,9127.03,2025-04-15 16:27:00,2025-04-17 06:00:00
SKU04041,Multi-lateral non-volatile architecture,Toys,WH-MUM,461,97,11915.15,2025-04-14 11:49:52,2025-04-17 06:00:00
SKU04042,Re-engineered empowering implementation,Books,WH-MUM,705,12,12993.53,2025-04-12 15:15:15,2025-04-17 06:00:00
SKU04043,Pre-emptive transitional concept,Electronics,WH-DEL,1230,89,7021.12,2025-04-02 00:43:38,2025-04-17 06:00:00
SKU04044,Advanced demand-driven Graphic Interface,Sports,WH-HYD,1425,76,10596.7,2025-04-11 07:28:53,2025-04-17 06:00:00
SKU04045,Synergized dynamic service-desk,Electronics,WH-CHE,127,100,1181.76,2025-04-16 11:14:24,2025-04-17 06:00:00
SKU04046,Focused value-added portal,Books,WH-BLR,488,50,13684.82,2025-04-02 17:02:02,2025-04-17 06:00:00
SKU04047,Face-to-face upward-trending capacity,Home & Kitchen,WH-CHE,305,92,9112.38,2025-04-07 02:29:31,2025-04-17 06:00:00
SKU04048,Expanded homogeneous neural-net,Beauty,WH-CHE,178,36,4136.95,2025-04-05 20:06:05,2025-04-17 06:00:00
SKU04049,Reverse-engineered 24hour architecture,Grocery,WH-BLR,221,93,8423.02,2025-04-12 22:17:32,2025-04-17 06:00:00
SKU04050,Versatile exuding knowledge user,Sports,WH-DEL,716,68,2213.35,2025-04-08 11:43:16,2025-04-17 06:00:00
SKU04051,Business-focused intermediate architecture,Books,WH-DEL,272,35,7919.1,2025-04-15 10:30:55,2025-04-17 06:00:00
SKU04052,Pre-emptive hybrid budgetary management,Beauty,WH-DEL,121,66,12399.76,2025-04-13 08:08:32,2025-04-17 06:00:00
SKU04053,Advanced fault-tolerant Graphic Interface,Toys,WH-BLR,1775,52,6736.2,2025-04-01 00:20:29,2025-04-17 06:00:00
SKU04054,Versatile grid-enabled knowledge user,Electronics,WH-BLR,389,71,11670.66,2025-04-16 11:05:52,2025-04-17 06:00:00
SKU04055,Organized intangible info-mediaries,Toys,WH-MUM,1335,60,10709.05,2025-04-11 23:30:27,2025-04-17 06:00:00
SKU04056,Team-oriented executive contingency,Books,WH-DEL,796,44,3298.29,2025-04-05 09:18:08,2025-04-17 06:00:00
SKU04057,Configurable tangible artificial intelligence,Sports,WH-BLR,173,21,7102.85,2025-04-11 13:08:32,2025-04-17 06:00:00
SKU04058,Profit-focused next generation data-warehouse,Books,WH-HYD,647,63,2289.98,2025-04-02 13:30:35,2025-04-17 06:00:00
SKU04059,Expanded actuating time-frame,Sports,WH-MUM,1575,99,7649.15,2025-04-07 10:02:23,2025-04-17 06:00:00
SKU04060,Profit-focused context-sensitive framework,Books,WH-BLR,,19,6277.8,2025-04-11 18:25:27,2025-04-17 06:00:00
SKU04061,Operative motivating concept,Home & Kitchen,WH-BLR,1395,73,10446.04,2025-04-12 12:10:02,2025-04-17 06:00:00
SKU04062,Business-focused next generation matrix,Books,WH-DEL,792,43,949.59,2025-04-10 11:46:58,2025-04-17 06:00:00
SKU04063,Persistent homogeneous protocol,Electronics,WH-BLR,1371,21,1246.39,2025-04-15 10:53:03,2025-04-17 06:00:00
SKU04064,Business-focused global standardization,Toys,WH-DEL,1839,17,4633.28,2025-04-15 06:38:05,2025-04-17 06:00:00
SKU04065,Cross-platform transitional protocol,Home & Kitchen,WH-CHE,1385,35,4944.69,2025-04-09 00:16:06,2025-04-17 06:00:00
SKU04066,Distributed homogeneous initiative,Toys,WH-CHE,913,41,12443.32,2025-04-16 04:35:47,2025-04-17 06:00:00
SKU04067,Organized user-facing instruction set,Grocery,WH-BLR,783,43,7189.8,2025-04-01 00:05:09,2025-04-17 06:00:00
SKU04068,Future-proofed multimedia functionalities,Home & Kitchen,WH-HYD,1922,25,3404.95,2025-04-07 20:55:45,2025-04-17 06:00:00
SKU04069,Organic content-based superstructure,Beauty,WH-HYD,395,44,1761.47,2025-04-16 23:42:56,2025-04-17 06:00:00
SKU04070,Front-line national hardware,Electronics,WH-MUM,1088,63,11704.35,2025-04-09 15:25:48,2025-04-17 06:00:00
SKU04071,Digitized static groupware,Toys,WH-CHE,370,38,14463.47,2025-04-10 03:17:03,2025-04-17 06:00:00
SKU04072,Mandatory regional capacity,Grocery,WH-HYD,366,57,5461.08,2025-04-07 02:41:50,2025-04-17 06:00:00
SKU04073,Public-key zero-defect throughput,Beauty,WH-DEL,529,39,10129.43,2025-04-08 09:38:48,2025-04-17 06:00:00
SKU04074,Triple-buffered intangible instruction set,Books,WH-CHE,739,55,9095.59,2025-04-08 23:47:36,2025-04-17 06:00:00
SKU04075,Vision-oriented uniform knowledgebase,Books,WH-MUM,611,33,6019.69,2025-04-02 04:35:58,2025-04-17 06:00:00
SKU04076,Fully-configurable client-driven data-warehouse,Sports,WH-BLR,679,43,6598.61,2025-04-13 00:17:09,2025-04-17 06:00:00
SKU04077,Robust explicit time-frame,Toys,WH-MUM,1794,88,5402.86,2025-04-01 06:30:28,2025-04-17 06:00:00
SKU04078,Persistent client-driven contingency,Clothing,WH-HYD,1492,59,14175.75,2025-04-15 17:25:01,2025-04-17 06:00:00
SKU04079,Fundamental demand-driven service-desk,Home & Kitchen,WH-BLR,127,40,12530.58,2025-04-13 09:56:12,2025-04-17 06:00:00
SKU04080,Vision-oriented needs-based installation,Beauty,WH-CHE,300,67,13575.27,2025-04-02 12:34:14,2025-04-17 06:00:00
SKU04081,Assimilated client-driven parallelism,Beauty,WH-MUM,1060,44,11551.19,2025-04-16 19:29:24,2025-04-17 06:00:00
SKU04082,Polarized global encryption,Sports,WH-CHE,269,89,3409.42,2025-04-12 07:33:04,2025-04-17 06:00:00
SKU04083,Seamless mobile capability,Books,WH-BLR,636,32,8259.27,2025-04-07 19:17:10,2025-04-17 06:00:00
SKU04084,Exclusive discrete challenge,Electronics,WH-BLR,1837,78,2379.77,2025-04-01 04:18:56,2025-04-17 06:00:00
SKU04085,Triple-buffered grid-enabled standardization,Sports,WH-CHE,1055,59,10498.25,2025-04-16 05:44:29,2025-04-17 06:00:00
SKU04086,Open-source interactive website,Electronics,WH-HYD,924,35,8111.98,2025-04-07 04:30:51,2025-04-17 06:00:00
SKU04087,Switchable asynchronous collaboration,Home & Kitchen,WH-HYD,629,69,7340.22,2025-04-03 12:21:04,2025-04-17 06:00:00
SKU04088,Function-based stable Local Area Network,Clothing,WH-HYD,1126,34,5296.74,2025-04-12 15:52:04,2025-04-17 06:00:00
SKU04089,Managed maximized task-force,Clothing,WH-DEL,832,61,5153.59,2025-04-04 19:22:38,2025-04-17 06:00:00
SKU04090,Seamless value-added concept,Clothing,WH-HYD,433,70,11121.29,2025-04-03 01:59:02,2025-04-17 06:00:00
SKU04091,Cloned coherent throughput,Books,WH-HYD,1479,35,11143.69,2025-04-02 12:43:59,2025-04-17 06:00:00
SKU04092,Configurable systemic model,Sports,WH-MUM,1310,19,349.79,2025-04-14 19:33:46,2025-04-17 06:00:00
SKU04093,Open-source asymmetric open system,Clothing,WH-DEL,,64,5997.14,2025-04-05 02:48:30,2025-04-17 06:00:00
SKU04094,Seamless high-level challenge,Sports,WH-HYD,1353,89,11213.65,2025-04-14 05:48:00,2025-04-17 06:00:00
SKU04095,Organized bi-directional moratorium,Toys,WH-HYD,1889,32,7218.8,2025-04-02 20:16:16,2025-04-17 06:00:00
SKU04096,Adaptive upward-trending encoding,Home & Kitchen,WH-CHE,951,90,2743.35,2025-04-16 06:59:57,2025-04-17 06:00:00
SKU04097,Proactive high-level policy,Home & Kitchen,WH-HYD,1011,93,1933.08,2025-04-14 09:35:27,2025-04-17 06:00:00
SKU04098,Compatible object-oriented paradigm,Toys,WH-HYD,1406,23,6627.41,2025-04-10 12:36:10,2025-04-17 06:00:00
SKU04099,Exclusive disintermediate Local Area Network,Grocery,WH-CHE,548,95,1425.43,2025-04-14 20:30:15,2025-04-17 06:00:00
SKU04100,Triple-buffered demand-driven flexibility,Beauty,WH-BLR,288,68,6930.8,2025-04-14 00:41:42,2025-04-17 06:00:00
SKU04101,Expanded encompassing service-desk,Beauty,WH-BLR,393,29,10393.25,2025-04-15 12:09:34,2025-04-17 06:00:00
SKU04102,Stand-alone scalable frame,Electronics,WH-CHE,53,34,14717.24,2025-04-08 02:17:07,2025-04-17 06:00:00
SKU04103,Multi-layered cohesive moderator,Clothing,WH-MUM,904,42,3379.44,2025-04-09 06:42:56,2025-04-17 06:00:00
SKU04104,Re-engineered multimedia open architecture,Sports,WH-HYD,585,22,1972.22,2025-04-02 14:08:54,2025-04-17 06:00:00
SKU04105,Configurable web-enabled website,Beauty,WH-MUM,1060,33,13143.32,2025-04-02 14:34:21,2025-04-17 06:00:00
SKU04106,Assimilated local moderator,Clothing,WH-DEL,682,66,12408.46,2025-04-03 05:38:23,2025-04-17 06:00:00
SKU04107,Vision-oriented zero tolerance analyzer,Electronics,WH-HYD,53,68,6791.66,2025-04-12 11:02:57,2025-04-17 06:00:00
SKU04108,Cloned incremental superstructure,Toys,WH-MUM,1240,24,14628.39,2025-04-06 02:03:41,2025-04-17 06:00:00
SKU04109,Fully-configurable regional hierarchy,Clothing,WH-BLR,801,50,11910.6,2025-04-06 22:01:01,2025-04-17 06:00:00
SKU04110,Cross-group solution-oriented definition,Books,WH-BLR,1822,30,2937.8,2025-04-09 11:10:45,2025-04-17 06:00:00
SKU04111,Configurable 6thgeneration installation,Beauty,WH-MUM,1751,56,14816.41,2025-04-06 22:37:19,2025-04-17 06:00:00
SKU04112,Public-key heuristic alliance,Books,WH-MUM,1510,21,10430.76,2025-04-01 19:15:40,2025-04-17 06:00:00
SKU04113,Public-key optimizing alliance,Clothing,WH-BLR,1941,99,2449.42,2025-04-10 19:03:16,2025-04-17 06:00:00
SKU04114,Organic multi-state functionalities,Grocery,WH-CHE,1752,18,4946.21,2025-04-08 02:14:18,2025-04-17 06:00:00
SKU04115,Synchronized clear-thinking product,Beauty,WH-HYD,1562,70,12743.67,2025-04-02 00:37:43,2025-04-17 06:00:00
SKU04116,Right-sized uniform strategy,Books,WH-HYD,1648,10,1474.63,2025-04-09 17:56:02,2025-04-17 06:00:00
SKU04117,Streamlined optimal framework,Toys,WH-MUM,1485,57,8016.24,2025-04-14 09:28:51,2025-04-17 06:00:00
SKU04118,Innovative multi-state methodology,Books,WH-BLR,137,37,2839.83,2025-04-09 00:05:38,2025-04-17 06:00:00
SKU04119,Ameliorated bottom-line capacity,Sports,WH-MUM,1647,60,5594.89,2025-04-12 10:16:39,2025-04-17 06:00:00
SKU04120,Quality-focused 24/7 capability,Books,WH-MUM,887,63,6582.36,2025-04-16 08:34:41,2025-04-17 06:00:00
SKU04121,Inverse client-driven synergy,Sports,WH-BLR,638,84,14745.41,2025-04-13 07:47:27,2025-04-17 06:00:00
SKU04122,Exclusive static system engine,Clothing,WH-MUM,826,26,503.85,2025-04-11 00:18:17,2025-04-17 06:00:00
SKU04123,Right-sized regional artificial intelligence,Grocery,WH-MUM,1156,91,11432.3,2025-04-01 15:47:56,2025-04-17 06:00:00
SKU04124,Cross-platform neutral installation,Toys,WH-DEL,1606,45,12319.26,2025-04-04 09:54:27,2025-04-17 06:00:00
SKU04125,Multi-tiered eco-centric utilization,Sports,WH-MUM,1248,19,2244.98,2025-04-03 04:11:02,2025-04-17 06:00:00
SKU04126,Vision-oriented motivating protocol,Home & Kitchen,WH-MUM,,92,4032.03,2025-04-16 07:24:23,2025-04-17 06:00:00
SKU04127,Fundamental exuding leverage,Beauty,WH-HYD,1233,79,799.51,2025-04-05 02:43:54,2025-04-17 06:00:00
SKU04128,Balanced directional encryption,Electronics,WH-MUM,1511,74,8658.98,2025-04-12 15:41:47,2025-04-17 06:00:00
SKU04129,Persevering asynchronous orchestration,Home & Kitchen,WH-MUM,193,12,13129.04,2025-04-06 05:33:20,2025-04-17 06:00:00
SKU04130,Re-contextualized real-time time-frame,Home & Kitchen,WH-CHE,1259,34,10863.27,2025-04-15 06:15:25,2025-04-17 06:00:00
SKU04131,Multi-lateral foreground challenge,Electronics,WH-DEL,1820,95,1617.57,2025-04-09 22:06:51,2025-04-17 06:00:00
SKU04132,Compatible context-sensitive process improvement,Beauty,WH-HYD,1003,20,14106.48,2025-04-11 13:09:33,2025-04-17 06:00:00
SKU04133,Profound zero-defect conglomeration,Electronics,WH-CHE,795,14,10860.47,2025-04-06 18:20:40,2025-04-17 06:00:00
SKU04134,Profit-focused discrete encoding,Electronics,WH-DEL,1980,10,4689.86,2025-04-08 22:20:03,2025-04-17 06:00:00
SKU04135,Operative hybrid toolset,Sports,WH-DEL,1066,20,13059.06,2025-04-05 20:50:19,2025-04-17 06:00:00
SKU04136,Persevering 24/7 methodology,Clothing,WH-BLR,1848,37,12310.61,2025-04-06 19:57:18,2025-04-17 06:00:00
SKU04137,Open-architected eco-centric process improvement,Toys,WH-HYD,732,43,64.53,2025-04-05 18:11:44,2025-04-17 06:00:00
SKU04138,Stand-alone web-enabled paradigm,Home & Kitchen,WH-DEL,1807,25,1580.23,2025-04-09 08:24:48,2025-04-17 06:00:00
SKU04139,Triple-buffered tangible encryption,Sports,WH-CHE,1268,26,8636.03,2025-04-15 00:39:57,2025-04-17 06:00:00
SKU04140,User-centric regional capacity,Clothing,WH-CHE,970,23,11390.73,2025-04-15 11:22:43,2025-04-17 06:00:00
SKU04141,Down-sized intermediate core,Toys,WH-CHE,1812,94,12644.64,2025-04-02 03:29:29,2025-04-17 06:00:00
SKU04142,Enterprise-wide coherent Graphic Interface,Clothing,WH-DEL,599,72,3562.4,2025-04-16 14:49:56,2025-04-17 06:00:00
SKU04143,Configurable multi-state contingency,Toys,WH-CHE,1432,26,4789.07,2025-04-01 10:31:32,2025-04-17 06:00:00
SKU04144,Persistent discrete Internet solution,Beauty,WH-CHE,619,91,14675.14,2025-04-05 22:49:47,2025-04-17 06:00:00
SKU04145,Ameliorated high-level data-warehouse,Toys,WH-DEL,1167,19,424.63,2025-04-11 04:59:07,2025-04-17 06:00:00
SKU04146,Profit-focused logistical standardization,Electronics,WH-BLR,168,94,1655.85,2025-04-06 06:13:49,2025-04-17 06:00:00
SKU04147,Fundamental non-volatile knowledgebase,Toys,WH-BLR,788,36,319.77,2025-04-15 18:27:25,2025-04-17 06:00:00
SKU04148,Polarized multimedia middleware,Sports,WH-MUM,1729,93,5490.59,2025-04-07 11:23:40,2025-04-17 06:00:00
SKU04149,Open-architected hybrid success,Grocery,WH-DEL,120,84,3153.23,2025-04-11 01:12:12,2025-04-17 06:00:00
SKU04150,Team-oriented holistic model,Electronics,WH-MUM,761,52,14191.52,2025-04-05 21:21:34,2025-04-17 06:00:00
SKU04151,Exclusive exuding orchestration,Electronics,WH-BLR,366,65,5414.24,2025-04-05 04:39:24,2025-04-17 06:00:00
SKU04152,Re-contextualized solution-oriented intranet,Sports,WH-CHE,1148,81,10173.53,2025-04-16 16:49:30,2025-04-17 06:00:00
SKU04153,Sharable demand-driven attitude,Electronics,WH-CHE,615,73,12969.09,2025-04-02 01:10:21,2025-04-17 06:00:00
SKU04154,Re-contextualized secondary collaboration,Sports,WH-BLR,1129,51,6206.43,2025-04-09 15:32:47,2025-04-17 06:00:00
SKU04155,Open-architected methodical contingency,Clothing,WH-MUM,1167,30,10263.16,2025-04-07 20:45:05,2025-04-17 06:00:00
SKU04156,Profit-focused 6thgeneration circuit,Electronics,WH-HYD,1827,96,12658.73,2025-04-08 00:28:29,2025-04-17 06:00:00
SKU04157,Self-enabling bifurcated database,Clothing,WH-CHE,1311,36,1254.25,2025-04-09 23:18:38,2025-04-17 06:00:00
SKU04158,Operative heuristic challenge,Books,WH-DEL,1283,40,8523.76,2025-04-13 10:53:53,2025-04-17 06:00:00
SKU04159,Cross-platform 4thgeneration toolset,Clothing,WH-HYD,,73,10419.5,2025-04-11 16:40:22,2025-04-17 06:00:00
SKU04160,Diverse asymmetric neural-net,Electronics,WH-BLR,1388,29,9385.83,2025-04-02 18:14:14,2025-04-17 06:00:00
SKU04161,Self-enabling non-volatile matrix,Beauty,WH-HYD,1741,77,10162.95,2025-04-02 00:57:27,2025-04-17 06:00:00
SKU04162,Down-sized mission-critical software,Sports,WH-CHE,387,43,10440.84,2025-04-04 12:07:16,2025-04-17 06:00:00
SKU04163,Fully-configurable static Graphical User Interface,Electronics,WH-CHE,1623,96,539.01,2025-04-13 21:22:54,2025-04-17 06:00:00
SKU04164,Enterprise-wide full-range capability,Home & Kitchen,WH-CHE,1867,91,4932.11,2025-04-08 21:00:36,2025-04-17 06:00:00
SKU04165,Cross-platform zero administration product,Grocery,WH-CHE,409,79,7733.13,2025-04-02 02:15:51,2025-04-17 06:00:00
SKU04166,Open-source next generation moderator,Books,WH-HYD,438,70,7199.96,2025-04-06 00:05:28,2025-04-17 06:00:00
SKU04167,Mandatory zero tolerance extranet,Clothing,WH-CHE,754,81,2343.4,2025-04-10 22:33:33,2025-04-17 06:00:00
SKU04168,Open-architected actuating software,Sports,WH-DEL,420,68,7814.46,2025-04-07 02:48:21,2025-04-17 06:00:00
SKU04169,Upgradable bi-directional process improvement,Grocery,WH-MUM,159,42,14213.02,2025-04-01 13:03:42,2025-04-17 06:00:00
SKU04170,Reactive composite ability,Beauty,WH-BLR,240,11,10385.85,2025-04-08 18:04:32,2025-04-17 06:00:00
SKU04171,Virtual 6thgeneration access,Electronics,WH-DEL,1133,41,11167.18,2025-04-10 09:01:46,2025-04-17 06:00:00
SKU04172,Optional directional workforce,Clothing,WH-DEL,68,14,7439.28,2025-04-07 16:52:08,2025-04-17 06:00:00
SKU04173,Automated logistical moderator,Beauty,WH-DEL,1345,27,4601.08,2025-04-05 16:01:29,2025-04-17 06:00:00
SKU04174,Team-oriented heuristic database,Sports,WH-DEL,212,84,7619.73,2025-04-07 21:41:17,2025-04-17 06:00:00
SKU04175,Quality-focused heuristic forecast,Beauty,WH-MUM,669,99,2522.93,2025-04-14 21:19:19,2025-04-17 06:00:00
SKU04176,Customer-focused attitude-oriented data-warehouse,Toys,WH-BLR,1724,65,2234.31,2025-04-02 21:37:23,2025-04-17 06:00:00
SKU04177,Inverse modular capability,Sports,WH-MUM,1918,94,4070.5,2025-04-14 16:32:37,2025-04-17 06:00:00
SKU04178,Public-key asymmetric architecture,Grocery,WH-DEL,1866,88,965.62,2025-04-05 15:07:24,2025-04-17 06:00:00
SKU04179,Phased systematic core,Home & Kitchen,WH-CHE,298,42,1861.3,2025-04-03 14:50:23,2025-04-17 06:00:00
SKU04180,Mandatory contextually-based definition,Grocery,WH-DEL,224,22,12104.33,2025-04-08 11:22:00,2025-04-17 06:00:00
SKU04181,Visionary mobile superstructure,Books,WH-DEL,1536,86,2405.37,2025-04-10 20:38:31,2025-04-17 06:00:00
SKU04182,Versatile demand-driven matrices,Beauty,WH-HYD,277,19,13924.77,2025-04-04 04:43:45,2025-04-17 06:00:00
SKU04183,Cloned cohesive parallelism,Clothing,WH-HYD,1613,82,5850.73,2025-04-08 05:55:48,2025-04-17 06:00:00
SKU04184,Persistent static definition,Clothing,WH-DEL,1731,10,13757.18,2025-04-02 20:51:54,2025-04-17 06:00:00
SKU04185,Up-sized 24hour complexity,Clothing,WH-MUM,424,99,2512.22,2025-04-01 13:21:30,2025-04-17 06:00:00
SKU04186,Automated mission-critical core,Clothing,WH-HYD,1187,53,6325.5,2025-04-09 22:46:15,2025-04-17 06:00:00
SKU04187,Horizontal mission-critical customer loyalty,Toys,WH-MUM,1854,33,9775.55,2025-04-06 08:58:24,2025-04-17 06:00:00
SKU04188,Adaptive explicit infrastructure,Books,WH-DEL,629,47,5854.05,2025-04-06 20:18:08,2025-04-17 06:00:00
SKU04189,Managed reciprocal access,Sports,WH-MUM,1824,32,4259.19,2025-04-13 06:21:45,2025-04-17 06:00:00
SKU04190,Visionary empowering website,Electronics,WH-CHE,540,92,11262.01,2025-04-02 08:29:45,2025-04-17 06:00:00
SKU04191,Versatile well-modulated synergy,Beauty,WH-CHE,1049,92,14721.99,2025-04-01 07:55:44,2025-04-17 06:00:00
SKU04192,Cross-platform uniform open system,Beauty,WH-DEL,,88,10965.29,2025-04-07 13:28:36,2025-04-17 06:00:00
SKU04193,Front-line object-oriented matrices,Home & Kitchen,WH-HYD,140,79,7894.39,2025-04-06 14:49:10,2025-04-17 06:00:00
SKU04194,Re-contextualized multi-tasking strategy,Toys,WH-HYD,1950,72,2328.45,2025-04-05 08:20:57,2025-04-17 06:00:00
SKU04195,Streamlined impactful application,Clothing,WH-HYD,1027,33,442.87,2025-04-12 07:58:05,2025-04-17 06:00:00
SKU04196,Public-key 24hour capability,Sports,WH-DEL,250,57,14304.76,2025-04-15 03:37:34,2025-04-17 06:00:00
SKU04197,Optional stable info-mediaries,Clothing,WH-BLR,1870,68,13749.56,2025-04-14 21:32:43,2025-04-17 06:00:00
SKU04198,Intuitive 24/7 framework,Clothing,WH-DEL,688,80,5628.23,2025-04-08 13:44:41,2025-04-17 06:00:00
SKU04199,Future-proofed dynamic parallelism,Beauty,WH-BLR,1618,31,10786.84,2025-04-16 02:45:05,2025-04-17 06:00:00
SKU04200,User-friendly dedicated task-force,Toys,WH-BLR,1283,27,3876.98,2025-04-04 08:13:56,2025-04-17 06:00:00
SKU04201,Exclusive directional algorithm,Clothing,WH-CHE,262,49,7284.51,2025-04-04 10:27:33,2025-04-17 06:00:00
SKU04202,Secured non-volatile parallelism,Sports,WH-MUM,982,82,11664.43,2025-04-13 23:30:33,2025-04-17 06:00:00
SKU04203,Centralized leadingedge hierarchy,Electronics,WH-MUM,46,89,9964.16,2025-04-02 20:18:51,2025-04-17 06:00:00
SKU04204,Object-based solution-oriented instruction set,Grocery,WH-BLR,786,23,14835.32,2025-04-16 20:50:57,2025-04-17 06:00:00
SKU04205,Quality-focused mission-critical process improveme,Books,WH-DEL,298,49,10798.96,2025-04-16 04:09:31,2025-04-17 06:00:00
SKU04206,Automated radical orchestration,Beauty,WH-DEL,1056,41,12623.08,2025-04-03 14:09:04,2025-04-17 06:00:00
SKU04207,Enterprise-wide secondary initiative,Sports,WH-HYD,1560,27,5475.32,2025-04-10 01:13:00,2025-04-17 06:00:00
SKU04208,Focused mission-critical open system,Books,WH-MUM,123,45,955.33,2025-04-02 14:03:53,2025-04-17 06:00:00
SKU04209,Adaptive demand-driven function,Books,WH-DEL,236,36,284.16,2025-04-02 14:23:46,2025-04-17 06:00:00
SKU04210,Multi-tiered fresh-thinking extranet,Sports,WH-BLR,1705,33,6393.18,2025-04-03 00:43:45,2025-04-17 06:00:00
SKU04211,Quality-focused foreground policy,Sports,WH-HYD,1315,74,3762.59,2025-04-01 16:11:12,2025-04-17 06:00:00
SKU04212,Face-to-face radical array,Beauty,WH-CHE,1860,27,5070.46,2025-04-04 05:33:30,2025-04-17 06:00:00
SKU04213,Open-source mission-critical database,Grocery,WH-MUM,48,64,14488.39,2025-04-02 06:55:04,2025-04-17 06:00:00
SKU04214,Cross-platform 5thgeneration algorithm,Sports,WH-CHE,818,93,8472.28,2025-04-12 11:33:41,2025-04-17 06:00:00
SKU04215,Up-sized intangible solution,Grocery,WH-HYD,719,95,10452.68,2025-04-15 08:39:40,2025-04-17 06:00:00
SKU04216,Pre-emptive attitude-oriented support,Toys,WH-DEL,626,18,9737.09,2025-04-06 03:19:08,2025-04-17 06:00:00
SKU04217,Persistent dedicated throughput,Beauty,WH-HYD,917,47,280.49,2025-04-16 00:05:07,2025-04-17 06:00:00
SKU04218,Configurable bifurcated process improvement,Toys,WH-HYD,1434,100,6802.92,2025-04-10 18:41:36,2025-04-17 06:00:00
SKU04219,Quality-focused responsive adapter,Books,WH-CHE,841,13,3305.61,2025-04-01 23:20:10,2025-04-17 06:00:00
SKU04220,Right-sized 3rdgeneration knowledge user,Grocery,WH-CHE,217,46,1742.08,2025-04-13 02:44:54,2025-04-17 06:00:00
SKU04221,Fully-configurable 24/7 algorithm,Beauty,WH-BLR,1943,91,763.47,2025-04-05 11:11:45,2025-04-17 06:00:00
SKU04222,Managed multimedia solution,Home & Kitchen,WH-MUM,135,71,729.93,2025-04-01 04:47:07,2025-04-17 06:00:00
SKU04223,Intuitive object-oriented portal,Sports,WH-BLR,1958,82,2178.72,2025-04-06 10:08:23,2025-04-17 06:00:00
SKU04224,Public-key uniform superstructure,Books,WH-MUM,1863,36,9751.75,2025-04-14 09:30:34,2025-04-17 06:00:00
SKU04225,Multi-channeled neutral hierarchy,Clothing,WH-MUM,,24,12132.54,2025-04-10 20:40:34,2025-04-17 06:00:00
SKU04226,Centralized global pricing structure,Clothing,WH-CHE,831,95,6499.14,2025-04-12 10:46:02,2025-04-17 06:00:00
SKU04227,De-engineered mobile project,Sports,WH-HYD,1866,84,10189.22,2025-04-12 19:26:37,2025-04-17 06:00:00
SKU04228,User-friendly responsive benchmark,Electronics,WH-CHE,229,77,7341.68,2025-04-15 01:53:53,2025-04-17 06:00:00
SKU04229,Profound 6thgeneration approach,Beauty,WH-DEL,1621,25,13467.9,2025-04-09 23:34:58,2025-04-17 06:00:00
SKU04230,Managed multi-state protocol,Grocery,WH-MUM,929,40,8200.03,2025-04-15 03:33:44,2025-04-17 06:00:00
SKU04231,Cloned explicit attitude,Electronics,WH-DEL,1013,51,13706.89,2025-04-16 17:00:40,2025-04-17 06:00:00
SKU04232,Self-enabling background product,Beauty,WH-HYD,1056,11,14039.93,2025-04-05 09:53:14,2025-04-17 06:00:00
SKU04233,Visionary real-time alliance,Toys,WH-HYD,430,32,4556.3,2025-04-08 08:07:27,2025-04-17 06:00:00
SKU04234,Reduced analyzing moderator,Beauty,WH-BLR,1101,58,11965.02,2025-04-15 02:18:58,2025-04-17 06:00:00
SKU04235,Realigned eco-centric service-desk,Books,WH-BLR,1663,69,6717.4,2025-04-16 16:52:35,2025-04-17 06:00:00
SKU04236,Future-proofed tangible service-desk,Grocery,WH-CHE,52,95,5228.63,2025-04-01 13:26:03,2025-04-17 06:00:00
SKU04237,User-friendly multi-tasking analyzer,Beauty,WH-DEL,941,18,9709.72,2025-04-13 01:56:33,2025-04-17 06:00:00
SKU04238,Grass-roots motivating software,Sports,WH-DEL,571,17,9500.38,2025-04-04 18:57:47,2025-04-17 06:00:00
SKU04239,Secured bottom-line framework,Grocery,WH-CHE,1584,87,12388.23,2025-04-07 04:49:59,2025-04-17 06:00:00
SKU04240,Progressive optimal pricing structure,Home & Kitchen,WH-MUM,1919,66,4178.92,2025-04-15 17:51:17,2025-04-17 06:00:00
SKU04241,Progressive eco-centric flexibility,Books,WH-DEL,876,46,6119.91,2025-04-08 12:19:50,2025-04-17 06:00:00
SKU04242,Phased content-based infrastructure,Toys,WH-HYD,1504,24,11797.96,2025-04-03 21:37:50,2025-04-17 06:00:00
SKU04243,Versatile coherent policy,Clothing,WH-MUM,1077,72,6136.41,2025-04-11 16:37:39,2025-04-17 06:00:00
SKU04244,Universal transitional hub,Books,WH-HYD,912,46,4472.92,2025-04-15 06:36:18,2025-04-17 06:00:00
SKU04245,Profound multi-tasking access,Toys,WH-BLR,1060,57,6600.41,2025-04-04 01:03:59,2025-04-17 06:00:00
SKU04246,Extended systematic moderator,Grocery,WH-MUM,1416,92,13444.88,2025-04-16 09:20:14,2025-04-17 06:00:00
SKU04247,Organized optimal interface,Clothing,WH-CHE,1698,23,9626.79,2025-04-08 17:02:35,2025-04-17 06:00:00
SKU04248,Optimized background encryption,Toys,WH-BLR,1750,25,7457.84,2025-04-06 04:26:39,2025-04-17 06:00:00
SKU04249,Virtual cohesive solution,Beauty,WH-BLR,1571,53,4195.42,2025-04-11 15:15:42,2025-04-17 06:00:00
SKU04250,Reduced asymmetric Graphical User Interface,Grocery,WH-HYD,61,86,9569.77,2025-04-02 11:33:05,2025-04-17 06:00:00
SKU04251,Enhanced heuristic solution,Grocery,WH-DEL,1314,49,13406.88,2025-04-16 07:31:59,2025-04-17 06:00:00
SKU04252,Phased explicit capacity,Beauty,WH-DEL,431,12,5093.99,2025-04-02 17:29:53,2025-04-17 06:00:00
SKU04253,Pre-emptive uniform secured line,Grocery,WH-BLR,1589,23,2977.8,2025-04-04 16:10:09,2025-04-17 06:00:00
SKU04254,Public-key methodical knowledge user,Grocery,WH-CHE,719,32,2622.72,2025-04-03 15:10:21,2025-04-17 06:00:00
SKU04255,Profit-focused high-level alliance,Home & Kitchen,WH-BLR,1135,58,8641.76,2025-04-11 20:51:40,2025-04-17 06:00:00
SKU04256,Integrated intermediate middleware,Home & Kitchen,WH-BLR,751,53,3912.08,2025-04-16 16:10:05,2025-04-17 06:00:00
SKU04257,Assimilated content-based focus group,Home & Kitchen,WH-DEL,1716,73,4931.41,2025-04-12 09:17:51,2025-04-17 06:00:00
SKU04258,Multi-tiered upward-trending synergy,Sports,WH-HYD,,51,9538.08,2025-04-04 18:53:02,2025-04-17 06:00:00
SKU04259,Virtual static encoding,Toys,WH-BLR,318,37,4655.11,2025-04-11 15:01:01,2025-04-17 06:00:00
SKU04260,Extended scalable challenge,Sports,WH-MUM,1524,29,2359.09,2025-04-01 13:47:21,2025-04-17 06:00:00
SKU04261,Upgradable homogeneous knowledge user,Home & Kitchen,WH-DEL,563,10,1951.4,2025-04-11 03:43:44,2025-04-17 06:00:00
SKU04262,Stand-alone 4thgeneration monitoring,Sports,WH-DEL,831,68,13572.51,2025-04-04 22:19:56,2025-04-17 06:00:00
SKU04263,Robust heuristic hardware,Toys,WH-DEL,1462,97,5139.81,2025-04-03 14:14:48,2025-04-17 06:00:00
SKU04264,Exclusive analyzing encryption,Sports,WH-DEL,858,89,7727.54,2025-04-10 23:32:23,2025-04-17 06:00:00
SKU04265,Programmable static knowledge user,Grocery,WH-MUM,899,57,14261.42,2025-04-01 19:32:38,2025-04-17 06:00:00
SKU04266,Operative foreground moratorium,Electronics,WH-DEL,329,83,8624.99,2025-04-09 07:30:14,2025-04-17 06:00:00
SKU04267,Stand-alone holistic focus group,Toys,WH-MUM,1274,32,10824.05,2025-04-02 10:29:30,2025-04-17 06:00:00
SKU04268,Persevering mission-critical challenge,Beauty,WH-BLR,865,15,11000.41,2025-04-10 15:14:47,2025-04-17 06:00:00
SKU04269,Synergized mission-critical knowledge user,Toys,WH-BLR,232,79,13660.49,2025-04-13 14:49:36,2025-04-17 06:00:00
SKU04270,Reduced bifurcated intranet,Sports,WH-MUM,719,37,4124.33,2025-04-10 15:13:21,2025-04-17 06:00:00
SKU04271,Decentralized clear-thinking middleware,Sports,WH-DEL,541,23,8726.59,2025-04-01 15:52:33,2025-04-17 06:00:00
SKU04272,Optimized system-worthy application,Electronics,WH-MUM,1387,14,11931.69,2025-04-14 01:16:23,2025-04-17 06:00:00
SKU04273,Synergistic content-based superstructure,Toys,WH-DEL,1529,48,7400.54,2025-04-02 10:03:53,2025-04-17 06:00:00
SKU04274,Cloned grid-enabled challenge,Toys,WH-MUM,1936,22,2199.55,2025-04-09 19:12:59,2025-04-17 06:00:00
SKU04275,Open-source motivating superstructure,Clothing,WH-HYD,1700,50,10463.07,2025-04-04 00:35:23,2025-04-17 06:00:00
SKU04276,Multi-lateral disintermediate forecast,Toys,WH-MUM,1623,83,7118.01,2025-04-10 21:31:41,2025-04-17 06:00:00
SKU04277,Seamless mission-critical concept,Electronics,WH-BLR,881,39,5092.99,2025-04-02 22:57:42,2025-04-17 06:00:00
SKU04278,Synchronized full-range toolset,Sports,WH-BLR,433,32,10197.23,2025-04-05 08:33:48,2025-04-17 06:00:00
SKU04279,Integrated 3rdgeneration frame,Electronics,WH-BLR,95,37,7454.18,2025-04-02 21:49:42,2025-04-17 06:00:00
SKU04280,Total empowering pricing structure,Electronics,WH-MUM,936,31,13979.97,2025-04-04 11:32:27,2025-04-17 06:00:00
SKU04281,Realigned multi-tasking extranet,Grocery,WH-CHE,1907,52,3844.28,2025-04-13 07:09:06,2025-04-17 06:00:00
SKU04282,Customer-focused asynchronous knowledgebase,Books,WH-BLR,996,31,11021.39,2025-04-14 03:00:07,2025-04-17 06:00:00
SKU04283,Advanced grid-enabled standardization,Toys,WH-HYD,995,98,543.03,2025-04-16 13:29:42,2025-04-17 06:00:00
SKU04284,Switchable actuating website,Grocery,WH-HYD,1085,37,10031.81,2025-04-13 04:49:19,2025-04-17 06:00:00
SKU04285,Optimized fault-tolerant encoding,Electronics,WH-MUM,130,14,1815.36,2025-04-16 20:21:02,2025-04-17 06:00:00
SKU04286,Self-enabling 5thgeneration attitude,Beauty,WH-CHE,1913,29,2623.26,2025-04-06 01:05:51,2025-04-17 06:00:00
SKU04287,Proactive global contingency,Books,WH-MUM,1976,28,5493.44,2025-04-06 02:33:06,2025-04-17 06:00:00
SKU04288,Organic incremental data-warehouse,Grocery,WH-BLR,90,46,7432.26,2025-04-13 17:24:53,2025-04-17 06:00:00
SKU04289,Universal local standardization,Electronics,WH-MUM,495,43,5993.12,2025-04-07 18:19:46,2025-04-17 06:00:00
SKU04290,Reverse-engineered encompassing knowledge user,Toys,WH-DEL,839,45,8255.88,2025-04-03 15:52:21,2025-04-17 06:00:00
SKU04291,Persevering non-volatile Graphic Interface,Home & Kitchen,WH-BLR,,51,6300.91,2025-04-16 07:35:05,2025-04-17 06:00:00
SKU04292,Persevering asynchronous neural-net,Sports,WH-MUM,1199,35,1990.46,2025-04-16 23:42:50,2025-04-17 06:00:00
SKU04293,Enterprise-wide dynamic complexity,Grocery,WH-BLR,247,95,882.59,2025-04-10 05:52:34,2025-04-17 06:00:00
SKU04294,Integrated bifurcated instruction set,Clothing,WH-DEL,1254,49,11131.89,2025-04-12 11:52:51,2025-04-17 06:00:00
SKU04295,Automated systematic access,Toys,WH-CHE,304,64,1139.26,2025-04-16 17:46:24,2025-04-17 06:00:00
SKU04296,Pre-emptive mobile secured line,Beauty,WH-CHE,169,15,3989.89,2025-04-07 10:28:50,2025-04-17 06:00:00
SKU04297,Fundamental dynamic data-warehouse,Books,WH-DEL,1775,31,7364.76,2025-04-15 23:58:44,2025-04-17 06:00:00
SKU04298,Versatile system-worthy intranet,Toys,WH-DEL,1799,52,6903.11,2025-04-01 06:10:51,2025-04-17 06:00:00
SKU04299,Function-based multimedia hierarchy,Books,WH-MUM,1594,40,4854.73,2025-04-11 22:47:12,2025-04-17 06:00:00
SKU04300,Universal mission-critical alliance,Home & Kitchen,WH-HYD,561,95,14706.41,2025-04-07 12:25:31,2025-04-17 06:00:00
SKU04301,Organized attitude-oriented Internet solution,Beauty,WH-HYD,1655,11,14733.32,2025-04-08 03:19:45,2025-04-17 06:00:00
SKU04302,Fully-configurable discrete service-desk,Beauty,WH-CHE,174,85,13091.25,2025-04-01 18:16:30,2025-04-17 06:00:00
SKU04303,Cross-group context-sensitive budgetary management,Toys,WH-MUM,804,32,4837.38,2025-04-05 12:25:54,2025-04-17 06:00:00
SKU04304,Operative bi-directional open architecture,Toys,WH-DEL,145,19,7304.02,2025-04-12 22:15:09,2025-04-17 06:00:00
SKU04305,Profit-focused well-modulated policy,Beauty,WH-CHE,711,31,1755.1,2025-04-12 00:32:07,2025-04-17 06:00:00
SKU04306,Triple-buffered high-level functionalities,Home & Kitchen,WH-DEL,1191,61,11957.91,2025-04-15 11:41:34,2025-04-17 06:00:00
SKU04307,Integrated holistic concept,Sports,WH-MUM,1562,26,14164.79,2025-04-15 17:33:39,2025-04-17 06:00:00
SKU04308,Exclusive intermediate monitoring,Home & Kitchen,WH-CHE,505,42,13864.59,2025-04-02 17:10:45,2025-04-17 06:00:00
SKU04309,Right-sized interactive contingency,Grocery,WH-HYD,1763,59,4988.72,2025-04-03 02:28:14,2025-04-17 06:00:00
SKU04310,Self-enabling logistical matrices,Grocery,WH-HYD,1391,30,6107.96,2025-04-04 21:08:06,2025-04-17 06:00:00
SKU04311,Configurable systemic concept,Sports,WH-BLR,1902,76,12949.31,2025-04-13 15:11:27,2025-04-17 06:00:00
SKU04312,Synergized 24/7 groupware,Books,WH-HYD,28,84,6568.16,2025-04-14 14:00:20,2025-04-17 06:00:00
SKU04313,Diverse mission-critical architecture,Books,WH-BLR,1357,16,3561.75,2025-04-13 11:17:46,2025-04-17 06:00:00
SKU04314,Stand-alone attitude-oriented framework,Books,WH-MUM,1643,70,11009.53,2025-04-13 09:49:17,2025-04-17 06:00:00
SKU04315,Compatible secondary adapter,Books,WH-DEL,1301,55,5915.86,2025-04-16 09:38:01,2025-04-17 06:00:00
SKU04316,Centralized needs-based forecast,Home & Kitchen,WH-CHE,849,61,12785.9,2025-04-10 06:50:51,2025-04-17 06:00:00
SKU04317,Innovative user-facing adapter,Electronics,WH-HYD,45,85,8154.31,2025-04-09 23:05:10,2025-04-17 06:00:00
SKU04318,Grass-roots object-oriented adapter,Toys,WH-DEL,104,16,5071.73,2025-04-05 12:35:42,2025-04-17 06:00:00
SKU04319,Networked 3rdgeneration pricing structure,Home & Kitchen,WH-DEL,746,88,7293.84,2025-04-05 21:30:23,2025-04-17 06:00:00
SKU04320,Devolved asymmetric benchmark,Toys,WH-BLR,32,70,9902.25,2025-04-01 03:20:10,2025-04-17 06:00:00
SKU04321,Up-sized user-facing contingency,Home & Kitchen,WH-MUM,480,67,8426.7,2025-04-03 02:40:43,2025-04-17 06:00:00
SKU04322,Up-sized uniform hierarchy,Sports,WH-MUM,228,70,2173.09,2025-04-08 00:10:14,2025-04-17 06:00:00
SKU04323,Fully-configurable next generation task-force,Grocery,WH-CHE,1021,39,12369.07,2025-04-15 01:09:58,2025-04-17 06:00:00
SKU04324,Public-key upward-trending strategy,Home & Kitchen,WH-HYD,,100,9481.35,2025-04-13 05:11:43,2025-04-17 06:00:00
SKU04325,Focused intermediate application,Sports,WH-BLR,671,30,13116.82,2025-04-13 02:32:26,2025-04-17 06:00:00
SKU04326,Adaptive multimedia info-mediaries,Toys,WH-CHE,257,41,11134.33,2025-04-06 23:37:27,2025-04-17 06:00:00
SKU04327,Robust cohesive workforce,Toys,WH-CHE,1786,37,10977.89,2025-04-04 10:19:07,2025-04-17 06:00:00
SKU04328,Ameliorated tangible approach,Sports,WH-MUM,965,75,495.2,2025-04-03 01:47:28,2025-04-17 06:00:00
SKU04329,Horizontal interactive adapter,Beauty,WH-HYD,214,19,9195.19,2025-04-13 03:57:31,2025-04-17 06:00:00
SKU04330,User-centric interactive pricing structure,Electronics,WH-DEL,1036,86,8863.39,2025-04-13 23:13:44,2025-04-17 06:00:00
SKU04331,Advanced neutral benchmark,Electronics,WH-MUM,1279,39,3978.46,2025-04-10 13:32:34,2025-04-17 06:00:00
SKU04332,Re-engineered didactic challenge,Home & Kitchen,WH-BLR,550,52,6591.99,2025-04-04 01:59:48,2025-04-17 06:00:00
SKU04333,Networked discrete algorithm,Home & Kitchen,WH-BLR,1233,27,7284.36,2025-04-10 11:01:17,2025-04-17 06:00:00
SKU04334,User-friendly intermediate parallelism,Grocery,WH-HYD,274,32,3526.91,2025-04-05 11:59:06,2025-04-17 06:00:00
SKU04335,Re-contextualized tertiary data-warehouse,Home & Kitchen,WH-BLR,645,40,1573.53,2025-04-04 13:03:16,2025-04-17 06:00:00
SKU04336,Switchable methodical architecture,Beauty,WH-HYD,197,89,800.26,2025-04-15 00:58:57,2025-04-17 06:00:00
SKU04337,Multi-lateral full-range project,Books,WH-CHE,380,66,11670.87,2025-04-07 03:44:02,2025-04-17 06:00:00
SKU04338,Multi-lateral neutral Graphical User Interface,Beauty,WH-HYD,1443,53,1494.21,2025-04-02 15:54:07,2025-04-17 06:00:00
SKU04339,Streamlined motivating moderator,Toys,WH-MUM,817,47,113.01,2025-04-15 09:22:57,2025-04-17 06:00:00
SKU04340,Compatible discrete functionalities,Beauty,WH-MUM,460,84,13187.25,2025-04-11 07:42:56,2025-04-17 06:00:00
SKU04341,Team-oriented intangible alliance,Toys,WH-BLR,9,69,12209.53,2025-04-08 20:34:23,2025-04-17 06:00:00
SKU04342,De-engineered 4thgeneration functionalities,Home & Kitchen,WH-HYD,831,49,9639.05,2025-04-12 14:58:51,2025-04-17 06:00:00
SKU04343,Advanced systematic product,Clothing,WH-CHE,191,20,14643.7,2025-04-06 03:36:48,2025-04-17 06:00:00
SKU04344,Re-contextualized demand-driven software,Home & Kitchen,WH-MUM,928,34,9892.41,2025-04-14 22:00:03,2025-04-17 06:00:00
SKU04345,Automated secondary synergy,Clothing,WH-CHE,178,43,8765.12,2025-04-10 16:47:33,2025-04-17 06:00:00
SKU04346,Progressive attitude-oriented access,Beauty,WH-DEL,1762,62,13900.07,2025-04-06 06:35:36,2025-04-17 06:00:00
SKU04347,Expanded didactic solution,Toys,WH-CHE,1360,53,8725.46,2025-04-02 12:54:16,2025-04-17 06:00:00
SKU04348,Multi-channeled incremental data-warehouse,Toys,WH-HYD,1510,93,6898.99,2025-04-09 18:06:12,2025-04-17 06:00:00
SKU04349,Persistent web-enabled migration,Beauty,WH-CHE,1923,19,9319.78,2025-04-15 11:44:45,2025-04-17 06:00:00
SKU04350,Realigned analyzing project,Toys,WH-CHE,844,66,14972.91,2025-04-10 20:29:47,2025-04-17 06:00:00
SKU04351,Fundamental methodical policy,Electronics,WH-MUM,282,58,11122.57,2025-04-07 16:02:49,2025-04-17 06:00:00
SKU04352,Streamlined motivating circuit,Sports,WH-BLR,1174,97,8602.91,2025-04-03 12:39:59,2025-04-17 06:00:00
SKU04353,Configurable scalable capacity,Sports,WH-DEL,1365,44,3555.72,2025-04-05 18:49:13,2025-04-17 06:00:00
SKU04354,Implemented client-server policy,Sports,WH-CHE,607,23,14608.84,2025-04-11 03:33:20,2025-04-17 06:00:00
SKU04355,Devolved uniform ability,Home & Kitchen,WH-HYD,245,69,6475.89,2025-04-12 09:25:51,2025-04-17 06:00:00
SKU04356,Innovative hybrid functionalities,Sports,WH-MUM,559,33,10637.63,2025-04-04 12:32:30,2025-04-17 06:00:00
SKU04357,Expanded multimedia secured line,Clothing,WH-BLR,,26,12874.8,2025-04-16 16:09:08,2025-04-17 06:00:00
SKU04358,Programmable fresh-thinking strategy,Clothing,WH-CHE,1626,71,12160.75,2025-04-05 15:43:51,2025-04-17 06:00:00
SKU04359,Mandatory global time-frame,Clothing,WH-CHE,1789,13,10038.89,2025-04-06 15:29:04,2025-04-17 06:00:00
SKU04360,Customizable mobile utilization,Sports,WH-HYD,212,51,6684.17,2025-04-03 10:47:58,2025-04-17 06:00:00
SKU04361,Fully-configurable even-keeled moratorium,Electronics,WH-BLR,1210,79,9941.45,2025-04-06 17:43:08,2025-04-17 06:00:00
SKU04362,Enterprise-wide 24/7 structure,Beauty,WH-MUM,1506,40,270.39,2025-04-05 02:02:13,2025-04-17 06:00:00
SKU04363,Self-enabling systematic leverage,Grocery,WH-BLR,611,36,1561.77,2025-04-08 19:56:34,2025-04-17 06:00:00
SKU04364,Enhanced multimedia collaboration,Clothing,WH-HYD,650,35,14480.75,2025-04-08 03:42:30,2025-04-17 06:00:00
SKU04365,Advanced human-resource product,Books,WH-DEL,900,87,1028.3,2025-04-16 08:37:28,2025-04-17 06:00:00
SKU04366,Streamlined cohesive task-force,Clothing,WH-MUM,779,35,13412.68,2025-04-09 10:51:45,2025-04-17 06:00:00
SKU04367,Quality-focused didactic leverage,Sports,WH-BLR,174,43,6721.28,2025-04-06 03:01:10,2025-04-17 06:00:00
SKU04368,Secured local task-force,Books,WH-CHE,1297,31,14054.96,2025-04-08 20:32:16,2025-04-17 06:00:00
SKU04369,Synergistic contextually-based hierarchy,Sports,WH-HYD,1640,79,1660.9,2025-04-14 20:53:24,2025-04-17 06:00:00
SKU04370,Multi-layered coherent artificial intelligence,Home & Kitchen,WH-DEL,301,60,10355.6,2025-04-14 02:13:31,2025-04-17 06:00:00
SKU04371,Customizable dedicated project,Home & Kitchen,WH-CHE,1320,42,8565.7,2025-04-09 06:38:31,2025-04-17 06:00:00
SKU04372,Switchable value-added info-mediaries,Electronics,WH-BLR,1049,54,2647.18,2025-04-12 04:28:16,2025-04-17 06:00:00
SKU04373,Face-to-face cohesive analyzer,Clothing,WH-CHE,855,97,10130.51,2025-04-03 10:14:31,2025-04-17 06:00:00
SKU04374,Enterprise-wide grid-enabled hub,Clothing,WH-BLR,360,47,6436.94,2025-04-15 11:43:56,2025-04-17 06:00:00
SKU04375,Optimized 3rdgeneration conglomeration,Books,WH-BLR,619,41,1646.34,2025-04-11 03:38:11,2025-04-17 06:00:00
SKU04376,Phased mobile hardware,Beauty,WH-CHE,444,65,1542.21,2025-04-03 16:38:59,2025-04-17 06:00:00
SKU04377,Inverse intermediate neural-net,Books,WH-BLR,1417,59,6243.4,2025-04-02 23:36:50,2025-04-17 06:00:00
SKU04378,Ergonomic high-level infrastructure,Toys,WH-DEL,1691,50,1551.98,2025-04-07 14:51:43,2025-04-17 06:00:00
SKU04379,Triple-buffered analyzing approach,Books,WH-DEL,1396,71,3436.43,2025-04-06 18:01:09,2025-04-17 06:00:00
SKU04380,Automated needs-based open system,Toys,WH-HYD,260,99,7070.82,2025-04-07 07:15:49,2025-04-17 06:00:00
SKU04381,Centralized fault-tolerant projection,Grocery,WH-BLR,1240,40,110.71,2025-04-02 21:29:56,2025-04-17 06:00:00
SKU04382,Streamlined neutral neural-net,Home & Kitchen,WH-CHE,1616,86,1664.86,2025-04-08 08:15:50,2025-04-17 06:00:00
SKU04383,Versatile transitional Local Area Network,Electronics,WH-CHE,794,67,9962.53,2025-04-04 09:48:16,2025-04-17 06:00:00
SKU04384,Intuitive next generation architecture,Toys,WH-DEL,288,44,6722.25,2025-04-03 03:53:19,2025-04-17 06:00:00
SKU04385,Organic hybrid info-mediaries,Toys,WH-DEL,400,88,2587.06,2025-04-03 13:34:58,2025-04-17 06:00:00
SKU04386,Total human-resource pricing structure,Toys,WH-HYD,1130,50,13338.59,2025-04-14 13:10:29,2025-04-17 06:00:00
SKU04387,Inverse mobile migration,Toys,WH-BLR,1006,11,10369.22,2025-04-03 20:10:10,2025-04-17 06:00:00
SKU04388,Right-sized optimizing frame,Home & Kitchen,WH-MUM,705,25,9590.9,2025-04-11 23:55:17,2025-04-17 06:00:00
SKU04389,Upgradable upward-trending emulation,Beauty,WH-BLR,2,60,4926.75,2025-04-03 11:53:21,2025-04-17 06:00:00
SKU04390,Integrated systemic circuit,Toys,WH-MUM,,79,1727.31,2025-04-07 14:21:57,2025-04-17 06:00:00
SKU04391,Assimilated holistic customer loyalty,Electronics,WH-HYD,1787,26,3439.08,2025-04-10 04:34:18,2025-04-17 06:00:00
SKU04392,Visionary fault-tolerant migration,Grocery,WH-HYD,707,63,5077.68,2025-04-15 07:05:30,2025-04-17 06:00:00
SKU04393,Monitored secondary synergy,Electronics,WH-BLR,182,26,8748.98,2025-04-09 15:15:33,2025-04-17 06:00:00
SKU04394,Exclusive methodical customer loyalty,Electronics,WH-MUM,803,62,9266.86,2025-04-02 08:45:08,2025-04-17 06:00:00
SKU04395,Ergonomic systematic website,Books,WH-BLR,1323,30,7666.32,2025-04-13 07:24:07,2025-04-17 06:00:00
SKU04396,Public-key multimedia emulation,Home & Kitchen,WH-MUM,1926,29,2887.95,2025-04-15 23:51:39,2025-04-17 06:00:00
SKU04397,Optimized client-driven structure,Toys,WH-BLR,442,35,7318.57,2025-04-09 17:05:36,2025-04-17 06:00:00
SKU04398,Intuitive intangible application,Beauty,WH-CHE,221,69,9283.01,2025-04-12 07:32:40,2025-04-17 06:00:00
SKU04399,Assimilated user-facing framework,Toys,WH-CHE,741,60,3746.15,2025-04-16 23:02:00,2025-04-17 06:00:00
SKU04400,Enterprise-wide impactful ability,Home & Kitchen,WH-BLR,1459,39,2169.3,2025-04-12 20:07:41,2025-04-17 06:00:00
SKU04401,Fully-configurable user-facing middleware,Toys,WH-MUM,829,74,2982.41,2025-04-13 01:42:44,2025-04-17 06:00:00
SKU04402,Robust 24/7 ability,Clothing,WH-DEL,1663,65,1198.56,2025-04-10 00:04:23,2025-04-17 06:00:00
SKU04403,Configurable leadingedge process improvement,Books,WH-CHE,701,52,14479.79,2025-04-09 10:11:54,2025-04-17 06:00:00
SKU04404,Cross-group leadingedge policy,Books,WH-BLR,1894,16,9102.15,2025-04-11 07:34:31,2025-04-17 06:00:00
SKU04405,Open-source empowering neural-net,Beauty,WH-MUM,1346,87,7563.16,2025-04-07 09:35:54,2025-04-17 06:00:00
SKU04406,Front-line actuating encryption,Toys,WH-DEL,1642,87,3570.3,2025-04-14 22:13:31,2025-04-17 06:00:00
SKU04407,Cross-group optimizing hierarchy,Grocery,WH-BLR,1066,51,10572.97,2025-04-16 05:45:43,2025-04-17 06:00:00
SKU04408,Compatible dynamic neural-net,Sports,WH-MUM,1188,99,1864.94,2025-04-15 22:59:20,2025-04-17 06:00:00
SKU04409,Switchable bandwidth-monitored standardization,Sports,WH-BLR,174,82,13689.97,2025-04-03 21:09:19,2025-04-17 06:00:00
SKU04410,Compatible high-level protocol,Sports,WH-BLR,145,42,2425.38,2025-04-08 12:36:02,2025-04-17 06:00:00
SKU04411,Sharable tertiary help-desk,Electronics,WH-HYD,947,28,8717.92,2025-04-08 13:20:05,2025-04-17 06:00:00
SKU04412,Down-sized human-resource website,Home & Kitchen,WH-BLR,1949,73,8276.18,2025-04-07 08:27:07,2025-04-17 06:00:00
SKU04413,Enterprise-wide leadingedge middleware,Electronics,WH-BLR,1942,30,4673.1,2025-04-12 18:27:59,2025-04-17 06:00:00
SKU04414,Upgradable human-resource secured line,Grocery,WH-DEL,1618,35,14877.64,2025-04-09 22:28:50,2025-04-17 06:00:00
SKU04415,Managed context-sensitive matrix,Sports,WH-HYD,882,39,13817.51,2025-04-02 05:07:21,2025-04-17 06:00:00
SKU04416,Cross-platform local focus group,Grocery,WH-HYD,1349,83,11850.84,2025-04-15 17:59:15,2025-04-17 06:00:00
SKU04417,Reactive multi-state intranet,Grocery,WH-DEL,1366,84,4841.05,2025-04-01 16:24:13,2025-04-17 06:00:00
SKU04418,Quality-focused upward-trending strategy,Toys,WH-DEL,724,89,10574.7,2025-04-07 20:49:39,2025-04-17 06:00:00
SKU04419,Multi-lateral zero-defect projection,Electronics,WH-MUM,1692,45,7340.6,2025-04-10 21:45:29,2025-04-17 06:00:00
SKU04420,Visionary optimizing customer loyalty,Clothing,WH-BLR,85,25,5470.15,2025-04-02 12:26:05,2025-04-17 06:00:00
SKU04421,Cross-platform fault-tolerant monitoring,Grocery,WH-CHE,313,29,795.58,2025-04-04 09:03:56,2025-04-17 06:00:00
SKU04422,Mandatory homogeneous artificial intelligence,Electronics,WH-BLR,1685,21,8833.66,2025-04-06 02:41:17,2025-04-17 06:00:00
SKU04423,Front-line local structure,Electronics,WH-BLR,,15,115.37,2025-04-02 13:17:50,2025-04-17 06:00:00
SKU04424,Ergonomic eco-centric approach,Clothing,WH-HYD,525,32,4592.56,2025-04-15 23:22:14,2025-04-17 06:00:00
SKU04425,Synergistic optimal groupware,Electronics,WH-BLR,758,26,10638.99,2025-04-06 20:10:54,2025-04-17 06:00:00
SKU04426,Synergized bifurcated help-desk,Grocery,WH-CHE,1421,13,7585.07,2025-04-07 03:03:55,2025-04-17 06:00:00
SKU04427,Future-proofed intangible monitoring,Grocery,WH-BLR,1438,50,5206.73,2025-04-10 03:28:08,2025-04-17 06:00:00
SKU04428,Reverse-engineered transitional artificial intelli,Sports,WH-HYD,1688,39,4289.12,2025-04-05 17:56:01,2025-04-17 06:00:00
SKU04429,Optional fault-tolerant access,Books,WH-CHE,503,79,12358.98,2025-04-08 11:09:15,2025-04-17 06:00:00
SKU04430,Implemented impactful time-frame,Toys,WH-DEL,1168,36,5172.61,2025-04-08 01:29:39,2025-04-17 06:00:00
SKU04431,Future-proofed interactive structure,Books,WH-MUM,1145,47,11890.15,2025-04-03 03:57:36,2025-04-17 06:00:00
SKU04432,Triple-buffered static interface,Books,WH-DEL,864,61,665.08,2025-04-07 04:21:38,2025-04-17 06:00:00
SKU04433,Synergistic full-range capability,Sports,WH-MUM,84,56,12077.93,2025-04-16 12:08:29,2025-04-17 06:00:00
SKU04434,Optimized real-time flexibility,Books,WH-DEL,595,72,13122.66,2025-04-12 17:58:06,2025-04-17 06:00:00
SKU04435,Visionary needs-based conglomeration,Books,WH-MUM,1471,100,3098.16,2025-04-16 07:16:56,2025-04-17 06:00:00
SKU04436,Intuitive asynchronous algorithm,Electronics,WH-HYD,1440,24,14358.9,2025-04-14 06:40:43,2025-04-17 06:00:00
SKU04437,Vision-oriented asymmetric process improvement,Home & Kitchen,WH-CHE,204,30,12487.91,2025-04-03 05:36:24,2025-04-17 06:00:00
SKU04438,Vision-oriented global open architecture,Toys,WH-HYD,1811,95,10074.55,2025-04-05 13:43:18,2025-04-17 06:00:00
SKU04439,Synergized bandwidth-monitored attitude,Home & Kitchen,WH-CHE,137,58,14425.66,2025-04-12 04:43:48,2025-04-17 06:00:00
SKU04440,Diverse reciprocal hardware,Clothing,WH-DEL,1354,79,10143.66,2025-04-02 11:23:13,2025-04-17 06:00:00
SKU04441,Profound 5thgeneration intranet,Home & Kitchen,WH-CHE,482,81,13885.35,2025-04-06 20:23:24,2025-04-17 06:00:00
SKU04442,Stand-alone methodical implementation,Toys,WH-HYD,1392,10,14958.52,2025-04-04 09:48:32,2025-04-17 06:00:00
SKU04443,Reverse-engineered contextually-based matrix,Beauty,WH-BLR,1807,40,6773.48,2025-04-09 16:22:47,2025-04-17 06:00:00
SKU04444,Horizontal 24hour support,Toys,WH-DEL,1350,18,4678.65,2025-04-15 16:51:35,2025-04-17 06:00:00
SKU04445,Proactive explicit monitoring,Books,WH-HYD,1863,98,5262.76,2025-04-05 11:39:48,2025-04-17 06:00:00
SKU04446,Diverse disintermediate moratorium,Toys,WH-HYD,1158,30,3772.75,2025-04-08 10:21:14,2025-04-17 06:00:00
SKU04447,Proactive even-keeled knowledge user,Electronics,WH-CHE,474,99,9970.25,2025-04-07 08:52:30,2025-04-17 06:00:00
SKU04448,Persistent methodical orchestration,Home & Kitchen,WH-HYD,144,91,910.83,2025-04-09 08:58:45,2025-04-17 06:00:00
SKU04449,Quality-focused client-driven monitoring,Clothing,WH-CHE,20,15,3957.13,2025-04-15 14:24:10,2025-04-17 06:00:00
SKU04450,Operative reciprocal Internet solution,Electronics,WH-BLR,1274,71,9840.7,2025-04-04 08:38:49,2025-04-17 06:00:00
SKU04451,Managed demand-driven customer loyalty,Toys,WH-BLR,1259,40,9254.92,2025-04-14 23:43:45,2025-04-17 06:00:00
SKU04452,Diverse system-worthy Local Area Network,Clothing,WH-HYD,1741,38,417.15,2025-04-06 08:15:48,2025-04-17 06:00:00
SKU04453,Multi-tiered 6thgeneration solution,Books,WH-HYD,377,59,13799.18,2025-04-08 18:23:26,2025-04-17 06:00:00
SKU04454,Reverse-engineered solution-oriented pricing struc,Books,WH-CHE,605,95,14223.14,2025-04-02 06:33:51,2025-04-17 06:00:00
SKU04455,Multi-channeled analyzing moderator,Home & Kitchen,WH-HYD,1180,60,10399.18,2025-04-13 15:34:58,2025-04-17 06:00:00
SKU04456,User-centric actuating hardware,Home & Kitchen,WH-BLR,,80,3570.28,2025-04-09 09:01:45,2025-04-17 06:00:00
SKU04457,Open-source interactive capability,Beauty,WH-DEL,55,10,11099.23,2025-04-03 17:11:18,2025-04-17 06:00:00
SKU04458,Optimized optimal instruction set,Beauty,WH-BLR,620,80,10194.37,2025-04-08 12:36:47,2025-04-17 06:00:00
SKU04459,Pre-emptive stable installation,Grocery,WH-HYD,8,44,8939.77,2025-04-02 09:10:17,2025-04-17 06:00:00
SKU04460,Universal client-server website,Beauty,WH-CHE,1490,69,1617.48,2025-04-01 08:06:36,2025-04-17 06:00:00
SKU04461,Synchronized interactive superstructure,Books,WH-DEL,348,93,10193.91,2025-04-11 23:20:47,2025-04-17 06:00:00
SKU04462,Versatile neutral secured line,Grocery,WH-DEL,1253,27,4956.67,2025-04-09 08:37:30,2025-04-17 06:00:00
SKU04463,Enterprise-wide well-modulated Graphical User Inte,Sports,WH-CHE,1284,77,11235.79,2025-04-06 20:27:08,2025-04-17 06:00:00
SKU04464,Total composite orchestration,Clothing,WH-MUM,427,10,439.5,2025-04-07 15:47:41,2025-04-17 06:00:00
SKU04465,Enterprise-wide neutral methodology,Clothing,WH-HYD,470,26,10860.42,2025-04-13 08:02:51,2025-04-17 06:00:00
SKU04466,Cloned full-range emulation,Clothing,WH-CHE,307,68,869.11,2025-04-05 04:23:06,2025-04-17 06:00:00
SKU04467,User-centric web-enabled extranet,Beauty,WH-BLR,917,55,12272.33,2025-04-03 18:39:23,2025-04-17 06:00:00
SKU04468,Team-oriented systematic policy,Home & Kitchen,WH-DEL,948,92,6498.21,2025-04-02 08:29:34,2025-04-17 06:00:00
SKU04469,Integrated incremental middleware,Grocery,WH-MUM,873,36,11451.36,2025-04-01 13:27:15,2025-04-17 06:00:00
SKU04470,Phased upward-trending secured line,Home & Kitchen,WH-HYD,211,59,2417.49,2025-04-11 10:09:12,2025-04-17 06:00:00
SKU04471,Diverse local productivity,Toys,WH-CHE,1275,32,12543.49,2025-04-03 20:47:10,2025-04-17 06:00:00
SKU04472,Cross-platform web-enabled process improvement,Home & Kitchen,WH-MUM,855,22,7362.07,2025-04-06 01:06:44,2025-04-17 06:00:00
SKU04473,Visionary methodical algorithm,Books,WH-BLR,1181,81,4578.28,2025-04-05 07:09:31,2025-04-17 06:00:00
SKU04474,Organized actuating alliance,Beauty,WH-BLR,1918,60,14431.24,2025-04-04 20:59:05,2025-04-17 06:00:00
SKU04475,Adaptive didactic extranet,Clothing,WH-CHE,350,51,8721.8,2025-04-15 12:30:49,2025-04-17 06:00:00
SKU04476,Re-engineered zero tolerance website,Electronics,WH-CHE,1503,48,8772.8,2025-04-08 05:00:32,2025-04-17 06:00:00
SKU04477,De-engineered bi-directional methodology,Clothing,WH-BLR,1020,36,11273.05,2025-04-11 15:43:53,2025-04-17 06:00:00
SKU04478,Managed content-based encoding,Toys,WH-HYD,1546,81,12697.27,2025-04-05 06:09:46,2025-04-17 06:00:00
SKU04479,Total impactful artificial intelligence,Beauty,WH-BLR,1915,75,14421.72,2025-04-09 14:09:29,2025-04-17 06:00:00
SKU04480,Grass-roots needs-based help-desk,Toys,WH-HYD,1019,63,13650.71,2025-04-15 03:56:47,2025-04-17 06:00:00
SKU04481,Extended executive circuit,Beauty,WH-HYD,662,72,13484.87,2025-04-01 02:36:25,2025-04-17 06:00:00
SKU04482,Expanded systematic contingency,Beauty,WH-BLR,833,16,1808.29,2025-04-10 14:52:06,2025-04-17 06:00:00
SKU04483,Configurable incremental implementation,Grocery,WH-CHE,1585,62,9006.2,2025-04-07 19:08:28,2025-04-17 06:00:00
SKU04484,Programmable dynamic conglomeration,Beauty,WH-CHE,766,92,1045.98,2025-04-01 03:03:20,2025-04-17 06:00:00
SKU04485,Automated real-time access,Beauty,WH-BLR,1788,62,9262.86,2025-04-13 05:03:54,2025-04-17 06:00:00
SKU04486,Synchronized local paradigm,Grocery,WH-MUM,1787,64,91.53,2025-04-07 08:49:27,2025-04-17 06:00:00
SKU04487,Versatile homogeneous hierarchy,Toys,WH-CHE,1023,55,14363.54,2025-04-02 03:01:19,2025-04-17 06:00:00
SKU04488,Seamless regional database,Electronics,WH-HYD,613,62,11788.11,2025-04-01 03:55:09,2025-04-17 06:00:00
SKU04489,Persistent 24/7 interface,Toys,WH-MUM,,74,3344.56,2025-04-10 00:17:11,2025-04-17 06:00:00
SKU04490,Exclusive scalable task-force,Electronics,WH-HYD,209,28,10754.59,2025-04-12 06:41:57,2025-04-17 06:00:00
SKU04491,Exclusive 24hour throughput,Beauty,WH-MUM,1635,13,50.87,2025-04-16 12:28:35,2025-04-17 06:00:00
SKU04492,Organic stable projection,Home & Kitchen,WH-DEL,357,33,2748.7,2025-04-06 10:36:48,2025-04-17 06:00:00
SKU04493,Compatible neutral benchmark,Electronics,WH-BLR,1673,43,2659.65,2025-04-10 06:40:46,2025-04-17 06:00:00
SKU04494,Optimized dedicated leverage,Home & Kitchen,WH-MUM,774,51,13475.53,2025-04-03 07:52:47,2025-04-17 06:00:00
SKU04495,Future-proofed multi-tasking productivity,Sports,WH-CHE,539,70,7696.85,2025-04-16 07:01:40,2025-04-17 06:00:00
SKU04496,Enterprise-wide zero administration functionalitie,Clothing,WH-MUM,199,96,4760.97,2025-04-15 11:59:41,2025-04-17 06:00:00
SKU04497,Devolved mobile neural-net,Beauty,WH-CHE,1543,86,4173.19,2025-04-06 20:02:34,2025-04-17 06:00:00
SKU04498,Secured exuding archive,Beauty,WH-MUM,1294,52,3392.88,2025-04-13 03:24:03,2025-04-17 06:00:00
SKU04499,Universal multi-tasking complexity,Sports,WH-CHE,1284,97,8578.68,2025-04-15 21:45:29,2025-04-17 06:00:00
SKU04500,Digitized logistical moratorium,Clothing,WH-MUM,711,54,6527.19,2025-04-16 15:48:52,2025-04-17 06:00:00
SKU04501,Visionary coherent flexibility,Beauty,WH-HYD,1126,93,2190.13,2025-04-08 19:23:59,2025-04-17 06:00:00
SKU04502,Public-key optimal throughput,Clothing,WH-CHE,14,98,1989.76,2025-04-02 01:43:34,2025-04-17 06:00:00
SKU04503,Pre-emptive bi-directional encoding,Clothing,WH-BLR,1016,83,8245.7,2025-04-12 02:31:12,2025-04-17 06:00:00
SKU04504,Seamless secondary knowledge user,Books,WH-DEL,250,46,11503.89,2025-04-15 17:44:28,2025-04-17 06:00:00
SKU04505,Organized empowering policy,Toys,WH-DEL,867,82,3620.31,2025-04-14 04:11:41,2025-04-17 06:00:00
SKU04506,Balanced static open architecture,Clothing,WH-BLR,110,95,13943.32,2025-04-01 01:42:10,2025-04-17 06:00:00
SKU04507,Organic leadingedge firmware,Sports,WH-BLR,1538,87,10104.72,2025-04-10 10:54:18,2025-04-17 06:00:00
SKU04508,Cloned demand-driven core,Clothing,WH-BLR,926,17,9295.85,2025-04-01 16:18:37,2025-04-17 06:00:00
SKU04509,De-engineered methodical help-desk,Beauty,WH-CHE,751,36,9274.26,2025-04-07 08:27:57,2025-04-17 06:00:00
SKU04510,Diverse intermediate complexity,Sports,WH-BLR,1506,31,5396.29,2025-04-03 03:51:11,2025-04-17 06:00:00
SKU04511,Devolved dynamic concept,Electronics,WH-DEL,333,96,10755.48,2025-04-13 08:28:11,2025-04-17 06:00:00
SKU04512,Phased multi-tasking Graphical User Interface,Sports,WH-CHE,1794,33,12213.98,2025-04-14 05:41:07,2025-04-17 06:00:00
SKU04513,Function-based neutral model,Toys,WH-DEL,1167,69,4842.04,2025-04-14 06:45:40,2025-04-17 06:00:00
SKU04514,Streamlined optimal help-desk,Grocery,WH-DEL,673,100,2652.32,2025-04-10 01:26:33,2025-04-17 06:00:00
SKU04515,Right-sized discrete flexibility,Sports,WH-DEL,1816,87,1835.49,2025-04-02 04:03:11,2025-04-17 06:00:00
SKU04516,Inverse composite productivity,Books,WH-HYD,1709,69,6897.21,2025-04-01 01:17:50,2025-04-17 06:00:00
SKU04517,Business-focused modular software,Grocery,WH-HYD,1186,94,12434.57,2025-04-01 17:15:38,2025-04-17 06:00:00
SKU04518,Cloned even-keeled initiative,Toys,WH-HYD,1373,85,1435.51,2025-04-07 16:32:43,2025-04-17 06:00:00
SKU04519,Decentralized intermediate policy,Clothing,WH-DEL,747,31,3208.25,2025-04-14 03:43:24,2025-04-17 06:00:00
SKU04520,Customer-focused full-range function,Sports,WH-MUM,1139,58,11833.28,2025-04-15 14:04:36,2025-04-17 06:00:00
SKU04521,Open-architected non-volatile archive,Beauty,WH-BLR,1607,85,14675.07,2025-04-09 20:19:52,2025-04-17 06:00:00
SKU04522,Managed methodical service-desk,Home & Kitchen,WH-DEL,,98,7291.45,2025-04-10 22:23:32,2025-04-17 06:00:00
SKU04523,Multi-layered maximized focus group,Home & Kitchen,WH-CHE,851,94,13298.64,2025-04-03 16:19:25,2025-04-17 06:00:00
SKU04524,Digitized logistical conglomeration,Beauty,WH-BLR,1377,86,5860.52,2025-04-01 16:40:27,2025-04-17 06:00:00
SKU04525,Face-to-face asynchronous orchestration,Toys,WH-CHE,1742,92,13301.94,2025-04-05 07:45:03,2025-04-17 06:00:00
SKU04526,Operative next generation Graphical User Interface,Grocery,WH-DEL,39,31,6399.52,2025-04-06 11:15:21,2025-04-17 06:00:00
SKU04527,Focused content-based capacity,Beauty,WH-MUM,1347,13,12223.12,2025-04-16 03:27:14,2025-04-17 06:00:00
SKU04528,Synergized hybrid leverage,Sports,WH-HYD,1200,84,5513.32,2025-04-03 15:53:31,2025-04-17 06:00:00
SKU04529,User-friendly neutral throughput,Beauty,WH-MUM,961,100,14274.64,2025-04-07 07:59:51,2025-04-17 06:00:00
SKU04530,Visionary optimizing product,Sports,WH-BLR,1151,91,13218.12,2025-04-11 06:29:10,2025-04-17 06:00:00
SKU04531,Organized fresh-thinking methodology,Books,WH-CHE,734,75,3107.54,2025-04-07 12:27:15,2025-04-17 06:00:00
SKU04532,Right-sized secondary flexibility,Clothing,WH-HYD,1107,100,3679.0,2025-04-13 20:00:56,2025-04-17 06:00:00
SKU04533,Cross-platform bandwidth-monitored extranet,Grocery,WH-CHE,231,76,13067.07,2025-04-03 03:35:38,2025-04-17 06:00:00
SKU04534,Implemented reciprocal intranet,Clothing,WH-MUM,472,70,1843.79,2025-04-15 19:24:42,2025-04-17 06:00:00
SKU04535,Future-proofed non-volatile artificial intelligenc,Beauty,WH-MUM,1917,36,13167.32,2025-04-05 21:41:41,2025-04-17 06:00:00
SKU04536,Decentralized client-driven superstructure,Clothing,WH-BLR,340,20,4025.94,2025-04-16 06:42:34,2025-04-17 06:00:00
SKU04537,Grass-roots multi-tasking algorithm,Grocery,WH-DEL,952,28,236.16,2025-04-12 21:15:16,2025-04-17 06:00:00
SKU04538,Secured system-worthy hub,Grocery,WH-MUM,852,41,11589.61,2025-04-13 09:01:57,2025-04-17 06:00:00
SKU04539,Synchronized scalable project,Grocery,WH-DEL,1262,75,11403.97,2025-04-02 15:57:27,2025-04-17 06:00:00
SKU04540,Robust value-added synergy,Books,WH-MUM,352,16,10142.24,2025-04-13 07:38:04,2025-04-17 06:00:00
SKU04541,Triple-buffered non-volatile product,Home & Kitchen,WH-BLR,110,46,2756.69,2025-04-13 14:22:26,2025-04-17 06:00:00
SKU04542,Automated holistic adapter,Sports,WH-MUM,1466,50,9899.19,2025-04-03 17:22:12,2025-04-17 06:00:00
SKU04543,Re-contextualized high-level strategy,Grocery,WH-CHE,1795,22,7747.86,2025-04-11 01:58:43,2025-04-17 06:00:00
SKU04544,De-engineered even-keeled productivity,Sports,WH-DEL,974,14,8812.63,2025-04-08 01:28:04,2025-04-17 06:00:00
SKU04545,Customer-focused executive support,Home & Kitchen,WH-CHE,697,85,10045.81,2025-04-01 09:56:11,2025-04-17 06:00:00
SKU04546,Front-line responsive matrices,Electronics,WH-MUM,1772,75,10564.38,2025-04-08 03:38:58,2025-04-17 06:00:00
SKU04547,Right-sized homogeneous standardization,Home & Kitchen,WH-DEL,1566,73,2040.01,2025-04-02 01:27:51,2025-04-17 06:00:00
SKU04548,Multi-layered homogeneous middleware,Clothing,WH-MUM,1599,90,8110.67,2025-04-03 07:44:11,2025-04-17 06:00:00
SKU04549,Robust holistic architecture,Books,WH-BLR,1384,36,7441.64,2025-04-07 05:58:20,2025-04-17 06:00:00
SKU04550,Persevering reciprocal architecture,Electronics,WH-DEL,1822,53,3401.27,2025-04-12 11:32:18,2025-04-17 06:00:00
SKU04551,Organized human-resource circuit,Home & Kitchen,WH-DEL,1652,73,5014.8,2025-04-06 10:02:29,2025-04-17 06:00:00
SKU04552,Compatible human-resource data-warehouse,Books,WH-CHE,711,24,3726.64,2025-04-06 15:31:26,2025-04-17 06:00:00
SKU04553,Open-architected leadingedge support,Toys,WH-MUM,1556,16,7537.46,2025-04-02 23:35:32,2025-04-17 06:00:00
SKU04554,Up-sized high-level project,Beauty,WH-HYD,1255,88,12857.21,2025-04-11 03:46:05,2025-04-17 06:00:00
SKU04555,Team-oriented scalable initiative,Beauty,WH-MUM,,20,14989.37,2025-04-03 05:50:05,2025-04-17 06:00:00
SKU04556,Multi-layered systematic success,Toys,WH-DEL,17,63,14298.37,2025-04-04 23:36:42,2025-04-17 06:00:00
SKU04557,Cross-group 4thgeneration infrastructure,Electronics,WH-DEL,1935,26,7736.64,2025-04-07 12:01:16,2025-04-17 06:00:00
SKU04558,Expanded regional superstructure,Electronics,WH-HYD,1587,65,6883.07,2025-04-07 21:43:14,2025-04-17 06:00:00
SKU04559,Compatible homogeneous algorithm,Beauty,WH-HYD,436,29,10033.89,2025-04-14 22:59:05,2025-04-17 06:00:00
SKU04560,Future-proofed demand-driven matrices,Home & Kitchen,WH-MUM,1425,52,1788.26,2025-04-02 01:31:52,2025-04-17 06:00:00
SKU04561,Horizontal client-server approach,Clothing,WH-BLR,554,87,1617.85,2025-04-10 03:36:16,2025-04-17 06:00:00
SKU04562,Phased mission-critical complexity,Beauty,WH-CHE,271,20,454.52,2025-04-13 18:47:26,2025-04-17 06:00:00
SKU04563,Intuitive composite utilization,Sports,WH-CHE,1199,42,7655.58,2025-04-09 15:22:06,2025-04-17 06:00:00
SKU04564,Configurable national leverage,Sports,WH-CHE,1477,45,10045.59,2025-04-15 09:54:46,2025-04-17 06:00:00
SKU04565,Devolved directional knowledge user,Grocery,WH-HYD,603,28,2154.96,2025-04-16 23:43:41,2025-04-17 06:00:00
SKU04566,Stand-alone asynchronous open architecture,Electronics,WH-BLR,513,26,4368.22,2025-04-03 14:46:30,2025-04-17 06:00:00
SKU04567,Persistent system-worthy moderator,Grocery,WH-MUM,843,82,12557.67,2025-04-07 05:47:22,2025-04-17 06:00:00
SKU04568,User-centric client-server productivity,Electronics,WH-HYD,1665,51,14122.73,2025-04-03 10:46:24,2025-04-17 06:00:00
SKU04569,Reactive context-sensitive Internet solution,Sports,WH-HYD,624,98,4550.8,2025-04-09 19:31:25,2025-04-17 06:00:00
SKU04570,Visionary multimedia model,Grocery,WH-BLR,139,50,4676.47,2025-04-04 21:14:11,2025-04-17 06:00:00
SKU04571,Realigned national portal,Beauty,WH-CHE,1817,75,2062.73,2025-04-13 23:09:35,2025-04-17 06:00:00
SKU04572,Cross-platform static capacity,Toys,WH-DEL,651,81,4504.97,2025-04-15 19:34:12,2025-04-17 06:00:00
SKU04573,Persistent bandwidth-monitored adapter,Books,WH-MUM,512,20,13431.26,2025-04-12 13:05:29,2025-04-17 06:00:00
SKU04574,Automated attitude-oriented core,Sports,WH-CHE,486,22,2371.07,2025-04-06 10:22:43,2025-04-17 06:00:00
SKU04575,Upgradable empowering collaboration,Toys,WH-HYD,1264,53,10558.43,2025-04-07 07:49:46,2025-04-17 06:00:00
SKU04576,Switchable stable access,Books,WH-HYD,998,71,9247.94,2025-04-04 05:11:26,2025-04-17 06:00:00
SKU04577,User-friendly responsive Graphic Interface,Grocery,WH-BLR,741,29,11080.3,2025-04-04 23:05:16,2025-04-17 06:00:00
SKU04578,Adaptive 6thgeneration emulation,Sports,WH-DEL,649,36,1778.01,2025-04-13 19:01:55,2025-04-17 06:00:00
SKU04579,Integrated solution-oriented instruction set,Books,WH-MUM,200,46,4162.06,2025-04-12 12:35:41,2025-04-17 06:00:00
SKU04580,Profound executive projection,Home & Kitchen,WH-HYD,1996,28,2747.39,2025-04-02 01:22:46,2025-04-17 06:00:00
SKU04581,Monitored object-oriented standardization,Grocery,WH-CHE,140,71,4497.96,2025-04-09 09:17:24,2025-04-17 06:00:00
SKU04582,Advanced hybrid installation,Books,WH-DEL,100,64,12355.34,2025-04-06 17:36:04,2025-04-17 06:00:00
SKU04583,Triple-buffered tangible artificial intelligence,Home & Kitchen,WH-CHE,1878,81,3559.38,2025-04-16 05:15:43,2025-04-17 06:00:00
SKU04584,Mandatory national standardization,Grocery,WH-MUM,429,57,14073.18,2025-04-04 20:47:55,2025-04-17 06:00:00
SKU04585,Team-oriented composite implementation,Clothing,WH-BLR,1087,77,14883.88,2025-04-05 14:12:39,2025-04-17 06:00:00
SKU04586,Seamless web-enabled utilization,Grocery,WH-CHE,1397,32,5517.31,2025-04-11 01:47:19,2025-04-17 06:00:00
SKU04587,Networked dynamic focus group,Books,WH-CHE,179,87,2428.8,2025-04-07 19:46:48,2025-04-17 06:00:00
SKU04588,Adaptive encompassing productivity,Beauty,WH-DEL,,81,13191.35,2025-04-13 16:51:19,2025-04-17 06:00:00
SKU04589,Progressive empowering analyzer,Beauty,WH-CHE,1154,76,11490.05,2025-04-03 06:22:05,2025-04-17 06:00:00
SKU04590,Stand-alone incremental matrix,Clothing,WH-CHE,1636,89,13683.28,2025-04-07 13:26:34,2025-04-17 06:00:00
SKU04591,Open-architected eco-centric website,Home & Kitchen,WH-CHE,1017,40,8442.36,2025-04-07 22:12:15,2025-04-17 06:00:00
SKU04592,Open-architected maximized Local Area Network,Home & Kitchen,WH-HYD,4,42,11711.42,2025-04-05 14:30:29,2025-04-17 06:00:00
SKU04593,Monitored executive installation,Books,WH-BLR,1204,53,9887.44,2025-04-05 13:33:40,2025-04-17 06:00:00
SKU04594,Public-key neutral benchmark,Sports,WH-CHE,581,96,2972.22,2025-04-12 00:19:28,2025-04-17 06:00:00
SKU04595,Cross-group optimizing implementation,Clothing,WH-MUM,910,90,11541.37,2025-04-01 07:19:44,2025-04-17 06:00:00
SKU04596,Stand-alone local Internet solution,Sports,WH-CHE,1895,96,804.77,2025-04-06 05:39:37,2025-04-17 06:00:00
SKU04597,Persevering foreground extranet,Home & Kitchen,WH-MUM,567,90,4401.06,2025-04-01 18:36:12,2025-04-17 06:00:00
SKU04598,Total client-server paradigm,Electronics,WH-HYD,165,38,9212.99,2025-04-03 17:00:24,2025-04-17 06:00:00
SKU04599,Customizable multi-state hardware,Toys,WH-BLR,273,92,2931.09,2025-04-06 12:28:42,2025-04-17 06:00:00
SKU04600,Centralized stable function,Electronics,WH-HYD,1342,31,9882.01,2025-04-08 10:07:49,2025-04-17 06:00:00
SKU04601,Integrated foreground algorithm,Sports,WH-CHE,489,13,7227.82,2025-04-12 19:04:49,2025-04-17 06:00:00
SKU04602,Vision-oriented leadingedge info-mediaries,Clothing,WH-MUM,171,56,13439.19,2025-04-13 00:48:01,2025-04-17 06:00:00
SKU04603,Phased analyzing monitoring,Toys,WH-DEL,159,28,14021.38,2025-04-08 08:40:41,2025-04-17 06:00:00
SKU04604,Phased discrete analyzer,Clothing,WH-MUM,1030,70,8555.08,2025-04-04 22:51:28,2025-04-17 06:00:00
SKU04605,Centralized user-facing instruction set,Sports,WH-BLR,1276,32,4398.64,2025-04-01 21:44:19,2025-04-17 06:00:00
SKU04606,Reduced intermediate knowledge user,Grocery,WH-DEL,1193,55,5789.32,2025-04-04 11:30:17,2025-04-17 06:00:00
SKU04607,Enterprise-wide cohesive support,Books,WH-CHE,1912,69,1324.64,2025-04-12 23:11:44,2025-04-17 06:00:00
SKU04608,Triple-buffered zero administration ability,Beauty,WH-BLR,830,17,1645.78,2025-04-03 14:05:21,2025-04-17 06:00:00
SKU04609,Customer-focused multi-tasking open system,Electronics,WH-BLR,565,12,836.98,2025-04-04 11:50:36,2025-04-17 06:00:00
SKU04610,Organized user-facing paradigm,Grocery,WH-DEL,121,95,6591.78,2025-04-04 01:39:57,2025-04-17 06:00:00
SKU04611,Decentralized intangible algorithm,Books,WH-BLR,281,70,1504.7,2025-04-09 22:18:45,2025-04-17 06:00:00
SKU04612,Synergized reciprocal budgetary management,Clothing,WH-DEL,68,37,416.33,2025-04-10 08:49:25,2025-04-17 06:00:00
SKU04613,Fundamental 4thgeneration toolset,Toys,WH-HYD,714,49,11268.5,2025-04-06 19:19:04,2025-04-17 06:00:00
SKU04614,Switchable exuding approach,Grocery,WH-CHE,484,44,14906.22,2025-04-11 22:44:35,2025-04-17 06:00:00
SKU04615,Reverse-engineered dynamic moratorium,Clothing,WH-BLR,1119,56,11189.05,2025-04-13 04:58:19,2025-04-17 06:00:00
SKU04616,Enterprise-wide holistic ability,Clothing,WH-DEL,464,32,12993.41,2025-04-03 14:25:20,2025-04-17 06:00:00
SKU04617,Synergized motivating secured line,Home & Kitchen,WH-CHE,159,30,8904.03,2025-04-05 15:50:54,2025-04-17 06:00:00
SKU04618,Multi-channeled dedicated system engine,Toys,WH-HYD,1747,27,2945.73,2025-04-09 00:21:26,2025-04-17 06:00:00
SKU04619,Vision-oriented real-time collaboration,Clothing,WH-CHE,1220,14,1445.9,2025-04-05 23:45:31,2025-04-17 06:00:00
SKU04620,Multi-tiered incremental groupware,Clothing,WH-MUM,779,39,838.13,2025-04-11 16:42:13,2025-04-17 06:00:00
SKU04621,Multi-lateral actuating benchmark,Electronics,WH-HYD,,96,5475.79,2025-04-08 03:44:44,2025-04-17 06:00:00
SKU04622,Switchable uniform matrix,Home & Kitchen,WH-MUM,327,83,10163.51,2025-04-04 21:02:52,2025-04-17 06:00:00
SKU04623,Total systemic Local Area Network,Beauty,WH-HYD,1822,53,4256.2,2025-04-07 18:16:44,2025-04-17 06:00:00
SKU04624,Phased content-based function,Grocery,WH-DEL,1662,65,5672.09,2025-04-15 14:38:17,2025-04-17 06:00:00
SKU04625,Expanded motivating attitude,Clothing,WH-CHE,724,16,4488.58,2025-04-06 00:10:47,2025-04-17 06:00:00
SKU04626,Intuitive high-level array,Toys,WH-BLR,727,30,5107.99,2025-04-05 22:51:08,2025-04-17 06:00:00
SKU04627,Business-focused attitude-oriented workforce,Grocery,WH-HYD,523,64,2430.15,2025-04-11 23:14:53,2025-04-17 06:00:00
SKU04628,Public-key explicit data-warehouse,Toys,WH-MUM,257,62,11193.07,2025-04-12 16:41:24,2025-04-17 06:00:00
SKU04629,Multi-lateral zero-defect emulation,Toys,WH-HYD,622,85,1154.44,2025-04-01 06:54:48,2025-04-17 06:00:00
SKU04630,Optional client-driven definition,Sports,WH-BLR,1539,31,12080.96,2025-04-04 11:11:49,2025-04-17 06:00:00
SKU04631,Open-architected tangible middleware,Sports,WH-DEL,349,56,10874.72,2025-04-15 11:59:39,2025-04-17 06:00:00
SKU04632,Devolved grid-enabled methodology,Toys,WH-BLR,301,46,3947.83,2025-04-15 16:01:24,2025-04-17 06:00:00
SKU04633,Organic didactic info-mediaries,Grocery,WH-BLR,768,39,8009.4,2025-04-12 16:57:08,2025-04-17 06:00:00
SKU04634,Advanced well-modulated moderator,Clothing,WH-HYD,1930,15,9279.91,2025-04-16 16:47:37,2025-04-17 06:00:00
SKU04635,Horizontal asynchronous capacity,Books,WH-CHE,1537,89,4386.26,2025-04-12 19:00:35,2025-04-17 06:00:00
SKU04636,Self-enabling 3rdgeneration pricing structure,Books,WH-DEL,876,25,1082.97,2025-04-09 10:42:41,2025-04-17 06:00:00
SKU04637,Synchronized stable challenge,Toys,WH-CHE,480,87,12695.77,2025-04-09 23:50:39,2025-04-17 06:00:00
SKU04638,Distributed demand-driven circuit,Home & Kitchen,WH-BLR,196,45,13908.37,2025-04-05 10:55:52,2025-04-17 06:00:00
SKU04639,Fundamental motivating moratorium,Sports,WH-DEL,711,96,122.22,2025-04-07 08:06:34,2025-04-17 06:00:00
SKU04640,Seamless next generation project,Books,WH-CHE,952,17,12617.25,2025-04-13 17:38:50,2025-04-17 06:00:00
SKU04641,Universal disintermediate knowledge user,Toys,WH-CHE,54,75,12574.23,2025-04-06 20:22:12,2025-04-17 06:00:00
SKU04642,Cloned logistical migration,Beauty,WH-BLR,1532,55,7933.17,2025-04-13 04:49:04,2025-04-17 06:00:00
SKU04643,Phased object-oriented attitude,Books,WH-BLR,656,91,6436.02,2025-04-14 15:17:36,2025-04-17 06:00:00
SKU04644,Integrated upward-trending encryption,Grocery,WH-HYD,1255,83,5627.2,2025-04-14 17:13:34,2025-04-17 06:00:00
SKU04645,Seamless foreground framework,Grocery,WH-BLR,715,30,3936.12,2025-04-16 08:11:38,2025-04-17 06:00:00
SKU04646,Synergistic intangible application,Electronics,WH-BLR,1736,37,10981.71,2025-04-10 08:02:28,2025-04-17 06:00:00
SKU04647,Streamlined stable portal,Home & Kitchen,WH-HYD,668,75,11969.07,2025-04-07 05:01:27,2025-04-17 06:00:00
SKU04648,Object-based heuristic task-force,Grocery,WH-BLR,1081,17,13298.74,2025-04-11 23:57:49,2025-04-17 06:00:00
SKU04649,Public-key systematic neural-net,Toys,WH-MUM,985,50,13615.66,2025-04-06 15:28:52,2025-04-17 06:00:00
SKU04650,Re-engineered exuding ability,Electronics,WH-BLR,219,77,11402.61,2025-04-01 03:19:23,2025-04-17 06:00:00
SKU04651,Quality-focused uniform adapter,Toys,WH-CHE,1069,43,14453.06,2025-04-10 01:21:55,2025-04-17 06:00:00
SKU04652,Reduced context-sensitive software,Clothing,WH-CHE,1954,38,1657.43,2025-04-04 20:28:36,2025-04-17 06:00:00
SKU04653,Right-sized mission-critical protocol,Sports,WH-CHE,145,88,6220.29,2025-04-15 09:41:16,2025-04-17 06:00:00
SKU04654,Reactive background infrastructure,Home & Kitchen,WH-MUM,,66,6989.2,2025-04-03 13:27:32,2025-04-17 06:00:00
SKU04655,Grass-roots tangible software,Electronics,WH-MUM,1482,89,13161.26,2025-04-09 22:27:51,2025-04-17 06:00:00
SKU04656,Robust systemic success,Toys,WH-CHE,151,72,2898.47,2025-04-09 12:23:35,2025-04-17 06:00:00
SKU04657,Proactive incremental concept,Grocery,WH-MUM,417,15,881.04,2025-04-14 15:48:16,2025-04-17 06:00:00
SKU04658,Progressive executive utilization,Books,WH-DEL,453,18,5675.24,2025-04-08 00:04:10,2025-04-17 06:00:00
SKU04659,Pre-emptive bi-directional strategy,Sports,WH-DEL,560,89,12114.62,2025-04-12 17:00:34,2025-04-17 06:00:00
SKU04660,Visionary modular migration,Home & Kitchen,WH-BLR,1702,19,10665.16,2025-04-16 23:10:51,2025-04-17 06:00:00
SKU04661,Balanced upward-trending framework,Electronics,WH-BLR,1009,77,3209.34,2025-04-01 08:16:38,2025-04-17 06:00:00
SKU04662,Total holistic artificial intelligence,Toys,WH-MUM,1474,29,8545.94,2025-04-13 17:25:58,2025-04-17 06:00:00
SKU04663,Down-sized background frame,Sports,WH-DEL,1966,68,645.05,2025-04-02 21:12:46,2025-04-17 06:00:00
SKU04664,Balanced full-range capacity,Books,WH-MUM,1536,100,13275.51,2025-04-12 18:15:50,2025-04-17 06:00:00
SKU04665,Secured context-sensitive Graphic Interface,Electronics,WH-CHE,207,43,9305.68,2025-04-11 00:04:13,2025-04-17 06:00:00
SKU04666,Quality-focused uniform system engine,Grocery,WH-HYD,1130,70,8886.34,2025-04-06 16:23:22,2025-04-17 06:00:00
SKU04667,Distributed methodical infrastructure,Grocery,WH-DEL,1304,63,3281.38,2025-04-14 20:42:00,2025-04-17 06:00:00
SKU04668,Streamlined human-resource info-mediaries,Home & Kitchen,WH-MUM,1248,72,6739.1,2025-04-08 12:18:47,2025-04-17 06:00:00
SKU04669,Sharable intangible forecast,Toys,WH-DEL,172,12,13900.83,2025-04-10 16:51:01,2025-04-17 06:00:00
SKU04670,Enhanced mission-critical concept,Grocery,WH-DEL,105,86,7086.2,2025-04-12 05:06:18,2025-04-17 06:00:00
SKU04671,Decentralized web-enabled structure,Electronics,WH-MUM,441,57,991.69,2025-04-16 06:50:17,2025-04-17 06:00:00
SKU04672,Decentralized neutral Local Area Network,Toys,WH-DEL,1774,79,5750.1,2025-04-01 05:03:34,2025-04-17 06:00:00
SKU04673,Ameliorated national focus group,Toys,WH-BLR,1078,41,1451.58,2025-04-12 00:20:19,2025-04-17 06:00:00
SKU04674,Persevering bi-directional migration,Electronics,WH-DEL,127,22,146.77,2025-04-01 03:35:41,2025-04-17 06:00:00
SKU04675,Mandatory encompassing paradigm,Home & Kitchen,WH-DEL,271,31,11266.91,2025-04-10 14:33:00,2025-04-17 06:00:00
SKU04676,Balanced client-server pricing structure,Books,WH-CHE,1933,15,13115.87,2025-04-08 17:36:57,2025-04-17 06:00:00
SKU04677,Pre-emptive leadingedge open system,Clothing,WH-DEL,73,19,12680.78,2025-04-14 06:06:01,2025-04-17 06:00:00
SKU04678,Extended web-enabled hub,Clothing,WH-MUM,1159,44,11022.38,2025-04-15 06:32:51,2025-04-17 06:00:00
SKU04679,Realigned secondary circuit,Clothing,WH-HYD,782,65,127.61,2025-04-15 22:50:36,2025-04-17 06:00:00
SKU04680,Sharable contextually-based attitude,Grocery,WH-DEL,81,46,12654.16,2025-04-15 21:36:30,2025-04-17 06:00:00
SKU04681,Profit-focused bifurcated data-warehouse,Sports,WH-HYD,1620,39,1236.38,2025-04-05 08:33:02,2025-04-17 06:00:00
SKU04682,Phased client-server productivity,Home & Kitchen,WH-DEL,743,82,11168.09,2025-04-10 06:01:36,2025-04-17 06:00:00
SKU04683,Function-based transitional implementation,Sports,WH-CHE,1867,52,11606.49,2025-04-13 07:16:22,2025-04-17 06:00:00
SKU04684,Extended mobile capability,Toys,WH-MUM,913,23,1867.07,2025-04-02 12:38:58,2025-04-17 06:00:00
SKU04685,Polarized actuating moderator,Grocery,WH-MUM,1603,51,345.42,2025-04-07 03:29:28,2025-04-17 06:00:00
SKU04686,Digitized multi-tasking moderator,Sports,WH-HYD,1218,50,11811.07,2025-04-08 22:23:52,2025-04-17 06:00:00
SKU04687,Phased mobile concept,Electronics,WH-BLR,,30,14582.32,2025-04-03 00:43:01,2025-04-17 06:00:00
SKU04688,Devolved methodical emulation,Home & Kitchen,WH-BLR,1707,91,13743.22,2025-04-13 17:45:41,2025-04-17 06:00:00
SKU04689,Distributed actuating support,Electronics,WH-BLR,955,89,5003.46,2025-04-08 23:28:22,2025-04-17 06:00:00
SKU04690,Assimilated intangible array,Electronics,WH-BLR,349,28,14744.01,2025-04-07 02:42:09,2025-04-17 06:00:00
SKU04691,Right-sized transitional budgetary management,Home & Kitchen,WH-BLR,501,32,6313.01,2025-04-06 12:19:18,2025-04-17 06:00:00
SKU04692,Universal bandwidth-monitored analyzer,Clothing,WH-BLR,1288,46,9908.99,2025-04-13 05:07:38,2025-04-17 06:00:00
SKU04693,Managed even-keeled frame,Grocery,WH-MUM,255,29,7491.17,2025-04-01 01:23:13,2025-04-17 06:00:00
SKU04694,Team-oriented zero administration superstructure,Home & Kitchen,WH-MUM,184,88,298.66,2025-04-16 11:24:52,2025-04-17 06:00:00
SKU04695,Customizable clear-thinking focus group,Home & Kitchen,WH-CHE,216,63,264.48,2025-04-11 21:55:05,2025-04-17 06:00:00
SKU04696,Multi-tiered coherent parallelism,Toys,WH-HYD,1609,45,12483.95,2025-04-08 10:58:12,2025-04-17 06:00:00
SKU04697,Compatible 4thgeneration function,Home & Kitchen,WH-HYD,1526,80,2709.41,2025-04-01 06:20:11,2025-04-17 06:00:00
SKU04698,Proactive bottom-line interface,Grocery,WH-DEL,1259,15,13684.69,2025-04-08 06:20:44,2025-04-17 06:00:00
SKU04699,Switchable 4thgeneration knowledgebase,Toys,WH-CHE,1429,59,3494.35,2025-04-11 03:09:50,2025-04-17 06:00:00
SKU04700,Progressive empowering encryption,Toys,WH-HYD,1551,32,13011.1,2025-04-14 18:41:06,2025-04-17 06:00:00
SKU04701,Integrated value-added matrix,Toys,WH-CHE,320,65,523.11,2025-04-16 19:05:09,2025-04-17 06:00:00
SKU04702,Ergonomic mission-critical interface,Sports,WH-DEL,1225,91,12672.92,2025-04-02 00:12:44,2025-04-17 06:00:00
SKU04703,Devolved coherent strategy,Sports,WH-DEL,1009,63,11890.53,2025-04-08 05:29:02,2025-04-17 06:00:00
SKU04704,Digitized radical process improvement,Beauty,WH-BLR,1700,91,12980.47,2025-04-13 04:30:42,2025-04-17 06:00:00
SKU04705,Expanded zero tolerance complexity,Sports,WH-HYD,1862,54,11006.98,2025-04-12 08:29:53,2025-04-17 06:00:00
SKU04706,Operative real-time paradigm,Grocery,WH-MUM,241,98,10768.65,2025-04-16 08:54:44,2025-04-17 06:00:00
SKU04707,Phased empowering middleware,Grocery,WH-BLR,404,31,1713.35,2025-04-12 07:13:32,2025-04-17 06:00:00
SKU04708,Versatile tangible encryption,Books,WH-CHE,357,69,9552.4,2025-04-06 05:14:04,2025-04-17 06:00:00
SKU04709,Triple-buffered eco-centric alliance,Home & Kitchen,WH-MUM,1590,69,14062.39,2025-04-10 03:58:47,2025-04-17 06:00:00
SKU04710,Stand-alone systemic flexibility,Toys,WH-CHE,526,90,14414.92,2025-04-08 00:39:51,2025-04-17 06:00:00
SKU04711,Synergistic zero-defect product,Home & Kitchen,WH-CHE,624,47,7519.31,2025-04-11 09:31:45,2025-04-17 06:00:00
SKU04712,Robust systematic Graphic Interface,Sports,WH-DEL,563,34,5174.29,2025-04-01 17:30:57,2025-04-17 06:00:00
SKU04713,Customer-focused mobile forecast,Electronics,WH-BLR,205,39,2372.09,2025-04-10 08:07:51,2025-04-17 06:00:00
SKU04714,Self-enabling multi-state function,Toys,WH-CHE,1743,47,4929.06,2025-04-09 17:11:34,2025-04-17 06:00:00
SKU04715,Cross-group dynamic hierarchy,Books,WH-MUM,1132,37,8334.22,2025-04-04 07:29:17,2025-04-17 06:00:00
SKU04716,Balanced secondary process improvement,Books,WH-BLR,1958,41,4619.58,2025-04-06 07:12:20,2025-04-17 06:00:00
SKU04717,Balanced multimedia circuit,Beauty,WH-MUM,1054,26,5844.58,2025-04-13 17:10:04,2025-04-17 06:00:00
SKU04718,Adaptive mobile attitude,Toys,WH-HYD,1577,95,12248.72,2025-04-09 22:43:04,2025-04-17 06:00:00
SKU04719,Proactive optimizing implementation,Sports,WH-MUM,1299,95,9091.64,2025-04-01 03:05:09,2025-04-17 06:00:00
SKU04720,Focused analyzing solution,Books,WH-CHE,,10,12627.07,2025-04-03 17:51:05,2025-04-17 06:00:00
SKU04721,Cross-platform high-level Local Area Network,Books,WH-HYD,1301,91,3529.77,2025-04-10 15:06:20,2025-04-17 06:00:00
SKU04722,Balanced client-server forecast,Clothing,WH-BLR,159,96,11895.45,2025-04-12 02:10:57,2025-04-17 06:00:00
SKU04723,Focused value-added firmware,Grocery,WH-BLR,203,21,14563.69,2025-04-03 19:06:31,2025-04-17 06:00:00
SKU04724,Robust holistic alliance,Clothing,WH-CHE,1581,23,5374.23,2025-04-16 10:54:34,2025-04-17 06:00:00
SKU04725,Ameliorated 5thgeneration access,Toys,WH-DEL,433,55,12574.04,2025-04-06 21:45:40,2025-04-17 06:00:00
SKU04726,Synergistic system-worthy knowledgebase,Sports,WH-DEL,150,55,2448.85,2025-04-14 05:41:39,2025-04-17 06:00:00
SKU04727,Monitored empowering policy,Grocery,WH-HYD,1883,53,13135.8,2025-04-01 22:44:58,2025-04-17 06:00:00
SKU04728,Customizable methodical task-force,Clothing,WH-CHE,1839,67,5676.77,2025-04-16 11:25:19,2025-04-17 06:00:00
SKU04729,Multi-channeled discrete archive,Beauty,WH-HYD,1816,87,389.07,2025-04-04 07:52:14,2025-04-17 06:00:00
SKU04730,Visionary stable software,Clothing,WH-DEL,759,14,13082.71,2025-04-16 21:52:40,2025-04-17 06:00:00
SKU04731,Networked well-modulated superstructure,Clothing,WH-CHE,1319,43,978.7,2025-04-08 03:47:30,2025-04-17 06:00:00
SKU04732,Cross-platform executive framework,Books,WH-HYD,284,72,276.2,2025-04-06 11:14:21,2025-04-17 06:00:00
SKU04733,Business-focused directional project,Home & Kitchen,WH-HYD,1387,52,11262.72,2025-04-10 15:15:27,2025-04-17 06:00:00
SKU04734,Compatible didactic algorithm,Sports,WH-HYD,1317,90,2233.24,2025-04-05 13:55:25,2025-04-17 06:00:00
SKU04735,Open-source well-modulated frame,Electronics,WH-MUM,1077,58,12521.49,2025-04-05 19:09:06,2025-04-17 06:00:00
SKU04736,Adaptive tangible projection,Home & Kitchen,WH-HYD,1658,63,13076.46,2025-04-06 11:50:41,2025-04-17 06:00:00
SKU04737,Progressive 4thgeneration parallelism,Clothing,WH-DEL,504,17,1361.38,2025-04-12 03:15:59,2025-04-17 06:00:00
SKU04738,Programmable methodical time-frame,Beauty,WH-CHE,1222,70,3468.81,2025-04-02 21:40:01,2025-04-17 06:00:00
SKU04739,Polarized needs-based success,Sports,WH-MUM,1741,65,1676.24,2025-04-08 02:00:30,2025-04-17 06:00:00
SKU04740,Persistent modular budgetary management,Home & Kitchen,WH-HYD,62,95,8899.2,2025-04-07 05:52:28,2025-04-17 06:00:00
SKU04741,Versatile multi-tasking array,Toys,WH-MUM,576,74,13334.72,2025-04-05 21:32:39,2025-04-17 06:00:00
SKU04742,Pre-emptive value-added application,Clothing,WH-MUM,615,98,6224.8,2025-04-14 02:41:52,2025-04-17 06:00:00
SKU04743,Grass-roots stable instruction set,Beauty,WH-DEL,1786,55,13628.78,2025-04-13 22:05:18,2025-04-17 06:00:00
SKU04744,Virtual radical data-warehouse,Sports,WH-MUM,531,81,9866.77,2025-04-15 04:10:47,2025-04-17 06:00:00
SKU04745,Monitored web-enabled customer loyalty,Sports,WH-MUM,688,75,7354.11,2025-04-15 07:22:17,2025-04-17 06:00:00
SKU04746,Multi-tiered fresh-thinking workforce,Grocery,WH-BLR,331,52,12026.85,2025-04-15 17:40:26,2025-04-17 06:00:00
SKU04747,Compatible zero administration data-warehouse,Grocery,WH-CHE,1138,79,13691.78,2025-04-05 07:59:18,2025-04-17 06:00:00
SKU04748,Fundamental reciprocal access,Home & Kitchen,WH-BLR,589,54,13890.23,2025-04-08 03:54:24,2025-04-17 06:00:00
SKU04749,Synchronized system-worthy ability,Electronics,WH-BLR,1920,29,10934.86,2025-04-03 23:08:22,2025-04-17 06:00:00
SKU04750,Public-key 4thgeneration process improvement,Electronics,WH-CHE,614,88,190.89,2025-04-10 16:41:57,2025-04-17 06:00:00
SKU04751,Sharable tangible installation,Clothing,WH-HYD,1699,67,1687.26,2025-04-13 18:51:06,2025-04-17 06:00:00
SKU04752,Decentralized didactic circuit,Beauty,WH-MUM,761,82,12013.13,2025-04-16 18:01:00,2025-04-17 06:00:00
SKU04753,Managed explicit architecture,Electronics,WH-CHE,,79,10833.42,2025-04-10 05:31:37,2025-04-17 06:00:00
SKU04754,Cross-group intermediate definition,Toys,WH-HYD,1999,86,14006.01,2025-04-05 06:57:01,2025-04-17 06:00:00
SKU04755,Reactive reciprocal database,Books,WH-MUM,693,11,3591.87,2025-04-01 18:56:58,2025-04-17 06:00:00
SKU04756,Reduced local parallelism,Home & Kitchen,WH-BLR,1511,35,9832.6,2025-04-15 10:31:23,2025-04-17 06:00:00
SKU04757,Proactive bi-directional projection,Beauty,WH-BLR,375,61,12916.78,2025-04-06 00:05:17,2025-04-17 06:00:00
SKU04758,Ameliorated impactful implementation,Grocery,WH-MUM,998,23,12647.92,2025-04-05 06:21:32,2025-04-17 06:00:00
SKU04759,Front-line discrete archive,Beauty,WH-CHE,741,72,2413.87,2025-04-01 18:36:42,2025-04-17 06:00:00
SKU04760,Quality-focused 24hour parallelism,Clothing,WH-DEL,194,18,3352.2,2025-04-11 19:10:39,2025-04-17 06:00:00
SKU04761,Synchronized directional migration,Beauty,WH-MUM,486,56,1872.73,2025-04-14 12:34:59,2025-04-17 06:00:00
SKU04762,De-engineered zero tolerance toolset,Books,WH-BLR,1826,82,6198.28,2025-04-16 08:09:14,2025-04-17 06:00:00
SKU04763,Progressive high-level monitoring,Home & Kitchen,WH-BLR,177,64,1908.76,2025-04-15 01:22:31,2025-04-17 06:00:00
SKU04764,Synergized fresh-thinking productivity,Sports,WH-HYD,1132,80,4706.41,2025-04-12 13:03:19,2025-04-17 06:00:00
SKU04765,Integrated zero tolerance service-desk,Clothing,WH-MUM,140,51,6891.27,2025-04-15 18:31:02,2025-04-17 06:00:00
SKU04766,Organic bi-directional secured line,Books,WH-CHE,1426,97,5260.68,2025-04-15 04:29:01,2025-04-17 06:00:00
SKU04767,Phased bottom-line access,Clothing,WH-BLR,1871,45,13699.18,2025-04-14 01:42:31,2025-04-17 06:00:00
SKU04768,Mandatory client-driven synergy,Home & Kitchen,WH-HYD,325,37,4995.41,2025-04-15 19:52:55,2025-04-17 06:00:00
SKU04769,Automated modular concept,Toys,WH-MUM,407,25,11801.46,2025-04-11 10:45:42,2025-04-17 06:00:00
SKU04770,Expanded directional adapter,Clothing,WH-CHE,0,88,11520.31,2025-04-04 10:15:16,2025-04-17 06:00:00
SKU04771,Object-based fresh-thinking support,Toys,WH-HYD,1354,81,9931.01,2025-04-08 02:50:09,2025-04-17 06:00:00
SKU04772,Monitored explicit capacity,Home & Kitchen,WH-HYD,966,52,10016.3,2025-04-03 11:56:35,2025-04-17 06:00:00
SKU04773,User-friendly holistic task-force,Beauty,WH-HYD,1346,27,3372.38,2025-04-02 03:27:38,2025-04-17 06:00:00
SKU04774,Right-sized modular access,Grocery,WH-BLR,1533,14,12926.75,2025-04-10 07:35:45,2025-04-17 06:00:00
SKU04775,Configurable grid-enabled project,Toys,WH-MUM,212,79,9258.57,2025-04-08 14:45:37,2025-04-17 06:00:00
SKU04776,Cloned stable secured line,Toys,WH-BLR,1157,47,7793.91,2025-04-02 21:51:30,2025-04-17 06:00:00
SKU04777,Ameliorated discrete success,Toys,WH-MUM,1171,36,4320.24,2025-04-03 09:52:30,2025-04-17 06:00:00
SKU04778,Robust motivating leverage,Clothing,WH-CHE,781,50,1352.91,2025-04-08 13:51:20,2025-04-17 06:00:00
SKU04779,Robust zero-defect Graphical User Interface,Electronics,WH-MUM,1532,22,2593.72,2025-04-13 13:41:49,2025-04-17 06:00:00
SKU04780,Organic leadingedge ability,Electronics,WH-DEL,1419,41,5928.05,2025-04-10 22:09:23,2025-04-17 06:00:00
SKU04781,Stand-alone non-volatile adapter,Books,WH-BLR,1402,25,2588.23,2025-04-14 08:19:08,2025-04-17 06:00:00
SKU04782,Implemented well-modulated product,Beauty,WH-CHE,296,94,13011.19,2025-04-03 03:49:37,2025-04-17 06:00:00
SKU04783,Triple-buffered directional website,Toys,WH-DEL,817,35,12296.33,2025-04-02 12:01:12,2025-04-17 06:00:00
SKU04784,Compatible zero tolerance hierarchy,Grocery,WH-CHE,492,75,11033.42,2025-04-11 15:01:37,2025-04-17 06:00:00
SKU04785,Managed regional frame,Clothing,WH-CHE,595,47,9737.38,2025-04-08 19:10:41,2025-04-17 06:00:00
SKU04786,Decentralized coherent flexibility,Sports,WH-MUM,,13,4653.42,2025-04-01 02:18:59,2025-04-17 06:00:00
SKU04787,Devolved multimedia access,Grocery,WH-BLR,1602,96,9703.69,2025-04-11 22:34:06,2025-04-17 06:00:00
SKU04788,Exclusive discrete application,Grocery,WH-DEL,595,92,7059.72,2025-04-08 02:58:37,2025-04-17 06:00:00
SKU04789,Cross-platform heuristic complexity,Toys,WH-BLR,1532,22,12336.35,2025-04-13 04:06:07,2025-04-17 06:00:00
SKU04790,Reduced grid-enabled core,Books,WH-MUM,500,32,1501.52,2025-04-09 21:43:38,2025-04-17 06:00:00
SKU04791,Cross-group leadingedge benchmark,Books,WH-MUM,1948,100,12897.49,2025-04-11 12:33:43,2025-04-17 06:00:00
SKU04792,Fully-configurable composite ability,Books,WH-BLR,935,69,644.38,2025-04-13 06:33:38,2025-04-17 06:00:00
SKU04793,Up-sized web-enabled monitoring,Toys,WH-HYD,114,17,6087.77,2025-04-05 12:50:30,2025-04-17 06:00:00
SKU04794,Customizable stable capacity,Beauty,WH-HYD,1472,64,397.26,2025-04-11 08:36:14,2025-04-17 06:00:00
SKU04795,Customer-focused composite hierarchy,Electronics,WH-BLR,1178,12,14048.33,2025-04-13 12:21:44,2025-04-17 06:00:00
SKU04796,Expanded contextually-based toolset,Beauty,WH-DEL,873,16,10691.95,2025-04-11 05:10:09,2025-04-17 06:00:00
SKU04797,Digitized client-driven hub,Toys,WH-MUM,1760,27,5618.16,2025-04-10 08:33:54,2025-04-17 06:00:00
SKU04798,Configurable optimal secured line,Sports,WH-DEL,1772,93,7471.96,2025-04-07 07:16:39,2025-04-17 06:00:00
SKU04799,Progressive client-server open system,Clothing,WH-DEL,557,96,2750.51,2025-04-07 07:27:29,2025-04-17 06:00:00
SKU04800,Intuitive even-keeled emulation,Books,WH-BLR,1065,75,8553.63,2025-04-06 02:32:16,2025-04-17 06:00:00
SKU04801,Object-based global matrix,Beauty,WH-HYD,1580,16,8766.86,2025-04-01 04:08:58,2025-04-17 06:00:00
SKU04802,Down-sized optimal open architecture,Electronics,WH-MUM,1130,10,13233.9,2025-04-13 11:13:10,2025-04-17 06:00:00
SKU04803,Quality-focused cohesive function,Grocery,WH-MUM,1294,77,1629.84,2025-04-14 09:12:50,2025-04-17 06:00:00
SKU04804,Mandatory user-facing leverage,Clothing,WH-CHE,1455,90,8906.63,2025-04-16 13:22:17,2025-04-17 06:00:00
SKU04805,Ameliorated radical neural-net,Home & Kitchen,WH-DEL,1159,74,7177.49,2025-04-15 09:06:21,2025-04-17 06:00:00
SKU04806,Multi-tiered analyzing parallelism,Books,WH-DEL,1753,88,8407.53,2025-04-13 23:14:38,2025-04-17 06:00:00
SKU04807,Adaptive 24hour groupware,Grocery,WH-DEL,263,62,13134.97,2025-04-09 01:40:44,2025-04-17 06:00:00
SKU04808,Re-contextualized zero tolerance framework,Electronics,WH-DEL,1074,69,1505.03,2025-04-09 18:54:12,2025-04-17 06:00:00
SKU04809,Multi-tiered 24/7 policy,Grocery,WH-DEL,16,75,6343.7,2025-04-01 18:37:58,2025-04-17 06:00:00
SKU04810,Total interactive methodology,Toys,WH-BLR,1400,26,10706.27,2025-04-04 01:28:56,2025-04-17 06:00:00
SKU04811,Open-architected content-based productivity,Toys,WH-DEL,1222,52,2010.95,2025-04-04 02:58:15,2025-04-17 06:00:00
SKU04812,Profound background challenge,Books,WH-HYD,219,65,2562.43,2025-04-09 04:18:51,2025-04-17 06:00:00
SKU04813,Vision-oriented mission-critical conglomeration,Clothing,WH-MUM,1001,19,7338.02,2025-04-06 00:08:09,2025-04-17 06:00:00
SKU04814,Fundamental reciprocal orchestration,Clothing,WH-HYD,1572,47,12693.96,2025-04-14 19:40:28,2025-04-17 06:00:00
SKU04815,Open-source didactic adapter,Books,WH-MUM,667,72,1780.03,2025-04-11 08:35:09,2025-04-17 06:00:00
SKU04816,Customizable neutral support,Home & Kitchen,WH-BLR,705,88,11762.12,2025-04-06 23:54:36,2025-04-17 06:00:00
SKU04817,Reduced user-facing budgetary management,Grocery,WH-DEL,757,21,6374.95,2025-04-13 14:09:01,2025-04-17 06:00:00
SKU04818,Profit-focused grid-enabled help-desk,Home & Kitchen,WH-HYD,1543,90,4841.3,2025-04-09 04:38:37,2025-04-17 06:00:00
SKU04819,Streamlined contextually-based focus group,Clothing,WH-DEL,,68,5781.42,2025-04-05 02:44:41,2025-04-17 06:00:00
SKU04820,Synchronized directional database,Grocery,WH-BLR,675,78,1479.8,2025-04-05 17:11:01,2025-04-17 06:00:00
SKU04821,Enhanced contextually-based Graphic Interface,Toys,WH-MUM,190,46,2623.72,2025-04-03 22:46:10,2025-04-17 06:00:00
SKU04822,Synergized upward-trending intranet,Books,WH-MUM,48,35,11773.98,2025-04-07 21:00:19,2025-04-17 06:00:00
SKU04823,Re-engineered neutral methodology,Toys,WH-BLR,969,85,235.01,2025-04-11 02:13:53,2025-04-17 06:00:00
SKU04824,Universal directional adapter,Grocery,WH-BLR,617,64,4920.17,2025-04-08 15:40:39,2025-04-17 06:00:00
SKU04825,Organic hybrid circuit,Sports,WH-MUM,1103,24,10647.46,2025-04-13 12:10:24,2025-04-17 06:00:00
SKU04826,Mandatory coherent time-frame,Grocery,WH-MUM,1142,23,3304.18,2025-04-04 02:02:19,2025-04-17 06:00:00
SKU04827,Re-contextualized global capability,Beauty,WH-CHE,1044,72,13587.17,2025-04-12 10:25:11,2025-04-17 06:00:00
SKU04828,Digitized holistic framework,Sports,WH-BLR,1842,17,12330.14,2025-04-06 06:57:31,2025-04-17 06:00:00
SKU04829,Adaptive uniform support,Clothing,WH-BLR,425,95,5139.6,2025-04-10 04:55:34,2025-04-17 06:00:00
SKU04830,Decentralized transitional Internet solution,Beauty,WH-HYD,1443,51,855.61,2025-04-11 03:34:27,2025-04-17 06:00:00
SKU04831,Versatile logistical help-desk,Toys,WH-CHE,448,72,10361.51,2025-04-07 11:14:28,2025-04-17 06:00:00
SKU04832,Cross-platform neutral installation,Sports,WH-DEL,1007,39,7215.82,2025-04-08 11:22:41,2025-04-17 06:00:00
SKU04833,Open-source intermediate architecture,Clothing,WH-MUM,1524,92,2521.85,2025-04-13 14:07:34,2025-04-17 06:00:00
SKU04834,Face-to-face intermediate toolset,Books,WH-DEL,1702,13,3991.14,2025-04-11 06:57:31,2025-04-17 06:00:00
SKU04835,Fundamental scalable attitude,Beauty,WH-MUM,1693,88,11659.21,2025-04-16 01:37:34,2025-04-17 06:00:00
SKU04836,Diverse transitional success,Grocery,WH-BLR,783,63,6352.64,2025-04-04 19:27:32,2025-04-17 06:00:00
SKU04837,Open-source clear-thinking matrices,Electronics,WH-HYD,1675,90,13156.65,2025-04-02 04:41:41,2025-04-17 06:00:00
SKU04838,Optimized grid-enabled protocol,Books,WH-MUM,477,58,13384.91,2025-04-11 16:40:05,2025-04-17 06:00:00
SKU04839,Reverse-engineered reciprocal success,Grocery,WH-DEL,637,14,6839.49,2025-04-14 13:27:21,2025-04-17 06:00:00
SKU04840,Business-focused uniform success,Sports,WH-DEL,960,24,3084.44,2025-04-13 14:47:20,2025-04-17 06:00:00
SKU04841,Business-focused zero administration pricing struc,Home & Kitchen,WH-DEL,112,37,14794.45,2025-04-07 16:24:37,2025-04-17 06:00:00
SKU04842,Seamless needs-based utilization,Electronics,WH-BLR,502,75,9352.93,2025-04-05 10:42:29,2025-04-17 06:00:00
SKU04843,Multi-lateral homogeneous toolset,Grocery,WH-HYD,232,35,11053.29,2025-04-04 06:45:55,2025-04-17 06:00:00
SKU04844,Vision-oriented disintermediate moderator,Electronics,WH-DEL,1360,65,3206.92,2025-04-10 15:29:29,2025-04-17 06:00:00
SKU04845,Multi-channeled tangible ability,Toys,WH-BLR,892,22,4257.49,2025-04-13 04:10:47,2025-04-17 06:00:00
SKU04846,Reverse-engineered regional moratorium,Sports,WH-CHE,1619,73,7149.6,2025-04-16 14:16:49,2025-04-17 06:00:00
SKU04847,Persistent optimal database,Grocery,WH-BLR,1048,54,7913.0,2025-04-13 03:36:12,2025-04-17 06:00:00
SKU04848,Switchable local Graphical User Interface,Grocery,WH-BLR,1800,69,9307.31,2025-04-15 02:26:32,2025-04-17 06:00:00
SKU04849,Cloned actuating architecture,Grocery,WH-CHE,598,21,1325.27,2025-04-12 02:51:53,2025-04-17 06:00:00
SKU04850,Realigned background middleware,Sports,WH-CHE,1325,16,6280.21,2025-04-10 02:47:16,2025-04-17 06:00:00
SKU04851,Innovative high-level portal,Home & Kitchen,WH-CHE,1307,55,12008.78,2025-04-03 08:10:36,2025-04-17 06:00:00
SKU04852,Devolved reciprocal process improvement,Electronics,WH-MUM,,27,8106.69,2025-04-12 23:17:40,2025-04-17 06:00:00
SKU04853,Reduced incremental firmware,Toys,WH-HYD,1754,79,5917.61,2025-04-15 17:16:41,2025-04-17 06:00:00
SKU04854,Compatible directional frame,Sports,WH-MUM,42,33,2234.2,2025-04-10 08:26:01,2025-04-17 06:00:00
SKU04855,Adaptive didactic product,Beauty,WH-DEL,467,50,954.03,2025-04-04 09:26:43,2025-04-17 06:00:00
SKU04856,Cloned clear-thinking standardization,Sports,WH-MUM,558,15,1452.05,2025-04-11 18:03:16,2025-04-17 06:00:00
SKU04857,Monitored hybrid database,Toys,WH-MUM,194,37,5640.08,2025-04-09 04:29:48,2025-04-17 06:00:00
SKU04858,Down-sized maximized superstructure,Home & Kitchen,WH-CHE,578,57,12595.37,2025-04-12 13:30:55,2025-04-17 06:00:00
SKU04859,Horizontal reciprocal neural-net,Toys,WH-CHE,1458,63,843.01,2025-04-02 17:09:34,2025-04-17 06:00:00
SKU04860,Diverse bottom-line installation,Electronics,WH-CHE,1610,31,8122.14,2025-04-15 08:02:32,2025-04-17 06:00:00
SKU04861,User-centric mobile hardware,Grocery,WH-BLR,1582,36,853.37,2025-04-13 15:48:02,2025-04-17 06:00:00
SKU04862,Stand-alone object-oriented pricing structure,Toys,WH-DEL,815,28,8164.05,2025-04-14 18:45:59,2025-04-17 06:00:00
SKU04863,Configurable neutral matrices,Grocery,WH-MUM,771,24,6197.08,2025-04-16 10:53:31,2025-04-17 06:00:00
SKU04864,Reverse-engineered scalable synergy,Books,WH-BLR,1292,61,5062.31,2025-04-02 15:45:20,2025-04-17 06:00:00
SKU04865,Cross-group exuding synergy,Sports,WH-DEL,1742,54,10832.81,2025-04-05 18:58:52,2025-04-17 06:00:00
SKU04866,Cloned reciprocal flexibility,Books,WH-CHE,622,92,10275.13,2025-04-14 23:45:59,2025-04-17 06:00:00
SKU04867,Proactive multimedia instruction set,Beauty,WH-DEL,1904,32,3713.13,2025-04-02 05:25:54,2025-04-17 06:00:00
SKU04868,Fundamental even-keeled product,Electronics,WH-CHE,679,15,7821.06,2025-04-08 13:38:38,2025-04-17 06:00:00
SKU04869,Cross-group clear-thinking infrastructure,Electronics,WH-MUM,60,45,14587.04,2025-04-03 12:35:07,2025-04-17 06:00:00
SKU04870,Profound logistical Graphical User Interface,Grocery,WH-BLR,828,33,528.59,2025-04-06 21:56:09,2025-04-17 06:00:00
SKU04871,Persistent multi-tasking task-force,Grocery,WH-DEL,445,36,10856.39,2025-04-08 06:08:43,2025-04-17 06:00:00
SKU04872,Switchable clear-thinking benchmark,Home & Kitchen,WH-HYD,598,25,4704.25,2025-04-13 10:35:49,2025-04-17 06:00:00
SKU04873,Stand-alone composite productivity,Grocery,WH-MUM,805,19,13073.26,2025-04-12 15:48:34,2025-04-17 06:00:00
SKU04874,Fully-configurable logistical throughput,Grocery,WH-BLR,1898,28,9102.87,2025-04-16 13:52:13,2025-04-17 06:00:00
SKU04875,Profit-focused static database,Home & Kitchen,WH-DEL,1670,73,1523.26,2025-04-04 07:06:03,2025-04-17 06:00:00
SKU04876,Enterprise-wide modular extranet,Grocery,WH-MUM,1109,20,13390.5,2025-04-09 06:26:40,2025-04-17 06:00:00
SKU04877,Configurable 24/7 utilization,Clothing,WH-BLR,1570,12,13548.64,2025-04-12 21:38:30,2025-04-17 06:00:00
SKU04878,Innovative interactive core,Toys,WH-MUM,460,45,3577.36,2025-04-02 11:09:59,2025-04-17 06:00:00
SKU04879,Total user-facing algorithm,Sports,WH-DEL,1672,89,8822.39,2025-04-11 04:31:10,2025-04-17 06:00:00
SKU04880,Monitored 24hour moderator,Beauty,WH-HYD,811,31,1426.37,2025-04-12 16:26:58,2025-04-17 06:00:00
SKU04881,Extended executive time-frame,Clothing,WH-DEL,991,64,4181.46,2025-04-08 16:19:28,2025-04-17 06:00:00
SKU04882,Total methodical database,Toys,WH-MUM,892,37,11694.07,2025-04-11 17:18:32,2025-04-17 06:00:00
SKU04883,Open-architected high-level solution,Beauty,WH-HYD,918,22,10459.64,2025-04-12 05:46:47,2025-04-17 06:00:00
SKU04884,Adaptive multi-state infrastructure,Clothing,WH-CHE,1178,83,2710.14,2025-04-05 17:34:41,2025-04-17 06:00:00
SKU04885,Integrated upward-trending hardware,Clothing,WH-HYD,,10,7415.18,2025-04-12 21:07:47,2025-04-17 06:00:00
SKU04886,Realigned system-worthy strategy,Electronics,WH-HYD,350,83,71.59,2025-04-11 06:56:09,2025-04-17 06:00:00
SKU04887,Phased zero tolerance hardware,Home & Kitchen,WH-BLR,626,33,11061.57,2025-04-11 17:44:54,2025-04-17 06:00:00
SKU04888,Total local open architecture,Sports,WH-DEL,0,38,14237.53,2025-04-15 17:16:24,2025-04-17 06:00:00
SKU04889,Public-key modular encoding,Grocery,WH-DEL,1545,63,7535.64,2025-04-07 23:05:50,2025-04-17 06:00:00
SKU04890,Up-sized asymmetric core,Toys,WH-CHE,697,49,13476.38,2025-04-15 11:39:45,2025-04-17 06:00:00
SKU04891,Customer-focused didactic algorithm,Clothing,WH-CHE,1751,63,9897.38,2025-04-14 04:12:10,2025-04-17 06:00:00
SKU04892,Expanded intangible open system,Sports,WH-HYD,1046,99,9035.73,2025-04-07 14:18:03,2025-04-17 06:00:00
SKU04893,Multi-lateral 5thgeneration service-desk,Books,WH-MUM,15,84,10496.72,2025-04-04 10:15:59,2025-04-17 06:00:00
SKU04894,Optimized maximized initiative,Home & Kitchen,WH-HYD,1759,74,5702.41,2025-04-12 10:15:56,2025-04-17 06:00:00
SKU04895,Decentralized web-enabled migration,Electronics,WH-HYD,423,56,9740.18,2025-04-10 00:47:49,2025-04-17 06:00:00
SKU04896,Mandatory eco-centric secured line,Grocery,WH-BLR,1609,51,7992.9,2025-04-12 18:00:55,2025-04-17 06:00:00
SKU04897,Phased contextually-based Graphical User Interface,Toys,WH-DEL,439,84,13308.03,2025-04-04 11:29:06,2025-04-17 06:00:00
SKU04898,Centralized dedicated Graphical User Interface,Sports,WH-BLR,857,36,11221.28,2025-04-01 10:31:26,2025-04-17 06:00:00
SKU04899,Profit-focused object-oriented moratorium,Clothing,WH-MUM,307,54,3376.37,2025-04-12 04:15:27,2025-04-17 06:00:00
SKU04900,Triple-buffered maximized leverage,Beauty,WH-MUM,155,30,334.93,2025-04-11 05:34:41,2025-04-17 06:00:00
SKU04901,Re-contextualized executive analyzer,Toys,WH-BLR,488,10,4623.34,2025-04-14 21:12:40,2025-04-17 06:00:00
SKU04902,Distributed empowering challenge,Sports,WH-BLR,645,92,12582.6,2025-04-16 15:19:50,2025-04-17 06:00:00
SKU04903,Reverse-engineered discrete parallelism,Grocery,WH-CHE,586,29,3524.59,2025-04-11 06:58:03,2025-04-17 06:00:00
SKU04904,Phased didactic access,Toys,WH-BLR,1654,72,2700.87,2025-04-11 15:22:56,2025-04-17 06:00:00
SKU04905,Ergonomic human-resource frame,Toys,WH-MUM,1137,97,86.49,2025-04-13 04:37:10,2025-04-17 06:00:00
SKU04906,Synchronized national artificial intelligence,Electronics,WH-DEL,143,16,7245.22,2025-04-04 12:10:13,2025-04-17 06:00:00
SKU04907,Up-sized maximized customer loyalty,Sports,WH-CHE,1582,96,4776.07,2025-04-11 09:39:46,2025-04-17 06:00:00
SKU04908,Balanced object-oriented focus group,Sports,WH-CHE,941,40,1742.42,2025-04-15 12:15:12,2025-04-17 06:00:00
SKU04909,Exclusive homogeneous workforce,Toys,WH-MUM,1235,94,9208.5,2025-04-16 12:37:27,2025-04-17 06:00:00
SKU04910,Enhanced well-modulated parallelism,Books,WH-MUM,1255,41,11350.01,2025-04-13 06:27:33,2025-04-17 06:00:00
SKU04911,Customer-focused zero tolerance encoding,Books,WH-HYD,1079,64,10880.48,2025-04-14 10:40:45,2025-04-17 06:00:00
SKU04912,Reduced bifurcated concept,Books,WH-HYD,1631,76,8297.92,2025-04-15 02:22:17,2025-04-17 06:00:00
SKU04913,Profit-focused next generation encoding,Home & Kitchen,WH-HYD,251,36,5215.19,2025-04-14 12:38:37,2025-04-17 06:00:00
SKU04914,Self-enabling 6thgeneration service-desk,Toys,WH-HYD,209,54,14503.13,2025-04-05 09:10:15,2025-04-17 06:00:00
SKU04915,Re-contextualized value-added service-desk,Home & Kitchen,WH-HYD,76,91,3779.65,2025-04-15 15:23:43,2025-04-17 06:00:00
SKU04916,Synergized scalable knowledgebase,Books,WH-HYD,1996,39,7224.84,2025-04-16 08:03:06,2025-04-17 06:00:00
SKU04917,Reactive full-range instruction set,Beauty,WH-CHE,1187,76,2039.39,2025-04-01 14:36:06,2025-04-17 06:00:00
SKU04918,Vision-oriented bi-directional monitoring,Toys,WH-CHE,,61,14132.81,2025-04-01 17:45:22,2025-04-17 06:00:00
SKU04919,Open-architected scalable process improvement,Books,WH-BLR,1902,32,13946.94,2025-04-15 10:10:43,2025-04-17 06:00:00
SKU04920,Organic fresh-thinking functionalities,Beauty,WH-HYD,808,29,909.83,2025-04-04 17:51:48,2025-04-17 06:00:00
SKU04921,Visionary secondary secured line,Toys,WH-MUM,888,78,9956.86,2025-04-03 03:21:59,2025-04-17 06:00:00
SKU04922,User-centric contextually-based project,Electronics,WH-HYD,901,66,6770.37,2025-04-14 01:34:50,2025-04-17 06:00:00
SKU04923,Cloned transitional projection,Toys,WH-MUM,1373,99,14429.32,2025-04-15 14:32:49,2025-04-17 06:00:00
SKU04924,Switchable 24hour capacity,Grocery,WH-CHE,138,15,1174.78,2025-04-09 17:03:51,2025-04-17 06:00:00
SKU04925,Vision-oriented mission-critical policy,Grocery,WH-CHE,881,83,4008.31,2025-04-14 19:11:29,2025-04-17 06:00:00
SKU04926,Inverse next generation database,Books,WH-MUM,740,98,3297.26,2025-04-12 19:03:42,2025-04-17 06:00:00
SKU04927,Mandatory fresh-thinking analyzer,Sports,WH-MUM,869,42,691.4,2025-04-04 09:43:20,2025-04-17 06:00:00
SKU04928,Adaptive heuristic structure,Toys,WH-MUM,1452,40,1804.36,2025-04-04 16:12:42,2025-04-17 06:00:00
SKU04929,Ameliorated bi-directional application,Sports,WH-HYD,1419,73,14759.62,2025-04-05 13:24:16,2025-04-17 06:00:00
SKU04930,Switchable stable help-desk,Toys,WH-CHE,1081,45,5285.25,2025-04-15 16:49:04,2025-04-17 06:00:00
SKU04931,Adaptive analyzing project,Clothing,WH-HYD,1687,60,9230.96,2025-04-02 23:13:19,2025-04-17 06:00:00
SKU04932,Universal multimedia Internet solution,Books,WH-DEL,616,61,2161.4,2025-04-06 18:46:19,2025-04-17 06:00:00
SKU04933,Organic cohesive algorithm,Beauty,WH-BLR,373,69,14577.57,2025-04-10 18:44:19,2025-04-17 06:00:00
SKU04934,Enterprise-wide web-enabled moderator,Books,WH-HYD,713,28,9011.3,2025-04-10 15:07:01,2025-04-17 06:00:00
SKU04935,Reactive full-range matrix,Beauty,WH-MUM,952,80,566.08,2025-04-08 06:12:58,2025-04-17 06:00:00
SKU04936,User-friendly static hardware,Books,WH-BLR,1458,77,7646.42,2025-04-01 04:49:42,2025-04-17 06:00:00
SKU04937,User-friendly transitional forecast,Electronics,WH-CHE,1662,75,8705.19,2025-04-11 09:45:22,2025-04-17 06:00:00
SKU04938,Front-line intangible leverage,Toys,WH-CHE,1910,30,13495.71,2025-04-07 11:58:22,2025-04-17 06:00:00
SKU04939,Proactive modular Graphic Interface,Beauty,WH-BLR,1904,18,10366.79,2025-04-07 11:42:13,2025-04-17 06:00:00
SKU04940,Reverse-engineered static matrix,Electronics,WH-HYD,1547,38,4691.37,2025-04-09 08:49:33,2025-04-17 06:00:00
SKU04941,Versatile 24/7 neural-net,Grocery,WH-BLR,462,51,5651.87,2025-04-06 16:48:36,2025-04-17 06:00:00
SKU04942,Re-engineered scalable hierarchy,Toys,WH-CHE,1266,60,12621.08,2025-04-03 10:26:48,2025-04-17 06:00:00
SKU04943,Digitized next generation moratorium,Electronics,WH-CHE,1477,87,7335.46,2025-04-16 10:30:04,2025-04-17 06:00:00
SKU04944,Multi-lateral optimizing website,Grocery,WH-MUM,306,28,6875.04,2025-04-11 10:04:25,2025-04-17 06:00:00
SKU04945,Implemented neutral parallelism,Sports,WH-DEL,775,51,13060.3,2025-04-06 20:57:04,2025-04-17 06:00:00
SKU04946,Open-source mobile architecture,Books,WH-MUM,21,73,14249.56,2025-04-01 06:28:16,2025-04-17 06:00:00
SKU04947,Versatile multi-tasking software,Home & Kitchen,WH-DEL,744,70,6930.21,2025-04-11 04:21:41,2025-04-17 06:00:00
SKU04948,Monitored even-keeled groupware,Grocery,WH-HYD,1419,98,11471.57,2025-04-14 15:58:21,2025-04-17 06:00:00
SKU04949,Diverse client-server moderator,Books,WH-DEL,1416,50,12852.96,2025-04-03 15:04:20,2025-04-17 06:00:00
SKU04950,Robust tertiary middleware,Sports,WH-CHE,1783,58,5407.26,2025-04-16 18:07:07,2025-04-17 06:00:00
SKU04951,Vision-oriented holistic model,Electronics,WH-CHE,,19,1799.39,2025-04-04 18:15:41,2025-04-17 06:00:00
SKU04952,Object-based transitional challenge,Electronics,WH-DEL,1786,16,7494.49,2025-04-01 14:44:12,2025-04-17 06:00:00
SKU04953,Integrated interactive framework,Toys,WH-CHE,1577,97,9197.38,2025-04-02 23:06:52,2025-04-17 06:00:00
SKU04954,Optional encompassing workforce,Beauty,WH-BLR,1811,82,5520.92,2025-04-06 07:36:07,2025-04-17 06:00:00
SKU04955,Balanced optimal task-force,Home & Kitchen,WH-BLR,1774,42,12981.01,2025-04-08 17:43:31,2025-04-17 06:00:00
SKU04956,Triple-buffered homogeneous approach,Beauty,WH-MUM,693,37,14160.64,2025-04-05 09:43:48,2025-04-17 06:00:00
SKU04957,Networked solution-oriented installation,Home & Kitchen,WH-CHE,1521,88,1483.95,2025-04-08 12:05:15,2025-04-17 06:00:00
SKU04958,Synchronized systematic customer loyalty,Sports,WH-CHE,388,83,11513.5,2025-04-14 22:43:28,2025-04-17 06:00:00
SKU04959,Fundamental system-worthy process improvement,Beauty,WH-HYD,1863,61,9856.51,2025-04-14 16:33:32,2025-04-17 06:00:00
SKU04960,Re-contextualized neutral definition,Books,WH-MUM,106,80,3168.71,2025-04-02 22:06:00,2025-04-17 06:00:00
SKU04961,Grass-roots systematic functionalities,Beauty,WH-CHE,669,15,6537.58,2025-04-12 16:33:59,2025-04-17 06:00:00
SKU04962,Persevering bifurcated help-desk,Electronics,WH-HYD,1350,86,5270.94,2025-04-09 23:09:06,2025-04-17 06:00:00
SKU04963,Seamless holistic framework,Clothing,WH-MUM,883,62,244.63,2025-04-03 17:13:44,2025-04-17 06:00:00
SKU04964,Expanded mission-critical knowledgebase,Clothing,WH-HYD,1062,47,12127.04,2025-04-01 23:54:18,2025-04-17 06:00:00
SKU04965,Programmable zero-defect superstructure,Clothing,WH-MUM,1694,13,1004.51,2025-04-10 02:53:36,2025-04-17 06:00:00
SKU04966,Re-engineered 4thgeneration extranet,Books,WH-DEL,297,45,12500.66,2025-04-08 14:54:02,2025-04-17 06:00:00
SKU04967,Multi-channeled national initiative,Home & Kitchen,WH-CHE,1821,84,8201.12,2025-04-15 14:58:47,2025-04-17 06:00:00
SKU04968,Intuitive zero administration structure,Toys,WH-MUM,1180,10,2067.6,2025-04-16 13:50:54,2025-04-17 06:00:00
SKU04969,Reduced context-sensitive groupware,Home & Kitchen,WH-BLR,115,28,8309.81,2025-04-02 19:31:34,2025-04-17 06:00:00
SKU04970,Grass-roots zero-defect projection,Beauty,WH-DEL,785,81,757.66,2025-04-05 14:33:23,2025-04-17 06:00:00
SKU04971,Right-sized 4thgeneration matrices,Clothing,WH-HYD,306,16,8585.79,2025-04-07 09:01:06,2025-04-17 06:00:00
SKU04972,Distributed content-based middleware,Beauty,WH-CHE,1081,63,11177.19,2025-04-08 21:52:44,2025-04-17 06:00:00
SKU04973,Switchable radical migration,Sports,WH-DEL,1129,80,9218.24,2025-04-07 14:20:51,2025-04-17 06:00:00
SKU04974,Balanced web-enabled core,Sports,WH-MUM,1216,79,14421.9,2025-04-11 09:15:06,2025-04-17 06:00:00
SKU04975,Switchable static Graphic Interface,Beauty,WH-DEL,940,89,14851.35,2025-04-05 12:47:16,2025-04-17 06:00:00
SKU04976,Centralized radical product,Grocery,WH-DEL,1929,97,9639.92,2025-04-10 01:08:51,2025-04-17 06:00:00
SKU04977,Synergized asymmetric protocol,Sports,WH-CHE,626,70,7679.7,2025-04-01 21:30:54,2025-04-17 06:00:00
SKU04978,Self-enabling reciprocal model,Beauty,WH-MUM,313,13,6016.7,2025-04-02 03:33:10,2025-04-17 06:00:00
SKU04979,Self-enabling coherent task-force,Beauty,WH-CHE,13,93,5917.83,2025-04-08 11:50:59,2025-04-17 06:00:00
SKU04980,Persistent encompassing array,Sports,WH-DEL,1785,56,9410.89,2025-04-01 06:07:27,2025-04-17 06:00:00
SKU04981,Ergonomic actuating workforce,Clothing,WH-MUM,1821,52,2121.0,2025-04-02 06:39:43,2025-04-17 06:00:00
SKU04982,Triple-buffered zero administration knowledgebase,Toys,WH-HYD,767,65,5951.25,2025-04-02 08:12:41,2025-04-17 06:00:00
SKU04983,Horizontal context-sensitive secured line,Beauty,WH-CHE,714,12,484.95,2025-04-13 09:52:05,2025-04-17 06:00:00
SKU04984,Configurable encompassing middleware,Beauty,WH-HYD,,64,9676.6,2025-04-09 00:08:21,2025-04-17 06:00:00
SKU04985,Cross-platform systematic benchmark,Grocery,WH-MUM,1176,70,8090.51,2025-04-14 21:45:29,2025-04-17 06:00:00
SKU04986,Fundamental reciprocal core,Books,WH-CHE,1897,49,8775.38,2025-04-12 19:59:50,2025-04-17 06:00:00
SKU04987,Reduced next generation throughput,Sports,WH-CHE,311,85,3424.99,2025-04-02 00:16:22,2025-04-17 06:00:00
SKU04988,Customizable local access,Books,WH-DEL,312,98,4917.82,2025-04-14 18:01:21,2025-04-17 06:00:00
SKU04989,Team-oriented zero administration architecture,Toys,WH-CHE,37,25,12130.01,2025-04-01 15:40:27,2025-04-17 06:00:00
SKU04990,Synchronized 3rdgeneration model,Home & Kitchen,WH-BLR,1856,73,6860.76,2025-04-02 17:30:14,2025-04-17 06:00:00
SKU04991,Open-source transitional leverage,Sports,WH-MUM,1383,31,2850.01,2025-04-02 22:59:15,2025-04-17 06:00:00
SKU04992,Polarized incremental website,Clothing,WH-CHE,1295,16,1160.33,2025-04-04 04:10:43,2025-04-17 06:00:00
SKU04993,Stand-alone bi-directional system engine,Toys,WH-MUM,1560,40,9738.12,2025-04-12 18:30:37,2025-04-17 06:00:00
SKU04994,Switchable interactive interface,Grocery,WH-CHE,1295,23,2922.59,2025-04-06 07:41:51,2025-04-17 06:00:00
SKU04995,Switchable zero administration instruction set,Books,WH-CHE,1855,41,161.17,2025-04-03 08:56:13,2025-04-17 06:00:00
SKU04996,Cross-platform reciprocal policy,Sports,WH-MUM,332,72,5581.42,2025-04-13 23:05:02,2025-04-17 06:00:00
SKU04997,Robust human-resource core,Electronics,WH-MUM,790,35,3148.91,2025-04-05 09:14:57,2025-04-17 06:00:00
SKU04998,Compatible client-server standardization,Grocery,WH-BLR,314,63,4000.82,2025-04-08 18:20:58,2025-04-17 06:00:00
SKU04999,Configurable analyzing access,Toys,WH-CHE,1858,60,14467.92,2025-04-11 01:07:57,2025-04-17 06:00:00
SKU05000,Front-line disintermediate parallelism,Electronics,WH-BLR,1962,80,11231.38,2025-04-01 23:43:49,2025-04-17 06:00:00
