date,region,category,total_revenue,order_count,average_order_value
2025-01-01,Central,Beauty,1698078.21,35,48516.52
2025-01-01,Central,Books,2544516.07,41,62061.37
2025-01-01,Central,Clothing,1432191.86,31,46199.74
2025-01-01,Central,Electronics,1294852.31,29,44650.08
2025-01-01,Central,Grocery,2074205.23,31,66909.85
2025-01-01,Central,Home & Kitchen,1650659.44,35,47161.7
2025-01-01,Central,Sports,1916527.77,41,46744.58
2025-01-01,Central,Toys,2126770.56,34,62552.08
2025-01-01,East,Beauty,1650232.05,33,50007.03
2025-01-01,East,Books,1461709.48,28,52203.91
2025-01-01,East,Clothing,1124436.77,24,46851.53
2025-01-01,East,Electronics,1695545.37,30,56518.18
2025-01-01,East,Grocery,2141878.6,31,69092.86
2025-01-01,East,Home & Kitchen,1661945.48,32,51935.8
2025-01-01,East,Sports,943600.16,26,36292.31
2025-01-01,East,Toys,1528848.75,33,46328.75
2025-01-01,North,Beauty,1191294.04,25,47651.76
2025-01-01,North,Books,1255317.64,22,57059.89
2025-01-01,North,Clothing,905572.46,29,31226.64
2025-01-01,North,Electronics,1352796.52,26,52030.64
2025-01-01,North,Grocery,1031546.03,22,46888.46
2025-01-01,North,Home & Kitchen,913196.92,20,45659.85
2025-01-01,North,Sports,811885.17,22,36903.87
2025-01-01,North,Toys,1373439.9,24,57226.66
2025-01-01,South,Beauty,1537448.05,30,51248.27
2025-01-01,South,Books,1454339.22,28,51940.69
2025-01-01,South,Clothing,1476585.09,23,64199.35
2025-01-01,South,Electronics,1190036.65,23,51740.72
2025-01-01,South,Grocery,1672457.36,35,47784.5
2025-01-01,South,Home & Kitchen,1657445.02,31,53465.97
2025-01-01,South,Sports,1749347.16,25,69973.89
2025-01-01,South,Toys,1735900.99,38,45681.61
2025-01-01,West,Beauty,1592200.62,27,58970.39
2025-01-01,West,Books,1038360.06,24,43265.0
2025-01-01,West,Clothing,1546501.52,22,70295.52
2025-01-01,West,Electronics,1423681.25,29,49092.46
2025-01-01,West,Grocery,2202428.24,35,62926.52
2025-01-01,West,Home & Kitchen,1801051.83,28,64323.28
2025-01-01,West,Sports,1850004.12,26,71154.0
2025-01-01,West,Toys,1992217.57,31,64265.08
2025-01-02,Central,Beauty,1116074.56,30,37202.49
2025-01-02,Central,Books,1505061.2,30,50168.71
2025-01-02,Central,Clothing,1495714.58,38,39360.91
2025-01-02,Central,Electronics,1438839.29,28,51387.12
2025-01-02,Central,Grocery,1384796.67,27,51288.77
2025-01-02,Central,Home & Kitchen,951051.02,23,41350.04
2025-01-02,Central,Sports,626965.1,17,36880.3
2025-01-02,Central,Toys,1467112.43,28,52396.87
2025-01-02,East,Beauty,1791987.38,32,55999.61
2025-01-02,East,Books,1495226.0,27,55378.74
2025-01-02,East,Clothing,1341880.61,28,47924.31
2025-01-02,East,Electronics,2103718.55,39,53941.5
2025-01-02,East,Grocery,1198731.81,25,47949.27
2025-01-02,East,Home & Kitchen,1281739.19,23,55727.79
2025-01-02,East,Sports,1446369.69,30,48212.32
2025-01-02,East,Toys,2554100.85,39,65489.77
2025-01-02,North,Beauty,2078902.31,30,69296.74
2025-01-02,North,Books,2081437.94,31,67143.16
2025-01-02,North,Clothing,1197538.32,27,44353.27
2025-01-02,North,Electronics,1750657.42,27,64839.16
2025-01-02,North,Grocery,1995940.85,34,58704.14
2025-01-02,North,Home & Kitchen,1961341.82,28,70047.92
2025-01-02,North,Sports,1484443.91,33,44983.15
2025-01-02,North,Toys,1271379.35,30,42379.31
2025-01-02,South,Beauty,1357224.72,25,54288.99
2025-01-02,South,Books,1541885.64,28,55067.34
2025-01-02,South,Clothing,828936.45,18,46052.02
2025-01-02,South,Electronics,1034595.0,25,41383.8
2025-01-02,South,Grocery,1709086.71,31,55131.83
2025-01-02,South,Home & Kitchen,1604358.53,24,66848.27
2025-01-02,South,Sports,1414611.73,28,50521.85
2025-01-02,South,Toys,1239323.91,24,51638.5
2025-01-02,West,Beauty,1816728.6,29,62645.81
2025-01-02,West,Books,1329119.98,29,45831.72
2025-01-02,West,Clothing,1150205.72,23,50008.94
2025-01-02,West,Electronics,1580835.81,28,56458.42
2025-01-02,West,Grocery,1374629.96,30,45821.0
2025-01-02,West,Home & Kitchen,1342508.1,27,49722.52
2025-01-02,West,Sports,1454607.43,27,53874.35
2025-01-02,West,Toys,2231322.72,31,71978.15
2025-01-03,Central,Beauty,1308240.71,24,54510.03
2025-01-03,Central,Books,1330437.17,29,45877.14
2025-01-03,Central,Clothing,1542571.89,29,53192.13
2025-01-03,Central,Electronics,883864.75,20,44193.24
2025-01-03,Central,Grocery,1692233.61,33,51279.81
2025-01-03,Central,Home & Kitchen,1869172.52,34,54975.66
2025-01-03,Central,Sports,1976722.97,32,61772.59
2025-01-03,Central,Toys,1825906.3,35,52168.75
2025-01-03,East,Beauty,1295552.77,26,49828.95
2025-01-03,East,Books,1618437.22,33,49043.55
2025-01-03,East,Clothing,1369962.6,25,54798.5
2025-01-03,East,Electronics,998582.52,22,45390.11
2025-01-03,East,Grocery,1379365.33,27,51087.6
2025-01-03,East,Home & Kitchen,1872813.3,31,60413.33
2025-01-03,East,Sports,1140419.89,28,40729.28
2025-01-03,East,Toys,2215160.93,34,65151.79
2025-01-03,North,Beauty,1275280.96,23,55447.0
2025-01-03,North,Books,1679497.16,24,69979.05
2025-01-03,North,Clothing,1057030.05,21,50334.76
2025-01-03,North,Electronics,1456233.98,24,60676.42
2025-01-03,North,Grocery,2044340.49,34,60127.66
2025-01-03,North,Home & Kitchen,1151972.76,21,54855.85
2025-01-03,North,Sports,1531767.23,25,61270.69
2025-01-03,North,Toys,796641.38,25,31865.66
2025-01-03,South,Beauty,1304692.39,25,52187.7
2025-01-03,South,Books,1202332.14,28,42940.43
2025-01-03,South,Clothing,1665585.44,32,52049.55
2025-01-03,South,Electronics,1258408.79,24,52433.7
2025-01-03,South,Grocery,1431221.22,30,47707.37
2025-01-03,South,Home & Kitchen,1415686.69,23,61551.6
2025-01-03,South,Sports,1855712.07,31,59861.68
2025-01-03,South,Toys,1909726.56,27,70730.61
2025-01-03,West,Beauty,568266.91,20,28413.35
2025-01-03,West,Books,1696076.48,25,67843.06
2025-01-03,West,Clothing,936993.39,23,40738.84
2025-01-03,West,Electronics,652911.21,15,43527.41
2025-01-03,West,Grocery,1124798.54,24,46866.61
2025-01-03,West,Home & Kitchen,874750.83,20,43737.54
2025-01-03,West,Sports,1305141.18,22,59324.6
2025-01-03,West,Toys,1603939.72,32,50123.12
2025-01-04,Central,Beauty,1583466.22,28,56552.37
2025-01-04,Central,Books,888477.86,25,35539.11
2025-01-04,Central,Clothing,1195236.14,25,47809.45
2025-01-04,Central,Electronics,1261667.68,27,46728.43
2025-01-04,Central,Grocery,1348641.62,28,48165.77
2025-01-04,Central,Home & Kitchen,1555710.01,32,48615.94
2025-01-04,Central,Sports,2112326.93,35,60352.2
2025-01-04,Central,Toys,1346895.13,30,44896.5
2025-01-04,East,Beauty,1181033.99,29,40725.31
2025-01-04,East,Books,1635430.7,39,41934.12
2025-01-04,East,Clothing,2016975.7,35,57627.88
2025-01-04,East,Electronics,2503409.37,39,64189.98
2025-01-04,East,Grocery,1674428.13,28,59801.0
2025-01-04,East,Home & Kitchen,1856326.81,31,59881.51
2025-01-04,East,Sports,2549148.75,43,59282.53
2025-01-04,East,Toys,2374024.57,41,57903.04
2025-01-04,North,Beauty,1742259.18,32,54445.6
2025-01-04,North,Books,1412658.38,23,61419.93
2025-01-04,North,Clothing,1250755.03,27,46324.26
2025-01-04,North,Electronics,1728343.76,31,55753.02
2025-01-04,North,Grocery,2035558.65,35,58158.82
2025-01-04,North,Home & Kitchen,1146169.96,26,44083.46
2025-01-04,North,Sports,1723048.55,33,52213.59
2025-01-04,North,Toys,1621031.84,29,55897.65
2025-01-04,South,Beauty,1898165.22,35,54233.29
2025-01-04,South,Books,1226051.68,26,47155.83
2025-01-04,South,Clothing,1003476.91,18,55748.72
2025-01-04,South,Electronics,1129277.89,23,49099.04
2025-01-04,South,Grocery,1201757.58,19,63250.4
2025-01-04,South,Home & Kitchen,1066091.5,24,44420.48
2025-01-04,South,Sports,685332.31,22,31151.47
2025-01-04,South,Toys,1727501.52,30,57583.38
2025-01-04,West,Beauty,1741142.32,39,44644.67
2025-01-04,West,Books,1669570.55,34,49105.02
2025-01-04,West,Clothing,1747718.45,34,51403.48
2025-01-04,West,Electronics,1940627.69,41,47332.38
2025-01-04,West,Grocery,2097616.27,32,65550.51
2025-01-04,West,Home & Kitchen,2251819.65,40,56295.49
2025-01-04,West,Sports,1932644.73,34,56842.49
2025-01-04,West,Toys,1765472.21,34,51925.65
2025-01-05,Central,Beauty,1491648.75,29,51436.16
2025-01-05,Central,Books,1296357.83,26,49859.92
2025-01-05,Central,Clothing,2286498.74,32,71453.09
2025-01-05,Central,Electronics,1384796.18,29,47751.59
2025-01-05,Central,Grocery,1391509.47,32,43484.67
2025-01-05,Central,Home & Kitchen,1350638.23,29,46573.73
2025-01-05,Central,Sports,1668752.17,32,52148.51
2025-01-05,Central,Toys,1966734.22,33,59598.01
2025-01-05,East,Beauty,1394755.09,26,53644.43
2025-01-05,East,Books,1331412.35,28,47550.44
2025-01-05,East,Clothing,1614530.07,25,64581.2
2025-01-05,East,Electronics,1192633.57,26,45870.52
2025-01-05,East,Grocery,1852838.72,32,57901.21
2025-01-05,East,Home & Kitchen,1644752.83,33,49840.99
2025-01-05,East,Sports,1407423.71,27,52126.8
2025-01-05,East,Toys,1216769.67,26,46798.83
2025-01-05,North,Beauty,1137667.93,26,43756.46
2025-01-05,North,Books,1873173.42,33,56762.83
2025-01-05,North,Clothing,1569825.74,28,56065.21
2025-01-05,North,Electronics,1306232.84,26,50239.72
2025-01-05,North,Grocery,1804033.94,33,54667.7
2025-01-05,North,Home & Kitchen,1489993.84,31,48064.32
2025-01-05,North,Sports,2169991.32,34,63823.27
2025-01-05,North,Toys,1641119.75,32,51284.99
2025-01-05,South,Beauty,2023522.66,31,65274.92
2025-01-05,South,Books,1905226.57,28,68043.81
2025-01-05,South,Clothing,1142550.36,26,43944.24
2025-01-05,South,Electronics,1128127.66,23,49049.03
2025-01-05,South,Grocery,2305022.3,38,60658.48
2025-01-05,South,Home & Kitchen,1378778.07,29,47544.07
2025-01-05,South,Sports,1272205.26,32,39756.41
2025-01-05,South,Toys,1475433.37,31,47594.62
2025-01-05,West,Beauty,863770.7,22,39262.3
2025-01-05,West,Books,1683864.19,27,62365.34
2025-01-05,West,Clothing,789596.12,17,46446.83
2025-01-05,West,Electronics,1323569.85,25,52942.79
2025-01-05,West,Grocery,1398058.92,27,51779.96
2025-01-05,West,Home & Kitchen,1636136.84,32,51129.28
2025-01-05,West,Sports,646950.0,16,40434.38
2025-01-05,West,Toys,1760839.27,28,62887.12
2025-01-06,Central,Beauty,603962.13,17,35527.18
2025-01-06,Central,Books,1352036.88,27,50075.44
2025-01-06,Central,Clothing,1308942.32,27,48479.35
2025-01-06,Central,Electronics,1501305.73,20,75065.29
2025-01-06,Central,Grocery,1618828.69,32,50588.4
2025-01-06,Central,Home & Kitchen,1124980.61,27,41665.95
2025-01-06,Central,Sports,1974639.48,29,68091.02
2025-01-06,Central,Toys,1939533.77,36,53875.94
2025-01-06,East,Beauty,1107255.68,22,50329.8
2025-01-06,East,Books,1227859.03,31,39608.36
2025-01-06,East,Clothing,668371.84,20,33418.59
2025-01-06,East,Electronics,1320579.78,23,57416.51
2025-01-06,East,Grocery,1097554.94,28,39198.39
2025-01-06,East,Home & Kitchen,1396118.36,25,55844.73
2025-01-06,East,Sports,1255918.54,29,43307.54
2025-01-06,East,Toys,1948556.08,29,67191.59
2025-01-06,North,Beauty,1385718.59,29,47783.4
2025-01-06,North,Books,1743105.11,30,58103.5
2025-01-06,North,Clothing,1541098.02,25,61643.92
2025-01-06,North,Electronics,1279552.43,26,49213.56
2025-01-06,North,Grocery,1388723.54,32,43397.61
2025-01-06,North,Home & Kitchen,1754904.42,26,67496.32
2025-01-06,North,Sports,1291707.83,22,58713.99
2025-01-06,North,Toys,1580710.35,26,60796.55
2025-01-06,South,Beauty,936938.36,27,34701.42
2025-01-06,South,Books,1618928.98,27,59960.33
2025-01-06,South,Clothing,2075890.43,37,56105.15
2025-01-06,South,Electronics,1391490.09,27,51536.67
2025-01-06,South,Grocery,1798365.83,29,62012.61
2025-01-06,South,Home & Kitchen,1957410.78,32,61169.09
2025-01-06,South,Sports,1201360.09,23,52233.05
2025-01-06,South,Toys,1545728.9,32,48304.03
2025-01-06,West,Beauty,1564212.65,31,50458.47
2025-01-06,West,Books,847770.41,19,44619.5
2025-01-06,West,Clothing,1055080.92,20,52754.05
2025-01-06,West,Electronics,954641.96,17,56155.41
2025-01-06,West,Grocery,1207621.41,27,44726.72
2025-01-06,West,Home & Kitchen,1417695.4,28,50631.98
2025-01-06,West,Sports,1031114.96,25,41244.6
2025-01-06,West,Toys,1990696.68,32,62209.27
2025-01-07,Central,Beauty,1959623.88,30,65320.8
2025-01-07,Central,Books,1024294.27,27,37936.82
2025-01-07,Central,Clothing,1560136.71,29,53797.82
2025-01-07,Central,Electronics,2262041.76,32,70688.81
2025-01-07,Central,Grocery,1289862.49,26,49610.1
2025-01-07,Central,Home & Kitchen,1670114.03,32,52191.06
2025-01-07,Central,Sports,1479528.2,32,46235.26
2025-01-07,Central,Toys,1686712.45,29,58162.5
2025-01-07,East,Beauty,2018231.6,29,69594.19
2025-01-07,East,Books,847267.41,18,47070.41
2025-01-07,East,Clothing,1693712.91,29,58403.89
2025-01-07,East,Electronics,1731972.57,24,72165.52
2025-01-07,East,Grocery,1169577.33,24,48732.39
2025-01-07,East,Home & Kitchen,751841.67,17,44225.98
2025-01-07,East,Sports,1494358.04,21,71159.91
2025-01-07,East,Toys,1163364.2,24,48473.51
2025-01-07,North,Beauty,1427488.6,33,43257.23
2025-01-07,North,Books,1443087.34,28,51538.83
2025-01-07,North,Clothing,1711492.02,36,47541.45
2025-01-07,North,Electronics,1401201.18,31,45200.04
2025-01-07,North,Grocery,2234666.14,40,55866.65
2025-01-07,North,Home & Kitchen,1833314.75,34,53921.02
2025-01-07,North,Sports,1421393.32,28,50764.05
2025-01-07,North,Toys,2220507.86,40,55512.7
2025-01-07,South,Beauty,1460152.4,28,52148.3
2025-01-07,South,Books,1663773.58,24,69323.9
2025-01-07,South,Clothing,1043468.23,22,47430.37
2025-01-07,South,Electronics,1322388.78,25,52895.55
2025-01-07,South,Grocery,1597640.95,28,57058.61
2025-01-07,South,Home & Kitchen,1659474.23,30,55315.81
2025-01-07,South,Sports,1215831.88,22,55265.09
2025-01-07,South,Toys,1162309.61,21,55348.08
2025-01-07,West,Beauty,2106330.57,39,54008.48
2025-01-07,West,Books,1954987.48,34,57499.63
2025-01-07,West,Clothing,1932205.74,36,53672.38
2025-01-07,West,Electronics,1610617.63,30,53687.25
2025-01-07,West,Grocery,1857007.98,43,43186.23
2025-01-07,West,Home & Kitchen,1060340.81,25,42413.63
2025-01-07,West,Sports,1931404.64,38,50826.44
2025-01-07,West,Toys,1609628.05,33,48776.61
2025-01-08,Central,Beauty,1412325.35,30,47077.51
2025-01-08,Central,Books,1731924.58,28,61854.45
2025-01-08,Central,Clothing,1359391.53,26,52284.29
2025-01-08,Central,Electronics,1436078.64,33,43517.53
2025-01-08,Central,Grocery,1445721.4,28,51632.91
2025-01-08,Central,Home & Kitchen,2061754.35,35,58907.27
2025-01-08,Central,Sports,1292851.69,24,53868.82
2025-01-08,Central,Toys,1155447.1,28,41265.97
2025-01-08,East,Beauty,1982746.64,40,49568.67
2025-01-08,East,Books,2480998.03,39,63615.33
2025-01-08,East,Clothing,1429933.18,25,57197.33
2025-01-08,East,Electronics,1830087.93,33,55457.21
2025-01-08,East,Grocery,1714306.21,32,53572.07
2025-01-08,East,Home & Kitchen,2430954.48,46,52846.84
2025-01-08,East,Sports,1646214.45,34,48418.07
2025-01-08,East,Toys,1302566.29,30,43418.88
2025-01-08,North,Beauty,1363453.05,22,61975.14
2025-01-08,North,Books,1540293.63,26,59242.06
2025-01-08,North,Clothing,1001508.65,23,43543.85
2025-01-08,North,Electronics,1262563.59,22,57389.25
2025-01-08,North,Grocery,1338586.2,30,44619.54
2025-01-08,North,Home & Kitchen,1572860.81,26,60494.65
2025-01-08,North,Sports,1333816.46,30,44460.55
2025-01-08,North,Toys,1426700.71,37,38559.48
2025-01-08,South,Beauty,862247.21,20,43112.36
2025-01-08,South,Books,1480602.29,27,54837.12
2025-01-08,South,Clothing,1230836.01,20,61541.8
2025-01-08,South,Electronics,1316895.35,27,48773.9
2025-01-08,South,Grocery,1606686.79,33,48687.48
2025-01-08,South,Home & Kitchen,1202787.23,24,50116.13
2025-01-08,South,Sports,1283240.49,27,47527.43
2025-01-08,South,Toys,1952741.31,30,65091.38
2025-01-08,West,Beauty,1251078.59,26,48118.41
2025-01-08,West,Books,1405813.68,28,50207.63
2025-01-08,West,Clothing,1161600.06,25,46464.0
2025-01-08,West,Electronics,1348124.42,22,61278.38
2025-01-08,West,Grocery,1224987.51,24,51041.15
2025-01-08,West,Home & Kitchen,1744464.85,33,52862.57
2025-01-08,West,Sports,1593718.45,28,56918.52
2025-01-08,West,Toys,1957448.22,37,52904.01
2025-01-09,Central,Beauty,1325546.85,26,50982.57
2025-01-09,Central,Books,1257020.14,25,50280.81
2025-01-09,Central,Clothing,1127482.41,26,43364.71
2025-01-09,Central,Electronics,1145767.23,23,49815.97
2025-01-09,Central,Grocery,1190541.77,28,42519.35
2025-01-09,Central,Home & Kitchen,1182741.2,25,47309.65
2025-01-09,Central,Sports,1421753.3,30,47391.78
2025-01-09,Central,Toys,2737902.35,41,66778.11
2025-01-09,East,Beauty,1357990.27,30,45266.34
2025-01-09,East,Books,1187333.0,25,47493.32
2025-01-09,East,Clothing,1675486.36,31,54047.95
2025-01-09,East,Electronics,1581485.59,23,68760.24
2025-01-09,East,Grocery,1751569.14,28,62556.04
2025-01-09,East,Home & Kitchen,1243353.6,31,40108.18
2025-01-09,East,Sports,1417677.91,27,52506.59
2025-01-09,East,Toys,2294687.71,34,67490.82
2025-01-09,North,Beauty,1383514.66,28,49411.24
2025-01-09,North,Books,1474695.9,32,46084.25
2025-01-09,North,Clothing,1455512.03,33,44106.43
2025-01-09,North,Electronics,900216.88,19,47379.84
2025-01-09,North,Grocery,1042118.72,25,41684.75
2025-01-09,North,Home & Kitchen,2102582.46,34,61840.66
2025-01-09,North,Sports,1196342.61,23,52014.9
2025-01-09,North,Toys,1514500.87,28,54089.32
2025-01-09,South,Beauty,1297451.45,24,54060.48
2025-01-09,South,Books,1629437.73,35,46555.36
2025-01-09,South,Clothing,1694178.58,27,62747.35
2025-01-09,South,Electronics,1507326.8,25,60293.07
2025-01-09,South,Grocery,1081302.11,28,38617.93
2025-01-09,South,Home & Kitchen,1319406.23,28,47121.65
2025-01-09,South,Sports,1485659.92,30,49522.0
2025-01-09,South,Toys,1449722.57,28,51775.81
2025-01-09,West,Beauty,1668966.77,29,57550.58
2025-01-09,West,Books,1241582.87,31,40051.06
2025-01-09,West,Clothing,882227.64,24,36759.49
2025-01-09,West,Electronics,1688727.35,34,49668.45
2025-01-09,West,Grocery,1523973.42,34,44822.75
2025-01-09,West,Home & Kitchen,899874.39,20,44993.72
2025-01-09,West,Sports,2795897.54,43,65020.87
2025-01-09,West,Toys,1862487.0,33,56439.0
2025-01-10,Central,Beauty,1340620.11,30,44687.34
2025-01-10,Central,Books,1505764.51,21,71703.07
2025-01-10,Central,Clothing,1940536.68,28,69304.88
2025-01-10,Central,Electronics,1849564.66,35,52844.7
2025-01-10,Central,Grocery,1876585.03,33,56866.21
2025-01-10,Central,Home & Kitchen,2049280.15,32,64040.0
2025-01-10,Central,Sports,1632764.85,29,56302.24
2025-01-10,Central,Toys,1858697.4,37,50235.06
2025-01-10,East,Beauty,1221417.65,26,46977.6
2025-01-10,East,Books,863832.95,25,34553.32
2025-01-10,East,Clothing,1191746.39,22,54170.29
2025-01-10,East,Electronics,1476879.92,27,54699.26
2025-01-10,East,Grocery,1810019.4,30,60333.98
2025-01-10,East,Home & Kitchen,1508182.42,31,48651.05
2025-01-10,East,Sports,1922449.2,29,66291.35
2025-01-10,East,Toys,1276419.43,24,53184.14
2025-01-10,North,Beauty,1440019.4,27,53334.05
2025-01-10,North,Books,1012995.3,20,50649.77
2025-01-10,North,Clothing,1556145.37,28,55576.62
2025-01-10,North,Electronics,483553.33,15,32236.89
2025-01-10,North,Grocery,1223054.31,25,48922.17
2025-01-10,North,Home & Kitchen,937018.94,27,34704.41
2025-01-10,North,Sports,1137997.11,20,56899.86
2025-01-10,North,Toys,1255885.21,29,43306.39
2025-01-10,South,Beauty,1333348.83,20,66667.44
2025-01-10,South,Books,1867695.49,31,60248.24
2025-01-10,South,Clothing,1677120.66,30,55904.02
2025-01-10,South,Electronics,1664821.8,25,66592.87
2025-01-10,South,Grocery,1349853.2,30,44995.11
2025-01-10,South,Home & Kitchen,1702360.92,28,60798.6
2025-01-10,South,Sports,1464471.16,32,45764.72
2025-01-10,South,Toys,1211233.59,23,52662.33
2025-01-10,West,Beauty,1744453.2,27,64609.38
2025-01-10,West,Books,1140107.88,23,49569.91
2025-01-10,West,Clothing,1163782.35,20,58189.12
2025-01-10,West,Electronics,1531824.44,24,63826.02
2025-01-10,West,Grocery,1251751.82,26,48144.3
2025-01-10,West,Home & Kitchen,1023323.99,21,48729.71
2025-01-10,West,Sports,899895.52,21,42852.17
2025-01-10,West,Toys,1310091.51,29,45175.57
2025-01-11,Central,Beauty,1158139.15,26,44543.81
2025-01-11,Central,Books,1772246.44,30,59074.88
2025-01-11,Central,Clothing,1164119.05,35,33260.54
2025-01-11,Central,Electronics,1443318.39,26,55512.25
2025-01-11,Central,Grocery,971995.58,25,38879.82
2025-01-11,Central,Home & Kitchen,1064864.89,26,40956.34
2025-01-11,Central,Sports,1611107.73,32,50347.12
2025-01-11,Central,Toys,1963797.0,38,51678.87
2025-01-11,East,Beauty,1980979.25,39,50794.34
2025-01-11,East,Books,2004121.18,36,55670.03
2025-01-11,East,Clothing,1585524.66,33,48046.2
2025-01-11,East,Electronics,1631719.42,30,54390.65
2025-01-11,East,Grocery,1512424.77,26,58170.18
2025-01-11,East,Home & Kitchen,1747867.99,27,64735.85
2025-01-11,East,Sports,1842114.51,36,51169.85
2025-01-11,East,Toys,1788560.54,33,54198.8
2025-01-11,North,Beauty,1025151.13,21,48816.72
2025-01-11,North,Books,1176742.17,23,51162.7
2025-01-11,North,Clothing,789273.66,16,49329.6
2025-01-11,North,Electronics,1079636.2,22,49074.37
2025-01-11,North,Grocery,1284224.35,22,58373.83
2025-01-11,North,Home & Kitchen,1755961.23,25,70238.45
2025-01-11,North,Sports,881769.63,15,58784.64
2025-01-11,North,Toys,1399753.23,22,63625.15
2025-01-11,South,Beauty,1594797.21,29,54993.01
2025-01-11,South,Books,1560001.15,35,44571.46
2025-01-11,South,Clothing,1773904.74,33,53754.69
2025-01-11,South,Electronics,1823589.78,37,49286.21
2025-01-11,South,Grocery,1534952.3,35,43855.78
2025-01-11,South,Home & Kitchen,1118247.65,21,53249.89
2025-01-11,South,Sports,1696498.17,32,53015.57
2025-01-11,South,Toys,1950421.01,38,51326.87
2025-01-11,West,Beauty,1309822.66,31,42252.34
2025-01-11,West,Books,1365142.44,30,45504.75
2025-01-11,West,Clothing,1388549.45,24,57856.23
2025-01-11,West,Electronics,1405607.99,26,54061.85
2025-01-11,West,Grocery,1536953.89,30,51231.8
2025-01-11,West,Home & Kitchen,1361450.75,35,38898.59
2025-01-11,West,Sports,1090473.21,25,43618.93
2025-01-11,West,Toys,1353213.16,27,50119.01
2025-01-12,Central,Beauty,1100368.91,25,44014.76
2025-01-12,Central,Books,1749906.05,29,60341.59
2025-01-12,Central,Clothing,932745.56,22,42397.53
2025-01-12,Central,Electronics,1239195.25,27,45896.12
2025-01-12,Central,Grocery,1229508.84,22,55886.77
2025-01-12,Central,Home & Kitchen,1509769.12,24,62907.05
2025-01-12,Central,Sports,1031128.31,23,44831.67
2025-01-12,Central,Toys,1542659.46,28,55094.98
2025-01-12,East,Beauty,1034529.9,21,49263.33
2025-01-12,East,Books,1259313.73,24,52471.41
2025-01-12,East,Clothing,1432097.99,31,46196.71
2025-01-12,East,Electronics,1256596.7,21,59837.94
2025-01-12,East,Grocery,993356.59,21,47302.69
2025-01-12,East,Home & Kitchen,2295732.1,37,62046.81
2025-01-12,East,Sports,1473390.67,30,49113.02
2025-01-12,East,Toys,1773873.12,31,57221.71
2025-01-12,North,Beauty,1515393.14,29,52254.94
2025-01-12,North,Books,1784573.47,32,55767.92
2025-01-12,North,Clothing,1507786.77,35,43079.62
2025-01-12,North,Electronics,2213536.9,34,65104.03
2025-01-12,North,Grocery,2022890.83,35,57796.88
2025-01-12,North,Home & Kitchen,1920533.04,35,54872.37
2025-01-12,North,Sports,3027850.55,36,84106.96
2025-01-12,North,Toys,1743843.11,28,62280.11
2025-01-12,South,Beauty,1792425.9,32,56013.31
2025-01-12,South,Books,2059793.27,34,60582.16
2025-01-12,South,Clothing,1017404.22,21,48447.82
2025-01-12,South,Electronics,1742242.43,26,67009.32
2025-01-12,South,Grocery,1479062.21,25,59162.49
2025-01-12,South,Home & Kitchen,1297451.02,27,48053.74
2025-01-12,South,Sports,1561150.72,30,52038.36
2025-01-12,South,Toys,1407190.03,24,58632.92
2025-01-12,West,Beauty,2346211.32,42,55862.17
2025-01-12,West,Books,1717905.55,31,55416.31
2025-01-12,West,Clothing,1288788.33,29,44440.98
2025-01-12,West,Electronics,2085462.24,28,74480.79
2025-01-12,West,Grocery,1866025.63,37,50433.13
2025-01-12,West,Home & Kitchen,1776646.61,33,53837.78
2025-01-12,West,Sports,1373547.39,28,49055.26
2025-01-12,West,Toys,1863637.23,35,53246.78
2025-01-13,Central,Beauty,1522342.24,30,50744.74
2025-01-13,Central,Books,1327536.71,25,53101.47
2025-01-13,Central,Clothing,957048.43,28,34180.3
2025-01-13,Central,Electronics,1336321.87,28,47725.78
2025-01-13,Central,Grocery,1414193.78,28,50506.92
2025-01-13,Central,Home & Kitchen,1706211.38,24,71092.14
2025-01-13,Central,Sports,1711102.17,33,51851.58
2025-01-13,Central,Toys,2037326.61,35,58209.33
2025-01-13,East,Beauty,1554154.19,25,62166.17
2025-01-13,East,Books,1340626.08,31,43246.0
2025-01-13,East,Clothing,1719344.41,33,52101.35
2025-01-13,East,Electronics,2695027.71,42,64167.33
2025-01-13,East,Grocery,1957542.35,31,63146.53
2025-01-13,East,Home & Kitchen,1630417.21,28,58229.19
2025-01-13,East,Sports,1357066.6,33,41123.23
2025-01-13,East,Toys,1772475.71,36,49235.44
2025-01-13,North,Beauty,1145099.84,28,40896.42
2025-01-13,North,Books,1372356.87,26,52782.96
2025-01-13,North,Clothing,2013448.53,30,67114.95
2025-01-13,North,Electronics,1162525.52,19,61185.55
2025-01-13,North,Grocery,1927497.57,28,68839.2
2025-01-13,North,Home & Kitchen,1434763.94,31,46282.71
2025-01-13,North,Sports,1241083.45,24,51711.81
2025-01-13,North,Toys,848573.96,20,42428.7
2025-01-13,South,Beauty,1445833.68,30,48194.46
2025-01-13,South,Books,1435936.64,32,44873.02
2025-01-13,South,Clothing,1646123.32,29,56762.87
2025-01-13,South,Electronics,1296907.02,22,58950.32
2025-01-13,South,Grocery,1294431.16,32,40450.97
2025-01-13,South,Home & Kitchen,1738828.71,34,51142.02
2025-01-13,South,Sports,1887935.6,35,53941.02
2025-01-13,South,Toys,1433662.6,31,46247.18
2025-01-13,West,Beauty,2034429.08,35,58126.55
2025-01-13,West,Books,1270389.46,29,43806.53
2025-01-13,West,Clothing,1421085.2,24,59211.88
2025-01-13,West,Electronics,1921673.66,31,61989.47
2025-01-13,West,Grocery,1721881.85,31,55544.58
2025-01-13,West,Home & Kitchen,1449290.03,27,53677.41
2025-01-13,West,Sports,1083411.91,27,40126.37
2025-01-13,West,Toys,1612454.96,31,52014.68
2025-01-14,Central,Beauty,1048217.34,23,45574.67
2025-01-14,Central,Books,1489277.27,27,55158.42
2025-01-14,Central,Clothing,1030306.87,25,41212.27
2025-01-14,Central,Electronics,1280743.36,26,49259.36
2025-01-14,Central,Grocery,2458001.47,33,74484.89
2025-01-14,Central,Home & Kitchen,1535911.09,31,49545.52
2025-01-14,Central,Sports,1635396.83,30,54513.23
2025-01-14,Central,Toys,1099421.39,29,37911.08
2025-01-14,East,Beauty,1773306.39,34,52156.07
2025-01-14,East,Books,1005919.82,22,45723.63
2025-01-14,East,Clothing,1639500.57,25,65580.02
2025-01-14,East,Electronics,1513433.27,27,56053.08
2025-01-14,East,Grocery,1496720.93,26,57566.19
2025-01-14,East,Home & Kitchen,1386640.67,23,60288.72
2025-01-14,East,Sports,1100274.38,27,40750.9
2025-01-14,East,Toys,2115934.18,29,72963.25
2025-01-14,North,Beauty,1955244.72,36,54312.35
2025-01-14,North,Books,1712277.28,29,59044.04
2025-01-14,North,Clothing,1607586.07,33,48714.73
2025-01-14,North,Electronics,1453662.99,26,55910.12
2025-01-14,North,Grocery,2012355.37,31,64914.69
2025-01-14,North,Home & Kitchen,1757963.65,36,48832.32
2025-01-14,North,Sports,1455459.05,29,50188.24
2025-01-14,North,Toys,1306193.72,29,45041.16
2025-01-14,South,Beauty,2224750.46,30,74158.35
2025-01-14,South,Books,815748.31,20,40787.42
2025-01-14,South,Clothing,1445950.7,29,49860.37
2025-01-14,South,Electronics,1359404.14,20,67970.21
2025-01-14,South,Grocery,1303041.57,22,59229.16
2025-01-14,South,Home & Kitchen,1703545.25,33,51622.58
2025-01-14,South,Sports,1318483.96,22,59931.09
2025-01-14,South,Toys,1662160.91,27,61561.52
2025-01-14,West,Beauty,1271383.24,28,45406.54
2025-01-14,West,Books,1197683.39,27,44358.64
2025-01-14,West,Clothing,1063901.1,24,44329.21
2025-01-14,West,Electronics,1445666.7,29,49850.58
2025-01-14,West,Grocery,1242539.56,28,44376.41
2025-01-14,West,Home & Kitchen,1021938.96,32,31935.59
2025-01-14,West,Sports,1181906.73,23,51387.25
2025-01-14,West,Toys,1504504.08,33,45591.03
2025-01-15,Central,Beauty,1532586.91,29,52847.82
2025-01-15,Central,Books,1167441.58,30,38914.72
2025-01-15,Central,Clothing,1064776.24,25,42591.05
2025-01-15,Central,Electronics,1439523.94,30,47984.13
2025-01-15,Central,Grocery,2434139.47,38,64056.3
2025-01-15,Central,Home & Kitchen,1813945.03,39,46511.41
2025-01-15,Central,Sports,1251301.8,29,43148.34
2025-01-15,Central,Toys,1183537.17,29,40811.63
2025-01-15,East,Beauty,1527326.42,27,56567.65
2025-01-15,East,Books,1635926.13,25,65437.05
2025-01-15,East,Clothing,1265698.62,24,52737.44
2025-01-15,East,Electronics,1741378.23,32,54418.07
2025-01-15,East,Grocery,2072170.99,40,51804.27
2025-01-15,East,Home & Kitchen,1938706.78,33,58748.69
2025-01-15,East,Sports,2394959.7,38,63025.26
2025-01-15,East,Toys,2659869.11,36,73885.25
2025-01-15,North,Beauty,1194065.39,34,35119.57
2025-01-15,North,Books,1042179.83,24,43424.16
2025-01-15,North,Clothing,2166106.64,35,61888.76
2025-01-15,North,Electronics,1513129.27,30,50437.64
2025-01-15,North,Grocery,1808673.88,32,56521.06
2025-01-15,North,Home & Kitchen,1654568.48,27,61280.31
2025-01-15,North,Sports,1204577.39,22,54753.52
2025-01-15,North,Toys,1889147.03,36,52476.31
2025-01-15,South,Beauty,1245002.17,26,47884.7
2025-01-15,South,Books,1464500.89,21,69738.14
2025-01-15,South,Clothing,622021.59,19,32737.98
2025-01-15,South,Electronics,1057645.55,25,42305.82
2025-01-15,South,Grocery,1691009.39,26,65038.82
2025-01-15,South,Home & Kitchen,1183265.5,23,51446.33
2025-01-15,South,Sports,1140133.92,27,42227.18
2025-01-15,South,Toys,1343467.04,27,49758.04
2025-01-15,West,Beauty,1677422.04,27,62126.74
2025-01-15,West,Books,1611897.22,26,61996.05
2025-01-15,West,Clothing,1136708.69,26,43719.56
2025-01-15,West,Electronics,1086312.68,24,45263.03
2025-01-15,West,Grocery,1986691.29,32,62084.1
2025-01-15,West,Home & Kitchen,1532559.79,25,61302.39
2025-01-15,West,Sports,1898642.05,33,57534.61
2025-01-15,West,Toys,1191504.57,29,41086.36
2025-01-16,Central,Beauty,1817846.86,34,53466.08
2025-01-16,Central,Books,1298164.34,24,54090.18
2025-01-16,Central,Clothing,1878365.7,33,56920.17
2025-01-16,Central,Electronics,1734665.81,28,61952.35
2025-01-16,Central,Grocery,1429993.66,35,40856.96
2025-01-16,Central,Home & Kitchen,1528891.47,25,61155.66
2025-01-16,Central,Sports,1091196.14,22,49599.82
2025-01-16,Central,Toys,1519546.73,33,46046.87
2025-01-16,East,Beauty,1872534.88,30,62417.83
2025-01-16,East,Books,1905967.95,31,61482.84
2025-01-16,East,Clothing,1310789.29,27,48547.75
2025-01-16,East,Electronics,1570725.81,29,54162.96
2025-01-16,East,Grocery,1051460.44,23,45715.67
2025-01-16,East,Home & Kitchen,1312402.69,32,41012.58
2025-01-16,East,Sports,1222314.22,29,42148.77
2025-01-16,East,Toys,2269685.71,42,54040.14
2025-01-16,North,Beauty,1320086.55,27,48892.09
2025-01-16,North,Books,1570981.25,31,50676.81
2025-01-16,North,Clothing,1064983.3,28,38035.12
2025-01-16,North,Electronics,1430869.27,20,71543.46
2025-01-16,North,Grocery,1715251.16,32,53601.6
2025-01-16,North,Home & Kitchen,1333160.95,27,49376.33
2025-01-16,North,Sports,1039827.24,23,45209.88
2025-01-16,North,Toys,2080255.54,34,61183.99
2025-01-16,South,Beauty,2272573.66,44,51649.4
2025-01-16,South,Books,1920146.68,28,68576.67
2025-01-16,South,Clothing,1453831.71,32,45432.24
2025-01-16,South,Electronics,2517817.79,37,68049.13
2025-01-16,South,Grocery,1424628.93,30,47487.63
2025-01-16,South,Home & Kitchen,1808847.95,34,53201.41
2025-01-16,South,Sports,1960859.94,41,47825.85
2025-01-16,South,Toys,1660073.41,30,55335.78
2025-01-16,West,Beauty,1420559.78,30,47351.99
2025-01-16,West,Books,1344369.23,26,51706.51
2025-01-16,West,Clothing,1683485.63,25,67339.43
2025-01-16,West,Electronics,1377686.63,28,49203.09
2025-01-16,West,Grocery,1898607.35,32,59331.48
2025-01-16,West,Home & Kitchen,2286686.94,32,71458.97
2025-01-16,West,Sports,1563066.55,32,48845.83
2025-01-16,West,Toys,1595448.75,33,48346.93
2025-01-17,Central,Beauty,1713321.72,33,51918.84
2025-01-17,Central,Books,1761263.77,39,45160.61
2025-01-17,Central,Clothing,1078839.74,24,44951.66
2025-01-17,Central,Electronics,2059103.59,32,64346.99
2025-01-17,Central,Grocery,1394293.8,31,44977.22
2025-01-17,Central,Home & Kitchen,1398488.88,29,48223.75
2025-01-17,Central,Sports,2315481.9,45,51455.15
2025-01-17,Central,Toys,1857651.21,37,50206.79
2025-01-17,East,Beauty,2203078.14,32,68846.19
2025-01-17,East,Books,1879534.61,32,58735.46
2025-01-17,East,Clothing,1567111.72,29,54038.34
2025-01-17,East,Electronics,1204644.37,31,38859.5
2025-01-17,East,Grocery,1634514.96,28,58375.53
2025-01-17,East,Home & Kitchen,947108.7,22,43050.4
2025-01-17,East,Sports,1805824.89,28,64493.75
2025-01-17,East,Toys,1602042.33,24,66751.76
2025-01-17,North,Beauty,1613757.17,24,67239.88
2025-01-17,North,Books,1340291.72,26,51549.68
2025-01-17,North,Clothing,1162591.99,25,46503.68
2025-01-17,North,Electronics,1144297.87,17,67311.64
2025-01-17,North,Grocery,1389889.95,28,49638.93
2025-01-17,North,Home & Kitchen,1728946.24,33,52392.31
2025-01-17,North,Sports,1057506.26,27,39166.9
2025-01-17,North,Toys,1625544.89,32,50798.28
2025-01-17,South,Beauty,1867211.62,30,62240.39
2025-01-17,South,Books,1257453.75,29,43360.47
2025-01-17,South,Clothing,1181667.73,32,36927.12
2025-01-17,South,Electronics,1501777.03,34,44169.91
2025-01-17,South,Grocery,1626437.39,27,60238.42
2025-01-17,South,Home & Kitchen,1975315.92,37,53386.92
2025-01-17,South,Sports,1643854.78,32,51370.46
2025-01-17,South,Toys,1904635.5,31,61439.85
2025-01-17,West,Beauty,1855952.55,35,53027.22
2025-01-17,West,Books,1509196.32,28,53899.87
2025-01-17,West,Clothing,1032504.58,25,41300.18
2025-01-17,West,Electronics,2096057.61,41,51123.36
2025-01-17,West,Grocery,2263095.79,39,58028.1
2025-01-17,West,Home & Kitchen,1726083.51,34,50767.16
2025-01-17,West,Sports,2051486.57,34,60337.84
2025-01-17,West,Toys,2530510.93,34,74426.79
2025-01-18,Central,Beauty,812517.79,18,45139.88
2025-01-18,Central,Books,2176076.41,32,68002.39
2025-01-18,Central,Clothing,1369257.71,26,52663.76
2025-01-18,Central,Electronics,1258913.86,21,59948.28
2025-01-18,Central,Grocery,953041.58,20,47652.08
2025-01-18,Central,Home & Kitchen,1072739.67,20,53636.98
2025-01-18,Central,Sports,1355177.4,25,54207.1
2025-01-18,Central,Toys,1048670.84,20,52433.54
2025-01-18,East,Beauty,1632213.11,34,48006.27
2025-01-18,East,Books,2225042.9,34,65442.44
2025-01-18,East,Clothing,1496997.8,30,49899.93
2025-01-18,East,Electronics,1360025.0,33,41212.88
2025-01-18,East,Grocery,1604839.45,35,45852.56
2025-01-18,East,Home & Kitchen,1806245.84,33,54734.72
2025-01-18,East,Sports,1033121.02,26,39735.42
2025-01-18,East,Toys,2206527.48,36,61292.43
2025-01-18,North,Beauty,1265285.42,29,43630.53
2025-01-18,North,Books,1527781.76,29,52682.13
2025-01-18,North,Clothing,1282020.35,27,47482.24
2025-01-18,North,Electronics,1721434.23,30,57381.14
2025-01-18,North,Grocery,1788787.63,34,52611.4
2025-01-18,North,Home & Kitchen,1730888.06,31,55835.1
2025-01-18,North,Sports,1783144.0,35,50946.97
2025-01-18,North,Toys,1511572.09,30,50385.74
2025-01-18,South,Beauty,1129935.75,27,41849.47
2025-01-18,South,Books,1181839.25,27,43771.82
2025-01-18,South,Clothing,1717588.02,27,63614.37
2025-01-18,South,Electronics,1660802.93,27,61511.22
2025-01-18,South,Grocery,1532304.08,22,69650.19
2025-01-18,South,Home & Kitchen,1328367.73,23,57755.12
2025-01-18,South,Sports,1803214.49,27,66785.72
2025-01-18,South,Toys,1359903.3,28,48567.98
2025-01-18,West,Beauty,1487573.39,30,49585.78
2025-01-18,West,Books,1476218.98,27,54674.78
2025-01-18,West,Clothing,1408977.05,25,56359.08
2025-01-18,West,Electronics,1297611.43,20,64880.57
2025-01-18,West,Grocery,1096683.29,24,45695.14
2025-01-18,West,Home & Kitchen,1259462.31,23,54759.23
2025-01-18,West,Sports,618682.83,22,28121.95
2025-01-18,West,Toys,1643923.72,23,71474.94
2025-01-19,Central,Beauty,1253447.49,24,52226.98
2025-01-19,Central,Books,1794389.52,28,64085.34
2025-01-19,Central,Clothing,943786.43,27,34955.05
2025-01-19,Central,Electronics,1114630.11,25,44585.2
2025-01-19,Central,Grocery,1599170.99,28,57113.25
2025-01-19,Central,Home & Kitchen,1364451.9,34,40130.94
2025-01-19,Central,Sports,1433561.88,29,49433.17
2025-01-19,Central,Toys,1868306.88,33,56615.36
2025-01-19,East,Beauty,1152903.6,23,50126.24
2025-01-19,East,Books,1412971.89,27,52332.29
2025-01-19,East,Clothing,918067.75,16,57379.23
2025-01-19,East,Electronics,1807218.64,25,72288.75
2025-01-19,East,Grocery,831147.53,20,41557.38
2025-01-19,East,Home & Kitchen,954159.15,17,56127.01
2025-01-19,East,Sports,1237893.99,19,65152.32
2025-01-19,East,Toys,881128.37,19,46375.18
2025-01-19,North,Beauty,1702074.16,29,58692.21
2025-01-19,North,Books,1277854.87,26,49148.26
2025-01-19,North,Clothing,1320158.52,28,47148.52
2025-01-19,North,Electronics,1281821.61,30,42727.39
2025-01-19,North,Grocery,1452236.41,24,60509.85
2025-01-19,North,Home & Kitchen,1563762.75,23,67989.68
2025-01-19,North,Sports,1304208.28,20,65210.41
2025-01-19,North,Toys,1665897.71,31,53738.64
2025-01-19,South,Beauty,1207923.6,20,60396.18
2025-01-19,South,Books,1189003.96,24,49541.83
2025-01-19,South,Clothing,1540521.22,30,51350.71
2025-01-19,South,Electronics,1366692.29,23,59421.4
2025-01-19,South,Grocery,1500004.93,25,60000.2
2025-01-19,South,Home & Kitchen,1672700.46,23,72726.11
2025-01-19,South,Sports,1414348.32,25,56573.93
2025-01-19,South,Toys,1433495.42,25,57339.82
2025-01-19,West,Beauty,1028357.6,22,46743.53
2025-01-19,West,Books,820010.48,19,43158.45
2025-01-19,West,Clothing,1425694.7,27,52803.51
2025-01-19,West,Electronics,1537663.61,24,64069.32
2025-01-19,West,Grocery,1072441.33,23,46627.88
2025-01-19,West,Home & Kitchen,620245.86,20,31012.29
2025-01-19,West,Sports,1625820.29,24,67742.51
2025-01-19,West,Toys,991966.73,24,41331.95
2025-01-20,Central,Beauty,2259163.16,44,51344.62
2025-01-20,Central,Books,1687319.15,31,54429.65
2025-01-20,Central,Clothing,1423991.7,32,44499.74
2025-01-20,Central,Electronics,1795559.91,31,57921.29
2025-01-20,Central,Grocery,1396399.82,32,43637.49
2025-01-20,Central,Home & Kitchen,1918068.74,34,56413.79
2025-01-20,Central,Sports,1922300.69,40,48057.52
2025-01-20,Central,Toys,1387241.95,33,42037.63
2025-01-20,East,Beauty,1638032.18,32,51188.51
2025-01-20,East,Books,1536010.94,31,49548.74
2025-01-20,East,Clothing,1441272.4,29,49699.05
2025-01-20,East,Electronics,1833075.12,31,59131.46
2025-01-20,East,Grocery,1801721.41,35,51477.75
2025-01-20,East,Home & Kitchen,1418017.86,32,44313.06
2025-01-20,East,Sports,2025743.0,36,56270.64
2025-01-20,East,Toys,2111558.72,38,55567.33
2025-01-20,North,Beauty,1231980.17,26,47383.85
2025-01-20,North,Books,925462.79,22,42066.49
2025-01-20,North,Clothing,1503585.97,27,55688.37
2025-01-20,North,Electronics,920718.32,20,46035.92
2025-01-20,North,Grocery,1779738.42,30,59324.61
2025-01-20,North,Home & Kitchen,1349420.61,23,58670.46
2025-01-20,North,Sports,1681572.79,27,62280.47
2025-01-20,North,Toys,1771316.27,31,57139.23
2025-01-20,South,Beauty,1907299.65,38,50192.1
2025-01-20,South,Books,1314456.47,32,41076.76
2025-01-20,South,Clothing,1366519.18,25,54660.77
2025-01-20,South,Electronics,2389792.31,34,70288.01
2025-01-20,South,Grocery,939535.27,19,49449.22
2025-01-20,South,Home & Kitchen,1599246.59,33,48462.02
2025-01-20,South,Sports,1399807.64,30,46660.25
2025-01-20,South,Toys,1500543.23,34,44133.62
2025-01-20,West,Beauty,1336542.31,28,47733.65
2025-01-20,West,Books,564037.73,19,29686.2
2025-01-20,West,Clothing,1455998.22,25,58239.93
2025-01-20,West,Electronics,1401113.32,26,53888.97
2025-01-20,West,Grocery,1428067.59,27,52891.39
2025-01-20,West,Home & Kitchen,1016071.08,20,50803.55
2025-01-20,West,Sports,1316734.25,24,54863.93
2025-01-20,West,Toys,984091.77,22,44731.44
2025-01-21,Central,Beauty,1596909.47,30,53230.32
2025-01-21,Central,Books,1304090.46,32,40752.83
2025-01-21,Central,Clothing,1614396.33,28,57657.01
2025-01-21,Central,Electronics,1214607.0,27,44985.44
2025-01-21,Central,Grocery,2149585.82,37,58096.91
2025-01-21,Central,Home & Kitchen,879220.13,25,35168.81
2025-01-21,Central,Sports,1899780.94,31,61283.26
2025-01-21,Central,Toys,726791.51,25,29071.66
2025-01-21,East,Beauty,1237025.86,25,49481.03
2025-01-21,East,Books,1266990.63,24,52791.28
2025-01-21,East,Clothing,1041040.26,26,40040.01
2025-01-21,East,Electronics,1524680.3,24,63528.35
2025-01-21,East,Grocery,2688520.09,35,76814.86
2025-01-21,East,Home & Kitchen,1045205.4,21,49771.69
2025-01-21,East,Sports,1877373.77,32,58667.93
2025-01-21,East,Toys,1487944.82,32,46498.28
2025-01-21,North,Beauty,1536141.83,32,48004.43
2025-01-21,North,Books,1873720.55,32,58553.77
2025-01-21,North,Clothing,1570015.02,28,56071.97
2025-01-21,North,Electronics,1715000.38,30,57166.68
2025-01-21,North,Grocery,1676992.12,32,52406.0
2025-01-21,North,Home & Kitchen,1186514.6,17,69794.98
2025-01-21,North,Sports,1434250.74,26,55163.49
2025-01-21,North,Toys,1770002.58,32,55312.58
2025-01-21,South,Beauty,1277497.65,26,49134.52
2025-01-21,South,Books,1945629.71,32,60800.93
2025-01-21,South,Clothing,1286725.65,22,58487.53
2025-01-21,South,Electronics,1284959.5,25,51398.38
2025-01-21,South,Grocery,1639218.47,37,44303.2
2025-01-21,South,Home & Kitchen,1259514.85,27,46648.7
2025-01-21,South,Sports,1760449.73,36,48901.38
2025-01-21,South,Toys,1342976.06,27,49739.85
2025-01-21,West,Beauty,1637465.52,28,58480.91
2025-01-21,West,Books,1932235.34,30,64407.84
2025-01-21,West,Clothing,1455868.32,30,48528.94
2025-01-21,West,Electronics,981360.32,20,49068.02
2025-01-21,West,Grocery,1239336.34,27,45901.35
2025-01-21,West,Home & Kitchen,1378219.45,21,65629.5
2025-01-21,West,Sports,939093.8,22,42686.08
2025-01-21,West,Toys,1096187.2,31,35360.88
2025-01-22,Central,Beauty,943403.55,29,32531.16
2025-01-22,Central,Books,1665964.11,29,57447.04
2025-01-22,Central,Clothing,1601242.48,33,48522.5
2025-01-22,Central,Electronics,1510464.63,31,48724.67
2025-01-22,Central,Grocery,1488200.87,34,43770.61
2025-01-22,Central,Home & Kitchen,1646188.01,29,56765.1
2025-01-22,Central,Sports,1520529.04,27,56315.89
2025-01-22,Central,Toys,1463991.26,31,47225.52
2025-01-22,East,Beauty,1596135.07,28,57004.82
2025-01-22,East,Books,1597407.86,28,57050.28
2025-01-22,East,Clothing,1423089.83,26,54734.22
2025-01-22,East,Electronics,1409120.93,24,58713.37
2025-01-22,East,Grocery,1383511.66,28,49411.13
2025-01-22,East,Home & Kitchen,1408368.14,25,56334.73
2025-01-22,East,Sports,1230403.52,21,58590.64
2025-01-22,East,Toys,1484633.09,31,47891.39
2025-01-22,North,Beauty,1417414.15,25,56696.57
2025-01-22,North,Books,1300850.17,33,39419.7
2025-01-22,North,Clothing,1034721.46,26,39796.98
2025-01-22,North,Electronics,2101060.84,33,63668.51
2025-01-22,North,Grocery,1590912.13,31,51319.75
2025-01-22,North,Home & Kitchen,1403900.05,24,58495.84
2025-01-22,North,Sports,1867097.02,32,58346.78
2025-01-22,North,Toys,1905673.36,29,65712.87
2025-01-22,South,Beauty,1070250.9,28,38223.25
2025-01-22,South,Books,1585979.06,26,60999.19
2025-01-22,South,Clothing,1334508.52,27,49426.24
2025-01-22,South,Electronics,1599656.51,30,53321.88
2025-01-22,South,Grocery,1741884.28,38,45839.06
2025-01-22,South,Home & Kitchen,1658653.78,32,51832.93
2025-01-22,South,Sports,1649428.35,32,51544.64
2025-01-22,South,Toys,1445345.77,33,43798.36
2025-01-22,West,Beauty,1603106.65,30,53436.89
2025-01-22,West,Books,1354477.43,30,45149.25
2025-01-22,West,Clothing,1722991.52,26,66268.9
2025-01-22,West,Electronics,1249910.6,28,44639.66
2025-01-22,West,Grocery,2146390.84,33,65042.15
2025-01-22,West,Home & Kitchen,2424341.69,32,75760.68
2025-01-22,West,Sports,1719600.53,30,57320.02
2025-01-22,West,Toys,2311009.01,35,66028.83
2025-01-23,Central,Beauty,1899824.57,34,55877.19
2025-01-23,Central,Books,2025713.79,35,57877.54
2025-01-23,Central,Clothing,957259.88,24,39885.83
2025-01-23,Central,Electronics,1422021.83,27,52667.48
2025-01-23,Central,Grocery,1545162.39,33,46823.1
2025-01-23,Central,Home & Kitchen,1598675.49,26,61487.52
2025-01-23,Central,Sports,1139554.72,24,47481.45
2025-01-23,Central,Toys,1304287.54,29,44975.43
2025-01-23,East,Beauty,1395558.21,27,51687.34
2025-01-23,East,Books,1461843.56,29,50408.4
2025-01-23,East,Clothing,1187791.69,23,51643.12
2025-01-23,East,Electronics,1651614.91,25,66064.6
2025-01-23,East,Grocery,1375379.21,29,47426.87
2025-01-23,East,Home & Kitchen,1252816.32,26,48185.24
2025-01-23,East,Sports,1556741.59,32,48648.17
2025-01-23,East,Toys,1802037.04,30,60067.9
2025-01-23,North,Beauty,1106628.97,22,50301.32
2025-01-23,North,Books,1643289.66,30,54776.32
2025-01-23,North,Clothing,987729.64,23,42944.77
2025-01-23,North,Electronics,921144.36,14,65796.03
2025-01-23,North,Grocery,1725357.15,32,53917.41
2025-01-23,North,Home & Kitchen,1470515.98,31,47436.0
2025-01-23,North,Sports,1527196.14,29,52661.94
2025-01-23,North,Toys,1656152.32,31,53424.27
2025-01-23,South,Beauty,1180809.01,21,56229.0
2025-01-23,South,Books,1027332.61,28,36690.45
2025-01-23,South,Clothing,1016765.33,22,46216.61
2025-01-23,South,Electronics,1164966.99,26,44806.42
2025-01-23,South,Grocery,801930.21,19,42206.85
2025-01-23,South,Home & Kitchen,1001976.12,23,43564.18
2025-01-23,South,Sports,1873767.33,30,62458.91
2025-01-23,South,Toys,1602335.76,29,55252.96
2025-01-23,West,Beauty,1808681.88,33,54808.54
2025-01-23,West,Books,1536813.52,40,38420.34
2025-01-23,West,Clothing,1295529.56,33,39258.47
2025-01-23,West,Electronics,1572470.33,28,56159.65
2025-01-23,West,Grocery,1718027.55,37,46433.18
2025-01-23,West,Home & Kitchen,1845456.41,43,42917.59
2025-01-23,West,Sports,1513417.66,36,42039.38
2025-01-23,West,Toys,2322063.84,45,51601.42
2025-01-24,Central,Beauty,1326910.9,32,41465.97
2025-01-24,Central,Books,2226050.77,40,55651.27
2025-01-24,Central,Clothing,1581039.46,33,47910.29
2025-01-24,Central,Electronics,1489499.72,24,62062.49
2025-01-24,Central,Grocery,1341021.99,30,44700.73
2025-01-24,Central,Home & Kitchen,1841620.5,30,61387.35
2025-01-24,Central,Sports,1615532.13,31,52113.94
2025-01-24,Central,Toys,1308580.29,30,43619.34
2025-01-24,East,Beauty,1922537.59,35,54929.65
2025-01-24,East,Books,2168121.14,39,55592.85
2025-01-24,East,Clothing,1647347.57,32,51479.61
2025-01-24,East,Electronics,1505268.3,35,43007.67
2025-01-24,East,Grocery,2178453.49,33,66013.74
2025-01-24,East,Home & Kitchen,2319985.7,41,56585.02
2025-01-24,East,Sports,2508212.9,53,47324.77
2025-01-24,East,Toys,1840628.65,29,63469.95
2025-01-24,North,Beauty,1600548.32,32,50017.14
2025-01-24,North,Books,1058529.86,26,40712.69
2025-01-24,North,Clothing,1308363.44,26,50321.67
2025-01-24,North,Electronics,1061322.29,22,48241.92
2025-01-24,North,Grocery,1458832.48,31,47059.11
2025-01-24,North,Home & Kitchen,1508804.29,29,52027.73
2025-01-24,North,Sports,1714114.01,25,68564.56
2025-01-24,North,Toys,1635205.29,29,56386.39
2025-01-24,South,Beauty,1271392.43,35,36325.5
2025-01-24,South,Books,1481918.74,34,43585.85
2025-01-24,South,Clothing,2305857.4,41,56240.42
2025-01-24,South,Electronics,1332618.13,30,44420.6
2025-01-24,South,Grocery,1482871.01,33,44935.49
2025-01-24,South,Home & Kitchen,1653706.8,36,45936.3
2025-01-24,South,Sports,1627150.2,31,52488.72
2025-01-24,South,Toys,1794643.98,31,57891.74
2025-01-24,West,Beauty,1775361.6,35,50724.62
2025-01-24,West,Books,1542183.6,31,49747.86
2025-01-24,West,Clothing,1267158.61,25,50686.34
2025-01-24,West,Electronics,1255427.01,23,54583.78
2025-01-24,West,Grocery,2135246.61,39,54749.91
2025-01-24,West,Home & Kitchen,2119061.39,38,55764.77
2025-01-24,West,Sports,1590794.63,33,48205.9
2025-01-24,West,Toys,1560801.38,36,43355.59
2025-01-25,Central,Beauty,971053.14,21,46240.63
2025-01-25,Central,Books,1266611.08,25,50664.44
2025-01-25,Central,Clothing,1234182.26,23,53660.1
2025-01-25,Central,Electronics,1124795.49,21,53561.69
2025-01-25,Central,Grocery,1225372.06,29,42254.21
2025-01-25,Central,Home & Kitchen,931129.13,24,38797.05
2025-01-25,Central,Sports,1149525.61,24,47896.9
2025-01-25,Central,Toys,1337424.7,19,70390.77
2025-01-25,East,Beauty,1329678.41,28,47488.51
2025-01-25,East,Books,1145202.35,23,49791.41
2025-01-25,East,Clothing,1775917.38,28,63425.62
2025-01-25,East,Electronics,1681947.51,33,50968.11
2025-01-25,East,Grocery,2157857.48,31,69608.31
2025-01-25,East,Home & Kitchen,1763532.42,34,51868.6
2025-01-25,East,Sports,2153936.02,40,53848.4
2025-01-25,East,Toys,1492025.85,31,48129.87
2025-01-25,North,Beauty,1485888.75,26,57149.57
2025-01-25,North,Books,557357.59,19,29334.61
2025-01-25,North,Clothing,840601.85,22,38209.17
2025-01-25,North,Electronics,980351.59,25,39214.06
2025-01-25,North,Grocery,1130804.26,23,49165.4
2025-01-25,North,Home & Kitchen,972067.57,17,57180.45
2025-01-25,North,Sports,1156213.1,24,48175.55
2025-01-25,North,Toys,874078.63,19,46004.14
2025-01-25,South,Beauty,1409241.66,21,67106.75
2025-01-25,South,Books,1339594.58,28,47842.66
2025-01-25,South,Clothing,1218809.32,23,52991.71
2025-01-25,South,Electronics,1276729.18,23,55509.96
2025-01-25,South,Grocery,1626846.33,28,58101.65
2025-01-25,South,Home & Kitchen,1439014.22,27,53296.82
2025-01-25,South,Sports,1621432.63,27,60053.06
2025-01-25,South,Toys,2051478.31,34,60337.6
2025-01-25,West,Beauty,1100085.59,32,34377.67
2025-01-25,West,Books,1049254.53,20,52462.73
2025-01-25,West,Clothing,925591.89,20,46279.59
2025-01-25,West,Electronics,1310405.93,22,59563.91
2025-01-25,West,Grocery,1541320.99,26,59281.58
2025-01-25,West,Home & Kitchen,853617.6,21,40648.46
2025-01-25,West,Sports,1616898.33,34,47555.83
2025-01-25,West,Toys,1236527.38,25,49461.1
2025-01-26,Central,Beauty,1989575.56,36,55265.99
2025-01-26,Central,Books,1357089.43,33,41123.92
2025-01-26,Central,Clothing,1526830.36,33,46267.59
2025-01-26,Central,Electronics,1682147.83,29,58005.1
2025-01-26,Central,Grocery,1531182.94,36,42532.86
2025-01-26,Central,Home & Kitchen,1931241.65,23,83967.03
2025-01-26,Central,Sports,1954832.48,36,54300.9
2025-01-26,Central,Toys,2017128.86,36,56031.36
2025-01-26,East,Beauty,1990639.17,30,66354.64
2025-01-26,East,Books,1917420.94,30,63914.03
2025-01-26,East,Clothing,1724305.04,24,71846.04
2025-01-26,East,Electronics,1654692.06,26,63642.0
2025-01-26,East,Grocery,1333612.63,26,51292.79
2025-01-26,East,Home & Kitchen,1845560.7,28,65912.88
2025-01-26,East,Sports,1051332.09,23,45710.09
2025-01-26,East,Toys,1402486.49,27,51943.94
2025-01-26,North,Beauty,2553410.84,35,72954.6
2025-01-26,North,Books,2229279.5,31,71912.24
2025-01-26,North,Clothing,1902754.98,34,55963.38
2025-01-26,North,Electronics,1596212.88,28,57007.6
2025-01-26,North,Grocery,1583927.33,33,47997.8
2025-01-26,North,Home & Kitchen,1858421.93,31,59949.09
2025-01-26,North,Sports,1428948.81,31,46095.12
2025-01-26,North,Toys,2245939.58,35,64169.7
2025-01-26,South,Beauty,1469409.34,29,50669.29
2025-01-26,South,Books,1154236.08,18,64124.23
2025-01-26,South,Clothing,1900673.36,26,73102.82
2025-01-26,South,Electronics,1035016.36,23,45000.71
2025-01-26,South,Grocery,1138380.67,23,49494.81
2025-01-26,South,Home & Kitchen,1036640.06,27,38394.08
2025-01-26,South,Sports,1126292.87,23,48969.26
2025-01-26,South,Toys,1096016.47,27,40593.2
2025-01-26,West,Beauty,1350466.68,25,54018.67
2025-01-26,West,Books,1464046.19,30,48801.54
2025-01-26,West,Clothing,1600604.34,25,64024.17
2025-01-26,West,Electronics,686679.37,15,45778.62
2025-01-26,West,Grocery,1813647.33,33,54959.01
2025-01-26,West,Home & Kitchen,1537552.44,28,54912.59
2025-01-26,West,Sports,1495238.18,32,46726.19
2025-01-26,West,Toys,1633161.28,24,68048.39
2025-01-27,Central,Beauty,1855281.58,31,59847.79
2025-01-27,Central,Books,1274297.51,24,53095.73
2025-01-27,Central,Clothing,1618268.78,30,53942.29
2025-01-27,Central,Electronics,1123749.57,23,48858.68
2025-01-27,Central,Grocery,1145816.05,26,44069.85
2025-01-27,Central,Home & Kitchen,1181806.33,22,53718.47
2025-01-27,Central,Sports,1026478.3,22,46658.1
2025-01-27,Central,Toys,1682169.06,30,56072.3
2025-01-27,East,Beauty,1469092.78,27,54410.84
2025-01-27,East,Books,1145025.68,29,39483.64
2025-01-27,East,Clothing,1334413.58,26,51323.6
2025-01-27,East,Electronics,1933145.01,31,62359.52
2025-01-27,East,Grocery,2088995.19,37,56459.33
2025-01-27,East,Home & Kitchen,864692.04,20,43234.6
2025-01-27,East,Sports,1738778.65,32,54336.83
2025-01-27,East,Toys,1269788.68,28,45349.6
2025-01-27,North,Beauty,1999688.64,39,51274.07
2025-01-27,North,Books,1527031.88,33,46273.69
2025-01-27,North,Clothing,1081642.32,22,49165.56
2025-01-27,North,Electronics,1257790.25,24,52407.93
2025-01-27,North,Grocery,1603675.19,30,53455.84
2025-01-27,North,Home & Kitchen,1446309.64,25,57852.39
2025-01-27,North,Sports,1797475.88,41,43840.88
2025-01-27,North,Toys,2250147.44,38,59214.41
2025-01-27,South,Beauty,1410597.98,30,47019.93
2025-01-27,South,Books,1210038.97,29,41725.48
2025-01-27,South,Clothing,1014746.85,23,44119.43
2025-01-27,South,Electronics,1663262.02,32,51976.94
2025-01-27,South,Grocery,1533663.42,36,42601.76
2025-01-27,South,Home & Kitchen,2137551.42,36,59376.43
2025-01-27,South,Sports,1945450.12,33,58953.03
2025-01-27,South,Toys,2337779.43,42,55661.42
2025-01-27,West,Beauty,1702851.12,39,43662.85
2025-01-27,West,Books,1637529.97,35,46786.57
2025-01-27,West,Clothing,1537782.16,27,56954.89
2025-01-27,West,Electronics,1101436.8,23,47888.56
2025-01-27,West,Grocery,1969770.3,39,50506.93
2025-01-27,West,Home & Kitchen,1736448.48,33,52619.65
2025-01-27,West,Sports,992230.99,27,36749.3
2025-01-27,West,Toys,1813449.84,33,54953.03
2025-01-28,Central,Beauty,1343158.32,30,44771.94
2025-01-28,Central,Books,2101621.45,29,72469.71
2025-01-28,Central,Clothing,2190375.23,41,53423.79
2025-01-28,Central,Electronics,1839944.49,29,63446.36
2025-01-28,Central,Grocery,1714426.45,32,53575.83
2025-01-28,Central,Home & Kitchen,1450209.45,30,48340.31
2025-01-28,Central,Sports,1093609.57,21,52076.65
2025-01-28,Central,Toys,1582639.91,31,51052.9
2025-01-28,East,Beauty,1051919.79,23,45735.64
2025-01-28,East,Books,1388469.97,29,47878.27
2025-01-28,East,Clothing,846115.81,21,40291.23
2025-01-28,East,Electronics,1286156.44,25,51446.26
2025-01-28,East,Grocery,2175924.83,33,65937.12
2025-01-28,East,Home & Kitchen,2363633.39,34,69518.63
2025-01-28,East,Sports,1711810.09,29,59027.93
2025-01-28,East,Toys,1466335.47,33,44434.41
2025-01-28,North,Beauty,1527213.63,26,58738.99
2025-01-28,North,Books,1874505.22,40,46862.63
2025-01-28,North,Clothing,1612562.78,30,53752.09
2025-01-28,North,Electronics,1859706.38,36,51658.51
2025-01-28,North,Grocery,1548993.69,34,45558.64
2025-01-28,North,Home & Kitchen,1308362.14,25,52334.49
2025-01-28,North,Sports,1815581.78,36,50432.83
2025-01-28,North,Toys,1858970.94,36,51638.08
2025-01-28,South,Beauty,864674.99,19,45509.21
2025-01-28,South,Books,1517391.26,27,56199.68
2025-01-28,South,Clothing,1291448.38,23,56149.93
2025-01-28,South,Electronics,1112315.3,21,52967.4
2025-01-28,South,Grocery,1209500.45,26,46519.25
2025-01-28,South,Home & Kitchen,938625.63,17,55213.27
2025-01-28,South,Sports,1483824.09,28,52993.72
2025-01-28,South,Toys,1363907.31,25,54556.29
2025-01-28,West,Beauty,2009501.65,37,54310.86
2025-01-28,West,Books,1484088.35,28,53003.16
2025-01-28,West,Clothing,1072554.34,22,48752.47
2025-01-28,West,Electronics,1546817.31,32,48338.04
2025-01-28,West,Grocery,1624818.8,25,64992.75
2025-01-28,West,Home & Kitchen,2150505.85,37,58121.78
2025-01-28,West,Sports,1311241.8,29,45215.23
2025-01-28,West,Toys,1486998.68,32,46468.71
2025-01-29,Central,Beauty,1830872.09,33,55480.97
2025-01-29,Central,Books,1136828.51,24,47367.85
2025-01-29,Central,Clothing,1408908.87,28,50318.17
2025-01-29,Central,Electronics,1266861.98,29,43684.9
2025-01-29,Central,Grocery,1420237.1,33,43037.49
2025-01-29,Central,Home & Kitchen,1532233.5,30,51074.45
2025-01-29,Central,Sports,1082563.29,25,43302.53
2025-01-29,Central,Toys,2437504.75,39,62500.12
2025-01-29,East,Beauty,1044666.55,27,38691.35
2025-01-29,East,Books,1334410.51,22,60655.02
2025-01-29,East,Clothing,1701785.59,28,60778.06
2025-01-29,East,Electronics,1809491.81,29,62396.27
2025-01-29,East,Grocery,1180149.4,24,49172.89
2025-01-29,East,Home & Kitchen,852948.23,24,35539.51
2025-01-29,East,Sports,2269417.88,33,68770.24
2025-01-29,East,Toys,1257529.79,30,41917.66
2025-01-29,North,Beauty,1858530.65,32,58079.08
2025-01-29,North,Books,1594394.85,31,51432.09
2025-01-29,North,Clothing,1450907.98,29,50031.31
2025-01-29,North,Electronics,1758375.45,28,62799.12
2025-01-29,North,Grocery,1989741.2,35,56849.75
2025-01-29,North,Home & Kitchen,1443082.01,33,43729.76
2025-01-29,North,Sports,1357369.77,28,48477.49
2025-01-29,North,Toys,1552184.84,31,50070.48
2025-01-29,South,Beauty,1402542.51,19,73818.03
2025-01-29,South,Books,1117406.43,24,46558.6
2025-01-29,South,Clothing,1585382.76,25,63415.31
2025-01-29,South,Electronics,1103689.75,25,44147.59
2025-01-29,South,Grocery,1395920.83,31,45029.7
2025-01-29,South,Home & Kitchen,1244675.38,25,49787.02
2025-01-29,South,Sports,1315897.85,27,48736.96
2025-01-29,South,Toys,1294432.21,21,61639.63
2025-01-29,West,Beauty,1208380.09,25,48335.2
2025-01-29,West,Books,1240581.32,24,51690.89
2025-01-29,West,Clothing,1710274.6,27,63343.5
2025-01-29,West,Electronics,1611403.67,28,57550.13
2025-01-29,West,Grocery,1420006.51,29,48965.74
2025-01-29,West,Home & Kitchen,1696755.43,28,60598.41
2025-01-29,West,Sports,993357.34,21,47302.73
2025-01-29,West,Toys,1331645.81,22,60529.36
2025-01-30,Central,Beauty,1257302.85,18,69850.16
2025-01-30,Central,Books,966019.69,21,46000.94
2025-01-30,Central,Clothing,1135022.28,27,42037.86
2025-01-30,Central,Electronics,1224506.04,26,47096.39
2025-01-30,Central,Grocery,1582549.74,26,60867.3
2025-01-30,Central,Home & Kitchen,1270212.73,29,43800.44
2025-01-30,Central,Sports,1031372.7,21,49112.99
2025-01-30,Central,Toys,2342565.77,34,68898.99
2025-01-30,East,Beauty,1114496.02,20,55724.8
2025-01-30,East,Books,1499895.94,22,68177.09
2025-01-30,East,Clothing,1204955.52,20,60247.78
2025-01-30,East,Electronics,1626434.33,32,50826.07
2025-01-30,East,Grocery,1370091.94,28,48931.85
2025-01-30,East,Home & Kitchen,1455859.4,22,66175.43
2025-01-30,East,Sports,1602734.34,30,53424.48
2025-01-30,East,Toys,2117742.56,39,54301.09
2025-01-30,North,Beauty,1679026.46,29,57897.46
2025-01-30,North,Books,1581740.04,31,51023.87
2025-01-30,North,Clothing,1538471.89,26,59172.0
2025-01-30,North,Electronics,1017694.66,20,50884.73
2025-01-30,North,Grocery,1479157.42,32,46223.67
2025-01-30,North,Home & Kitchen,1860243.49,34,54713.04
2025-01-30,North,Sports,1494820.38,31,48220.01
2025-01-30,North,Toys,1755414.89,28,62693.39
2025-01-30,South,Beauty,884437.64,19,46549.35
2025-01-30,South,Books,889885.46,18,49438.08
2025-01-30,South,Clothing,1070567.15,21,50979.39
2025-01-30,South,Electronics,1081681.7,24,45070.07
2025-01-30,South,Grocery,1807516.43,30,60250.55
2025-01-30,South,Home & Kitchen,751647.74,19,39560.41
2025-01-30,South,Sports,1225160.28,22,55689.1
2025-01-30,South,Toys,1394178.75,28,49792.1
2025-01-30,West,Beauty,1353919.01,19,71258.9
2025-01-30,West,Books,1276823.04,22,58037.41
2025-01-30,West,Clothing,827553.46,17,48679.62
2025-01-30,West,Electronics,1249561.48,25,49982.46
2025-01-30,West,Grocery,950925.67,20,47546.28
2025-01-30,West,Home & Kitchen,1179857.06,20,58992.85
2025-01-30,West,Sports,1006122.58,24,41921.77
2025-01-30,West,Toys,1049818.2,22,47719.01
2025-01-31,Central,Beauty,1620371.19,34,47657.98
2025-01-31,Central,Books,1513856.14,33,45874.43
2025-01-31,Central,Clothing,1549595.86,37,41880.97
2025-01-31,Central,Electronics,2173667.35,37,58747.77
2025-01-31,Central,Grocery,1426698.02,36,39630.5
2025-01-31,Central,Home & Kitchen,1613068.46,32,50408.39
2025-01-31,Central,Sports,1661322.81,31,53591.06
2025-01-31,Central,Toys,1817160.6,27,67302.24
2025-01-31,East,Beauty,1461496.33,29,50396.43
2025-01-31,East,Books,1556523.26,27,57649.01
2025-01-31,East,Clothing,1541803.9,32,48181.37
2025-01-31,East,Electronics,1222732.68,28,43669.02
2025-01-31,East,Grocery,1529190.12,24,63716.26
2025-01-31,East,Home & Kitchen,1202740.39,24,50114.18
2025-01-31,East,Sports,1404413.36,28,50157.62
2025-01-31,East,Toys,1596238.73,30,53207.96
2025-01-31,North,Beauty,1499212.13,31,48361.68
2025-01-31,North,Books,1248664.33,26,48025.55
2025-01-31,North,Clothing,1877080.35,32,58658.76
2025-01-31,North,Electronics,1639455.25,32,51232.98
2025-01-31,North,Grocery,1972232.59,34,58006.84
2025-01-31,North,Home & Kitchen,1252843.97,25,50113.76
2025-01-31,North,Sports,1329368.43,33,40283.89
2025-01-31,North,Toys,1394158.58,28,49791.38
2025-01-31,South,Beauty,837307.77,19,44068.83
2025-01-31,South,Books,1258204.31,28,44935.87
2025-01-31,South,Clothing,998478.1,20,49923.91
2025-01-31,South,Electronics,1291043.94,23,56132.35
2025-01-31,South,Grocery,1513810.68,24,63075.45
2025-01-31,South,Home & Kitchen,1786885.91,30,59562.86
2025-01-31,South,Sports,1339132.02,28,47826.14
2025-01-31,South,Toys,1113928.1,21,53044.2
2025-01-31,West,Beauty,1074990.74,21,51190.04
2025-01-31,West,Books,749258.34,20,37462.92
2025-01-31,West,Clothing,1429638.76,26,54986.11
2025-01-31,West,Electronics,1498831.49,23,65166.59
2025-01-31,West,Grocery,1132452.26,21,53926.3
2025-01-31,West,Home & Kitchen,1257766.4,22,57171.2
2025-01-31,West,Sports,1112926.38,24,46371.93
2025-01-31,West,Toys,761622.37,17,44801.32
2025-02-01,Central,Beauty,733642.73,20,36682.14
2025-02-01,Central,Books,1327991.22,18,73777.29
2025-02-01,Central,Clothing,656524.39,14,46894.6
2025-02-01,Central,Electronics,987481.98,19,51972.74
2025-02-01,Central,Grocery,1292611.98,23,56200.52
2025-02-01,Central,Home & Kitchen,690466.41,19,36340.34
2025-02-01,Central,Sports,927111.27,19,48795.33
2025-02-01,Central,Toys,1004214.32,19,52853.39
2025-02-01,East,Beauty,1786689.75,31,57635.15
2025-02-01,East,Books,915807.05,17,53871.0
2025-02-01,East,Clothing,1354479.03,26,52095.35
2025-02-01,East,Electronics,1233809.8,21,58752.85
2025-02-01,East,Grocery,912523.58,23,39674.94
2025-02-01,East,Home & Kitchen,1535903.93,27,56885.33
2025-02-01,East,Sports,1310942.72,29,45204.92
2025-02-01,East,Toys,574744.32,20,28737.22
2025-02-01,North,Beauty,1079224.63,25,43168.99
2025-02-01,North,Books,1167721.8,25,46708.87
2025-02-01,North,Clothing,1269675.39,28,45345.55
2025-02-01,North,Electronics,1435467.66,29,49498.88
2025-02-01,North,Grocery,1228524.4,24,51188.52
2025-02-01,North,Home & Kitchen,1710193.2,24,71258.05
2025-02-01,North,Sports,1269668.89,21,60460.42
2025-02-01,North,Toys,1501566.22,31,48437.62
2025-02-01,South,Beauty,1725438.2,29,59497.87
2025-02-01,South,Books,1673317.0,29,57700.59
2025-02-01,South,Clothing,1255362.71,30,41845.42
2025-02-01,South,Electronics,1710512.71,30,57017.09
2025-02-01,South,Grocery,1475208.5,31,47587.37
2025-02-01,South,Home & Kitchen,986514.13,21,46976.86
2025-02-01,South,Sports,1892375.89,29,65254.34
2025-02-01,South,Toys,1411475.22,32,44108.6
2025-02-01,West,Beauty,2075049.23,36,57640.26
2025-02-01,West,Books,1687248.85,29,58180.99
2025-02-01,West,Clothing,1931725.85,39,49531.43
2025-02-01,West,Electronics,1737390.84,29,59910.03
2025-02-01,West,Grocery,1399346.69,29,48253.33
2025-02-01,West,Home & Kitchen,1696966.97,36,47137.97
2025-02-01,West,Sports,1678840.73,35,47966.88
2025-02-01,West,Toys,2201506.95,43,51197.84
2025-02-02,Central,Beauty,1302692.84,27,48247.88
2025-02-02,Central,Books,995811.79,22,45264.17
2025-02-02,Central,Clothing,1333290.67,25,53331.63
2025-02-02,Central,Electronics,1087868.26,19,57256.22
2025-02-02,Central,Grocery,1241231.2,31,40039.72
2025-02-02,Central,Home & Kitchen,1758226.08,24,73259.42
2025-02-02,Central,Sports,1524635.08,31,49181.78
2025-02-02,Central,Toys,1760821.09,30,58694.04
2025-02-02,East,Beauty,1782399.25,29,61462.04
2025-02-02,East,Books,1713366.23,29,59081.59
2025-02-02,East,Clothing,954158.26,24,39756.59
2025-02-02,East,Electronics,1364263.17,32,42633.22
2025-02-02,East,Grocery,1830191.8,35,52291.19
2025-02-02,East,Home & Kitchen,2124980.32,32,66405.64
2025-02-02,East,Sports,1500184.54,34,44123.07
2025-02-02,East,Toys,1723695.63,32,53865.49
2025-02-02,North,Beauty,1051134.5,18,58396.36
2025-02-02,North,Books,1226996.77,24,51124.87
2025-02-02,North,Clothing,1402112.49,21,66767.26
2025-02-02,North,Electronics,753961.82,14,53854.42
2025-02-02,North,Grocery,1030044.87,18,57224.72
2025-02-02,North,Home & Kitchen,970709.05,19,51089.95
2025-02-02,North,Sports,1053665.6,18,58536.98
2025-02-02,North,Toys,1237051.6,30,41235.05
2025-02-02,South,Beauty,1763689.34,31,56893.2
2025-02-02,South,Books,1816059.7,33,55032.11
2025-02-02,South,Clothing,1326934.09,19,69838.64
2025-02-02,South,Electronics,1306763.39,25,52270.54
2025-02-02,South,Grocery,1407446.49,24,58643.6
2025-02-02,South,Home & Kitchen,1359790.22,30,45326.34
2025-02-02,South,Sports,1887505.77,31,60887.28
2025-02-02,South,Toys,1339184.16,27,49599.41
2025-02-02,West,Beauty,1191192.35,22,54145.11
2025-02-02,West,Books,646190.16,23,28095.22
2025-02-02,West,Clothing,1630685.44,23,70899.37
2025-02-02,West,Electronics,1474892.34,24,61453.85
2025-02-02,West,Grocery,1674933.61,28,59819.06
2025-02-02,West,Home & Kitchen,1468580.57,30,48952.69
2025-02-02,West,Sports,1321542.32,26,50828.55
2025-02-02,West,Toys,1731831.77,31,55865.54
2025-02-03,Central,Beauty,1241357.93,26,47744.54
2025-02-03,Central,Books,1342905.87,25,53716.23
2025-02-03,Central,Clothing,1152734.98,22,52397.04
2025-02-03,Central,Electronics,1478753.46,24,61614.73
2025-02-03,Central,Grocery,1520004.55,31,49032.4
2025-02-03,Central,Home & Kitchen,1263466.14,22,57430.28
2025-02-03,Central,Sports,932903.8,27,34551.99
2025-02-03,Central,Toys,1544687.72,36,42907.99
2025-02-03,East,Beauty,1583872.85,30,52795.76
2025-02-03,East,Books,1919476.69,31,61918.6
2025-02-03,East,Clothing,1630601.06,29,56227.62
2025-02-03,East,Electronics,1473479.37,30,49115.98
2025-02-03,East,Grocery,1436182.69,30,47872.76
2025-02-03,East,Home & Kitchen,1519252.35,30,50641.75
2025-02-03,East,Sports,1372097.92,32,42878.06
2025-02-03,East,Toys,2088659.81,37,56450.27
2025-02-03,North,Beauty,952799.99,26,36646.15
2025-02-03,North,Books,1585734.26,28,56633.37
2025-02-03,North,Clothing,1039343.32,21,49492.54
2025-02-03,North,Electronics,1097727.32,28,39204.55
2025-02-03,North,Grocery,1840480.26,22,83658.19
2025-02-03,North,Home & Kitchen,1143127.44,29,39418.19
2025-02-03,North,Sports,1391218.02,27,51526.59
2025-02-03,North,Toys,1731037.63,34,50912.87
2025-02-03,South,Beauty,1403715.92,29,48404.0
2025-02-03,South,Books,1122961.71,24,46790.07
2025-02-03,South,Clothing,1332239.93,24,55510.0
2025-02-03,South,Electronics,1431213.76,24,59633.91
2025-02-03,South,Grocery,1182378.49,25,47295.14
2025-02-03,South,Home & Kitchen,821315.79,19,43227.15
2025-02-03,South,Sports,898816.62,21,42800.79
2025-02-03,South,Toys,1139347.9,25,45573.92
2025-02-03,West,Beauty,1174687.78,26,45180.3
2025-02-03,West,Books,1023616.08,22,46528.0
2025-02-03,West,Clothing,1652216.31,26,63546.78
2025-02-03,West,Electronics,2061317.52,38,54245.2
2025-02-03,West,Grocery,1939727.59,33,58779.62
2025-02-03,West,Home & Kitchen,2008309.88,37,54278.65
2025-02-03,West,Sports,1136964.02,26,43729.39
2025-02-03,West,Toys,1111932.3,24,46330.51
2025-02-04,Central,Beauty,1212529.13,21,57739.48
2025-02-04,Central,Books,1419226.04,23,61705.48
2025-02-04,Central,Clothing,1390534.39,26,53482.09
2025-02-04,Central,Electronics,1930610.79,29,66572.79
2025-02-04,Central,Grocery,1630097.5,24,67920.73
2025-02-04,Central,Home & Kitchen,1358146.38,27,50301.72
2025-02-04,Central,Sports,1128578.23,22,51299.01
2025-02-04,Central,Toys,2023012.76,31,65258.48
2025-02-04,East,Beauty,1260799.27,30,42026.64
2025-02-04,East,Books,1662313.13,26,63935.12
2025-02-04,East,Clothing,1635662.55,26,62910.1
2025-02-04,East,Electronics,1353160.82,28,48327.17
2025-02-04,East,Grocery,2022218.17,31,65232.84
2025-02-04,East,Home & Kitchen,1322761.53,28,47241.48
2025-02-04,East,Sports,1058739.21,26,40720.74
2025-02-04,East,Toys,2086905.24,32,65215.79
2025-02-04,North,Beauty,980295.6,24,40845.65
2025-02-04,North,Books,758223.12,17,44601.36
2025-02-04,North,Clothing,1029499.73,23,44760.86
2025-02-04,North,Electronics,1218665.48,22,55393.89
2025-02-04,North,Grocery,994659.74,18,55258.87
2025-02-04,North,Home & Kitchen,1083599.7,24,45149.99
2025-02-04,North,Sports,1315379.68,22,59789.99
2025-02-04,North,Toys,1437904.72,22,65359.31
2025-02-04,South,Beauty,1119358.59,28,39977.09
2025-02-04,South,Books,1517017.74,32,47406.8
2025-02-04,South,Clothing,2260440.68,37,61092.99
2025-02-04,South,Electronics,1626862.54,30,54228.75
2025-02-04,South,Grocery,1493931.43,32,46685.36
2025-02-04,South,Home & Kitchen,1618290.18,27,59936.67
2025-02-04,South,Sports,1589255.36,34,46742.8
2025-02-04,South,Toys,1620100.73,25,64804.03
2025-02-04,West,Beauty,974434.62,21,46401.65
2025-02-04,West,Books,848360.76,22,38561.85
2025-02-04,West,Clothing,1332862.61,28,47602.24
2025-02-04,West,Electronics,1473649.06,25,58945.96
2025-02-04,West,Grocery,1409914.77,27,52219.07
2025-02-04,West,Home & Kitchen,1229514.72,19,64711.3
2025-02-04,West,Sports,1810968.3,36,50304.68
2025-02-04,West,Toys,984904.54,24,41037.69
2025-02-05,Central,Beauty,2150486.13,31,69370.52
2025-02-05,Central,Books,1409980.1,33,42726.67
2025-02-05,Central,Clothing,1760005.46,33,53333.5
2025-02-05,Central,Electronics,2312364.17,40,57809.1
2025-02-05,Central,Grocery,1694579.51,39,43450.76
2025-02-05,Central,Home & Kitchen,2466032.4,42,58715.06
2025-02-05,Central,Sports,2157189.05,37,58302.41
2025-02-05,Central,Toys,1568141.15,41,38247.35
2025-02-05,East,Beauty,1406739.91,26,54105.38
2025-02-05,East,Books,1888086.28,37,51029.36
2025-02-05,East,Clothing,2069406.15,35,59125.89
2025-02-05,East,Electronics,1537600.29,28,54914.3
2025-02-05,East,Grocery,1527638.23,35,43646.81
2025-02-05,East,Home & Kitchen,2476974.77,40,61924.37
2025-02-05,East,Sports,1976598.19,33,59896.91
2025-02-05,East,Toys,2307573.63,34,67869.81
2025-02-05,North,Beauty,1137902.64,18,63216.81
2025-02-05,North,Books,1378680.13,28,49238.58
2025-02-05,North,Clothing,956840.01,22,43492.73
2025-02-05,North,Electronics,1064526.02,27,39426.89
2025-02-05,North,Grocery,1414405.44,26,54400.21
2025-02-05,North,Home & Kitchen,1175270.49,23,51098.72
2025-02-05,North,Sports,1256505.08,28,44875.18
2025-02-05,North,Toys,1298547.36,25,51941.89
2025-02-05,South,Beauty,1666867.1,29,57478.18
2025-02-05,South,Books,816823.42,20,40841.17
2025-02-05,South,Clothing,1052076.29,26,40464.47
2025-02-05,South,Electronics,680558.89,20,34027.94
2025-02-05,South,Grocery,1277036.02,27,47297.63
2025-02-05,South,Home & Kitchen,673577.22,14,48112.66
2025-02-05,South,Sports,1034107.15,26,39773.35
2025-02-05,South,Toys,1421236.26,32,44413.63
2025-02-05,West,Beauty,1456296.64,31,46977.31
2025-02-05,West,Books,1397162.62,35,39918.93
2025-02-05,West,Clothing,984510.57,22,44750.48
2025-02-05,West,Electronics,1067565.2,23,46415.88
2025-02-05,West,Grocery,1158839.51,27,42919.98
2025-02-05,West,Home & Kitchen,1839135.56,32,57472.99
2025-02-05,West,Sports,1490555.97,26,57329.08
2025-02-05,West,Toys,1629008.69,35,46543.11
2025-02-06,Central,Beauty,1449539.64,29,49984.13
2025-02-06,Central,Books,1125904.25,20,56295.21
2025-02-06,Central,Clothing,1019572.73,20,50978.64
2025-02-06,Central,Electronics,773696.96,21,36842.71
2025-02-06,Central,Grocery,1555237.74,25,62209.51
2025-02-06,Central,Home & Kitchen,1788398.55,31,57690.28
2025-02-06,Central,Sports,1752413.1,35,50068.95
2025-02-06,Central,Toys,2275065.91,37,61488.27
2025-02-06,East,Beauty,1962310.35,39,50315.65
2025-02-06,East,Books,1567107.73,27,58041.03
2025-02-06,East,Clothing,1576849.86,31,50866.12
2025-02-06,East,Electronics,1376235.8,29,47456.41
2025-02-06,East,Grocery,1422969.97,35,40656.28
2025-02-06,East,Home & Kitchen,1962564.38,35,56073.27
2025-02-06,East,Sports,1307254.6,28,46687.66
2025-02-06,East,Toys,1965043.51,40,49126.09
2025-02-06,North,Beauty,1179945.43,20,58997.27
2025-02-06,North,Books,1369884.86,29,47237.41
2025-02-06,North,Clothing,1750490.35,27,64832.98
2025-02-06,North,Electronics,1140603.4,22,51845.61
2025-02-06,North,Grocery,1699713.04,38,44729.29
2025-02-06,North,Home & Kitchen,1500272.63,23,65229.24
2025-02-06,North,Sports,2026998.95,31,65387.06
2025-02-06,North,Toys,1210537.51,27,44834.72
2025-02-06,South,Beauty,1090973.05,23,47433.61
2025-02-06,South,Books,1139650.31,21,54269.06
2025-02-06,South,Clothing,1087625.06,25,43505.0
2025-02-06,South,Electronics,1085557.45,15,72370.5
2025-02-06,South,Grocery,1330648.44,26,51178.79
2025-02-06,South,Home & Kitchen,990885.83,25,39635.43
2025-02-06,South,Sports,2187993.47,34,64352.75
2025-02-06,South,Toys,1251833.71,26,48147.45
2025-02-06,West,Beauty,1375994.44,21,65523.54
2025-02-06,West,Books,1662145.6,25,66485.82
2025-02-06,West,Clothing,1131806.83,28,40421.67
2025-02-06,West,Electronics,1927043.44,33,58395.26
2025-02-06,West,Grocery,1294096.33,26,49772.94
2025-02-06,West,Home & Kitchen,1414972.29,30,47165.74
2025-02-06,West,Sports,1579272.72,26,60741.26
2025-02-06,West,Toys,1815871.99,32,56746.0
2025-02-07,Central,Beauty,1074606.33,22,48845.74
2025-02-07,Central,Books,944889.07,21,44994.72
2025-02-07,Central,Clothing,1310475.61,23,56977.2
2025-02-07,Central,Electronics,1357326.41,21,64634.59
2025-02-07,Central,Grocery,783883.91,17,46110.82
2025-02-07,Central,Home & Kitchen,1081922.22,18,60106.79
2025-02-07,Central,Sports,1122235.52,19,59065.03
2025-02-07,Central,Toys,1394235.34,28,49794.12
2025-02-07,East,Beauty,2114218.83,39,54210.74
2025-02-07,East,Books,1801091.65,35,51459.76
2025-02-07,East,Clothing,2083240.08,33,63128.49
2025-02-07,East,Electronics,1370109.4,29,47245.15
2025-02-07,East,Grocery,1851626.15,35,52903.6
2025-02-07,East,Home & Kitchen,1471396.43,30,49046.55
2025-02-07,East,Sports,1605825.26,32,50182.04
2025-02-07,East,Toys,1743972.65,35,49827.79
2025-02-07,North,Beauty,1391128.25,19,73217.28
2025-02-07,North,Books,1102618.55,22,50119.03
2025-02-07,North,Clothing,1814134.14,30,60471.14
2025-02-07,North,Electronics,1402015.14,22,63727.96
2025-02-07,North,Grocery,1102302.0,27,40826.0
2025-02-07,North,Home & Kitchen,1279411.53,20,63970.58
2025-02-07,North,Sports,1172004.6,17,68941.45
2025-02-07,North,Toys,1645562.38,30,54852.08
2025-02-07,South,Beauty,1096861.22,24,45702.55
2025-02-07,South,Books,1463486.54,28,52267.38
2025-02-07,South,Clothing,1196499.65,27,44314.8
2025-02-07,South,Electronics,1527070.96,28,54538.25
2025-02-07,South,Grocery,1507147.51,25,60285.9
2025-02-07,South,Home & Kitchen,1101880.57,23,47907.85
2025-02-07,South,Sports,1261025.05,24,52542.71
2025-02-07,South,Toys,1349447.73,28,48194.56
2025-02-07,West,Beauty,1653998.9,28,59071.39
2025-02-07,West,Books,1622806.25,29,55958.84
2025-02-07,West,Clothing,1166283.55,28,41652.98
2025-02-07,West,Electronics,962442.71,21,45830.61
2025-02-07,West,Grocery,2524752.93,42,60113.17
2025-02-07,West,Home & Kitchen,1593012.64,28,56893.31
2025-02-07,West,Sports,1616888.94,28,57746.03
2025-02-07,West,Toys,1670057.17,38,43948.87
2025-02-08,Central,Beauty,1006415.26,25,40256.61
2025-02-08,Central,Books,923193.71,22,41963.35
2025-02-08,Central,Clothing,1337361.08,25,53494.44
2025-02-08,Central,Electronics,1125945.8,23,48954.17
2025-02-08,Central,Grocery,1680000.93,27,62222.26
2025-02-08,Central,Home & Kitchen,1662401.16,32,51950.04
2025-02-08,Central,Sports,1903403.08,29,65634.59
2025-02-08,Central,Toys,1275120.42,34,37503.54
2025-02-08,East,Beauty,1067664.66,25,42706.59
2025-02-08,East,Books,1262952.64,29,43550.09
2025-02-08,East,Clothing,1222662.0,24,50944.25
2025-02-08,East,Electronics,1764262.16,30,58808.74
2025-02-08,East,Grocery,1445777.09,30,48192.57
2025-02-08,East,Home & Kitchen,1343173.5,27,49747.17
2025-02-08,East,Sports,1490984.14,28,53249.43
2025-02-08,East,Toys,1843700.61,36,51213.91
2025-02-08,North,Beauty,1184070.12,23,51481.31
2025-02-08,North,Books,1375658.81,24,57319.12
2025-02-08,North,Clothing,1344691.26,27,49803.38
2025-02-08,North,Electronics,1358580.37,26,52253.09
2025-02-08,North,Grocery,1022957.28,22,46498.06
2025-02-08,North,Home & Kitchen,1180046.05,26,45386.39
2025-02-08,North,Sports,1684050.52,28,60144.66
2025-02-08,North,Toys,1532296.92,26,58934.5
2025-02-08,South,Beauty,1320700.47,31,42603.24
2025-02-08,South,Books,1488749.47,25,59549.98
2025-02-08,South,Clothing,1208284.15,31,38976.91
2025-02-08,South,Electronics,1705023.03,29,58793.9
2025-02-08,South,Grocery,1520516.02,26,58481.39
2025-02-08,South,Home & Kitchen,1620686.06,27,60025.41
2025-02-08,South,Sports,1314479.56,29,45326.88
2025-02-08,South,Toys,858414.46,23,37322.37
2025-02-08,West,Beauty,1156815.92,31,37316.64
2025-02-08,West,Books,1197890.26,22,54449.56
2025-02-08,West,Clothing,1415450.79,29,48808.65
2025-02-08,West,Electronics,1390850.61,24,57952.11
2025-02-08,West,Grocery,1849153.81,28,66041.21
2025-02-08,West,Home & Kitchen,1197331.55,24,49888.81
2025-02-08,West,Sports,1332026.63,23,57914.2
2025-02-08,West,Toys,1231665.94,23,53550.69
2025-02-09,Central,Beauty,1619295.14,29,55837.76
2025-02-09,Central,Books,1576138.97,26,60620.73
2025-02-09,Central,Clothing,1446445.9,32,45201.43
2025-02-09,Central,Electronics,1283324.43,26,49358.63
2025-02-09,Central,Grocery,1813017.27,29,62517.84
2025-02-09,Central,Home & Kitchen,1026819.32,20,51340.97
2025-02-09,Central,Sports,1910284.55,30,63676.15
2025-02-09,Central,Toys,1181917.34,31,38126.37
2025-02-09,East,Beauty,1506402.18,29,51944.9
2025-02-09,East,Books,773154.43,23,33615.41
2025-02-09,East,Clothing,1304878.88,29,44995.82
2025-02-09,East,Electronics,1349318.1,26,51896.85
2025-02-09,East,Grocery,1713966.42,34,50410.78
2025-02-09,East,Home & Kitchen,1394667.69,30,46488.92
2025-02-09,East,Sports,1828701.84,27,67729.7
2025-02-09,East,Toys,2167952.45,32,67748.51
2025-02-09,North,Beauty,1623647.91,32,50739.0
2025-02-09,North,Books,1380210.37,33,41824.56
2025-02-09,North,Clothing,1809367.37,35,51696.21
2025-02-09,North,Electronics,1943842.31,36,53995.62
2025-02-09,North,Grocery,1969882.62,34,57937.72
2025-02-09,North,Home & Kitchen,1304138.83,21,62101.85
2025-02-09,North,Sports,1306051.65,29,45036.26
2025-02-09,North,Toys,2127200.98,39,54543.61
2025-02-09,South,Beauty,1941848.17,30,64728.27
2025-02-09,South,Books,1569663.19,33,47565.55
2025-02-09,South,Clothing,1746803.59,25,69872.14
2025-02-09,South,Electronics,1844361.65,31,59495.54
2025-02-09,South,Grocery,1852283.25,33,56129.8
2025-02-09,South,Home & Kitchen,2050819.85,40,51270.5
2025-02-09,South,Sports,1276351.49,26,49090.44
2025-02-09,South,Toys,735846.78,21,35040.32
2025-02-09,West,Beauty,1467313.24,28,52404.04
2025-02-09,West,Books,1242713.73,23,54031.03
2025-02-09,West,Clothing,1284175.96,26,49391.38
2025-02-09,West,Electronics,1535938.0,24,63997.42
2025-02-09,West,Grocery,1879779.08,31,60638.03
2025-02-09,West,Home & Kitchen,1233800.88,23,53643.52
2025-02-09,West,Sports,1403381.56,24,58474.23
2025-02-09,West,Toys,1690904.63,29,58307.06
2025-02-10,Central,Beauty,1978721.75,36,54964.49
2025-02-10,Central,Books,1981722.15,37,53560.06
2025-02-10,Central,Clothing,1371118.41,32,42847.45
2025-02-10,Central,Electronics,2458357.92,41,59959.95
2025-02-10,Central,Grocery,1736526.59,34,51074.31
2025-02-10,Central,Home & Kitchen,1390558.41,26,53483.02
2025-02-10,Central,Sports,1696773.84,34,49905.11
2025-02-10,Central,Toys,1474483.43,30,49149.45
2025-02-10,East,Beauty,2041660.87,40,51041.52
2025-02-10,East,Books,2175657.91,39,55786.1
2025-02-10,East,Clothing,2587148.66,34,76092.61
2025-02-10,East,Electronics,1985460.56,40,49636.51
2025-02-10,East,Grocery,1613088.26,40,40327.21
2025-02-10,East,Home & Kitchen,1855790.94,38,48836.6
2025-02-10,East,Sports,1345583.94,37,36367.13
2025-02-10,East,Toys,1738323.45,39,44572.4
2025-02-10,North,Beauty,1708902.9,32,53403.22
2025-02-10,North,Books,1561385.76,25,62455.43
2025-02-10,North,Clothing,1112095.75,25,44483.83
2025-02-10,North,Electronics,1663970.56,25,66558.82
2025-02-10,North,Grocery,1951504.53,30,65050.15
2025-02-10,North,Home & Kitchen,1373756.18,23,59728.53
2025-02-10,North,Sports,1213954.41,25,48558.18
2025-02-10,North,Toys,2078460.13,27,76980.0
2025-02-10,South,Beauty,1337769.24,28,47777.47
2025-02-10,South,Books,1405968.91,25,56238.76
2025-02-10,South,Clothing,1097221.21,24,45717.55
2025-02-10,South,Electronics,928901.98,20,46445.1
2025-02-10,South,Grocery,1139533.47,17,67031.38
2025-02-10,South,Home & Kitchen,1237466.74,25,49498.67
2025-02-10,South,Sports,1273406.69,22,57882.12
2025-02-10,South,Toys,1412804.22,22,64218.37
2025-02-10,West,Beauty,1822061.07,37,49244.89
2025-02-10,West,Books,1406312.17,25,56252.49
2025-02-10,West,Clothing,1804392.53,35,51554.07
2025-02-10,West,Electronics,1338221.31,28,47793.62
2025-02-10,West,Grocery,1360101.58,20,68005.08
2025-02-10,West,Home & Kitchen,1637838.11,30,54594.6
2025-02-10,West,Sports,1581067.19,27,58558.04
2025-02-10,West,Toys,1333083.08,31,43002.68
2025-02-11,Central,Beauty,1542907.26,28,55103.83
2025-02-11,Central,Books,1771254.06,36,49201.5
2025-02-11,Central,Clothing,1363839.23,30,45461.31
2025-02-11,Central,Electronics,1932975.32,29,66654.32
2025-02-11,Central,Grocery,1610530.67,34,47368.55
2025-02-11,Central,Home & Kitchen,1926037.32,27,71334.72
2025-02-11,Central,Sports,1985634.83,37,53665.81
2025-02-11,Central,Toys,1744184.25,31,56264.01
2025-02-11,East,Beauty,1304336.17,23,56710.27
2025-02-11,East,Books,836795.15,21,39847.39
2025-02-11,East,Clothing,1236716.76,19,65090.36
2025-02-11,East,Electronics,1054280.07,25,42171.2
2025-02-11,East,Grocery,1309673.09,23,56942.31
2025-02-11,East,Home & Kitchen,1186368.55,24,49432.02
2025-02-11,East,Sports,886605.31,20,44330.27
2025-02-11,East,Toys,1372932.66,31,44288.15
2025-02-11,North,Beauty,1604900.26,26,61726.93
2025-02-11,North,Books,1343458.44,22,61066.29
2025-02-11,North,Clothing,1050756.23,23,45685.05
2025-02-11,North,Electronics,1178014.42,18,65445.25
2025-02-11,North,Grocery,1759664.28,30,58655.48
2025-02-11,North,Home & Kitchen,1686370.17,31,54399.04
2025-02-11,North,Sports,1826880.65,24,76120.03
2025-02-11,North,Toys,1441935.2,27,53405.01
2025-02-11,South,Beauty,1327414.27,24,55308.93
2025-02-11,South,Books,698874.63,16,43679.66
2025-02-11,South,Clothing,1352826.91,26,52031.8
2025-02-11,South,Electronics,1175875.09,28,41995.54
2025-02-11,South,Grocery,1132816.13,25,45312.65
2025-02-11,South,Home & Kitchen,1064881.59,18,59160.09
2025-02-11,South,Sports,1328954.79,26,51113.65
2025-02-11,South,Toys,1177265.2,26,45279.43
2025-02-11,West,Beauty,1158439.43,27,42905.16
2025-02-11,West,Books,886138.66,18,49229.93
2025-02-11,West,Clothing,773449.96,19,40707.89
2025-02-11,West,Electronics,1061521.56,24,44230.07
2025-02-11,West,Grocery,1349548.4,28,48198.16
2025-02-11,West,Home & Kitchen,1370075.76,27,50743.55
2025-02-11,West,Sports,1102867.65,31,35576.38
2025-02-11,West,Toys,1140789.31,33,34569.37
2025-02-12,Central,Beauty,1740234.38,33,52734.38
2025-02-12,Central,Books,1327947.81,27,49183.25
2025-02-12,Central,Clothing,1342389.38,31,43302.88
2025-02-12,Central,Electronics,1848905.52,33,56027.44
2025-02-12,Central,Grocery,1960702.5,36,54463.96
2025-02-12,Central,Home & Kitchen,1377132.08,38,36240.32
2025-02-12,Central,Sports,1902039.42,34,55942.34
2025-02-12,Central,Toys,1623270.05,34,47743.24
2025-02-12,East,Beauty,1681348.85,25,67253.95
2025-02-12,East,Books,1152376.75,23,50103.34
2025-02-12,East,Clothing,1261950.02,20,63097.5
2025-02-12,East,Electronics,804128.06,21,38291.81
2025-02-12,East,Grocery,1625830.09,31,52446.13
2025-02-12,East,Home & Kitchen,1243938.04,27,46071.78
2025-02-12,East,Sports,1042433.44,27,38608.65
2025-02-12,East,Toys,1659588.65,23,72156.03
2025-02-12,North,Beauty,882004.32,16,55125.27
2025-02-12,North,Books,1203880.95,27,44588.18
2025-02-12,North,Clothing,1236449.39,23,53758.67
2025-02-12,North,Electronics,1136789.73,21,54132.84
2025-02-12,North,Grocery,1754755.58,32,54836.11
2025-02-12,North,Home & Kitchen,1471878.67,22,66903.58
2025-02-12,North,Sports,1111306.97,24,46304.46
2025-02-12,North,Toys,1052134.37,23,45744.97
2025-02-12,South,Beauty,1471579.1,28,52556.4
2025-02-12,South,Books,1510150.9,29,52074.17
2025-02-12,South,Clothing,1650564.43,26,63483.25
2025-02-12,South,Electronics,1594826.24,30,53160.87
2025-02-12,South,Grocery,1584343.35,32,49510.73
2025-02-12,South,Home & Kitchen,1168458.05,25,46738.32
2025-02-12,South,Sports,1091707.71,22,49623.08
2025-02-12,South,Toys,1191425.15,22,54155.69
2025-02-12,West,Beauty,1158837.74,29,39959.92
2025-02-12,West,Books,1626554.37,32,50829.82
2025-02-12,West,Clothing,1256974.19,24,52373.92
2025-02-12,West,Electronics,1447492.98,27,53610.85
2025-02-12,West,Grocery,2000896.14,35,57168.46
2025-02-12,West,Home & Kitchen,1159293.21,23,50404.05
2025-02-12,West,Sports,1642765.02,31,52992.42
2025-02-12,West,Toys,1810381.86,29,62426.96
2025-02-13,Central,Beauty,635638.84,13,48895.3
2025-02-13,Central,Books,1290426.77,19,67917.2
2025-02-13,Central,Clothing,1290022.74,23,56087.95
2025-02-13,Central,Electronics,1058864.89,25,42354.6
2025-02-13,Central,Grocery,1443780.96,23,62773.09
2025-02-13,Central,Home & Kitchen,1055776.08,17,62104.48
2025-02-13,Central,Sports,1057695.89,26,40680.61
2025-02-13,Central,Toys,1099247.34,19,57855.12
2025-02-13,East,Beauty,1025962.77,22,46634.67
2025-02-13,East,Books,2105846.09,33,63813.52
2025-02-13,East,Clothing,1464004.43,24,61000.18
2025-02-13,East,Electronics,924014.63,15,61600.98
2025-02-13,East,Grocery,1390558.91,32,43454.97
2025-02-13,East,Home & Kitchen,1347841.47,26,51840.06
2025-02-13,East,Sports,1058017.64,23,46000.77
2025-02-13,East,Toys,1435723.74,31,46313.67
2025-02-13,North,Beauty,1439557.87,28,51412.78
2025-02-13,North,Books,1260070.04,29,43450.69
2025-02-13,North,Clothing,1108837.21,21,52801.77
2025-02-13,North,Electronics,1683183.34,26,64737.82
2025-02-13,North,Grocery,1327849.84,25,53113.99
2025-02-13,North,Home & Kitchen,1444521.28,27,53500.79
2025-02-13,North,Sports,1748706.55,32,54647.08
2025-02-13,North,Toys,648315.67,21,30872.17
2025-02-13,South,Beauty,1973749.24,28,70491.04
2025-02-13,South,Books,1351333.75,24,56305.57
2025-02-13,South,Clothing,1923036.03,30,64101.2
2025-02-13,South,Electronics,941602.63,26,36215.49
2025-02-13,South,Grocery,1571283.67,31,50686.57
2025-02-13,South,Home & Kitchen,1839174.95,32,57474.22
2025-02-13,South,Sports,1129502.87,19,59447.52
2025-02-13,South,Toys,2001378.38,33,60647.83
2025-02-13,West,Beauty,1015261.5,24,42302.56
2025-02-13,West,Books,1274847.51,28,45530.27
2025-02-13,West,Clothing,1364709.86,23,59335.21
2025-02-13,West,Electronics,1158423.62,22,52655.62
2025-02-13,West,Grocery,1327204.08,25,53088.16
2025-02-13,West,Home & Kitchen,1180545.41,23,51328.06
2025-02-13,West,Sports,970711.13,24,40446.3
2025-02-13,West,Toys,1712358.66,28,61155.67
2025-02-14,Central,Beauty,1421861.86,29,49029.72
2025-02-14,Central,Books,1460998.88,28,52178.53
2025-02-14,Central,Clothing,1696008.83,31,54709.96
2025-02-14,Central,Electronics,1641995.66,27,60814.65
2025-02-14,Central,Grocery,1355830.1,27,50215.93
2025-02-14,Central,Home & Kitchen,1387164.99,32,43348.91
2025-02-14,Central,Sports,1261267.54,28,45045.27
2025-02-14,Central,Toys,1304954.57,29,44998.43
2025-02-14,East,Beauty,808993.14,18,44944.06
2025-02-14,East,Books,995622.25,25,39824.89
2025-02-14,East,Clothing,925927.82,22,42087.63
2025-02-14,East,Electronics,816620.08,14,58330.01
2025-02-14,East,Grocery,1032913.25,17,60759.6
2025-02-14,East,Home & Kitchen,999002.04,16,62437.63
2025-02-14,East,Sports,946624.7,25,37864.99
2025-02-14,East,Toys,1038576.14,18,57698.67
2025-02-14,North,Beauty,1315899.95,26,50611.54
2025-02-14,North,Books,1137509.23,24,47396.22
2025-02-14,North,Clothing,1026330.83,21,48872.9
2025-02-14,North,Electronics,1762216.83,32,55069.28
2025-02-14,North,Grocery,1809803.42,30,60326.78
2025-02-14,North,Home & Kitchen,1737292.16,30,57909.74
2025-02-14,North,Sports,1831140.82,34,53857.08
2025-02-14,North,Toys,2001888.41,29,69030.63
2025-02-14,South,Beauty,1604286.58,33,48614.74
2025-02-14,South,Books,1905448.59,28,68051.74
2025-02-14,South,Clothing,1368574.97,27,50687.96
2025-02-14,South,Electronics,1258002.66,23,54695.77
2025-02-14,South,Grocery,1389991.24,30,46333.04
2025-02-14,South,Home & Kitchen,1982803.96,29,68372.55
2025-02-14,South,Sports,1063908.97,30,35463.63
2025-02-14,South,Toys,2199260.64,35,62836.02
2025-02-14,West,Beauty,1418656.47,26,54563.71
2025-02-14,West,Books,1691240.23,27,62638.53
2025-02-14,West,Clothing,1507962.32,26,57998.55
2025-02-14,West,Electronics,1794045.04,33,54365.0
2025-02-14,West,Grocery,2151362.98,39,55163.15
2025-02-14,West,Home & Kitchen,1285615.74,22,58437.08
2025-02-14,West,Sports,1566277.36,31,50525.08
2025-02-14,West,Toys,2050114.04,35,58574.69
2025-02-15,Central,Beauty,1421849.68,24,59243.74
2025-02-15,Central,Books,1434235.27,25,57369.41
2025-02-15,Central,Clothing,1379918.5,20,68995.93
2025-02-15,Central,Electronics,1515184.15,32,47349.5
2025-02-15,Central,Grocery,1440303.45,29,49665.64
2025-02-15,Central,Home & Kitchen,1557369.56,26,59898.83
2025-02-15,Central,Sports,1032211.86,26,39700.46
2025-02-15,Central,Toys,2117550.14,33,64168.19
2025-02-15,East,Beauty,1039746.71,23,45206.38
2025-02-15,East,Books,1208580.53,29,41675.19
2025-02-15,East,Clothing,1622886.89,34,47731.97
2025-02-15,East,Electronics,1232403.57,23,53582.76
2025-02-15,East,Grocery,1847836.0,32,57744.88
2025-02-15,East,Home & Kitchen,954934.72,26,36728.26
2025-02-15,East,Sports,1566976.5,28,55963.45
2025-02-15,East,Toys,992530.98,20,49626.55
2025-02-15,North,Beauty,1669728.13,25,66789.13
2025-02-15,North,Books,1379949.14,31,44514.49
2025-02-15,North,Clothing,916073.79,18,50892.99
2025-02-15,North,Electronics,1496343.38,28,53440.84
2025-02-15,North,Grocery,2230028.94,35,63715.11
2025-02-15,North,Home & Kitchen,1521280.91,25,60851.24
2025-02-15,North,Sports,1230903.4,22,55950.15
2025-02-15,North,Toys,1562540.06,29,53880.69
2025-02-15,South,Beauty,1330139.12,31,42907.71
2025-02-15,South,Books,2193220.83,38,57716.34
2025-02-15,South,Clothing,1305425.02,31,42110.48
2025-02-15,South,Electronics,1764594.28,29,60848.08
2025-02-15,South,Grocery,1906886.49,35,54482.47
2025-02-15,South,Home & Kitchen,1716257.49,32,53633.05
2025-02-15,South,Sports,2198141.66,38,57845.83
2025-02-15,South,Toys,2185169.28,38,57504.45
2025-02-15,West,Beauty,2516178.46,44,57185.87
2025-02-15,West,Books,1901342.58,31,61333.63
2025-02-15,West,Clothing,1054154.03,31,34004.97
2025-02-15,West,Electronics,1949280.74,35,55693.74
2025-02-15,West,Grocery,1834645.38,27,67949.83
2025-02-15,West,Home & Kitchen,1650463.04,31,53240.74
2025-02-15,West,Sports,1178411.79,26,45323.53
2025-02-15,West,Toys,1518912.12,35,43397.49
2025-02-16,Central,Beauty,1038090.94,28,37074.68
2025-02-16,Central,Books,830963.45,15,55397.56
2025-02-16,Central,Clothing,1624120.38,27,60152.61
2025-02-16,Central,Electronics,803400.1,18,44633.34
2025-02-16,Central,Grocery,1367292.81,26,52588.19
2025-02-16,Central,Home & Kitchen,1907604.9,31,61535.64
2025-02-16,Central,Sports,1232124.94,22,56005.68
2025-02-16,Central,Toys,1708386.25,35,48811.04
2025-02-16,East,Beauty,1841540.81,31,59404.54
2025-02-16,East,Books,1798963.76,38,47341.15
2025-02-16,East,Clothing,1631240.62,31,52620.67
2025-02-16,East,Electronics,1509052.14,22,68593.28
2025-02-16,East,Grocery,1713041.6,33,51910.35
2025-02-16,East,Home & Kitchen,1674502.72,31,54016.22
2025-02-16,East,Sports,1717889.34,35,49082.55
2025-02-16,East,Toys,2285960.97,34,67234.15
2025-02-16,North,Beauty,1446113.25,29,49865.97
2025-02-16,North,Books,785022.12,22,35682.82
2025-02-16,North,Clothing,1677812.12,28,59921.86
2025-02-16,North,Electronics,1140956.07,23,49606.79
2025-02-16,North,Grocery,1591534.64,27,58945.73
2025-02-16,North,Home & Kitchen,1529335.81,30,50977.86
2025-02-16,North,Sports,1357137.71,29,46797.85
2025-02-16,North,Toys,1690808.5,40,42270.21
2025-02-16,South,Beauty,1365380.37,23,59364.36
2025-02-16,South,Books,1353519.14,28,48339.97
2025-02-16,South,Clothing,1369636.56,25,54785.46
2025-02-16,South,Electronics,804941.52,21,38330.55
2025-02-16,South,Grocery,1526780.29,30,50892.68
2025-02-16,South,Home & Kitchen,817529.17,22,37160.42
2025-02-16,South,Sports,1701258.43,34,50037.01
2025-02-16,South,Toys,1375451.0,28,49123.25
2025-02-16,West,Beauty,1967752.96,40,49193.82
2025-02-16,West,Books,2007051.18,42,47786.93
2025-02-16,West,Clothing,2062076.0,40,51551.9
2025-02-16,West,Electronics,1940535.38,36,53903.76
2025-02-16,West,Grocery,1902030.7,41,46390.99
2025-02-16,West,Home & Kitchen,1600964.0,29,55205.66
2025-02-16,West,Sports,1305055.72,34,38383.99
2025-02-16,West,Toys,2101803.39,44,47768.26
2025-02-17,Central,Beauty,1654274.78,31,53363.7
2025-02-17,Central,Books,1596361.92,29,55046.96
2025-02-17,Central,Clothing,1375978.33,27,50962.16
2025-02-17,Central,Electronics,1289507.16,22,58613.96
2025-02-17,Central,Grocery,1902165.92,34,55946.06
2025-02-17,Central,Home & Kitchen,1474532.58,28,52661.88
2025-02-17,Central,Sports,1560458.71,31,50337.38
2025-02-17,Central,Toys,1231341.91,26,47359.3
2025-02-17,East,Beauty,1296244.25,24,54010.18
2025-02-17,East,Books,1169975.4,20,58498.77
2025-02-17,East,Clothing,1360259.46,26,52317.67
2025-02-17,East,Electronics,1417481.5,26,54518.52
2025-02-17,East,Grocery,1358933.74,30,45297.79
2025-02-17,East,Home & Kitchen,1231426.72,22,55973.94
2025-02-17,East,Sports,1428192.15,28,51006.86
2025-02-17,East,Toys,2121329.7,35,60609.42
2025-02-17,North,Beauty,1808770.04,31,58347.42
2025-02-17,North,Books,2013987.9,36,55944.11
2025-02-17,North,Clothing,1560581.46,36,43349.49
2025-02-17,North,Electronics,1574273.6,30,52475.79
2025-02-17,North,Grocery,2064857.71,35,58995.93
2025-02-17,North,Home & Kitchen,1680362.99,27,62235.67
2025-02-17,North,Sports,1409913.97,25,56396.56
2025-02-17,North,Toys,1635057.8,32,51095.56
2025-02-17,South,Beauty,955675.89,15,63711.73
2025-02-17,South,Books,1843030.34,27,68260.38
2025-02-17,South,Clothing,1792056.61,27,66372.47
2025-02-17,South,Electronics,1064724.35,23,46292.36
2025-02-17,South,Grocery,913600.32,15,60906.69
2025-02-17,South,Home & Kitchen,1412891.86,23,61430.08
2025-02-17,South,Sports,1371513.89,22,62341.54
2025-02-17,South,Toys,1049969.88,17,61762.93
2025-02-17,West,Beauty,1703747.62,24,70989.48
2025-02-17,West,Books,1407627.23,27,52134.34
2025-02-17,West,Clothing,1607096.3,25,64283.85
2025-02-17,West,Electronics,1110900.14,25,44436.01
2025-02-17,West,Grocery,1821415.62,29,62807.44
2025-02-17,West,Home & Kitchen,1554167.33,27,57561.75
2025-02-17,West,Sports,1074873.54,21,51184.45
2025-02-17,West,Toys,1145009.56,22,52045.89
2025-02-18,Central,Beauty,848494.02,23,36891.04
2025-02-18,Central,Books,988879.26,24,41203.3
2025-02-18,Central,Clothing,2018254.02,30,67275.13
2025-02-18,Central,Electronics,1088425.72,23,47322.86
2025-02-18,Central,Grocery,1037743.8,25,41509.75
2025-02-18,Central,Home & Kitchen,1279785.65,22,58172.08
2025-02-18,Central,Sports,1449498.23,25,57979.93
2025-02-18,Central,Toys,1539408.09,30,51313.6
2025-02-18,East,Beauty,1457363.66,25,58294.55
2025-02-18,East,Books,1214828.72,28,43386.74
2025-02-18,East,Clothing,1163555.07,26,44752.12
2025-02-18,East,Electronics,1289595.07,25,51583.8
2025-02-18,East,Grocery,1716299.53,36,47674.99
2025-02-18,East,Home & Kitchen,1476161.37,24,61506.72
2025-02-18,East,Sports,1792750.61,31,57830.66
2025-02-18,East,Toys,1075867.52,24,44827.81
2025-02-18,North,Beauty,1559573.32,36,43321.48
2025-02-18,North,Books,1010128.96,29,34832.03
2025-02-18,North,Clothing,1672328.93,35,47780.83
2025-02-18,North,Electronics,2595141.76,43,60352.13
2025-02-18,North,Grocery,2460803.54,40,61520.09
2025-02-18,North,Home & Kitchen,2305887.61,41,56241.16
2025-02-18,North,Sports,2330717.19,39,59761.98
2025-02-18,North,Toys,1958115.91,32,61191.12
2025-02-18,South,Beauty,2114225.06,44,48050.57
2025-02-18,South,Books,1611775.9,30,53725.86
2025-02-18,South,Clothing,2014753.2,37,54452.79
2025-02-18,South,Electronics,1917806.25,42,45662.05
2025-02-18,South,Grocery,2047619.44,35,58503.41
2025-02-18,South,Home & Kitchen,2171719.18,37,58695.11
2025-02-18,South,Sports,2079483.69,35,59413.82
2025-02-18,South,Toys,2337058.04,39,59924.57
2025-02-18,West,Beauty,1571048.67,36,43640.24
2025-02-18,West,Books,2063628.89,35,58960.83
2025-02-18,West,Clothing,1329201.8,29,45834.54
2025-02-18,West,Electronics,1194679.74,27,44247.4
2025-02-18,West,Grocery,1890987.82,31,60999.61
2025-02-18,West,Home & Kitchen,2296017.79,25,91840.71
2025-02-18,West,Sports,1476588.25,26,56791.86
2025-02-18,West,Toys,1819592.89,30,60653.1
2025-02-19,Central,Beauty,1220826.33,35,34880.75
2025-02-19,Central,Books,1290078.61,24,53753.28
2025-02-19,Central,Clothing,1144346.65,24,47681.11
2025-02-19,Central,Electronics,1834509.57,34,53956.16
2025-02-19,Central,Grocery,1627926.65,30,54264.22
2025-02-19,Central,Home & Kitchen,1234544.61,27,45723.87
2025-02-19,Central,Sports,1328272.62,25,53130.9
2025-02-19,Central,Toys,2164612.82,34,63665.08
2025-02-19,East,Beauty,1419884.86,21,67613.56
2025-02-19,East,Books,1622682.91,25,64907.32
2025-02-19,East,Clothing,1415522.81,26,54443.19
2025-02-19,East,Electronics,1746195.78,27,64673.92
2025-02-19,East,Grocery,1123276.14,32,35102.38
2025-02-19,East,Home & Kitchen,1455055.49,29,50174.33
2025-02-19,East,Sports,805440.62,19,42391.61
2025-02-19,East,Toys,1939797.28,26,74607.59
2025-02-19,North,Beauty,1330049.75,26,51155.76
2025-02-19,North,Books,1153798.61,25,46151.94
2025-02-19,North,Clothing,1111692.94,26,42757.42
2025-02-19,North,Electronics,1152043.32,28,41144.4
2025-02-19,North,Grocery,1414429.18,27,52386.27
2025-02-19,North,Home & Kitchen,1053075.73,25,42123.03
2025-02-19,North,Sports,897347.56,24,37389.48
2025-02-19,North,Toys,1953333.78,34,57450.99
2025-02-19,South,Beauty,1524431.35,28,54443.98
2025-02-19,South,Books,1616455.81,34,47542.82
2025-02-19,South,Clothing,1496374.3,28,53441.94
2025-02-19,South,Electronics,1025045.66,29,35346.4
2025-02-19,South,Grocery,1490134.13,35,42575.26
2025-02-19,South,Home & Kitchen,1649804.54,27,61103.87
2025-02-19,South,Sports,1226955.03,22,55770.68
2025-02-19,South,Toys,1901182.42,30,63372.75
2025-02-19,West,Beauty,1431695.72,30,47723.19
2025-02-19,West,Books,1234542.34,26,47482.4
2025-02-19,West,Clothing,1564616.3,36,43461.56
2025-02-19,West,Electronics,1079707.4,25,43188.3
2025-02-19,West,Grocery,1862762.68,33,56447.35
2025-02-19,West,Home & Kitchen,1352362.4,36,37565.62
2025-02-19,West,Sports,1790531.33,33,54258.53
2025-02-19,West,Toys,2067425.73,33,62649.26
2025-02-20,Central,Beauty,1676735.4,32,52397.98
2025-02-20,Central,Books,1468375.35,26,56475.98
2025-02-20,Central,Clothing,2110766.0,34,62081.35
2025-02-20,Central,Electronics,1197560.45,27,44354.09
2025-02-20,Central,Grocery,1739594.0,30,57986.47
2025-02-20,Central,Home & Kitchen,1646796.74,34,48435.2
2025-02-20,Central,Sports,1340345.29,29,46218.8
2025-02-20,Central,Toys,1075071.21,27,39817.45
2025-02-20,East,Beauty,908390.02,19,47810.0
2025-02-20,East,Books,1187475.86,23,51629.39
2025-02-20,East,Clothing,1196991.35,20,59849.57
2025-02-20,East,Electronics,1594666.17,22,72484.83
2025-02-20,East,Grocery,860447.69,18,47802.65
2025-02-20,East,Home & Kitchen,1826695.06,27,67655.37
2025-02-20,East,Sports,1950901.82,29,67272.48
2025-02-20,East,Toys,1322346.76,25,52893.87
2025-02-20,North,Beauty,1070088.19,22,48640.37
2025-02-20,North,Books,2047559.39,32,63986.23
2025-02-20,North,Clothing,1665158.91,32,52036.22
2025-02-20,North,Electronics,1222845.32,26,47032.51
2025-02-20,North,Grocery,1697906.25,31,54771.17
2025-02-20,North,Home & Kitchen,1325463.99,26,50979.38
2025-02-20,North,Sports,1062232.94,26,40855.11
2025-02-20,North,Toys,1452264.78,32,45383.27
2025-02-20,South,Beauty,1494208.11,28,53364.58
2025-02-20,South,Books,1583261.05,29,54595.21
2025-02-20,South,Clothing,2140525.73,36,59459.05
2025-02-20,South,Electronics,1495445.8,30,49848.19
2025-02-20,South,Grocery,1519970.02,31,49031.29
2025-02-20,South,Home & Kitchen,1325523.16,26,50981.66
2025-02-20,South,Sports,1466648.2,28,52380.29
2025-02-20,South,Toys,1808855.69,28,64601.99
2025-02-20,West,Beauty,1661439.67,25,66457.59
2025-02-20,West,Books,1571079.11,24,65461.63
2025-02-20,West,Clothing,878479.76,26,33787.68
2025-02-20,West,Electronics,1217293.81,26,46818.99
2025-02-20,West,Grocery,1244215.19,21,59248.34
2025-02-20,West,Home & Kitchen,1891161.37,26,72736.98
2025-02-20,West,Sports,1228783.47,21,58513.5
2025-02-20,West,Toys,1545606.39,26,59446.4
2025-02-21,Central,Beauty,1472758.49,32,46023.7
2025-02-21,Central,Books,1045709.72,23,45465.64
2025-02-21,Central,Clothing,1334469.76,27,49424.81
2025-02-21,Central,Electronics,1400638.19,34,41195.24
2025-02-21,Central,Grocery,1455283.12,30,48509.44
2025-02-21,Central,Home & Kitchen,1568661.1,26,60333.12
2025-02-21,Central,Sports,1286476.81,32,40202.4
2025-02-21,Central,Toys,1192885.83,26,45880.22
2025-02-21,East,Beauty,2109622.55,37,57016.83
2025-02-21,East,Books,1831239.27,31,59072.23
2025-02-21,East,Clothing,1978049.99,34,58177.94
2025-02-21,East,Electronics,1224439.15,27,45349.6
2025-02-21,East,Grocery,1964356.09,39,50368.1
2025-02-21,East,Home & Kitchen,1329958.99,24,55414.96
2025-02-21,East,Sports,1734331.32,38,45640.3
2025-02-21,East,Toys,2056981.01,40,51424.53
2025-02-21,North,Beauty,2508748.47,37,67804.01
2025-02-21,North,Books,2127982.56,39,54563.66
2025-02-21,North,Clothing,1020545.87,22,46388.45
2025-02-21,North,Electronics,998892.83,27,36996.03
2025-02-21,North,Grocery,1973546.43,40,49338.66
2025-02-21,North,Home & Kitchen,1554907.72,29,53617.51
2025-02-21,North,Sports,1529900.33,32,47809.39
2025-02-21,North,Toys,1937646.28,30,64588.21
2025-02-21,South,Beauty,1425880.11,30,47529.34
2025-02-21,South,Books,1577869.95,28,56352.5
2025-02-21,South,Clothing,1129118.36,26,43427.63
2025-02-21,South,Electronics,2822944.7,42,67212.97
2025-02-21,South,Grocery,2184340.53,38,57482.65
2025-02-21,South,Home & Kitchen,1616933.34,35,46198.1
2025-02-21,South,Sports,1478634.22,32,46207.32
2025-02-21,South,Toys,1699162.26,35,48547.49
2025-02-21,West,Beauty,1409748.39,26,54221.09
2025-02-21,West,Books,1409968.3,31,45482.85
2025-02-21,West,Clothing,1735947.9,30,57864.93
2025-02-21,West,Electronics,1984238.22,36,55117.73
2025-02-21,West,Grocery,1805777.05,40,45144.43
2025-02-21,West,Home & Kitchen,2043784.02,39,52404.72
2025-02-21,West,Sports,1386872.04,32,43339.75
2025-02-21,West,Toys,1553485.64,32,48546.43
2025-02-22,Central,Beauty,1351665.32,30,45055.51
2025-02-22,Central,Books,1711038.58,38,45027.33
2025-02-22,Central,Clothing,1929171.29,29,66523.15
2025-02-22,Central,Electronics,1805720.12,31,58249.04
2025-02-22,Central,Grocery,1414468.83,32,44202.15
2025-02-22,Central,Home & Kitchen,1494489.49,32,46702.8
2025-02-22,Central,Sports,1371622.2,29,47297.32
2025-02-22,Central,Toys,1309619.47,27,48504.42
2025-02-22,East,Beauty,1525239.8,29,52594.48
2025-02-22,East,Books,960072.78,27,35558.25
2025-02-22,East,Clothing,1506731.2,26,57951.2
2025-02-22,East,Electronics,1328083.71,20,66404.19
2025-02-22,East,Grocery,1705851.48,27,63179.68
2025-02-22,East,Home & Kitchen,1247409.99,26,47977.31
2025-02-22,East,Sports,1183086.43,25,47323.46
2025-02-22,East,Toys,1444620.01,24,60192.5
2025-02-22,North,Beauty,1547210.65,33,46885.17
2025-02-22,North,Books,1419997.05,32,44374.91
2025-02-22,North,Clothing,2249077.78,42,53549.47
2025-02-22,North,Electronics,2339966.66,36,64999.07
2025-02-22,North,Grocery,3585628.31,56,64029.08
2025-02-22,North,Home & Kitchen,2110099.85,43,49072.09
2025-02-22,North,Sports,1455320.03,33,44100.61
2025-02-22,North,Toys,2685464.93,43,62452.67
2025-02-22,South,Beauty,1215999.15,26,46769.2
2025-02-22,South,Books,1600294.19,33,48493.76
2025-02-22,South,Clothing,1381859.87,25,55274.39
2025-02-22,South,Electronics,1780053.4,27,65927.9
2025-02-22,South,Grocery,1761506.89,30,58716.9
2025-02-22,South,Home & Kitchen,1736604.21,32,54268.88
2025-02-22,South,Sports,1606452.1,28,57373.29
2025-02-22,South,Toys,1335962.44,29,46067.67
2025-02-22,West,Beauty,1724490.3,37,46607.85
2025-02-22,West,Books,1535287.17,30,51176.24
2025-02-22,West,Clothing,1499494.08,32,46859.19
2025-02-22,West,Electronics,1631982.91,30,54399.43
2025-02-22,West,Grocery,1899297.3,34,55861.69
2025-02-22,West,Home & Kitchen,1437985.58,26,55307.14
2025-02-22,West,Sports,1736230.93,29,59870.03
2025-02-22,West,Toys,1546270.56,32,48320.96
2025-02-23,Central,Beauty,1660241.37,25,66409.65
2025-02-23,Central,Books,1845135.52,29,63625.36
2025-02-23,Central,Clothing,1679642.77,29,57918.72
2025-02-23,Central,Electronics,1692553.2,30,56418.44
2025-02-23,Central,Grocery,1356651.82,28,48451.85
2025-02-23,Central,Home & Kitchen,1526226.29,27,56526.9
2025-02-23,Central,Sports,1388034.29,24,57834.76
2025-02-23,Central,Toys,2225185.97,40,55629.65
2025-02-23,East,Beauty,1273925.85,27,47182.44
2025-02-23,East,Books,1625862.25,36,45162.84
2025-02-23,East,Clothing,1106945.81,27,40997.99
2025-02-23,East,Electronics,1493841.67,25,59753.67
2025-02-23,East,Grocery,1727703.78,30,57590.13
2025-02-23,East,Home & Kitchen,1541238.79,27,57082.92
2025-02-23,East,Sports,1384703.74,34,40726.58
2025-02-23,East,Toys,1540858.62,32,48151.83
2025-02-23,North,Beauty,1549423.05,31,49981.39
2025-02-23,North,Books,1203257.71,28,42973.49
2025-02-23,North,Clothing,894616.79,19,47085.09
2025-02-23,North,Electronics,1288273.83,30,42942.46
2025-02-23,North,Grocery,1437944.24,29,49584.28
2025-02-23,North,Home & Kitchen,2087592.46,28,74556.87
2025-02-23,North,Sports,1103124.46,31,35584.66
2025-02-23,North,Toys,1341553.96,27,49687.18
2025-02-23,South,Beauty,1856908.12,29,64031.31
2025-02-23,South,Books,1685454.42,27,62424.24
2025-02-23,South,Clothing,1289197.87,28,46042.78
2025-02-23,South,Electronics,1431976.35,22,65089.83
2025-02-23,South,Grocery,1567108.8,30,52236.96
2025-02-23,South,Home & Kitchen,1314754.47,29,45336.36
2025-02-23,South,Sports,1467749.01,25,58709.96
2025-02-23,South,Toys,1844841.19,31,59511.01
2025-02-23,West,Beauty,1406557.69,21,66978.94
2025-02-23,West,Books,1427700.11,29,49231.04
2025-02-23,West,Clothing,1273671.18,21,60651.01
2025-02-23,West,Electronics,1113200.01,24,46383.33
2025-02-23,West,Grocery,1107619.1,21,52743.77
2025-02-23,West,Home & Kitchen,1380054.51,29,47588.09
2025-02-23,West,Sports,1226501.35,22,55750.06
2025-02-23,West,Toys,934298.66,16,58393.67
2025-02-24,Central,Beauty,1502993.87,36,41749.83
2025-02-24,Central,Books,1873204.59,29,64593.26
2025-02-24,Central,Clothing,1266932.89,32,39591.65
2025-02-24,Central,Electronics,1814546.2,34,53369.01
2025-02-24,Central,Grocery,2244676.76,39,57555.81
2025-02-24,Central,Home & Kitchen,1934202.76,35,55262.94
2025-02-24,Central,Sports,1255864.64,29,43305.68
2025-02-24,Central,Toys,2025435.32,35,57869.58
2025-02-24,East,Beauty,1126948.84,26,43344.19
2025-02-24,East,Books,1316558.69,21,62693.27
2025-02-24,East,Clothing,913790.29,21,43513.82
2025-02-24,East,Electronics,1273674.01,22,57894.27
2025-02-24,East,Grocery,1941309.39,27,71900.35
2025-02-24,East,Home & Kitchen,1321057.7,24,55044.07
2025-02-24,East,Sports,843610.13,17,49624.13
2025-02-24,East,Toys,1392035.16,24,58001.47
2025-02-24,North,Beauty,1424295.06,34,41891.03
2025-02-24,North,Books,1987224.72,31,64104.02
2025-02-24,North,Clothing,1485467.59,31,47918.31
2025-02-24,North,Electronics,2227560.77,38,58620.02
2025-02-24,North,Grocery,1728216.61,35,49377.62
2025-02-24,North,Home & Kitchen,1745629.01,31,56310.61
2025-02-24,North,Sports,1892690.77,34,55667.38
2025-02-24,North,Toys,1909934.36,32,59685.45
2025-02-24,South,Beauty,784890.55,19,41310.03
2025-02-24,South,Books,944879.35,21,44994.25
2025-02-24,South,Clothing,1256789.85,22,57126.81
2025-02-24,South,Electronics,1536688.43,21,73175.64
2025-02-24,South,Grocery,1247408.57,26,47977.25
2025-02-24,South,Home & Kitchen,1092917.12,23,47518.14
2025-02-24,South,Sports,1619801.83,26,62300.07
2025-02-24,South,Toys,1765663.62,25,70626.54
2025-02-24,West,Beauty,1830085.99,38,48160.16
2025-02-24,West,Books,1595723.04,33,48355.24
2025-02-24,West,Clothing,2084780.81,32,65149.4
2025-02-24,West,Electronics,1705130.25,27,63152.97
2025-02-24,West,Grocery,1408830.69,38,37074.49
2025-02-24,West,Home & Kitchen,1943777.64,34,57169.93
2025-02-24,West,Sports,1444283.58,30,48142.79
2025-02-24,West,Toys,1834089.92,35,52402.57
2025-02-25,Central,Beauty,1770472.95,33,53650.7
2025-02-25,Central,Books,1625066.35,31,52421.5
2025-02-25,Central,Clothing,1240148.52,28,44291.02
2025-02-25,Central,Electronics,1301274.9,27,48195.37
2025-02-25,Central,Grocery,1602485.69,30,53416.19
2025-02-25,Central,Home & Kitchen,1371412.95,24,57142.21
2025-02-25,Central,Sports,1604787.56,30,53492.92
2025-02-25,Central,Toys,1512501.91,36,42013.94
2025-02-25,East,Beauty,1563381.57,38,41141.62
2025-02-25,East,Books,1674172.22,35,47833.49
2025-02-25,East,Clothing,1753365.37,27,64939.46
2025-02-25,East,Electronics,1901070.08,29,65554.14
2025-02-25,East,Grocery,2130097.05,34,62649.91
2025-02-25,East,Home & Kitchen,2094766.73,31,67573.12
2025-02-25,East,Sports,1502414.42,29,51807.39
2025-02-25,East,Toys,2081052.48,42,49548.87
2025-02-25,North,Beauty,2584483.77,44,58738.27
2025-02-25,North,Books,1581266.12,31,51008.58
2025-02-25,North,Clothing,1413031.2,30,47101.04
2025-02-25,North,Electronics,1726338.71,27,63938.47
2025-02-25,North,Grocery,1855162.02,34,54563.59
2025-02-25,North,Home & Kitchen,2072410.61,34,60953.25
2025-02-25,North,Sports,1935545.35,34,56927.8
2025-02-25,North,Toys,1994981.11,36,55416.14
2025-02-25,South,Beauty,1541072.8,34,45325.67
2025-02-25,South,Books,1237892.8,25,49515.71
2025-02-25,South,Clothing,1875162.73,31,60489.12
2025-02-25,South,Electronics,1926218.48,30,64207.28
2025-02-25,South,Grocery,1789011.83,31,57710.06
2025-02-25,South,Home & Kitchen,902040.53,19,47475.82
2025-02-25,South,Sports,1576037.38,27,58371.75
2025-02-25,South,Toys,1812284.25,32,56633.88
2025-02-25,West,Beauty,744543.44,21,35454.45
2025-02-25,West,Books,1780303.1,31,57429.13
2025-02-25,West,Clothing,1876589.37,38,49383.93
2025-02-25,West,Electronics,1249383.17,24,52057.63
2025-02-25,West,Grocery,1770244.03,28,63223.0
2025-02-25,West,Home & Kitchen,1703014.03,25,68120.56
2025-02-25,West,Sports,1254949.5,26,48267.29
2025-02-25,West,Toys,1511173.12,30,50372.44
2025-02-26,Central,Beauty,1919900.23,28,68567.87
2025-02-26,Central,Books,1126073.2,24,46919.72
2025-02-26,Central,Clothing,1017702.82,21,48462.04
2025-02-26,Central,Electronics,1151767.83,26,44298.76
2025-02-26,Central,Grocery,1922316.09,27,71196.89
2025-02-26,Central,Home & Kitchen,1652556.38,31,53308.27
2025-02-26,Central,Sports,1102546.96,27,40835.07
2025-02-26,Central,Toys,1560413.32,33,47285.25
2025-02-26,East,Beauty,1865862.45,28,66637.94
2025-02-26,East,Books,1824517.18,26,70173.74
2025-02-26,East,Clothing,1258350.48,22,57197.75
2025-02-26,East,Electronics,1234316.46,27,45715.42
2025-02-26,East,Grocery,1902579.49,26,73176.13
2025-02-26,East,Home & Kitchen,1697587.45,31,54760.89
2025-02-26,East,Sports,1527042.4,26,58732.4
2025-02-26,East,Toys,1679763.41,31,54185.92
2025-02-26,North,Beauty,1468870.71,30,48962.36
2025-02-26,North,Books,1630157.16,28,58219.9
2025-02-26,North,Clothing,1177820.48,22,53537.29
2025-02-26,North,Electronics,1901393.29,27,70421.97
2025-02-26,North,Grocery,1207799.63,29,41648.26
2025-02-26,North,Home & Kitchen,1650769.36,38,43441.3
2025-02-26,North,Sports,1295951.2,23,56345.7
2025-02-26,North,Toys,1743635.08,29,60125.35
2025-02-26,South,Beauty,1302668.17,24,54277.84
2025-02-26,South,Books,904403.27,16,56525.2
2025-02-26,South,Clothing,924922.88,25,36996.92
2025-02-26,South,Electronics,755876.34,13,58144.33
2025-02-26,South,Grocery,1868686.21,26,71872.55
2025-02-26,South,Home & Kitchen,1368331.77,24,57013.82
2025-02-26,South,Sports,729032.92,16,45564.56
2025-02-26,South,Toys,1085440.36,26,41747.71
2025-02-26,West,Beauty,1833155.74,36,50920.99
2025-02-26,West,Books,1801977.51,30,60065.92
2025-02-26,West,Clothing,1901904.97,38,50050.13
2025-02-26,West,Electronics,1768447.61,35,50527.07
2025-02-26,West,Grocery,1593214.57,31,51394.02
2025-02-26,West,Home & Kitchen,1323371.69,29,45633.51
2025-02-26,West,Sports,1808446.57,38,47590.7
2025-02-26,West,Toys,2141376.08,29,73840.55
2025-02-27,Central,Beauty,1086720.73,26,41796.95
2025-02-27,Central,Books,1246450.64,30,41548.35
2025-02-27,Central,Clothing,831456.5,22,37793.48
2025-02-27,Central,Electronics,1232561.24,28,44020.04
2025-02-27,Central,Grocery,1479449.78,26,56901.91
2025-02-27,Central,Home & Kitchen,2134146.99,33,64671.12
2025-02-27,Central,Sports,1407729.69,31,45410.64
2025-02-27,Central,Toys,1795742.04,31,57927.16
2025-02-27,East,Beauty,1115072.85,24,46461.37
2025-02-27,East,Books,1694045.28,29,58415.35
2025-02-27,East,Clothing,1323096.92,29,45624.03
2025-02-27,East,Electronics,1085537.4,21,51692.26
2025-02-27,East,Grocery,1153402.08,20,57670.1
2025-02-27,East,Home & Kitchen,1367662.24,22,62166.47
2025-02-27,East,Sports,1733871.51,29,59788.67
2025-02-27,East,Toys,1543386.05,23,67103.74
2025-02-27,North,Beauty,1386843.48,29,47822.19
2025-02-27,North,Books,1213361.37,26,46667.75
2025-02-27,North,Clothing,954715.78,24,39779.82
2025-02-27,North,Electronics,1318299.87,23,57317.39
2025-02-27,North,Grocery,1800097.25,29,62072.32
2025-02-27,North,Home & Kitchen,1275246.61,29,43974.02
2025-02-27,North,Sports,1730062.31,34,50884.19
2025-02-27,North,Toys,1946484.49,37,52607.69
2025-02-27,South,Beauty,2481449.02,43,57708.12
2025-02-27,South,Books,2682164.21,40,67054.11
2025-02-27,South,Clothing,2803458.01,42,66749.0
2025-02-27,South,Electronics,1476524.0,38,38855.89
2025-02-27,South,Grocery,1708460.46,41,41669.77
2025-02-27,South,Home & Kitchen,1980221.5,39,50774.91
2025-02-27,South,Sports,1152602.63,28,41164.38
2025-02-27,South,Toys,2159779.83,39,55378.97
2025-02-27,West,Beauty,1551559.89,35,44330.28
2025-02-27,West,Books,1607569.17,29,55433.42
2025-02-27,West,Clothing,1704657.98,28,60880.64
2025-02-27,West,Electronics,1285881.08,29,44340.73
2025-02-27,West,Grocery,1248838.5,29,43063.4
2025-02-27,West,Home & Kitchen,2004692.19,35,57276.92
2025-02-27,West,Sports,1323563.52,28,47270.13
2025-02-27,West,Toys,2028368.57,30,67612.29
2025-02-28,Central,Beauty,2022667.41,35,57790.5
2025-02-28,Central,Books,1436822.34,28,51315.08
2025-02-28,Central,Clothing,1520498.37,30,50683.28
2025-02-28,Central,Electronics,2219647.41,41,54137.74
2025-02-28,Central,Grocery,2620191.78,46,56960.69
2025-02-28,Central,Home & Kitchen,1346071.57,29,46416.26
2025-02-28,Central,Sports,1550605.35,30,51686.85
2025-02-28,Central,Toys,2138057.21,40,53451.43
2025-02-28,East,Beauty,1961198.72,37,53005.37
2025-02-28,East,Books,1921857.56,33,58238.11
2025-02-28,East,Clothing,1477198.88,27,54711.07
2025-02-28,East,Electronics,2213966.19,35,63256.18
2025-02-28,East,Grocery,2292898.26,38,60339.43
2025-02-28,East,Home & Kitchen,2577984.41,43,59953.13
2025-02-28,East,Sports,1070495.54,25,42819.82
2025-02-28,East,Toys,2584404.32,36,71789.01
2025-02-28,North,Beauty,1460448.46,30,48681.62
2025-02-28,North,Books,1842775.84,31,59444.38
2025-02-28,North,Clothing,1200428.53,25,48017.14
2025-02-28,North,Electronics,1634459.79,28,58373.56
2025-02-28,North,Grocery,1166906.6,25,46676.26
2025-02-28,North,Home & Kitchen,1247864.29,25,49914.57
2025-02-28,North,Sports,1716487.82,33,52014.78
2025-02-28,North,Toys,1661870.47,29,57305.88
2025-02-28,South,Beauty,1463885.67,34,43055.46
2025-02-28,South,Books,1348754.37,24,56198.1
2025-02-28,South,Clothing,2227063.57,38,58606.94
2025-02-28,South,Electronics,1318740.54,26,50720.79
2025-02-28,South,Grocery,1424847.15,31,45962.81
2025-02-28,South,Home & Kitchen,1681942.77,39,43126.74
2025-02-28,South,Sports,1275954.47,27,47257.57
2025-02-28,South,Toys,1862028.1,32,58188.38
2025-02-28,West,Beauty,1085521.3,24,45230.05
2025-02-28,West,Books,1198203.32,24,49925.14
2025-02-28,West,Clothing,1037911.66,25,41516.47
2025-02-28,West,Electronics,1110297.22,24,46262.38
2025-02-28,West,Grocery,849487.51,19,44709.87
2025-02-28,West,Home & Kitchen,1396627.78,26,53716.45
2025-02-28,West,Sports,1281881.19,21,61041.96
2025-02-28,West,Toys,2298032.96,32,71813.53
2025-03-01,Central,Beauty,876597.05,20,43829.85
2025-03-01,Central,Books,1919612.72,29,66193.54
2025-03-01,Central,Clothing,1575553.95,28,56269.78
2025-03-01,Central,Electronics,1643135.31,28,58683.4
2025-03-01,Central,Grocery,1187695.31,26,45680.59
2025-03-01,Central,Home & Kitchen,1130938.24,21,53854.2
2025-03-01,Central,Sports,1199676.5,23,52159.85
2025-03-01,Central,Toys,1761784.14,33,53387.4
2025-03-01,East,Beauty,1344828.41,29,46373.39
2025-03-01,East,Books,1578341.63,30,52611.39
2025-03-01,East,Clothing,1522394.34,31,49109.49
2025-03-01,East,Electronics,1205894.13,25,48235.77
2025-03-01,East,Grocery,1300954.12,28,46462.65
2025-03-01,East,Home & Kitchen,1953461.35,39,50088.75
2025-03-01,East,Sports,1490856.46,29,51408.84
2025-03-01,East,Toys,1214022.69,30,40467.42
2025-03-01,North,Beauty,1143701.54,23,49726.15
2025-03-01,North,Books,1362439.01,28,48658.54
2025-03-01,North,Clothing,797163.79,23,34659.3
2025-03-01,North,Electronics,1027970.9,20,51398.55
2025-03-01,North,Grocery,1107970.63,28,39570.38
2025-03-01,North,Home & Kitchen,1835335.27,32,57354.23
2025-03-01,North,Sports,940562.52,22,42752.84
2025-03-01,North,Toys,1073877.91,27,39773.26
2025-03-01,South,Beauty,816699.41,23,35508.67
2025-03-01,South,Books,1373215.63,29,47352.26
2025-03-01,South,Clothing,1788633.22,32,55894.79
2025-03-01,South,Electronics,2014836.13,26,77493.7
2025-03-01,South,Grocery,2090145.9,35,59718.45
2025-03-01,South,Home & Kitchen,1483526.74,28,52983.1
2025-03-01,South,Sports,2112934.89,28,75461.96
2025-03-01,South,Toys,2308431.0,37,62390.03
2025-03-01,West,Beauty,1419350.84,27,52568.55
2025-03-01,West,Books,1676568.03,30,55885.6
2025-03-01,West,Clothing,1802054.05,32,56314.19
2025-03-01,West,Electronics,1917576.69,38,50462.54
2025-03-01,West,Grocery,1836403.1,35,52468.66
2025-03-01,West,Home & Kitchen,1254794.44,28,44814.09
2025-03-01,West,Sports,1282006.53,30,42733.55
2025-03-01,West,Toys,1869591.0,38,49199.76
2025-03-02,Central,Beauty,1092379.72,23,47494.77
2025-03-02,Central,Books,1470318.37,26,56550.71
2025-03-02,Central,Clothing,835289.19,18,46404.95
2025-03-02,Central,Electronics,1338399.13,25,53535.97
2025-03-02,Central,Grocery,1114877.53,23,48472.94
2025-03-02,Central,Home & Kitchen,1511528.12,29,52121.66
2025-03-02,Central,Sports,1035951.22,23,45041.36
2025-03-02,Central,Toys,1204627.88,29,41538.89
2025-03-02,East,Beauty,967255.85,27,35824.29
2025-03-02,East,Books,1174079.87,24,48919.99
2025-03-02,East,Clothing,1056997.13,27,39148.04
2025-03-02,East,Electronics,1506466.15,30,50215.54
2025-03-02,East,Grocery,993023.93,25,39720.96
2025-03-02,East,Home & Kitchen,1360509.21,29,46914.11
2025-03-02,East,Sports,1225279.36,20,61263.97
2025-03-02,East,Toys,1229312.54,23,53448.37
2025-03-02,North,Beauty,1575665.67,26,60602.53
2025-03-02,North,Books,1882691.28,30,62756.38
2025-03-02,North,Clothing,1111418.35,23,48322.54
2025-03-02,North,Electronics,1381369.09,27,51161.82
2025-03-02,North,Grocery,1689945.55,35,48284.16
2025-03-02,North,Home & Kitchen,2316644.67,36,64351.24
2025-03-02,North,Sports,2062394.81,32,64449.84
2025-03-02,North,Toys,1808750.93,27,66990.78
2025-03-02,South,Beauty,1794435.87,26,69016.76
2025-03-02,South,Books,1723668.82,36,47879.69
2025-03-02,South,Clothing,1521801.58,33,46115.2
2025-03-02,South,Electronics,1173725.12,31,37862.1
2025-03-02,South,Grocery,1349326.49,29,46528.5
2025-03-02,South,Home & Kitchen,1510538.9,27,55945.89
2025-03-02,South,Sports,1461401.74,28,52192.92
2025-03-02,South,Toys,1623612.61,28,57986.16
2025-03-02,West,Beauty,1925255.16,38,50664.61
2025-03-02,West,Books,1123991.83,19,59157.46
2025-03-02,West,Clothing,1859354.66,28,66405.52
2025-03-02,West,Electronics,2046884.09,29,70582.21
2025-03-02,West,Grocery,1335312.2,27,49456.01
2025-03-02,West,Home & Kitchen,784893.01,23,34125.78
2025-03-02,West,Sports,1417809.53,22,64445.89
2025-03-02,West,Toys,1806224.14,30,60207.47
2025-03-03,Central,Beauty,898282.83,21,42775.37
2025-03-03,Central,Books,1534424.57,36,42622.9
2025-03-03,Central,Clothing,1522535.76,37,41149.62
2025-03-03,Central,Electronics,1598370.21,27,59198.9
2025-03-03,Central,Grocery,1789314.33,28,63904.08
2025-03-03,Central,Home & Kitchen,2043751.1,37,55236.52
2025-03-03,Central,Sports,1220776.7,24,50865.7
2025-03-03,Central,Toys,797236.33,24,33218.18
2025-03-03,East,Beauty,2342538.19,37,63311.84
2025-03-03,East,Books,2332689.66,35,66648.28
2025-03-03,East,Clothing,1460221.55,25,58408.86
2025-03-03,East,Electronics,1403421.85,31,45271.67
2025-03-03,East,Grocery,1939513.9,34,57044.53
2025-03-03,East,Home & Kitchen,1153552.99,28,41198.32
2025-03-03,East,Sports,1202631.09,31,38794.55
2025-03-03,East,Toys,1757035.74,34,51677.52
2025-03-03,North,Beauty,1566483.24,29,54016.66
2025-03-03,North,Books,1160265.71,25,46410.63
2025-03-03,North,Clothing,1854928.23,29,63963.04
2025-03-03,North,Electronics,1396721.93,27,51730.44
2025-03-03,North,Grocery,1911668.28,34,56225.54
2025-03-03,North,Home & Kitchen,1262541.23,29,43535.9
2025-03-03,North,Sports,1809745.79,35,51707.02
2025-03-03,North,Toys,1028147.44,33,31155.98
2025-03-03,South,Beauty,1685989.94,27,62444.07
2025-03-03,South,Books,1320559.73,28,47162.85
2025-03-03,South,Clothing,2100212.11,32,65631.63
2025-03-03,South,Electronics,772939.55,25,30917.58
2025-03-03,South,Grocery,918844.16,29,31684.28
2025-03-03,South,Home & Kitchen,1002584.52,24,41774.36
2025-03-03,South,Sports,1610649.84,34,47372.05
2025-03-03,South,Toys,1538749.36,30,51291.65
2025-03-03,West,Beauty,1355162.23,28,48398.65
2025-03-03,West,Books,1289834.06,29,44477.04
2025-03-03,West,Clothing,1235428.42,29,42600.98
2025-03-03,West,Electronics,1000063.42,25,40002.54
2025-03-03,West,Grocery,1599019.34,28,57107.83
2025-03-03,West,Home & Kitchen,1532850.11,28,54744.65
2025-03-03,West,Sports,1621523.1,30,54050.77
2025-03-03,West,Toys,2106758.56,30,70225.29
2025-03-04,Central,Beauty,1143658.16,30,38121.94
2025-03-04,Central,Books,735384.02,14,52527.43
2025-03-04,Central,Clothing,1104400.4,26,42476.94
2025-03-04,Central,Electronics,1223265.98,23,53185.48
2025-03-04,Central,Grocery,1647141.56,29,56797.98
2025-03-04,Central,Home & Kitchen,1103302.77,23,47969.69
2025-03-04,Central,Sports,1586831.79,30,52894.39
2025-03-04,Central,Toys,1925561.01,36,53487.81
2025-03-04,East,Beauty,1268775.41,25,50751.02
2025-03-04,East,Books,998212.91,21,47533.95
2025-03-04,East,Clothing,1429280.56,30,47642.69
2025-03-04,East,Electronics,1321219.14,25,52848.77
2025-03-04,East,Grocery,1421241.41,29,49008.32
2025-03-04,East,Home & Kitchen,1724443.98,31,55627.23
2025-03-04,East,Sports,1447252.88,30,48241.76
2025-03-04,East,Toys,1807832.62,31,58317.18
2025-03-04,North,Beauty,1567886.93,33,47511.73
2025-03-04,North,Books,1744536.45,25,69781.46
2025-03-04,North,Clothing,1077275.9,20,53863.8
2025-03-04,North,Electronics,1751310.88,32,54728.47
2025-03-04,North,Grocery,1463273.08,28,52259.75
2025-03-04,North,Home & Kitchen,1067580.58,21,50837.17
2025-03-04,North,Sports,1497573.82,32,46799.18
2025-03-04,North,Toys,1085371.65,28,38763.27
2025-03-04,South,Beauty,1628774.25,39,41763.44
2025-03-04,South,Books,1898817.61,35,54251.93
2025-03-04,South,Clothing,1395622.24,34,41047.71
2025-03-04,South,Electronics,1941660.34,33,58838.19
2025-03-04,South,Grocery,2099849.62,37,56752.69
2025-03-04,South,Home & Kitchen,1827691.86,36,50769.22
2025-03-04,South,Sports,1037025.24,27,38408.34
2025-03-04,South,Toys,1438901.89,32,44965.68
2025-03-04,West,Beauty,1070970.7,20,53548.53
2025-03-04,West,Books,1220748.0,23,53076.0
2025-03-04,West,Clothing,795724.46,18,44206.91
2025-03-04,West,Electronics,1332919.46,21,63472.36
2025-03-04,West,Grocery,868024.41,22,39455.66
2025-03-04,West,Home & Kitchen,875279.63,21,41679.98
2025-03-04,West,Sports,1423265.23,25,56930.61
2025-03-04,West,Toys,1328610.74,25,53144.43
2025-03-05,Central,Beauty,2269825.49,32,70932.05
2025-03-05,Central,Books,1311964.77,30,43732.16
2025-03-05,Central,Clothing,2210983.06,36,61416.2
2025-03-05,Central,Electronics,1548141.15,29,53384.18
2025-03-05,Central,Grocery,1983205.79,39,50851.43
2025-03-05,Central,Home & Kitchen,1775915.62,32,55497.36
2025-03-05,Central,Sports,1857569.24,33,56289.98
2025-03-05,Central,Toys,2433591.33,45,54079.81
2025-03-05,East,Beauty,1776409.02,29,61255.48
2025-03-05,East,Books,1263937.31,23,54953.8
2025-03-05,East,Clothing,2091397.56,34,61511.69
2025-03-05,East,Electronics,1734254.36,27,64231.64
2025-03-05,East,Grocery,1376408.19,32,43012.76
2025-03-05,East,Home & Kitchen,2275593.48,32,71112.3
2025-03-05,East,Sports,1598885.16,28,57103.04
2025-03-05,East,Toys,1206920.2,25,48276.81
2025-03-05,North,Beauty,1510372.05,33,45768.85
2025-03-05,North,Books,1602839.4,33,48570.89
2025-03-05,North,Clothing,1580455.48,26,60786.75
2025-03-05,North,Electronics,1830094.68,36,50835.96
2025-03-05,North,Grocery,1667634.44,35,47646.7
2025-03-05,North,Home & Kitchen,1166253.67,25,46650.15
2025-03-05,North,Sports,1242326.63,26,47781.79
2025-03-05,North,Toys,1590934.16,32,49716.69
2025-03-05,South,Beauty,1156835.16,28,41315.54
2025-03-05,South,Books,1935335.64,34,56921.64
2025-03-05,South,Clothing,2102088.74,36,58391.35
2025-03-05,South,Electronics,1787092.04,31,57648.13
2025-03-05,South,Grocery,1594990.95,26,61345.81
2025-03-05,South,Home & Kitchen,1326292.28,24,55262.18
2025-03-05,South,Sports,1487364.78,29,51288.44
2025-03-05,South,Toys,1853208.36,33,56157.83
2025-03-05,West,Beauty,1895945.74,33,57452.9
2025-03-05,West,Books,1580003.08,31,50967.84
2025-03-05,West,Clothing,1432393.23,25,57295.73
2025-03-05,West,Electronics,1638395.9,31,52851.48
2025-03-05,West,Grocery,1591327.11,30,53044.24
2025-03-05,West,Home & Kitchen,1348091.39,29,46485.91
2025-03-05,West,Sports,1852685.14,37,50072.57
2025-03-05,West,Toys,1153624.34,34,33930.13
2025-03-06,Central,Beauty,1906853.92,40,47671.35
2025-03-06,Central,Books,1079361.63,25,43174.47
2025-03-06,Central,Clothing,1251815.99,29,43166.07
2025-03-06,Central,Electronics,1704261.04,25,68170.44
2025-03-06,Central,Grocery,2191501.67,36,60875.05
2025-03-06,Central,Home & Kitchen,1211752.15,23,52684.88
2025-03-06,Central,Sports,1401859.66,25,56074.39
2025-03-06,Central,Toys,1572425.2,27,58237.97
2025-03-06,East,Beauty,1371594.68,32,42862.33
2025-03-06,East,Books,1671396.42,32,52231.14
2025-03-06,East,Clothing,1977151.27,35,56490.04
2025-03-06,East,Electronics,1842918.54,32,57591.2
2025-03-06,East,Grocery,1749878.55,33,53026.62
2025-03-06,East,Home & Kitchen,1281936.49,30,42731.22
2025-03-06,East,Sports,1051473.49,24,43811.4
2025-03-06,East,Toys,1400998.11,31,45193.49
2025-03-06,North,Beauty,1783912.16,29,61514.21
2025-03-06,North,Books,1389106.41,31,44809.88
2025-03-06,North,Clothing,1295915.05,26,49842.89
2025-03-06,North,Electronics,1226996.72,23,53347.68
2025-03-06,North,Grocery,1735991.64,31,55999.73
2025-03-06,North,Home & Kitchen,1154829.05,24,48117.88
2025-03-06,North,Sports,1445426.05,23,62844.61
2025-03-06,North,Toys,1777798.92,33,53872.69
2025-03-06,South,Beauty,1434365.54,28,51227.34
2025-03-06,South,Books,1999209.68,38,52610.78
2025-03-06,South,Clothing,2119565.89,35,60559.03
2025-03-06,South,Electronics,1650692.67,31,53248.15
2025-03-06,South,Grocery,1964230.23,36,54561.95
2025-03-06,South,Home & Kitchen,1663097.45,27,61596.2
2025-03-06,South,Sports,1097952.13,23,47737.05
2025-03-06,South,Toys,2003291.63,37,54143.02
2025-03-06,West,Beauty,1513389.65,35,43239.7
2025-03-06,West,Books,1259911.04,32,39372.22
2025-03-06,West,Clothing,1844288.5,31,59493.18
2025-03-06,West,Electronics,2083441.64,35,59526.9
2025-03-06,West,Grocery,1262835.94,26,48570.61
2025-03-06,West,Home & Kitchen,1384412.18,28,49443.29
2025-03-06,West,Sports,1106584.83,22,50299.31
2025-03-06,West,Toys,1926578.22,35,55045.09
2025-03-07,Central,Beauty,1973181.55,35,56376.62
2025-03-07,Central,Books,1540001.3,28,55000.05
2025-03-07,Central,Clothing,1681692.94,31,54248.16
2025-03-07,Central,Electronics,2229634.79,31,71923.7
2025-03-07,Central,Grocery,1346806.15,29,46441.59
2025-03-07,Central,Home & Kitchen,1515252.26,24,63135.51
2025-03-07,Central,Sports,1169432.02,26,44978.15
2025-03-07,Central,Toys,1632320.55,31,52655.5
2025-03-07,East,Beauty,1706591.3,30,56886.38
2025-03-07,East,Books,966544.04,26,37174.77
2025-03-07,East,Clothing,1966698.38,30,65556.61
2025-03-07,East,Electronics,1313733.89,26,50528.23
2025-03-07,East,Grocery,1303121.34,24,54296.72
2025-03-07,East,Home & Kitchen,949328.01,22,43151.27
2025-03-07,East,Sports,1329653.83,22,60438.81
2025-03-07,East,Toys,1772771.27,27,65658.2
2025-03-07,North,Beauty,1853877.46,30,61795.92
2025-03-07,North,Books,1769954.79,29,61032.92
2025-03-07,North,Clothing,1500114.87,33,45458.03
2025-03-07,North,Electronics,1686030.84,35,48172.31
2025-03-07,North,Grocery,1547813.5,32,48369.17
2025-03-07,North,Home & Kitchen,1897423.79,35,54212.11
2025-03-07,North,Sports,1478627.23,28,52808.12
2025-03-07,North,Toys,1441286.01,27,53380.96
2025-03-07,South,Beauty,1547792.05,31,49928.78
2025-03-07,South,Books,900761.78,24,37531.74
2025-03-07,South,Clothing,1715634.96,28,61272.68
2025-03-07,South,Electronics,1434964.17,26,55190.93
2025-03-07,South,Grocery,1939229.74,29,66869.99
2025-03-07,South,Home & Kitchen,1770434.27,30,59014.48
2025-03-07,South,Sports,1478393.79,30,49279.79
2025-03-07,South,Toys,1514807.83,23,65861.21
2025-03-07,West,Beauty,1607667.21,27,59543.23
2025-03-07,West,Books,1546209.4,33,46854.83
2025-03-07,West,Clothing,1595521.21,25,63820.85
2025-03-07,West,Electronics,1506770.97,25,60270.84
2025-03-07,West,Grocery,1564073.56,32,48877.3
2025-03-07,West,Home & Kitchen,1312214.81,29,45248.79
2025-03-07,West,Sports,1890295.51,31,60977.27
2025-03-07,West,Toys,1451525.52,26,55827.9
2025-03-08,Central,Beauty,1398724.07,30,46624.14
2025-03-08,Central,Books,1685740.15,32,52679.38
2025-03-08,Central,Clothing,1939169.86,35,55404.85
2025-03-08,Central,Electronics,1722193.86,32,53818.56
2025-03-08,Central,Grocery,1385675.83,25,55427.03
2025-03-08,Central,Home & Kitchen,1624774.98,30,54159.17
2025-03-08,Central,Sports,1111366.7,27,41161.73
2025-03-08,Central,Toys,2509997.3,42,59761.84
2025-03-08,East,Beauty,1052537.63,22,47842.62
2025-03-08,East,Books,1177581.56,19,61977.98
2025-03-08,East,Clothing,1142841.01,22,51947.32
2025-03-08,East,Electronics,1389336.08,22,63151.64
2025-03-08,East,Grocery,1592377.26,27,58976.94
2025-03-08,East,Home & Kitchen,989143.74,19,52060.2
2025-03-08,East,Sports,954330.51,23,41492.63
2025-03-08,East,Toys,990864.63,21,47184.03
2025-03-08,North,Beauty,1813945.06,29,62549.83
2025-03-08,North,Books,1095143.66,24,45630.99
2025-03-08,North,Clothing,1689968.47,28,60356.02
2025-03-08,North,Electronics,1354647.98,27,50172.15
2025-03-08,North,Grocery,1394770.62,35,39850.59
2025-03-08,North,Home & Kitchen,1405660.34,30,46855.34
2025-03-08,North,Sports,1958673.63,38,51544.04
2025-03-08,North,Toys,1691899.22,33,51269.67
2025-03-08,South,Beauty,1173171.39,22,53325.97
2025-03-08,South,Books,1353292.69,31,43654.6
2025-03-08,South,Clothing,1383963.34,26,53229.36
2025-03-08,South,Electronics,1794268.92,35,51264.83
2025-03-08,South,Grocery,1255560.81,30,41852.03
2025-03-08,South,Home & Kitchen,1992541.19,29,68708.32
2025-03-08,South,Sports,1783193.24,32,55724.79
2025-03-08,South,Toys,1933502.08,33,58590.97
2025-03-08,West,Beauty,1342611.97,34,39488.59
2025-03-08,West,Books,1191030.15,30,39701.01
2025-03-08,West,Clothing,1276873.62,28,45602.63
2025-03-08,West,Electronics,1510676.25,27,55950.97
2025-03-08,West,Grocery,2002907.41,32,62590.86
2025-03-08,West,Home & Kitchen,1837189.55,34,54034.99
2025-03-08,West,Sports,2033049.89,31,65582.25
2025-03-08,West,Toys,1203187.85,22,54690.36
2025-03-09,Central,Beauty,1591136.16,27,58930.97
2025-03-09,Central,Books,1238857.88,23,53863.39
2025-03-09,Central,Clothing,1884656.43,36,52351.57
2025-03-09,Central,Electronics,1168120.93,24,48671.71
2025-03-09,Central,Grocery,1423188.43,31,45909.3
2025-03-09,Central,Home & Kitchen,1060840.93,23,46123.52
2025-03-09,Central,Sports,1234844.18,24,51451.84
2025-03-09,Central,Toys,1111118.43,23,48309.5
2025-03-09,East,Beauty,998425.17,25,39937.01
2025-03-09,East,Books,994189.97,26,38238.08
2025-03-09,East,Clothing,1058086.09,26,40695.62
2025-03-09,East,Electronics,1119994.37,27,41481.27
2025-03-09,East,Grocery,1876081.91,34,55178.88
2025-03-09,East,Home & Kitchen,1256517.57,23,54631.2
2025-03-09,East,Sports,1589858.92,33,48177.54
2025-03-09,East,Toys,1517645.11,29,52332.59
2025-03-09,North,Beauty,1565931.17,26,60228.12
2025-03-09,North,Books,1125896.33,17,66229.2
2025-03-09,North,Clothing,1386747.06,27,51361.0
2025-03-09,North,Electronics,2308400.14,38,60747.37
2025-03-09,North,Grocery,1665666.57,33,50474.74
2025-03-09,North,Home & Kitchen,1405391.9,26,54053.53
2025-03-09,North,Sports,1198928.86,24,49955.37
2025-03-09,North,Toys,1558718.47,29,53748.91
2025-03-09,South,Beauty,1905689.37,37,51505.12
2025-03-09,South,Books,2038368.39,33,61768.74
2025-03-09,South,Clothing,1550074.22,39,39745.49
2025-03-09,South,Electronics,1011867.5,27,37476.57
2025-03-09,South,Grocery,1711882.14,35,48910.92
2025-03-09,South,Home & Kitchen,1201005.59,28,42893.06
2025-03-09,South,Sports,2054935.38,36,57081.54
2025-03-09,South,Toys,1895146.26,33,57428.67
2025-03-09,West,Beauty,1958761.45,31,63185.85
2025-03-09,West,Books,1887941.1,32,58998.16
2025-03-09,West,Clothing,1409929.28,31,45481.59
2025-03-09,West,Electronics,1166125.79,23,50701.12
2025-03-09,West,Grocery,1878182.99,29,64764.93
2025-03-09,West,Home & Kitchen,1564369.28,31,50463.53
2025-03-09,West,Sports,1638377.62,34,48187.58
2025-03-09,West,Toys,1989394.79,41,48521.82
2025-03-10,Central,Beauty,1342812.86,25,53712.51
2025-03-10,Central,Books,1117243.41,24,46551.81
2025-03-10,Central,Clothing,1092999.97,25,43720.0
2025-03-10,Central,Electronics,1942493.04,31,62661.07
2025-03-10,Central,Grocery,1876461.96,33,56862.48
2025-03-10,Central,Home & Kitchen,998566.16,24,41606.92
2025-03-10,Central,Sports,1117130.76,21,53196.7
2025-03-10,Central,Toys,1764382.78,30,58812.76
2025-03-10,East,Beauty,1972411.56,30,65747.05
2025-03-10,East,Books,2024682.26,32,63271.32
2025-03-10,East,Clothing,1161205.66,28,41471.63
2025-03-10,East,Electronics,1363571.6,27,50502.65
2025-03-10,East,Grocery,1869081.3,37,50515.71
2025-03-10,East,Home & Kitchen,942805.61,28,33671.63
2025-03-10,East,Sports,1618119.88,29,55797.24
2025-03-10,East,Toys,1539354.72,30,51311.82
2025-03-10,North,Beauty,1302046.82,29,44898.17
2025-03-10,North,Books,1867820.25,34,54935.89
2025-03-10,North,Clothing,1966546.6,35,56187.05
2025-03-10,North,Electronics,1320489.4,30,44016.31
2025-03-10,North,Grocery,1971122.37,36,54753.4
2025-03-10,North,Home & Kitchen,1799374.4,35,51410.7
2025-03-10,North,Sports,2293400.13,43,53334.89
2025-03-10,North,Toys,920544.21,25,36821.77
2025-03-10,South,Beauty,1001147.34,23,43528.15
2025-03-10,South,Books,1230211.72,28,43936.13
2025-03-10,South,Clothing,1091434.64,27,40423.51
2025-03-10,South,Electronics,1305079.21,28,46609.97
2025-03-10,South,Grocery,1234516.95,29,42569.55
2025-03-10,South,Home & Kitchen,1707015.86,35,48771.88
2025-03-10,South,Sports,2085800.74,35,59594.31
2025-03-10,South,Toys,2164868.61,36,60135.24
2025-03-10,West,Beauty,1609863.77,33,48783.75
2025-03-10,West,Books,1371005.29,29,47276.04
2025-03-10,West,Clothing,1317319.36,26,50666.13
2025-03-10,West,Electronics,1494001.08,28,53357.18
2025-03-10,West,Grocery,1255299.55,29,43286.19
2025-03-10,West,Home & Kitchen,809100.21,20,40455.01
2025-03-10,West,Sports,1242100.44,28,44360.73
2025-03-10,West,Toys,1232751.16,25,49310.05
2025-03-11,Central,Beauty,1598320.56,32,49947.52
2025-03-11,Central,Books,1981977.45,34,58293.45
2025-03-11,Central,Clothing,1974719.86,38,51966.31
2025-03-11,Central,Electronics,1802564.03,31,58147.23
2025-03-11,Central,Grocery,1449080.52,29,49968.29
2025-03-11,Central,Home & Kitchen,1527920.5,32,47747.52
2025-03-11,Central,Sports,1341161.16,33,40641.25
2025-03-11,Central,Toys,2284503.33,39,58577.01
2025-03-11,East,Beauty,1865040.27,34,54854.13
2025-03-11,East,Books,1880551.62,34,55310.34
2025-03-11,East,Clothing,2361019.74,35,67457.71
2025-03-11,East,Electronics,1951525.26,32,60985.16
2025-03-11,East,Grocery,1413904.37,32,44184.51
2025-03-11,East,Home & Kitchen,2300401.17,34,67658.86
2025-03-11,East,Sports,1771529.33,38,46619.19
2025-03-11,East,Toys,2332618.63,38,61384.7
2025-03-11,North,Beauty,1775264.34,31,57266.59
2025-03-11,North,Books,1319500.93,32,41234.4
2025-03-11,North,Clothing,1175720.56,29,40542.09
2025-03-11,North,Electronics,1483262.98,24,61802.62
2025-03-11,North,Grocery,1448099.39,29,49934.46
2025-03-11,North,Home & Kitchen,811808.55,19,42726.77
2025-03-11,North,Sports,1202218.28,25,48088.73
2025-03-11,North,Toys,1267116.19,27,46930.23
2025-03-11,South,Beauty,2564778.69,52,49322.67
2025-03-11,South,Books,1690907.95,34,49732.59
2025-03-11,South,Clothing,1880426.96,34,55306.68
2025-03-11,South,Electronics,2209654.83,38,58148.81
2025-03-11,South,Grocery,1989549.17,32,62173.41
2025-03-11,South,Home & Kitchen,2159975.93,41,52682.34
2025-03-11,South,Sports,1884133.42,39,48311.11
2025-03-11,South,Toys,1302422.77,39,33395.46
2025-03-11,West,Beauty,2382380.08,39,61086.67
2025-03-11,West,Books,2066218.17,37,55843.73
2025-03-11,West,Clothing,1310272.61,27,48528.62
2025-03-11,West,Electronics,1406635.81,31,45375.35
2025-03-11,West,Grocery,1551222.94,33,47006.76
2025-03-11,West,Home & Kitchen,1492472.8,28,53302.6
2025-03-11,West,Sports,1416151.24,35,40461.46
2025-03-11,West,Toys,1744401.47,31,56271.02
2025-03-12,Central,Beauty,1796154.31,33,54428.92
2025-03-12,Central,Books,982428.53,22,44655.84
2025-03-12,Central,Clothing,1274108.99,31,41100.29
2025-03-12,Central,Electronics,1533370.3,30,51112.34
2025-03-12,Central,Grocery,1769784.43,35,50565.27
2025-03-12,Central,Home & Kitchen,2030908.49,33,61542.68
2025-03-12,Central,Sports,1409170.4,28,50327.51
2025-03-12,Central,Toys,2520987.35,30,84032.91
2025-03-12,East,Beauty,1592612.44,37,43043.58
2025-03-12,East,Books,1651837.38,32,51619.92
2025-03-12,East,Clothing,1702497.27,35,48642.78
2025-03-12,East,Electronics,1389838.5,26,53455.33
2025-03-12,East,Grocery,2226961.2,38,58604.24
2025-03-12,East,Home & Kitchen,962054.25,26,37002.09
2025-03-12,East,Sports,1733044.01,32,54157.63
2025-03-12,East,Toys,2451339.2,46,53289.98
2025-03-12,North,Beauty,1065074.7,26,40964.41
2025-03-12,North,Books,1655262.41,33,50159.47
2025-03-12,North,Clothing,1753545.2,32,54798.29
2025-03-12,North,Electronics,1498726.32,26,57643.32
2025-03-12,North,Grocery,1849608.08,28,66057.43
2025-03-12,North,Home & Kitchen,1083410.4,21,51590.97
2025-03-12,North,Sports,1050064.46,22,47730.2
2025-03-12,North,Toys,1025673.64,25,41026.95
2025-03-12,South,Beauty,1088105.61,27,40300.21
2025-03-12,South,Books,1691344.69,26,65051.72
2025-03-12,South,Clothing,886986.21,29,30585.73
2025-03-12,South,Electronics,1599553.09,23,69545.79
2025-03-12,South,Grocery,896783.83,28,32027.99
2025-03-12,South,Home & Kitchen,1771868.8,25,70874.75
2025-03-12,South,Sports,1803268.46,34,53037.31
2025-03-12,South,Toys,1577939.78,31,50901.28
2025-03-12,West,Beauty,1018795.45,24,42449.81
2025-03-12,West,Books,1329388.55,26,51130.33
2025-03-12,West,Clothing,1794194.56,29,61868.78
2025-03-12,West,Electronics,1092863.32,18,60714.63
2025-03-12,West,Grocery,1598001.42,27,59185.24
2025-03-12,West,Home & Kitchen,1645071.99,26,63272.0
2025-03-12,West,Sports,1220298.36,28,43582.08
2025-03-12,West,Toys,1400962.06,26,53883.16
2025-03-13,Central,Beauty,1627902.26,33,49330.37
2025-03-13,Central,Books,2345824.89,31,75671.77
2025-03-13,Central,Clothing,897019.08,26,34500.73
2025-03-13,Central,Electronics,1593786.23,31,51412.46
2025-03-13,Central,Grocery,2027168.82,29,69902.37
2025-03-13,Central,Home & Kitchen,1401654.97,24,58402.29
2025-03-13,Central,Sports,1084915.94,31,34997.29
2025-03-13,Central,Toys,1359773.66,30,45325.79
2025-03-13,East,Beauty,1229205.39,25,49168.22
2025-03-13,East,Books,896379.79,24,37349.16
2025-03-13,East,Clothing,1906767.12,28,68098.83
2025-03-13,East,Electronics,1183344.18,26,45513.24
2025-03-13,East,Grocery,2386483.48,32,74577.61
2025-03-13,East,Home & Kitchen,1290740.91,28,46097.89
2025-03-13,East,Sports,1394870.36,28,49816.8
2025-03-13,East,Toys,1867118.68,28,66682.81
2025-03-13,North,Beauty,1554439.14,34,45718.8
2025-03-13,North,Books,1340714.5,29,46231.53
2025-03-13,North,Clothing,1996914.61,35,57054.7
2025-03-13,North,Electronics,1197244.44,24,49885.19
2025-03-13,North,Grocery,1303511.44,38,34302.93
2025-03-13,North,Home & Kitchen,2185474.3,41,53304.25
2025-03-13,North,Sports,1809719.05,34,53227.03
2025-03-13,North,Toys,1182096.78,26,45465.26
2025-03-13,South,Beauty,1384194.15,30,46139.81
2025-03-13,South,Books,984666.15,18,54703.68
2025-03-13,South,Clothing,1708310.33,30,56943.68
2025-03-13,South,Electronics,1350190.77,24,56257.95
2025-03-13,South,Grocery,1454492.1,32,45452.88
2025-03-13,South,Home & Kitchen,1203857.85,23,52341.65
2025-03-13,South,Sports,1195139.43,25,47805.58
2025-03-13,South,Toys,1229296.16,28,43903.43
2025-03-13,West,Beauty,1516289.79,30,50542.99
2025-03-13,West,Books,1431002.15,31,46161.36
2025-03-13,West,Clothing,1319514.69,24,54979.78
2025-03-13,West,Electronics,1159131.08,24,48297.13
2025-03-13,West,Grocery,1855205.71,31,59845.35
2025-03-13,West,Home & Kitchen,1265177.13,28,45184.9
2025-03-13,West,Sports,1259846.61,27,46660.99
2025-03-13,West,Toys,1749806.18,31,56445.36
2025-03-14,Central,Beauty,1517808.09,32,47431.5
2025-03-14,Central,Books,1680572.43,28,60020.44
2025-03-14,Central,Clothing,1322866.83,28,47245.24
2025-03-14,Central,Electronics,1510792.52,30,50359.75
2025-03-14,Central,Grocery,1846151.76,35,52747.19
2025-03-14,Central,Home & Kitchen,1506849.25,29,51960.32
2025-03-14,Central,Sports,1700563.12,27,62983.82
2025-03-14,Central,Toys,2061118.53,37,55705.91
2025-03-14,East,Beauty,1217820.52,25,48712.82
2025-03-14,East,Books,1324034.19,27,49038.3
2025-03-14,East,Clothing,1461008.18,25,58440.33
2025-03-14,East,Electronics,1062395.85,21,50590.28
2025-03-14,East,Grocery,1085894.56,25,43435.78
2025-03-14,East,Home & Kitchen,1183375.35,25,47335.01
2025-03-14,East,Sports,1458223.05,27,54008.26
2025-03-14,East,Toys,1525565.49,24,63565.23
2025-03-14,North,Beauty,1195325.76,23,51970.69
2025-03-14,North,Books,1440636.09,26,55409.08
2025-03-14,North,Clothing,1816877.31,32,56777.42
2025-03-14,North,Electronics,1313904.77,28,46925.17
2025-03-14,North,Grocery,1834435.09,29,63256.38
2025-03-14,North,Home & Kitchen,1639989.19,26,63076.51
2025-03-14,North,Sports,1220166.47,34,35887.25
2025-03-14,North,Toys,1515155.96,31,48876.0
2025-03-14,South,Beauty,1408117.12,31,45423.13
2025-03-14,South,Books,1585800.3,30,52860.01
2025-03-14,South,Clothing,866940.27,20,43347.01
2025-03-14,South,Electronics,1697093.09,30,56569.77
2025-03-14,South,Grocery,1621794.87,32,50681.09
2025-03-14,South,Home & Kitchen,1487358.03,30,49578.6
2025-03-14,South,Sports,1479347.67,30,49311.59
2025-03-14,South,Toys,1415551.24,31,45662.94
2025-03-14,West,Beauty,1618140.16,35,46232.58
2025-03-14,West,Books,2041909.77,37,55186.75
2025-03-14,West,Clothing,1302494.46,26,50095.94
2025-03-14,West,Electronics,1338704.83,23,58204.56
2025-03-14,West,Grocery,2505987.91,39,64256.1
2025-03-14,West,Home & Kitchen,1764933.71,34,51909.82
2025-03-14,West,Sports,1527132.29,32,47722.88
2025-03-14,West,Toys,1489614.85,32,46550.46
2025-03-15,Central,Beauty,1431761.6,26,55067.75
2025-03-15,Central,Books,951312.61,20,47565.63
2025-03-15,Central,Clothing,1368661.5,28,48880.77
2025-03-15,Central,Electronics,1354551.54,27,50168.58
2025-03-15,Central,Grocery,1611885.84,26,61995.61
2025-03-15,Central,Home & Kitchen,859118.36,18,47728.8
2025-03-15,Central,Sports,1070068.41,24,44586.18
2025-03-15,Central,Toys,1977229.23,35,56492.26
2025-03-15,East,Beauty,1946858.71,31,62801.89
2025-03-15,East,Books,1390710.55,28,49668.23
2025-03-15,East,Clothing,1822132.2,38,47950.85
2025-03-15,East,Electronics,1544798.96,27,57214.78
2025-03-15,East,Grocery,1546475.67,36,42957.66
2025-03-15,East,Home & Kitchen,2008550.78,28,71733.96
2025-03-15,East,Sports,1566093.96,31,50519.16
2025-03-15,East,Toys,1774730.44,38,46703.43
2025-03-15,North,Beauty,1594444.29,32,49826.38
2025-03-15,North,Books,1141543.57,28,40769.41
2025-03-15,North,Clothing,2006350.4,33,60798.5
2025-03-15,North,Electronics,1831820.4,29,63166.22
2025-03-15,North,Grocery,1629074.37,41,39733.52
2025-03-15,North,Home & Kitchen,2091323.3,34,61509.51
2025-03-15,North,Sports,1118557.84,23,48632.95
2025-03-15,North,Toys,1044149.78,26,40159.61
2025-03-15,South,Beauty,1719745.01,29,59301.55
2025-03-15,South,Books,1610571.99,32,50330.37
2025-03-15,South,Clothing,1901807.46,32,59431.48
2025-03-15,South,Electronics,2421083.39,39,62079.06
2025-03-15,South,Grocery,2067897.71,39,53023.02
2025-03-15,South,Home & Kitchen,1570590.65,32,49080.96
2025-03-15,South,Sports,1358368.36,24,56598.68
2025-03-15,South,Toys,1125863.64,29,38822.88
2025-03-15,West,Beauty,1185178.49,23,51529.5
2025-03-15,West,Books,1250650.9,27,46320.4
2025-03-15,West,Clothing,937010.35,29,32310.7
2025-03-15,West,Electronics,1813070.41,28,64752.51
2025-03-15,West,Grocery,1582925.35,29,54583.63
2025-03-15,West,Home & Kitchen,1609296.22,26,61896.01
2025-03-15,West,Sports,1574471.44,30,52482.38
2025-03-15,West,Toys,1291456.64,29,44532.99
2025-03-16,Central,Beauty,1798417.53,36,49956.04
2025-03-16,Central,Books,1826531.63,29,62983.85
2025-03-16,Central,Clothing,1537208.16,26,59123.39
2025-03-16,Central,Electronics,1712293.99,30,57076.47
2025-03-16,Central,Grocery,1446711.22,28,51668.26
2025-03-16,Central,Home & Kitchen,1661242.16,24,69218.42
2025-03-16,Central,Sports,1526217.4,27,56526.57
2025-03-16,Central,Toys,1678529.32,29,57880.32
2025-03-16,East,Beauty,1283995.24,29,44275.7
2025-03-16,East,Books,1405441.87,23,61106.17
2025-03-16,East,Clothing,1016032.33,27,37630.83
2025-03-16,East,Electronics,1377240.04,21,65582.86
2025-03-16,East,Grocery,1511313.87,28,53975.5
2025-03-16,East,Home & Kitchen,1659819.4,22,75446.34
2025-03-16,East,Sports,1444932.3,27,53516.01
2025-03-16,East,Toys,2228737.19,32,69648.04
2025-03-16,North,Beauty,1644631.34,32,51394.73
2025-03-16,North,Books,824580.5,19,43398.97
2025-03-16,North,Clothing,1657903.47,35,47368.67
2025-03-16,North,Electronics,1140792.78,21,54323.47
2025-03-16,North,Grocery,1355580.06,30,45186.0
2025-03-16,North,Home & Kitchen,1051952.03,25,42078.08
2025-03-16,North,Sports,1234877.73,19,64993.56
2025-03-16,North,Toys,1533235.68,21,73011.22
2025-03-16,South,Beauty,1354853.12,26,52109.74
2025-03-16,South,Books,1357086.26,22,61685.74
2025-03-16,South,Clothing,1789437.75,29,61704.75
2025-03-16,South,Electronics,1036873.57,25,41474.94
2025-03-16,South,Grocery,847201.97,24,35300.08
2025-03-16,South,Home & Kitchen,1564767.75,25,62590.71
2025-03-16,South,Sports,653365.2,16,40835.33
2025-03-16,South,Toys,1307412.67,27,48422.69
2025-03-16,West,Beauty,1596241.1,31,51491.65
2025-03-16,West,Books,2081165.78,36,57810.16
2025-03-16,West,Clothing,1438530.04,28,51376.07
2025-03-16,West,Electronics,1816989.3,31,58612.56
2025-03-16,West,Grocery,1664066.95,31,53679.58
2025-03-16,West,Home & Kitchen,2028561.15,35,57958.89
2025-03-16,West,Sports,2124826.51,39,54482.73
2025-03-16,West,Toys,1418716.64,35,40534.76
2025-03-17,Central,Beauty,1185405.39,23,51539.36
2025-03-17,Central,Books,1209114.55,28,43182.66
2025-03-17,Central,Clothing,1331726.88,22,60533.04
2025-03-17,Central,Electronics,1275437.58,25,51017.5
2025-03-17,Central,Grocery,2074784.55,33,62872.26
2025-03-17,Central,Home & Kitchen,1456319.54,27,53937.76
2025-03-17,Central,Sports,1790353.34,26,68859.74
2025-03-17,Central,Toys,1277107.73,30,42570.26
2025-03-17,East,Beauty,993138.07,21,47292.29
2025-03-17,East,Books,1374941.0,23,59780.04
2025-03-17,East,Clothing,1025908.51,20,51295.43
2025-03-17,East,Electronics,1191451.9,22,54156.9
2025-03-17,East,Grocery,1212098.72,23,52699.94
2025-03-17,East,Home & Kitchen,912713.23,18,50706.29
2025-03-17,East,Sports,841905.52,18,46772.53
2025-03-17,East,Toys,1080373.79,22,49107.9
2025-03-17,North,Beauty,1710907.91,26,65804.15
2025-03-17,North,Books,1791934.78,28,63997.67
2025-03-17,North,Clothing,1099691.77,19,57878.51
2025-03-17,North,Electronics,1244056.11,19,65476.64
2025-03-17,North,Grocery,1471474.65,27,54499.06
2025-03-17,North,Home & Kitchen,1545227.34,25,61809.09
2025-03-17,North,Sports,1714544.81,28,61233.74
2025-03-17,North,Toys,940366.33,23,40885.49
2025-03-17,South,Beauty,1937163.48,37,52355.77
2025-03-17,South,Books,1994190.63,39,51133.09
2025-03-17,South,Clothing,1334621.61,23,58027.03
2025-03-17,South,Electronics,1460701.3,28,52167.9
2025-03-17,South,Grocery,1213651.16,27,44950.04
2025-03-17,South,Home & Kitchen,1514990.14,31,48870.65
2025-03-17,South,Sports,1840116.12,41,44880.88
2025-03-17,South,Toys,2670794.97,42,63590.36
2025-03-17,West,Beauty,1645957.74,29,56757.16
2025-03-17,West,Books,1419268.73,26,54587.26
2025-03-17,West,Clothing,1031356.36,20,51567.82
2025-03-17,West,Electronics,864293.87,18,48016.33
2025-03-17,West,Grocery,864639.1,23,37593.0
2025-03-17,West,Home & Kitchen,1197386.08,23,52060.26
2025-03-17,West,Sports,1402397.68,23,60973.81
2025-03-17,West,Toys,1072005.51,24,44666.9
2025-03-18,Central,Beauty,1834175.02,40,45854.38
2025-03-18,Central,Books,1551040.68,27,57445.95
2025-03-18,Central,Clothing,1223063.35,26,47040.9
2025-03-18,Central,Electronics,2015989.9,40,50399.75
2025-03-18,Central,Grocery,2056351.05,33,62313.67
2025-03-18,Central,Home & Kitchen,2247980.75,31,72515.51
2025-03-18,Central,Sports,1758178.58,31,56715.44
2025-03-18,Central,Toys,1672181.47,29,57661.43
2025-03-18,East,Beauty,1854598.72,31,59825.77
2025-03-18,East,Books,1567783.11,28,55992.25
2025-03-18,East,Clothing,1412491.47,27,52314.5
2025-03-18,East,Electronics,1435130.52,26,55197.33
2025-03-18,East,Grocery,2031013.65,35,58028.96
2025-03-18,East,Home & Kitchen,1250588.88,28,44663.89
2025-03-18,East,Sports,1221021.53,27,45223.02
2025-03-18,East,Toys,2135558.98,42,50846.64
2025-03-18,North,Beauty,1082980.55,20,54149.03
2025-03-18,North,Books,1316418.64,27,48756.25
2025-03-18,North,Clothing,1368061.56,27,50668.95
2025-03-18,North,Electronics,1026654.71,20,51332.74
2025-03-18,North,Grocery,1563901.58,29,53927.64
2025-03-18,North,Home & Kitchen,1374955.11,25,54998.2
2025-03-18,North,Sports,1140687.53,28,40738.84
2025-03-18,North,Toys,1667957.99,28,59569.93
2025-03-18,South,Beauty,1443568.62,36,40099.13
2025-03-18,South,Books,1431573.59,29,49364.61
2025-03-18,South,Clothing,2098747.23,36,58298.53
2025-03-18,South,Electronics,1225717.58,25,49028.7
2025-03-18,South,Grocery,1942161.76,31,62650.38
2025-03-18,South,Home & Kitchen,1154544.57,25,46181.78
2025-03-18,South,Sports,1619900.72,35,46282.88
2025-03-18,South,Toys,1957904.33,35,55940.12
2025-03-18,West,Beauty,1510875.17,32,47214.85
2025-03-18,West,Books,1579678.19,31,50957.36
2025-03-18,West,Clothing,1895276.31,32,59227.38
2025-03-18,West,Electronics,1542222.56,24,64259.27
2025-03-18,West,Grocery,2190578.51,36,60849.4
2025-03-18,West,Home & Kitchen,1567458.5,27,58054.02
2025-03-18,West,Sports,1943903.51,38,51155.36
2025-03-18,West,Toys,1908768.24,39,48942.78
2025-03-19,Central,Beauty,1827750.46,35,52221.44
2025-03-19,Central,Books,1459794.45,25,58391.78
2025-03-19,Central,Clothing,1242578.82,28,44377.82
2025-03-19,Central,Electronics,1562513.63,26,60096.68
2025-03-19,Central,Grocery,1736023.77,34,51059.52
2025-03-19,Central,Home & Kitchen,1497159.07,30,49905.3
2025-03-19,Central,Sports,1449788.88,30,48326.3
2025-03-19,Central,Toys,2136859.86,34,62848.82
2025-03-19,East,Beauty,1840562.31,30,61352.08
2025-03-19,East,Books,1645894.35,30,54863.15
2025-03-19,East,Clothing,1715838.63,30,57194.62
2025-03-19,East,Electronics,1359552.88,31,43856.54
2025-03-19,East,Grocery,1558485.71,37,42121.24
2025-03-19,East,Home & Kitchen,1918158.73,28,68505.67
2025-03-19,East,Sports,1167705.7,20,58385.28
2025-03-19,East,Toys,1470807.45,30,49026.92
2025-03-19,North,Beauty,1071838.01,21,51039.91
2025-03-19,North,Books,1486210.97,26,57161.96
2025-03-19,North,Clothing,1180296.94,30,39343.23
2025-03-19,North,Electronics,1220647.63,21,58126.08
2025-03-19,North,Grocery,1234452.23,28,44087.58
2025-03-19,North,Home & Kitchen,1708047.26,31,55098.3
2025-03-19,North,Sports,1415973.58,26,54460.52
2025-03-19,North,Toys,1531031.87,35,43743.77
2025-03-19,South,Beauty,1380888.59,27,51144.02
2025-03-19,South,Books,1655338.45,30,55177.95
2025-03-19,South,Clothing,1176193.11,28,42006.9
2025-03-19,South,Electronics,1617869.86,31,52189.35
2025-03-19,South,Grocery,1293722.84,28,46204.39
2025-03-19,South,Home & Kitchen,1437798.7,29,49579.27
2025-03-19,South,Sports,1319639.78,26,50755.38
2025-03-19,South,Toys,1606776.71,32,50211.77
2025-03-19,West,Beauty,2005490.09,32,62671.57
2025-03-19,West,Books,1162294.4,26,44703.63
2025-03-19,West,Clothing,1736670.07,36,48240.84
2025-03-19,West,Electronics,935028.37,22,42501.29
2025-03-19,West,Grocery,1318415.03,26,50708.27
2025-03-19,West,Home & Kitchen,1803675.72,29,62195.71
2025-03-19,West,Sports,1586626.34,28,56665.23
2025-03-19,West,Toys,1272063.34,24,53002.64
2025-03-20,Central,Beauty,1199333.87,27,44419.77
2025-03-20,Central,Books,1282417.71,24,53434.07
2025-03-20,Central,Clothing,1358968.12,25,54358.72
2025-03-20,Central,Electronics,902658.43,19,47508.34
2025-03-20,Central,Grocery,1222827.95,24,50951.16
2025-03-20,Central,Home & Kitchen,1434944.45,24,59789.35
2025-03-20,Central,Sports,963172.62,21,45865.36
2025-03-20,Central,Toys,1250778.43,21,59560.88
2025-03-20,East,Beauty,1584608.09,27,58689.19
2025-03-20,East,Books,1292808.43,28,46171.73
2025-03-20,East,Clothing,1608802.28,31,51896.85
2025-03-20,East,Electronics,1473494.54,31,47532.08
2025-03-20,East,Grocery,2022893.86,35,57796.97
2025-03-20,East,Home & Kitchen,1675162.44,32,52348.83
2025-03-20,East,Sports,832587.63,22,37844.89
2025-03-20,East,Toys,1190943.38,24,49622.64
2025-03-20,North,Beauty,953355.43,18,52964.19
2025-03-20,North,Books,1405500.93,20,70275.05
2025-03-20,North,Clothing,1539637.1,34,45283.44
2025-03-20,North,Electronics,941172.89,19,49535.42
2025-03-20,North,Grocery,1780533.89,31,57436.58
2025-03-20,North,Home & Kitchen,961711.08,23,41813.53
2025-03-20,North,Sports,1260628.43,18,70034.91
2025-03-20,North,Toys,1321351.35,23,57450.06
2025-03-20,South,Beauty,1122924.4,32,35091.39
2025-03-20,South,Books,2041853.46,37,55185.23
2025-03-20,South,Clothing,2327757.86,30,77591.93
2025-03-20,South,Electronics,1958892.3,31,63190.07
2025-03-20,South,Grocery,2708227.49,44,61550.62
2025-03-20,South,Home & Kitchen,1217217.9,25,48688.72
2025-03-20,South,Sports,2714670.96,39,69606.95
2025-03-20,South,Toys,2325567.96,37,62853.19
2025-03-20,West,Beauty,1400075.78,25,56003.03
2025-03-20,West,Books,1643602.16,28,58700.08
2025-03-20,West,Clothing,1042823.02,21,49658.24
2025-03-20,West,Electronics,1501221.02,24,62550.88
2025-03-20,West,Grocery,1448536.59,30,48284.55
2025-03-20,West,Home & Kitchen,1159883.13,24,48328.46
2025-03-20,West,Sports,1025944.61,27,37997.95
2025-03-20,West,Toys,1255908.36,29,43307.18
2025-03-21,Central,Beauty,2512869.9,36,69801.94
2025-03-21,Central,Books,1616562.97,32,50517.59
2025-03-21,Central,Clothing,2046434.14,29,70566.69
2025-03-21,Central,Electronics,2055433.48,42,48938.89
2025-03-21,Central,Grocery,1807797.72,38,47573.62
2025-03-21,Central,Home & Kitchen,1535075.05,34,45149.27
2025-03-21,Central,Sports,2312391.66,41,56399.8
2025-03-21,Central,Toys,2227138.62,47,47385.93
2025-03-21,East,Beauty,1197667.58,21,57031.79
2025-03-21,East,Books,1528592.88,34,44958.61
2025-03-21,East,Clothing,1525273.11,29,52595.62
2025-03-21,East,Electronics,1076105.25,26,41388.66
2025-03-21,East,Grocery,1513845.14,25,60553.81
2025-03-21,East,Home & Kitchen,967714.93,23,42074.56
2025-03-21,East,Sports,935855.13,18,51991.95
2025-03-21,East,Toys,1803536.78,33,54652.63
2025-03-21,North,Beauty,1014538.94,26,39020.73
2025-03-21,North,Books,1438610.48,30,47953.68
2025-03-21,North,Clothing,1474979.71,22,67044.53
2025-03-21,North,Electronics,1018684.33,26,39180.17
2025-03-21,North,Grocery,1481443.12,25,59257.72
2025-03-21,North,Home & Kitchen,840599.85,22,38209.08
2025-03-21,North,Sports,1279060.03,21,60907.62
2025-03-21,North,Toys,1010167.05,25,40406.68
2025-03-21,South,Beauty,1983712.19,33,60112.49
2025-03-21,South,Books,1643824.05,34,48347.77
2025-03-21,South,Clothing,1583180.76,31,51070.35
2025-03-21,South,Electronics,1946137.17,32,60816.79
2025-03-21,South,Grocery,2009766.76,43,46738.76
2025-03-21,South,Home & Kitchen,1477484.01,30,49249.47
2025-03-21,South,Sports,1668677.07,32,52146.16
2025-03-21,South,Toys,1686036.11,30,56201.2
2025-03-21,West,Beauty,970992.35,25,38839.69
2025-03-21,West,Books,1994932.5,33,60452.5
2025-03-21,West,Clothing,1255560.36,25,50222.41
2025-03-21,West,Electronics,1379155.7,25,55166.23
2025-03-21,West,Grocery,1579707.55,28,56418.13
2025-03-21,West,Home & Kitchen,1625358.43,26,62513.79
2025-03-21,West,Sports,900969.07,19,47419.42
2025-03-21,West,Toys,1649883.13,26,63457.04
2025-03-22,Central,Beauty,1464281.17,31,47234.88
2025-03-22,Central,Books,1609366.48,38,42351.75
2025-03-22,Central,Clothing,1182274.48,24,49261.44
2025-03-22,Central,Electronics,1558941.68,31,50288.44
2025-03-22,Central,Grocery,1592401.66,34,46835.34
2025-03-22,Central,Home & Kitchen,1616188.66,38,42531.28
2025-03-22,Central,Sports,2060982.71,39,52845.71
2025-03-22,Central,Toys,2156398.56,31,69561.24
2025-03-22,East,Beauty,871279.39,18,48404.41
2025-03-22,East,Books,851349.07,23,37015.18
2025-03-22,East,Clothing,1139989.98,21,54285.24
2025-03-22,East,Electronics,815741.17,23,35467.01
2025-03-22,East,Grocery,1297292.45,21,61775.83
2025-03-22,East,Home & Kitchen,1835754.78,28,65562.67
2025-03-22,East,Sports,683632.03,17,40213.65
2025-03-22,East,Toys,1027957.33,25,41118.29
2025-03-22,North,Beauty,2087432.1,37,56417.08
2025-03-22,North,Books,1894648.78,40,47366.22
2025-03-22,North,Clothing,2499933.77,36,69442.6
2025-03-22,North,Electronics,2024183.61,37,54707.67
2025-03-22,North,Grocery,2198494.05,42,52345.1
2025-03-22,North,Home & Kitchen,1916783.79,44,43563.27
2025-03-22,North,Sports,1472438.14,35,42069.66
2025-03-22,North,Toys,1662686.31,35,47505.32
2025-03-22,South,Beauty,1125769.01,20,56288.45
2025-03-22,South,Books,1215591.94,23,52851.82
2025-03-22,South,Clothing,1122554.55,23,48806.72
2025-03-22,South,Electronics,990278.58,24,41261.61
2025-03-22,South,Grocery,1789953.58,33,54241.02
2025-03-22,South,Home & Kitchen,1485262.25,27,55009.71
2025-03-22,South,Sports,1194465.8,26,45940.99
2025-03-22,South,Toys,1672641.3,32,52270.04
2025-03-22,West,Beauty,1418734.05,23,61684.09
2025-03-22,West,Books,860268.27,22,39103.1
2025-03-22,West,Clothing,1649490.63,31,53209.38
2025-03-22,West,Electronics,1591184.16,25,63647.37
2025-03-22,West,Grocery,1808008.0,36,50222.44
2025-03-22,West,Home & Kitchen,1204001.57,19,63368.5
2025-03-22,West,Sports,1456780.61,30,48559.35
2025-03-22,West,Toys,1413806.55,27,52363.21
2025-03-23,Central,Beauty,1508213.94,34,44359.23
2025-03-23,Central,Books,1312195.56,24,54674.82
2025-03-23,Central,Clothing,1436840.68,25,57473.63
2025-03-23,Central,Electronics,1256806.2,26,48338.7
2025-03-23,Central,Grocery,1607551.48,28,57412.55
2025-03-23,Central,Home & Kitchen,1646400.79,26,63323.11
2025-03-23,Central,Sports,1002659.66,30,33421.99
2025-03-23,Central,Toys,1133164.79,29,39074.65
2025-03-23,East,Beauty,1423438.91,29,49084.1
2025-03-23,East,Books,1188606.35,26,45715.63
2025-03-23,East,Clothing,1542525.77,24,64271.91
2025-03-23,East,Electronics,1721768.73,30,57392.29
2025-03-23,East,Grocery,1565308.82,29,53976.17
2025-03-23,East,Home & Kitchen,1559511.92,26,59981.23
2025-03-23,East,Sports,1386328.23,25,55453.13
2025-03-23,East,Toys,1036213.77,23,45052.77
2025-03-23,North,Beauty,1307657.62,30,43588.59
2025-03-23,North,Books,1302443.5,30,43414.78
2025-03-23,North,Clothing,1840173.22,32,57505.41
2025-03-23,North,Electronics,1200961.31,29,41412.46
2025-03-23,North,Grocery,1157749.34,27,42879.61
2025-03-23,North,Home & Kitchen,1293856.93,30,43128.56
2025-03-23,North,Sports,1171243.43,21,55773.5
2025-03-23,North,Toys,1930430.41,37,52173.79
2025-03-23,South,Beauty,1569104.64,30,52303.49
2025-03-23,South,Books,1436671.99,29,49540.41
2025-03-23,South,Clothing,1117562.45,26,42983.17
2025-03-23,South,Electronics,1087263.67,25,43490.55
2025-03-23,South,Grocery,1905925.3,34,56056.63
2025-03-23,South,Home & Kitchen,1244106.18,21,59243.15
2025-03-23,South,Sports,1660351.86,32,51886.0
2025-03-23,South,Toys,1816804.88,29,62648.44
2025-03-23,West,Beauty,1494188.47,30,49806.28
2025-03-23,West,Books,1659435.66,27,61460.58
2025-03-23,West,Clothing,1232428.06,24,51351.17
2025-03-23,West,Electronics,796091.0,22,36185.95
2025-03-23,West,Grocery,1136674.94,25,45467.0
2025-03-23,West,Home & Kitchen,1289736.92,31,41604.42
2025-03-23,West,Sports,1050297.56,28,37510.63
2025-03-23,West,Toys,1472167.38,27,54524.72
2025-03-24,Central,Beauty,1486748.19,33,45052.98
2025-03-24,Central,Books,1600474.03,31,51628.19
2025-03-24,Central,Clothing,1667786.26,28,59563.8
2025-03-24,Central,Electronics,1263744.71,28,45133.74
2025-03-24,Central,Grocery,1428392.92,29,49254.93
2025-03-24,Central,Home & Kitchen,1616223.33,31,52136.24
2025-03-24,Central,Sports,804356.86,17,47315.11
2025-03-24,Central,Toys,1539351.52,33,46647.02
2025-03-24,East,Beauty,1281932.34,24,53413.85
2025-03-24,East,Books,1445186.12,32,45162.07
2025-03-24,East,Clothing,988866.94,23,42994.21
2025-03-24,East,Electronics,1038645.53,21,49459.31
2025-03-24,East,Grocery,1530952.98,27,56701.96
2025-03-24,East,Home & Kitchen,1343408.93,23,58409.08
2025-03-24,East,Sports,842349.77,20,42117.49
2025-03-24,East,Toys,1996441.96,33,60498.24
2025-03-24,North,Beauty,1267566.13,23,55111.57
2025-03-24,North,Books,1561687.25,28,55774.54
2025-03-24,North,Clothing,967621.02,26,37216.19
2025-03-24,North,Electronics,1320163.47,28,47148.7
2025-03-24,North,Grocery,1573085.62,34,46267.22
2025-03-24,North,Home & Kitchen,1823986.53,31,58838.28
2025-03-24,North,Sports,1778026.89,31,57355.71
2025-03-24,North,Toys,1396561.19,28,49877.19
2025-03-24,South,Beauty,1386663.04,24,57777.63
2025-03-24,South,Books,1311681.43,26,50449.29
2025-03-24,South,Clothing,1500938.6,27,55590.32
2025-03-24,South,Electronics,1421834.04,32,44432.31
2025-03-24,South,Grocery,1654762.21,29,57060.77
2025-03-24,South,Home & Kitchen,618845.49,22,28129.34
2025-03-24,South,Sports,943209.63,23,41009.11
2025-03-24,South,Toys,2608039.53,35,74515.42
2025-03-24,West,Beauty,1939734.76,32,60616.71
2025-03-24,West,Books,1182140.89,33,35822.45
2025-03-24,West,Clothing,1882961.57,35,53798.9
2025-03-24,West,Electronics,1240139.79,29,42763.44
2025-03-24,West,Grocery,2113956.5,38,55630.43
2025-03-24,West,Home & Kitchen,2053383.11,37,55496.84
2025-03-24,West,Sports,1320655.51,33,40019.86
2025-03-24,West,Toys,2821815.66,43,65623.62
2025-03-25,Central,Beauty,1700188.79,28,60721.03
2025-03-25,Central,Books,1331112.4,22,60505.11
2025-03-25,Central,Clothing,1251009.46,22,56864.07
2025-03-25,Central,Electronics,1150739.78,28,41097.85
2025-03-25,Central,Grocery,1204266.37,24,50177.77
2025-03-25,Central,Home & Kitchen,1064992.04,26,40961.23
2025-03-25,Central,Sports,1686538.52,27,62464.39
2025-03-25,Central,Toys,2279430.3,27,84423.34
2025-03-25,East,Beauty,1245289.03,21,59299.48
2025-03-25,East,Books,1126419.68,27,41719.25
2025-03-25,East,Clothing,1381355.0,26,53129.04
2025-03-25,East,Electronics,1206851.15,20,60342.56
2025-03-25,East,Grocery,1052610.06,18,58478.34
2025-03-25,East,Home & Kitchen,1059554.0,20,52977.7
2025-03-25,East,Sports,1193209.7,23,51878.68
2025-03-25,East,Toys,1982301.43,30,66076.71
2025-03-25,North,Beauty,1207552.76,22,54888.76
2025-03-25,North,Books,1756408.17,27,65052.15
2025-03-25,North,Clothing,1718459.42,28,61373.55
2025-03-25,North,Electronics,1538908.2,27,56996.6
2025-03-25,North,Grocery,1029260.78,20,51463.04
2025-03-25,North,Home & Kitchen,1082932.02,27,40108.59
2025-03-25,North,Sports,1291863.05,27,47846.78
2025-03-25,North,Toys,1465338.05,32,45791.81
2025-03-25,South,Beauty,1606283.82,30,53542.79
2025-03-25,South,Books,1918246.42,34,56419.01
2025-03-25,South,Clothing,1904635.75,36,52906.55
2025-03-25,South,Electronics,2045279.75,35,58436.56
2025-03-25,South,Grocery,2083257.1,42,49601.36
2025-03-25,South,Home & Kitchen,1393494.81,29,48051.55
2025-03-25,South,Sports,1827734.26,38,48098.27
2025-03-25,South,Toys,2105994.12,45,46799.87
2025-03-25,West,Beauty,1801498.92,35,51471.4
2025-03-25,West,Books,2369084.09,44,53842.82
2025-03-25,West,Clothing,1938504.4,41,47280.6
2025-03-25,West,Electronics,1713942.49,26,65920.87
2025-03-25,West,Grocery,2229351.14,44,50667.07
2025-03-25,West,Home & Kitchen,1551406.87,34,45629.61
2025-03-25,West,Sports,1478690.39,35,42248.3
2025-03-25,West,Toys,2076392.19,37,56118.71
2025-03-26,Central,Beauty,1719527.91,32,53735.25
2025-03-26,Central,Books,1498449.62,33,45407.56
2025-03-26,Central,Clothing,2356139.4,32,73629.36
2025-03-26,Central,Electronics,1751052.12,27,64853.78
2025-03-26,Central,Grocery,1143987.3,28,40856.69
2025-03-26,Central,Home & Kitchen,1677061.36,29,57829.7
2025-03-26,Central,Sports,1778144.02,33,53883.15
2025-03-26,Central,Toys,1529644.22,32,47801.38
2025-03-26,East,Beauty,2090294.47,34,61479.25
2025-03-26,East,Books,1521381.54,36,42260.6
2025-03-26,East,Clothing,2245129.61,39,57567.43
2025-03-26,East,Electronics,1452237.41,29,50077.15
2025-03-26,East,Grocery,2305739.36,39,59121.52
2025-03-26,East,Home & Kitchen,1373004.32,29,47344.98
2025-03-26,East,Sports,1849264.06,32,57789.5
2025-03-26,East,Toys,1892556.73,31,61050.22
2025-03-26,North,Beauty,820917.97,19,43206.21
2025-03-26,North,Books,1487570.36,28,53127.51
2025-03-26,North,Clothing,1842033.31,32,57563.54
2025-03-26,North,Electronics,896960.55,21,42712.41
2025-03-26,North,Grocery,1703650.68,30,56788.36
2025-03-26,North,Home & Kitchen,1367741.19,32,42741.91
2025-03-26,North,Sports,1590591.59,29,54847.99
2025-03-26,North,Toys,1656425.22,32,51763.29
2025-03-26,South,Beauty,2269625.33,41,55356.72
2025-03-26,South,Books,1361308.05,32,42540.88
2025-03-26,South,Clothing,1918737.2,35,54821.06
2025-03-26,South,Electronics,2495744.59,42,59422.49
2025-03-26,South,Grocery,2647059.89,42,63025.24
2025-03-26,South,Home & Kitchen,1517739.39,29,52335.84
2025-03-26,South,Sports,1762255.19,31,56846.94
2025-03-26,South,Toys,1887794.9,32,58993.59
2025-03-26,West,Beauty,1165443.48,28,41622.98
2025-03-26,West,Books,1025491.28,25,41019.65
2025-03-26,West,Clothing,1359116.8,27,50337.66
2025-03-26,West,Electronics,1143531.37,22,51978.7
2025-03-26,West,Grocery,896711.82,26,34488.92
2025-03-26,West,Home & Kitchen,1545207.46,22,70236.7
2025-03-26,West,Sports,1219309.17,27,45159.6
2025-03-26,West,Toys,1127292.51,23,49012.72
2025-03-27,Central,Beauty,1758905.5,35,50254.44
2025-03-27,Central,Books,2080501.95,29,71741.45
2025-03-27,Central,Clothing,1945147.94,29,67074.07
2025-03-27,Central,Electronics,925493.61,26,35595.91
2025-03-27,Central,Grocery,2361598.8,38,62147.34
2025-03-27,Central,Home & Kitchen,1602134.03,27,59338.3
2025-03-27,Central,Sports,1966699.91,28,70239.28
2025-03-27,Central,Toys,1631335.42,38,42929.88
2025-03-27,East,Beauty,1853645.33,32,57926.42
2025-03-27,East,Books,1423271.6,25,56930.86
2025-03-27,East,Clothing,1307373.96,25,52294.96
2025-03-27,East,Electronics,921041.78,14,65788.7
2025-03-27,East,Grocery,1160990.67,25,46439.63
2025-03-27,East,Home & Kitchen,1463171.18,30,48772.37
2025-03-27,East,Sports,1370414.29,24,57100.6
2025-03-27,East,Toys,1976417.34,32,61763.04
2025-03-27,North,Beauty,892688.19,20,44634.41
2025-03-27,North,Books,1181806.2,28,42207.36
2025-03-27,North,Clothing,1129747.74,21,53797.51
2025-03-27,North,Electronics,1369026.75,26,52654.88
2025-03-27,North,Grocery,1485416.45,25,59416.66
2025-03-27,North,Home & Kitchen,1034212.17,20,51710.61
2025-03-27,North,Sports,1177545.94,21,56073.62
2025-03-27,North,Toys,1579045.13,23,68654.14
2025-03-27,South,Beauty,1288041.95,28,46001.5
2025-03-27,South,Books,1215763.64,26,46760.14
2025-03-27,South,Clothing,1111628.62,23,48331.68
2025-03-27,South,Electronics,1270940.66,25,50837.63
2025-03-27,South,Grocery,1022059.26,23,44437.36
2025-03-27,South,Home & Kitchen,1325537.52,22,60251.71
2025-03-27,South,Sports,971460.49,26,37363.87
2025-03-27,South,Toys,1611290.38,27,59677.42
2025-03-27,West,Beauty,1420033.67,27,52593.84
2025-03-27,West,Books,825848.92,23,35906.47
2025-03-27,West,Clothing,1259694.33,20,62984.72
2025-03-27,West,Electronics,1478688.68,26,56872.64
2025-03-27,West,Grocery,1350985.47,24,56291.06
2025-03-27,West,Home & Kitchen,913233.09,19,48064.9
2025-03-27,West,Sports,1636012.56,28,58429.02
2025-03-27,West,Toys,1316850.84,22,59856.86
2025-03-28,Central,Beauty,1521881.93,30,50729.4
2025-03-28,Central,Books,1551922.53,30,51730.75
2025-03-28,Central,Clothing,1334180.98,32,41693.16
2025-03-28,Central,Electronics,1231210.87,25,49248.43
2025-03-28,Central,Grocery,1394791.25,26,53645.82
2025-03-28,Central,Home & Kitchen,1836924.43,31,59255.63
2025-03-28,Central,Sports,1744021.21,33,52849.13
2025-03-28,Central,Toys,1649172.05,35,47119.2
2025-03-28,East,Beauty,1099548.07,25,43981.92
2025-03-28,East,Books,1971413.37,33,59739.8
2025-03-28,East,Clothing,1668695.77,30,55623.19
2025-03-28,East,Electronics,1140398.21,23,49582.53
2025-03-28,East,Grocery,1253793.11,32,39181.03
2025-03-28,East,Home & Kitchen,1822452.91,28,65087.6
2025-03-28,East,Sports,1657894.97,32,51809.22
2025-03-28,East,Toys,2001422.08,37,54092.49
2025-03-28,North,Beauty,1297708.69,23,56422.12
2025-03-28,North,Books,1102845.45,21,52516.45
2025-03-28,North,Clothing,965300.16,17,56782.36
2025-03-28,North,Electronics,1460327.19,23,63492.49
2025-03-28,North,Grocery,1185361.98,27,43902.3
2025-03-28,North,Home & Kitchen,1576367.91,34,46363.76
2025-03-28,North,Sports,1435856.31,37,38806.93
2025-03-28,North,Toys,1719416.35,33,52103.53
2025-03-28,South,Beauty,1406885.34,27,52106.86
2025-03-28,South,Books,1907031.01,26,73347.35
2025-03-28,South,Clothing,1232008.3,26,47384.93
2025-03-28,South,Electronics,1142941.17,22,51951.87
2025-03-28,South,Grocery,1227529.47,20,61376.47
2025-03-28,South,Home & Kitchen,1375986.42,24,57332.77
2025-03-28,South,Sports,1345050.4,26,51732.71
2025-03-28,South,Toys,1383169.36,26,53198.82
2025-03-28,West,Beauty,1491255.4,24,62135.64
2025-03-28,West,Books,1701590.13,28,60771.08
2025-03-28,West,Clothing,2089530.4,38,54987.64
2025-03-28,West,Electronics,1417456.92,33,42953.24
2025-03-28,West,Grocery,1810886.31,37,48942.87
2025-03-28,West,Home & Kitchen,1418923.31,28,50675.83
2025-03-28,West,Sports,1512569.03,22,68753.14
2025-03-28,West,Toys,2758982.65,36,76638.41
2025-03-29,Central,Beauty,2047526.3,33,62046.25
2025-03-29,Central,Books,1466760.36,29,50577.94
2025-03-29,Central,Clothing,1645051.58,31,53066.18
2025-03-29,Central,Electronics,1371701.3,26,52757.74
2025-03-29,Central,Grocery,2018014.42,27,74741.27
2025-03-29,Central,Home & Kitchen,1890180.26,35,54005.15
2025-03-29,Central,Sports,1247554.59,28,44555.52
2025-03-29,Central,Toys,2032744.33,37,54939.04
2025-03-29,East,Beauty,1854319.78,33,56191.51
2025-03-29,East,Books,1537168.71,27,56932.17
2025-03-29,East,Clothing,1453770.42,29,50130.01
2025-03-29,East,Electronics,1572394.0,27,58236.81
2025-03-29,East,Grocery,2065657.16,36,57379.37
2025-03-29,East,Home & Kitchen,1858772.03,34,54669.77
2025-03-29,East,Sports,1563050.44,30,52101.68
2025-03-29,East,Toys,1871574.76,37,50583.1
2025-03-29,North,Beauty,1273673.28,22,57894.24
2025-03-29,North,Books,1624162.36,26,62467.78
2025-03-29,North,Clothing,879610.76,20,43980.54
2025-03-29,North,Electronics,1276702.29,24,53195.93
2025-03-29,North,Grocery,1190674.47,22,54121.57
2025-03-29,North,Home & Kitchen,1563961.57,27,57924.5
2025-03-29,North,Sports,1484144.38,31,47875.63
2025-03-29,North,Toys,1470335.01,32,45947.97
2025-03-29,South,Beauty,1888950.57,29,65136.23
2025-03-29,South,Books,2066597.84,37,55854.0
2025-03-29,South,Clothing,1508664.85,33,45717.12
2025-03-29,South,Electronics,1499296.0,28,53546.29
2025-03-29,South,Grocery,1924916.42,33,58330.8
2025-03-29,South,Home & Kitchen,1130501.28,31,36467.78
2025-03-29,South,Sports,1769538.0,27,65538.44
2025-03-29,South,Toys,2215053.84,33,67122.84
2025-03-29,West,Beauty,1001782.99,22,45535.59
2025-03-29,West,Books,951407.03,22,43245.77
2025-03-29,West,Clothing,1208343.98,25,48333.76
2025-03-29,West,Electronics,1360437.39,20,68021.87
2025-03-29,West,Grocery,1008705.36,18,56039.19
2025-03-29,West,Home & Kitchen,1492361.35,26,57398.51
2025-03-29,West,Sports,1015076.01,20,50753.8
2025-03-29,West,Toys,1575016.75,28,56250.6
2025-03-30,Central,Beauty,1078527.47,28,38518.84
2025-03-30,Central,Books,1279904.17,22,58177.46
2025-03-30,Central,Clothing,717104.39,16,44819.02
2025-03-30,Central,Electronics,1951846.71,28,69708.81
2025-03-30,Central,Grocery,1362624.31,27,50467.57
2025-03-30,Central,Home & Kitchen,1072293.96,21,51061.62
2025-03-30,Central,Sports,1309484.94,21,62356.43
2025-03-30,Central,Toys,1220269.72,25,48810.79
2025-03-30,East,Beauty,966400.81,19,50863.2
2025-03-30,East,Books,977702.97,21,46557.28
2025-03-30,East,Clothing,1162590.62,23,50547.42
2025-03-30,East,Electronics,1325817.77,26,50992.99
2025-03-30,East,Grocery,810444.62,21,38592.6
2025-03-30,East,Home & Kitchen,1219629.58,26,46908.83
2025-03-30,East,Sports,876136.19,16,54758.51
2025-03-30,East,Toys,1528265.94,30,50942.2
2025-03-30,North,Beauty,1718649.15,32,53707.79
2025-03-30,North,Books,1283261.28,29,44250.39
2025-03-30,North,Clothing,1263019.2,25,50520.77
2025-03-30,North,Electronics,1428568.99,27,52909.96
2025-03-30,North,Grocery,1488792.02,29,51337.66
2025-03-30,North,Home & Kitchen,1391610.24,26,53523.47
2025-03-30,North,Sports,1231375.55,27,45606.5
2025-03-30,North,Toys,1002008.43,26,38538.79
2025-03-30,South,Beauty,1318356.39,26,50706.02
2025-03-30,South,Books,1717883.14,32,53683.85
2025-03-30,South,Clothing,1744820.79,33,52873.36
2025-03-30,South,Electronics,1386054.5,26,53309.79
2025-03-30,South,Grocery,1367377.84,30,45579.26
2025-03-30,South,Home & Kitchen,1516449.98,29,52291.38
2025-03-30,South,Sports,1175095.78,30,39169.86
2025-03-30,South,Toys,1880160.06,35,53718.86
2025-03-30,West,Beauty,1498246.65,31,48330.54
2025-03-30,West,Books,1459549.55,31,47082.24
2025-03-30,West,Clothing,1444845.91,34,42495.47
2025-03-30,West,Electronics,2017164.59,30,67238.82
2025-03-30,West,Grocery,1402901.44,27,51959.31
2025-03-30,West,Home & Kitchen,1515029.6,26,58270.37
2025-03-30,West,Sports,1701710.55,27,63026.32
2025-03-30,West,Toys,2090706.77,38,55018.6
2025-03-31,Central,Beauty,1501837.03,32,46932.41
2025-03-31,Central,Books,1690878.26,30,56362.61
2025-03-31,Central,Clothing,1442854.34,29,49753.6
2025-03-31,Central,Electronics,1476906.7,25,59076.27
2025-03-31,Central,Grocery,1265639.26,24,52734.97
2025-03-31,Central,Home & Kitchen,1336104.16,25,53444.17
2025-03-31,Central,Sports,1397751.88,29,48198.34
2025-03-31,Central,Toys,1463477.1,27,54202.86
2025-03-31,East,Beauty,1558765.53,35,44536.16
2025-03-31,East,Books,1477490.55,34,43455.6
2025-03-31,East,Clothing,1430256.66,34,42066.37
2025-03-31,East,Electronics,1484703.78,26,57103.99
2025-03-31,East,Grocery,2003572.22,39,51373.65
2025-03-31,East,Home & Kitchen,2057671.14,33,62353.67
2025-03-31,East,Sports,1160840.86,29,40029.0
2025-03-31,East,Toys,1498924.2,31,48352.39
2025-03-31,North,Beauty,1206578.88,30,40219.3
2025-03-31,North,Books,1819628.84,30,60654.29
2025-03-31,North,Clothing,1989113.61,33,60276.17
2025-03-31,North,Electronics,1143324.97,24,47638.54
2025-03-31,North,Grocery,1375905.72,31,44384.06
2025-03-31,North,Home & Kitchen,1638706.07,29,56507.11
2025-03-31,North,Sports,1308325.17,31,42204.04
2025-03-31,North,Toys,1103286.76,22,50149.4
2025-03-31,South,Beauty,1682736.97,29,58025.41
2025-03-31,South,Books,1411924.98,26,54304.81
2025-03-31,South,Clothing,1300389.4,25,52015.58
2025-03-31,South,Electronics,1701143.6,35,48604.1
2025-03-31,South,Grocery,1503238.58,32,46976.21
2025-03-31,South,Home & Kitchen,1852446.01,31,59756.32
2025-03-31,South,Sports,1982845.45,37,53590.42
2025-03-31,South,Toys,1400783.23,32,43774.48
2025-03-31,West,Beauty,1113508.89,25,44540.36
2025-03-31,West,Books,1034631.68,27,38319.69
2025-03-31,West,Clothing,1018018.11,25,40720.72
2025-03-31,West,Electronics,1008084.24,23,43829.75
2025-03-31,West,Grocery,1393093.8,27,51596.07
2025-03-31,West,Home & Kitchen,2120157.13,33,64247.19
2025-03-31,West,Sports,1128175.07,27,41784.26
2025-03-31,West,Toys,1512054.91,26,58155.96
2025-04-01,Central,Beauty,1762274.03,35,50350.69
2025-04-01,Central,Books,2149647.01,39,55119.15
2025-04-01,Central,Clothing,1368780.44,30,45626.01
2025-04-01,Central,Electronics,1480892.92,27,54847.89
2025-04-01,Central,Grocery,1619610.1,33,49079.09
2025-04-01,Central,Home & Kitchen,1837331.28,33,55676.71
2025-04-01,Central,Sports,2126660.94,37,57477.32
2025-04-01,Central,Toys,2149513.26,38,56566.14
2025-04-01,East,Beauty,1598269.95,29,55112.76
2025-04-01,East,Books,1391290.57,25,55651.62
2025-04-01,East,Clothing,1065968.14,21,50760.39
2025-04-01,East,Electronics,1313543.22,22,59706.51
2025-04-01,East,Grocery,1583024.53,28,56536.59
2025-04-01,East,Home & Kitchen,840047.79,24,35001.99
2025-04-01,East,Sports,1563500.13,30,52116.67
2025-04-01,East,Toys,2117616.27,34,62282.83
2025-04-01,North,Beauty,1964797.4,37,53102.63
2025-04-01,North,Books,2251733.47,35,64335.24
2025-04-01,North,Clothing,1485306.92,32,46415.84
2025-04-01,North,Electronics,1789235.55,37,48357.72
2025-04-01,North,Grocery,2235377.22,38,58825.72
2025-04-01,North,Home & Kitchen,1876513.78,34,55191.58
2025-04-01,North,Sports,1577489.17,29,54396.18
2025-04-01,North,Toys,1520829.74,33,46085.75
2025-04-01,South,Beauty,1362780.32,21,64894.3
2025-04-01,South,Books,1220632.44,29,42090.77
2025-04-01,South,Clothing,1580654.27,29,54505.32
2025-04-01,South,Electronics,1438528.59,26,55328.02
2025-04-01,South,Grocery,1682422.54,33,50982.5
2025-04-01,South,Home & Kitchen,1663228.58,30,55440.95
2025-04-01,South,Sports,1459368.95,27,54050.7
2025-04-01,South,Toys,1798404.0,29,62013.93
2025-04-01,West,Beauty,1220543.8,23,53067.12
2025-04-01,West,Books,1411513.51,27,52278.28
2025-04-01,West,Clothing,421418.23,15,28094.55
2025-04-01,West,Electronics,1357179.6,25,54287.18
2025-04-01,West,Grocery,1066210.93,20,53310.55
2025-04-01,West,Home & Kitchen,1105029.06,20,55251.45
2025-04-01,West,Sports,932211.53,21,44391.03
2025-04-01,West,Toys,1481712.76,23,64422.29
2025-04-02,Central,Beauty,2068192.71,42,49242.68
2025-04-02,Central,Books,2084722.92,41,50846.9
2025-04-02,Central,Clothing,1369456.73,32,42795.52
2025-04-02,Central,Electronics,2343855.66,36,65107.1
2025-04-02,Central,Grocery,2508810.71,45,55751.35
2025-04-02,Central,Home & Kitchen,1814537.35,35,51843.92
2025-04-02,Central,Sports,940447.49,24,39185.31
2025-04-02,Central,Toys,1806740.74,40,45168.52
2025-04-02,East,Beauty,1101761.31,24,45906.72
2025-04-02,East,Books,1355896.63,20,67794.83
2025-04-02,East,Clothing,1490928.2,22,67769.46
2025-04-02,East,Electronics,1064276.43,23,46272.89
2025-04-02,East,Grocery,748244.54,17,44014.38
2025-04-02,East,Home & Kitchen,803607.15,19,42295.11
2025-04-02,East,Sports,647100.37,14,46221.46
2025-04-02,East,Toys,1525625.04,26,58677.89
2025-04-02,North,Beauty,1323321.9,28,47261.5
2025-04-02,North,Books,2089463.91,35,59698.97
2025-04-02,North,Clothing,2224606.25,38,58542.27
2025-04-02,North,Electronics,1846647.01,33,55959.0
2025-04-02,North,Grocery,2182227.24,41,53225.05
2025-04-02,North,Home & Kitchen,1463691.6,31,47215.86
2025-04-02,North,Sports,1465298.5,32,45790.58
2025-04-02,North,Toys,1396310.22,31,45042.27
2025-04-02,South,Beauty,1918023.82,36,53278.44
2025-04-02,South,Books,1838020.36,40,45950.51
2025-04-02,South,Clothing,1268288.8,27,46973.66
2025-04-02,South,Electronics,1207276.72,26,46433.72
2025-04-02,South,Grocery,1733192.84,26,66661.26
2025-04-02,South,Home & Kitchen,1517626.12,32,47425.82
2025-04-02,South,Sports,1748873.57,29,60305.99
2025-04-02,South,Toys,1525543.14,34,44868.92
2025-04-02,West,Beauty,1212934.71,21,57758.8
2025-04-02,West,Books,1448520.98,29,49949.0
2025-04-02,West,Clothing,1558660.34,36,43296.12
2025-04-02,West,Electronics,1776116.31,33,53821.71
2025-04-02,West,Grocery,1682352.49,39,43137.24
2025-04-02,West,Home & Kitchen,1469550.31,29,50674.15
2025-04-02,West,Sports,1766324.66,31,56978.21
2025-04-02,West,Toys,1975132.14,36,54864.78
2025-04-03,Central,Beauty,1165354.74,21,55493.08
2025-04-03,Central,Books,1762805.91,35,50365.88
2025-04-03,Central,Clothing,1180663.46,27,43728.28
2025-04-03,Central,Electronics,1524148.25,33,46186.31
2025-04-03,Central,Grocery,1085661.9,32,33926.93
2025-04-03,Central,Home & Kitchen,1870145.6,38,49214.36
2025-04-03,Central,Sports,1728328.72,30,57610.96
2025-04-03,Central,Toys,2284761.64,38,60125.31
2025-04-03,East,Beauty,670655.02,21,31935.95
2025-04-03,East,Books,810617.77,23,35244.25
2025-04-03,East,Clothing,1430386.53,27,52977.28
2025-04-03,East,Electronics,1695216.33,29,58455.74
2025-04-03,East,Grocery,1329542.96,24,55397.62
2025-04-03,East,Home & Kitchen,1692939.59,33,51301.2
2025-04-03,East,Sports,1492703.75,26,57411.68
2025-04-03,East,Toys,1936617.79,28,69164.92
2025-04-03,North,Beauty,1802901.14,36,50080.59
2025-04-03,North,Books,1057566.55,25,42302.66
2025-04-03,North,Clothing,2205399.81,39,56548.71
2025-04-03,North,Electronics,1897014.1,27,70259.78
2025-04-03,North,Grocery,1629269.97,29,56181.72
2025-04-03,North,Home & Kitchen,1683810.79,35,48108.88
2025-04-03,North,Sports,1492931.31,30,49764.38
2025-04-03,North,Toys,1698039.66,31,54775.47
2025-04-03,South,Beauty,991601.31,26,38138.51
2025-04-03,South,Books,861457.35,16,53841.08
2025-04-03,South,Clothing,1289730.13,31,41604.2
2025-04-03,South,Electronics,1785820.87,29,61580.03
2025-04-03,South,Grocery,1938807.71,33,58751.75
2025-04-03,South,Home & Kitchen,1641106.6,30,54703.55
2025-04-03,South,Sports,1615661.4,32,50489.42
2025-04-03,South,Toys,1868276.52,35,53379.33
2025-04-03,West,Beauty,969888.29,21,46185.16
2025-04-03,West,Books,857520.5,16,53595.03
2025-04-03,West,Clothing,1131396.1,19,59547.16
2025-04-03,West,Electronics,1084732.31,24,45197.18
2025-04-03,West,Grocery,881501.91,22,40068.27
2025-04-03,West,Home & Kitchen,897406.0,19,47231.89
2025-04-03,West,Sports,1308035.89,26,50309.07
2025-04-03,West,Toys,1393896.29,25,55755.85
2025-04-04,Central,Beauty,1360424.0,22,61837.45
2025-04-04,Central,Books,1301608.56,23,56591.68
2025-04-04,Central,Clothing,1174491.9,23,51064.87
2025-04-04,Central,Electronics,1137388.0,21,54161.33
2025-04-04,Central,Grocery,1171109.58,22,53232.25
2025-04-04,Central,Home & Kitchen,1007671.12,25,40306.84
2025-04-04,Central,Sports,1464726.36,24,61030.27
2025-04-04,Central,Toys,1007754.35,18,55986.35
2025-04-04,East,Beauty,1276176.55,24,53174.02
2025-04-04,East,Books,1578597.47,29,54434.4
2025-04-04,East,Clothing,1136920.71,24,47371.7
2025-04-04,East,Electronics,1358207.98,28,48507.43
2025-04-04,East,Grocery,2301006.25,40,57525.16
2025-04-04,East,Home & Kitchen,2234466.68,34,65719.61
2025-04-04,East,Sports,2226251.98,36,61840.33
2025-04-04,East,Toys,1643346.66,35,46952.76
2025-04-04,North,Beauty,1724116.18,33,52245.94
2025-04-04,North,Books,926155.11,25,37046.2
2025-04-04,North,Clothing,1993062.44,31,64292.34
2025-04-04,North,Electronics,1860545.31,34,54721.92
2025-04-04,North,Grocery,1811004.39,34,53264.84
2025-04-04,North,Home & Kitchen,1880146.87,30,62671.56
2025-04-04,North,Sports,1830800.5,36,50855.57
2025-04-04,North,Toys,1693917.02,29,58410.93
2025-04-04,South,Beauty,1562701.3,32,48834.42
2025-04-04,South,Books,2025859.08,36,56273.86
2025-04-04,South,Clothing,1494197.28,26,57469.13
2025-04-04,South,Electronics,1709920.32,33,51815.77
2025-04-04,South,Grocery,1613786.64,34,47464.31
2025-04-04,South,Home & Kitchen,1520399.48,32,47512.48
2025-04-04,South,Sports,1818878.77,33,55117.54
2025-04-04,South,Toys,2191220.29,38,57663.69
2025-04-04,West,Beauty,2092868.98,35,59796.26
2025-04-04,West,Books,1502043.38,25,60081.74
2025-04-04,West,Clothing,2076560.53,33,62926.08
2025-04-04,West,Electronics,1480516.67,28,52875.6
2025-04-04,West,Grocery,1316532.94,23,57240.56
2025-04-04,West,Home & Kitchen,1462820.4,29,50442.08
2025-04-04,West,Sports,1668081.5,29,57520.05
2025-04-04,West,Toys,1215547.67,31,39211.22
2025-04-05,Central,Beauty,1615641.48,27,59838.57
2025-04-05,Central,Books,1230557.07,26,47329.12
2025-04-05,Central,Clothing,1503707.16,28,53703.83
2025-04-05,Central,Electronics,1383006.62,27,51222.47
2025-04-05,Central,Grocery,1483948.95,30,49464.97
2025-04-05,Central,Home & Kitchen,1590203.93,34,46770.7
2025-04-05,Central,Sports,1618269.25,34,47596.15
2025-04-05,Central,Toys,2752650.81,28,98308.96
2025-04-05,East,Beauty,1766149.48,33,53519.68
2025-04-05,East,Books,1504760.91,31,48540.67
2025-04-05,East,Clothing,1256686.01,26,48334.08
2025-04-05,East,Electronics,1367777.2,26,52606.82
2025-04-05,East,Grocery,1901543.26,31,61340.11
2025-04-05,East,Home & Kitchen,1572373.27,31,50721.72
2025-04-05,East,Sports,1002584.46,23,43590.63
2025-04-05,East,Toys,1414209.45,28,50507.48
2025-04-05,North,Beauty,1962712.14,39,50325.95
2025-04-05,North,Books,1168137.28,26,44928.36
2025-04-05,North,Clothing,1030970.54,24,42957.11
2025-04-05,North,Electronics,2514231.53,41,61322.72
2025-04-05,North,Grocery,2134152.57,36,59282.02
2025-04-05,North,Home & Kitchen,1318240.65,32,41195.02
2025-04-05,North,Sports,2599812.3,39,66661.85
2025-04-05,North,Toys,1695721.4,32,52991.29
2025-04-05,South,Beauty,1294762.8,31,41766.54
2025-04-05,South,Books,1547850.58,31,49930.66
2025-04-05,South,Clothing,2169172.77,37,58626.29
2025-04-05,South,Electronics,1151316.63,27,42641.36
2025-04-05,South,Grocery,1945314.1,36,54036.5
2025-04-05,South,Home & Kitchen,1349807.85,28,48207.42
2025-04-05,South,Sports,1627089.68,38,42818.15
2025-04-05,South,Toys,1927385.04,35,55068.14
2025-04-05,West,Beauty,1214266.47,28,43366.66
2025-04-05,West,Books,1827619.83,32,57113.12
2025-04-05,West,Clothing,865894.89,16,54118.43
2025-04-05,West,Electronics,2119204.26,29,73076.01
2025-04-05,West,Grocery,1799344.9,33,54525.6
2025-04-05,West,Home & Kitchen,1550782.9,30,51692.76
2025-04-05,West,Sports,1420192.97,28,50721.18
2025-04-05,West,Toys,2162000.73,34,63588.26
2025-04-06,Central,Beauty,1776307.08,36,49341.86
2025-04-06,Central,Books,2418136.68,39,62003.5
2025-04-06,Central,Clothing,1209532.76,27,44797.51
2025-04-06,Central,Electronics,2050721.33,32,64085.04
2025-04-06,Central,Grocery,1123151.99,29,38729.38
2025-04-06,Central,Home & Kitchen,1424745.0,31,45959.52
2025-04-06,Central,Sports,1567032.48,35,44772.36
2025-04-06,Central,Toys,2031706.59,43,47248.99
2025-04-06,East,Beauty,1334988.49,27,49444.02
2025-04-06,East,Books,1791449.34,31,57788.69
2025-04-06,East,Clothing,1590247.84,37,42979.67
2025-04-06,East,Electronics,1294220.44,24,53925.85
2025-04-06,East,Grocery,1819519.78,31,58694.19
2025-04-06,East,Home & Kitchen,2300986.84,34,67676.08
2025-04-06,East,Sports,2125017.67,28,75893.49
2025-04-06,East,Toys,1776957.19,37,48025.87
2025-04-06,North,Beauty,1454909.36,35,41568.84
2025-04-06,North,Books,2489589.98,38,65515.53
2025-04-06,North,Clothing,1525297.47,26,58665.29
2025-04-06,North,Electronics,1983782.57,39,50866.22
2025-04-06,North,Grocery,2420295.35,42,57626.08
2025-04-06,North,Home & Kitchen,1594625.43,36,44295.15
2025-04-06,North,Sports,1554094.32,30,51803.14
2025-04-06,North,Toys,1773564.08,33,53744.37
2025-04-06,South,Beauty,2097091.63,37,56678.15
2025-04-06,South,Books,1014453.14,25,40578.13
2025-04-06,South,Clothing,920278.0,17,54134.0
2025-04-06,South,Electronics,1397569.46,27,51761.83
2025-04-06,South,Grocery,1614378.88,29,55668.24
2025-04-06,South,Home & Kitchen,1775253.84,27,65750.14
2025-04-06,South,Sports,1281248.53,32,40039.02
2025-04-06,South,Toys,1090676.92,27,40395.44
2025-04-06,West,Beauty,1726461.09,33,52317.0
2025-04-06,West,Books,1440514.39,30,48017.15
2025-04-06,West,Clothing,966154.32,19,50850.23
2025-04-06,West,Electronics,1334276.78,31,43041.19
2025-04-06,West,Grocery,1551664.17,33,47020.13
2025-04-06,West,Home & Kitchen,1367834.27,31,44123.69
2025-04-06,West,Sports,1659661.53,27,61468.95
2025-04-06,West,Toys,1468022.45,34,43177.13
2025-04-07,Central,Beauty,2076351.26,33,62919.74
2025-04-07,Central,Books,1325813.01,21,63133.95
2025-04-07,Central,Clothing,889719.55,23,38683.46
2025-04-07,Central,Electronics,1377380.38,32,43043.14
2025-04-07,Central,Grocery,2229821.16,34,65582.98
2025-04-07,Central,Home & Kitchen,1888301.61,33,57221.26
2025-04-07,Central,Sports,1751929.0,34,51527.32
2025-04-07,Central,Toys,1638815.96,31,52865.03
2025-04-07,East,Beauty,1579200.14,34,46447.06
2025-04-07,East,Books,1271272.38,30,42375.75
2025-04-07,East,Clothing,1719357.57,32,53729.92
2025-04-07,East,Electronics,1781490.81,33,53984.57
2025-04-07,East,Grocery,1788658.43,36,49684.96
2025-04-07,East,Home & Kitchen,2234917.74,42,53212.33
2025-04-07,East,Sports,1541029.34,29,53138.94
2025-04-07,East,Toys,1913385.44,32,59793.3
2025-04-07,North,Beauty,1582708.94,32,49459.65
2025-04-07,North,Books,1473879.36,23,64081.71
2025-04-07,North,Clothing,904088.98,17,53181.7
2025-04-07,North,Electronics,1785902.61,27,66144.54
2025-04-07,North,Grocery,1038700.33,22,47213.65
2025-04-07,North,Home & Kitchen,1689123.88,31,54487.87
2025-04-07,North,Sports,1141609.08,24,47567.05
2025-04-07,North,Toys,1379654.3,24,57485.6
2025-04-07,South,Beauty,2085274.07,32,65164.81
2025-04-07,South,Books,1754575.32,30,58485.84
2025-04-07,South,Clothing,2036343.9,35,58181.25
2025-04-07,South,Electronics,1839561.96,35,52558.91
2025-04-07,South,Grocery,2252852.91,33,68268.27
2025-04-07,South,Home & Kitchen,1843415.9,32,57606.75
2025-04-07,South,Sports,2076873.7,28,74174.06
2025-04-07,South,Toys,1590565.89,34,46781.35
2025-04-07,West,Beauty,1227627.85,27,45467.7
2025-04-07,West,Books,1911141.63,31,61649.73
2025-04-07,West,Clothing,1601640.26,30,53388.01
2025-04-07,West,Electronics,1131006.83,21,53857.47
2025-04-07,West,Grocery,1472246.11,26,56624.85
2025-04-07,West,Home & Kitchen,1533261.43,27,56787.46
2025-04-07,West,Sports,1660689.82,29,57265.17
2025-04-07,West,Toys,1646240.32,32,51445.01
2025-04-08,Central,Beauty,1337893.28,18,74327.4
2025-04-08,Central,Books,1273604.95,20,63680.25
2025-04-08,Central,Clothing,691619.63,17,40683.51
2025-04-08,Central,Electronics,765510.5,19,40290.03
2025-04-08,Central,Grocery,814393.58,14,58170.97
2025-04-08,Central,Home & Kitchen,797640.74,19,41981.09
2025-04-08,Central,Sports,1120609.57,19,58979.45
2025-04-08,Central,Toys,1061545.72,24,44231.07
2025-04-08,East,Beauty,1444647.3,28,51594.55
2025-04-08,East,Books,1603036.09,30,53434.54
2025-04-08,East,Clothing,1398788.22,30,46626.27
2025-04-08,East,Electronics,2282297.3,30,76076.58
2025-04-08,East,Grocery,1697749.3,32,53054.67
2025-04-08,East,Home & Kitchen,1312469.16,29,45257.56
2025-04-08,East,Sports,1121863.93,25,44874.56
2025-04-08,East,Toys,1505244.67,33,45613.47
2025-04-08,North,Beauty,972801.55,25,38912.06
2025-04-08,North,Books,1468741.39,25,58749.66
2025-04-08,North,Clothing,1250451.28,27,46313.01
2025-04-08,North,Electronics,1890993.22,29,65206.66
2025-04-08,North,Grocery,1443000.27,31,46548.4
2025-04-08,North,Home & Kitchen,1104869.36,22,50221.33
2025-04-08,North,Sports,1033102.18,25,41324.09
2025-04-08,North,Toys,1251880.83,22,56903.67
2025-04-08,South,Beauty,1711088.99,27,63373.67
2025-04-08,South,Books,1612266.72,31,52008.6
2025-04-08,South,Clothing,1046470.42,29,36085.19
2025-04-08,South,Electronics,1264773.2,27,46843.45
2025-04-08,South,Grocery,1464715.3,25,58588.61
2025-04-08,South,Home & Kitchen,857165.35,23,37268.06
2025-04-08,South,Sports,1518438.49,28,54229.95
2025-04-08,South,Toys,1491255.6,31,48105.02
2025-04-08,West,Beauty,1423104.56,25,56924.18
2025-04-08,West,Books,2087109.3,36,57975.26
2025-04-08,West,Clothing,1590383.21,29,54840.8
2025-04-08,West,Electronics,1199088.54,23,52134.28
2025-04-08,West,Grocery,1934383.69,37,52280.64
2025-04-08,West,Home & Kitchen,1250721.49,32,39085.05
2025-04-08,West,Sports,1214432.34,28,43372.58
2025-04-08,West,Toys,2513038.35,40,62825.96
2025-04-09,Central,Beauty,1436401.62,31,46335.54
2025-04-09,Central,Books,1895129.63,34,55739.11
2025-04-09,Central,Clothing,1658070.19,28,59216.79
2025-04-09,Central,Electronics,2129457.4,29,73429.57
2025-04-09,Central,Grocery,1310880.9,34,38555.32
2025-04-09,Central,Home & Kitchen,2149611.3,36,59711.42
2025-04-09,Central,Sports,1798551.89,35,51387.2
2025-04-09,Central,Toys,2155770.99,35,61593.46
2025-04-09,East,Beauty,1284191.57,29,44282.47
2025-04-09,East,Books,865580.79,21,41218.13
2025-04-09,East,Clothing,1469152.15,26,56505.85
2025-04-09,East,Electronics,1519942.85,26,58459.34
2025-04-09,East,Grocery,2008165.66,29,69247.09
2025-04-09,East,Home & Kitchen,1810036.0,29,62415.03
2025-04-09,East,Sports,1511179.65,30,50372.66
2025-04-09,East,Toys,1625432.78,33,49255.54
2025-04-09,North,Beauty,1149163.5,28,41041.55
2025-04-09,North,Books,1062556.82,23,46198.12
2025-04-09,North,Clothing,1014563.86,23,44111.47
2025-04-09,North,Electronics,1582137.51,26,60851.44
2025-04-09,North,Grocery,1906665.52,26,73333.29
2025-04-09,North,Home & Kitchen,1419769.3,26,54606.51
2025-04-09,North,Sports,1130067.63,24,47086.15
2025-04-09,North,Toys,1639351.79,31,52882.32
2025-04-09,South,Beauty,1801912.35,35,51483.21
2025-04-09,South,Books,2626620.75,44,59695.93
2025-04-09,South,Clothing,1596909.49,33,48391.2
2025-04-09,South,Electronics,2323979.64,35,66399.42
2025-04-09,South,Grocery,1997462.29,31,64434.27
2025-04-09,South,Home & Kitchen,1825980.3,36,50721.68
2025-04-09,South,Sports,1874072.88,29,64623.2
2025-04-09,South,Toys,1594290.17,30,53143.01
2025-04-09,West,Beauty,2412422.27,39,61856.98
2025-04-09,West,Books,1646425.84,34,48424.29
2025-04-09,West,Clothing,1656165.43,31,53424.69
2025-04-09,West,Electronics,1942018.0,33,58849.03
2025-04-09,West,Grocery,1635184.18,34,48093.65
2025-04-09,West,Home & Kitchen,1580036.25,29,54484.01
2025-04-09,West,Sports,2498476.09,38,65749.37
2025-04-09,West,Toys,2354045.05,36,65390.14
2025-04-10,Central,Beauty,1713776.77,33,51932.63
2025-04-10,Central,Books,2188210.58,36,60783.63
2025-04-10,Central,Clothing,1828648.78,36,50795.8
2025-04-10,Central,Electronics,1127481.93,26,43364.69
2025-04-10,Central,Grocery,2384083.68,42,56763.9
2025-04-10,Central,Home & Kitchen,2506398.27,44,56963.6
2025-04-10,Central,Sports,1857044.31,45,41267.65
2025-04-10,Central,Toys,1792611.04,31,57826.16
2025-04-10,East,Beauty,1441457.32,31,46498.62
2025-04-10,East,Books,1973680.88,43,45899.56
2025-04-10,East,Clothing,1111110.53,28,39682.52
2025-04-10,East,Electronics,1653140.11,29,57004.83
2025-04-10,East,Grocery,2070825.15,33,62752.28
2025-04-10,East,Home & Kitchen,1924432.84,32,60138.53
2025-04-10,East,Sports,1628736.98,36,45242.69
2025-04-10,East,Toys,1820317.49,35,52009.07
2025-04-10,North,Beauty,1898283.16,35,54236.66
2025-04-10,North,Books,1609622.96,37,43503.32
2025-04-10,North,Clothing,1626206.41,28,58078.8
2025-04-10,North,Electronics,2271427.63,31,73271.86
2025-04-10,North,Grocery,2003311.22,31,64622.94
2025-04-10,North,Home & Kitchen,1560673.4,33,47293.13
2025-04-10,North,Sports,1835521.63,36,50986.71
2025-04-10,North,Toys,2736827.03,38,72021.76
2025-04-10,South,Beauty,1279264.82,20,63963.24
2025-04-10,South,Books,1150142.76,27,42597.88
2025-04-10,South,Clothing,662019.17,12,55168.26
2025-04-10,South,Electronics,1032075.29,21,49146.44
2025-04-10,South,Grocery,2131306.83,33,64585.06
2025-04-10,South,Home & Kitchen,1746288.77,29,60216.85
2025-04-10,South,Sports,1469895.0,31,47415.97
2025-04-10,South,Toys,1720948.8,30,57364.96
2025-04-10,West,Beauty,1278409.23,26,49169.59
2025-04-10,West,Books,1255284.0,24,52303.5
2025-04-10,West,Clothing,1111738.4,21,52939.92
2025-04-10,West,Electronics,911197.75,21,43390.37
2025-04-10,West,Grocery,1096910.07,25,43876.4
2025-04-10,West,Home & Kitchen,757023.01,17,44530.77
2025-04-10,West,Sports,1276695.19,27,47285.01
2025-04-10,West,Toys,1093365.83,24,45556.91
2025-04-11,Central,Beauty,1899124.51,36,52753.46
2025-04-11,Central,Books,1874454.96,31,60466.29
2025-04-11,Central,Clothing,1638915.38,41,39973.55
2025-04-11,Central,Electronics,1431428.0,35,40897.94
2025-04-11,Central,Grocery,1596298.36,31,51493.5
2025-04-11,Central,Home & Kitchen,1163034.42,23,50566.71
2025-04-11,Central,Sports,1198833.06,23,52123.18
2025-04-11,Central,Toys,1274319.72,30,42477.32
2025-04-11,East,Beauty,1552611.5,31,50084.24
2025-04-11,East,Books,1445692.44,29,49851.46
2025-04-11,East,Clothing,1299708.31,27,48137.34
2025-04-11,East,Electronics,1335858.99,21,63612.33
2025-04-11,East,Grocery,1589019.99,29,54793.79
2025-04-11,East,Home & Kitchen,1219084.5,25,48763.38
2025-04-11,East,Sports,1111669.25,31,35860.3
2025-04-11,East,Toys,1581415.61,24,65892.32
2025-04-11,North,Beauty,1219495.31,28,43553.4
2025-04-11,North,Books,1507504.25,26,57980.93
2025-04-11,North,Clothing,1293315.85,27,47900.59
2025-04-11,North,Electronics,1019593.2,18,56644.07
2025-04-11,North,Grocery,1098340.02,29,37873.79
2025-04-11,North,Home & Kitchen,1577875.94,27,58439.85
2025-04-11,North,Sports,1570873.38,28,56102.62
2025-04-11,North,Toys,1565355.9,32,48917.37
2025-04-11,South,Beauty,1412576.65,21,67265.55
2025-04-11,South,Books,1938571.01,32,60580.34
2025-04-11,South,Clothing,1766431.78,23,76801.38
2025-04-11,South,Electronics,1619701.76,24,67487.57
2025-04-11,South,Grocery,1675532.44,35,47872.36
2025-04-11,South,Home & Kitchen,1171668.82,27,43395.14
2025-04-11,South,Sports,1007824.81,26,38762.49
2025-04-11,South,Toys,1872976.93,35,53513.63
2025-04-11,West,Beauty,1608992.63,30,53633.09
2025-04-11,West,Books,1477726.39,30,49257.55
2025-04-11,West,Clothing,1117945.19,26,42997.89
2025-04-11,West,Electronics,1604604.84,28,57307.32
2025-04-11,West,Grocery,1506406.98,31,48593.77
2025-04-11,West,Home & Kitchen,1725032.61,31,55646.21
2025-04-11,West,Sports,1802772.32,28,64384.73
2025-04-11,West,Toys,1871503.25,32,58484.48
2025-04-12,Central,Beauty,1816556.35,34,53428.13
2025-04-12,Central,Books,1198025.34,26,46077.9
2025-04-12,Central,Clothing,911086.18,17,53593.3
2025-04-12,Central,Electronics,1714986.66,31,55322.15
2025-04-12,Central,Grocery,1480852.06,34,43554.47
2025-04-12,Central,Home & Kitchen,1971234.48,31,63588.21
2025-04-12,Central,Sports,786326.89,20,39316.34
2025-04-12,Central,Toys,1580255.44,31,50975.98
2025-04-12,East,Beauty,1167932.85,22,53087.86
2025-04-12,East,Books,1148074.24,22,52185.19
2025-04-12,East,Clothing,894757.26,24,37281.55
2025-04-12,East,Electronics,1179213.63,24,49133.9
2025-04-12,East,Grocery,1747794.52,29,60268.78
2025-04-12,East,Home & Kitchen,1333055.3,27,49372.42
2025-04-12,East,Sports,1268609.67,28,45307.49
2025-04-12,East,Toys,1381859.75,21,65802.85
2025-04-12,North,Beauty,1525878.84,30,50862.63
2025-04-12,North,Books,1849511.93,34,54397.41
2025-04-12,North,Clothing,1814108.76,28,64789.6
2025-04-12,North,Electronics,1635875.75,25,65435.03
2025-04-12,North,Grocery,1974847.27,37,53374.25
2025-04-12,North,Home & Kitchen,1407759.75,26,54144.61
2025-04-12,North,Sports,1498959.01,32,46842.47
2025-04-12,North,Toys,1333832.2,31,43026.85
2025-04-12,South,Beauty,1646215.7,29,56766.06
2025-04-12,South,Books,1537137.99,25,61485.52
2025-04-12,South,Clothing,999984.92,25,39999.4
2025-04-12,South,Electronics,1459001.83,22,66318.27
2025-04-12,South,Grocery,1426614.66,27,52837.58
2025-04-12,South,Home & Kitchen,1030704.2,23,44813.23
2025-04-12,South,Sports,1753539.59,33,53137.56
2025-04-12,South,Toys,1414311.37,20,70715.57
2025-04-12,West,Beauty,1946653.7,38,51227.73
2025-04-12,West,Books,1304731.75,22,59305.99
2025-04-12,West,Clothing,1949908.39,34,57350.25
2025-04-12,West,Electronics,699386.41,21,33304.11
2025-04-12,West,Grocery,2179479.86,34,64102.35
2025-04-12,West,Home & Kitchen,958867.12,20,47943.36
2025-04-12,West,Sports,1559371.39,28,55691.84
2025-04-12,West,Toys,1220682.9,25,48827.32
2025-04-13,Central,Beauty,695691.31,24,28987.14
2025-04-13,Central,Books,1227316.85,26,47204.49
2025-04-13,Central,Clothing,1305265.68,24,54386.07
2025-04-13,Central,Electronics,965645.81,19,50823.46
2025-04-13,Central,Grocery,949701.88,21,45223.9
2025-04-13,Central,Home & Kitchen,911009.5,21,43381.4
2025-04-13,Central,Sports,1106351.31,23,48102.23
2025-04-13,Central,Toys,1379941.39,30,45998.05
2025-04-13,East,Beauty,1558978.42,31,50289.63
2025-04-13,East,Books,1406390.43,30,46879.68
2025-04-13,East,Clothing,1550844.41,26,59647.86
2025-04-13,East,Electronics,1302712.31,23,56639.67
2025-04-13,East,Grocery,1391692.25,26,53526.63
2025-04-13,East,Home & Kitchen,1301694.01,27,48210.89
2025-04-13,East,Sports,1667547.23,33,50531.73
2025-04-13,East,Toys,2097788.04,32,65555.88
2025-04-13,North,Beauty,1441411.28,25,57656.45
2025-04-13,North,Books,1549915.16,27,57404.27
2025-04-13,North,Clothing,1182214.93,33,35824.69
2025-04-13,North,Electronics,1520560.59,30,50685.35
2025-04-13,North,Grocery,2008036.25,33,60849.58
2025-04-13,North,Home & Kitchen,1364557.22,26,52482.97
2025-04-13,North,Sports,1402723.62,27,51952.73
2025-04-13,North,Toys,1311574.48,24,54648.94
2025-04-13,South,Beauty,2086957.38,32,65217.42
2025-04-13,South,Books,2314018.66,45,51422.64
2025-04-13,South,Clothing,1676405.64,30,55880.19
2025-04-13,South,Electronics,1833082.3,37,49542.76
2025-04-13,South,Grocery,1616758.87,29,55750.31
2025-04-13,South,Home & Kitchen,2119462.98,36,58873.97
2025-04-13,South,Sports,2026808.64,28,72386.02
2025-04-13,South,Toys,2356693.35,41,57480.33
2025-04-13,West,Beauty,1263906.12,35,36111.6
2025-04-13,West,Books,1601562.47,29,55226.29
2025-04-13,West,Clothing,1418182.24,29,48902.84
2025-04-13,West,Electronics,1600698.22,30,53356.61
2025-04-13,West,Grocery,1721091.51,32,53784.11
2025-04-13,West,Home & Kitchen,1710949.88,30,57031.66
2025-04-13,West,Sports,1799410.26,33,54527.58
2025-04-13,West,Toys,1679736.08,36,46659.34
2025-04-14,Central,Beauty,1406787.01,30,46892.9
2025-04-14,Central,Books,1436607.76,29,49538.2
2025-04-14,Central,Clothing,1582411.19,32,49450.35
2025-04-14,Central,Electronics,692445.49,18,38469.19
2025-04-14,Central,Grocery,1176132.53,25,47045.3
2025-04-14,Central,Home & Kitchen,1612260.07,27,59713.34
2025-04-14,Central,Sports,1575279.03,30,52509.3
2025-04-14,Central,Toys,994486.02,26,38249.46
2025-04-14,East,Beauty,1376604.65,31,44406.6
2025-04-14,East,Books,1675590.15,35,47874.0
2025-04-14,East,Clothing,1795929.57,33,54422.11
2025-04-14,East,Electronics,2040411.82,33,61830.66
2025-04-14,East,Grocery,1295338.01,25,51813.52
2025-04-14,East,Home & Kitchen,1793555.1,28,64055.54
2025-04-14,East,Sports,1903783.8,35,54393.82
2025-04-14,East,Toys,1151684.33,28,41131.58
2025-04-14,North,Beauty,2322798.38,37,62778.33
2025-04-14,North,Books,1221252.93,26,46971.27
2025-04-14,North,Clothing,2156688.65,37,58288.88
2025-04-14,North,Electronics,1905158.01,34,56034.06
2025-04-14,North,Grocery,1060420.19,24,44184.17
2025-04-14,North,Home & Kitchen,1206121.58,27,44671.17
2025-04-14,North,Sports,1821313.75,35,52037.54
2025-04-14,North,Toys,1709478.64,30,56982.62
2025-04-14,South,Beauty,1123687.95,24,46820.33
2025-04-14,South,Books,1136874.0,21,54136.86
2025-04-14,South,Clothing,1199158.38,19,63113.6
2025-04-14,South,Electronics,1515553.04,26,58290.5
2025-04-14,South,Grocery,1036055.16,24,43168.97
2025-04-14,South,Home & Kitchen,1598077.38,29,55106.12
2025-04-14,South,Sports,1023163.36,21,48722.06
2025-04-14,South,Toys,1320494.21,24,55020.59
2025-04-14,West,Beauty,1702771.48,32,53211.61
2025-04-14,West,Books,2794273.16,36,77618.7
2025-04-14,West,Clothing,1574219.67,31,50781.28
2025-04-14,West,Electronics,1907689.87,28,68131.78
2025-04-14,West,Grocery,2348400.35,45,52186.67
2025-04-14,West,Home & Kitchen,1924133.22,28,68719.04
2025-04-14,West,Sports,1920580.19,38,50541.58
2025-04-14,West,Toys,1833627.9,36,50934.11
2025-04-15,Central,Beauty,1439544.23,27,53316.45
2025-04-15,Central,Books,924733.53,23,40205.81
2025-04-15,Central,Clothing,1145868.24,25,45834.73
2025-04-15,Central,Electronics,2224900.02,33,67421.21
2025-04-15,Central,Grocery,1375201.53,25,55008.06
2025-04-15,Central,Home & Kitchen,1000245.67,24,41676.9
2025-04-15,Central,Sports,1667234.85,27,61749.44
2025-04-15,Central,Toys,1174738.88,25,46989.56
2025-04-15,East,Beauty,1577604.26,30,52586.81
2025-04-15,East,Books,2121773.35,40,53044.33
2025-04-15,East,Clothing,1659682.48,31,53538.14
2025-04-15,East,Electronics,1968116.79,34,57885.79
2025-04-15,East,Grocery,1995547.17,36,55431.87
2025-04-15,East,Home & Kitchen,1496029.97,30,49867.67
2025-04-15,East,Sports,2873005.21,46,62456.64
2025-04-15,East,Toys,1135862.8,37,30698.99
2025-04-15,North,Beauty,2149697.67,39,55120.45
2025-04-15,North,Books,1817626.56,26,69908.71
2025-04-15,North,Clothing,1420292.38,25,56811.7
2025-04-15,North,Electronics,1517571.81,27,56206.36
2025-04-15,North,Grocery,1792979.77,35,51227.99
2025-04-15,North,Home & Kitchen,1043061.29,29,35967.63
2025-04-15,North,Sports,1562456.7,33,47347.17
2025-04-15,North,Toys,1785896.61,36,49608.24
2025-04-15,South,Beauty,2050807.69,30,68360.26
2025-04-15,South,Books,1639061.55,24,68294.23
2025-04-15,South,Clothing,1501027.39,22,68228.52
2025-04-15,South,Electronics,1053141.9,24,43880.91
2025-04-15,South,Grocery,1495192.38,29,51558.36
2025-04-15,South,Home & Kitchen,1575492.57,28,56267.59
2025-04-15,South,Sports,1180009.99,25,47200.4
2025-04-15,South,Toys,1327288.68,25,53091.55
2025-04-15,West,Beauty,2459013.61,43,57186.36
2025-04-15,West,Books,1650435.4,31,53239.85
2025-04-15,West,Clothing,1360832.47,31,43897.82
2025-04-15,West,Electronics,2193625.87,35,62675.02
2025-04-15,West,Grocery,2507829.93,37,67779.19
2025-04-15,West,Home & Kitchen,1301227.46,23,56575.11
2025-04-15,West,Sports,1680920.45,37,45430.28
2025-04-15,West,Toys,2419503.4,40,60487.59
2025-04-16,Central,Beauty,1269241.53,23,55184.41
2025-04-16,Central,Books,1707185.52,33,51732.89
2025-04-16,Central,Clothing,1564489.28,25,62579.57
2025-04-16,Central,Electronics,928594.37,21,44218.78
2025-04-16,Central,Grocery,2057072.45,37,55596.55
2025-04-16,Central,Home & Kitchen,1674711.03,33,50748.82
2025-04-16,Central,Sports,1636219.85,31,52781.29
2025-04-16,Central,Toys,1068880.63,33,32390.32
2025-04-16,East,Beauty,1483051.77,28,52966.13
2025-04-16,East,Books,1460687.09,20,73034.35
2025-04-16,East,Clothing,1634894.44,24,68120.6
2025-04-16,East,Electronics,1590540.5,34,46780.6
2025-04-16,East,Grocery,1554747.38,27,57583.24
2025-04-16,East,Home & Kitchen,1125784.67,26,43299.41
2025-04-16,East,Sports,1878066.81,27,69558.03
2025-04-16,East,Toys,1612928.76,27,59738.1
2025-04-16,North,Beauty,1590238.88,27,58897.74
2025-04-16,North,Books,1656141.21,32,51754.41
2025-04-16,North,Clothing,873704.3,21,41604.97
2025-04-16,North,Electronics,1573496.34,31,50757.95
2025-04-16,North,Grocery,854695.26,21,40699.77
2025-04-16,North,Home & Kitchen,1125811.77,21,53610.08
2025-04-16,North,Sports,1205600.35,24,50233.35
2025-04-16,North,Toys,989360.14,21,47112.39
2025-04-16,South,Beauty,1162716.24,22,52850.74
2025-04-16,South,Books,1256620.68,25,50264.83
2025-04-16,South,Clothing,711016.2,20,35550.81
2025-04-16,South,Electronics,1484948.34,25,59397.93
2025-04-16,South,Grocery,1340874.99,21,63851.19
2025-04-16,South,Home & Kitchen,851158.19,16,53197.39
2025-04-16,South,Sports,907031.61,19,47738.51
2025-04-16,South,Toys,1152427.23,23,50105.53
2025-04-16,West,Beauty,1504652.51,25,60186.1
2025-04-16,West,Books,1991692.34,41,48577.86
2025-04-16,West,Clothing,1983350.4,35,56667.15
2025-04-16,West,Electronics,2314684.72,34,68078.96
2025-04-16,West,Grocery,1934879.31,36,53746.65
2025-04-16,West,Home & Kitchen,1645959.76,30,54865.33
2025-04-16,West,Sports,1687187.52,36,46866.32
2025-04-16,West,Toys,1361416.35,33,41255.04
