date,warehouse_id,region,total_orders,delivered_orders,cancelled_orders,shipped_orders,delivery_rate_pct,cancellation_rate_pct,shipment_rate_pct
2025-01-01,WH-BLR,Central,17,3,6,4,17.65,35.29,23.53
2025-01-01,WH-BLR,East,20,6,2,4,30.0,10.0,20.0
2025-01-01,WH-BLR,North,32,8,7,5,25.0,21.88,15.63
2025-01-01,WH-BLR,South,20,2,3,3,10.0,15.0,15.0
2025-01-01,WH-BLR,West,16,0,2,5,0.0,12.5,31.25
2025-01-01,WH-CHE,Central,23,5,6,3,21.74,26.09,13.04
2025-01-01,WH-CHE,East,17,7,2,2,41.18,11.76,11.76
2025-01-01,WH-CHE,North,15,5,4,1,33.33,26.67,6.67
2025-01-01,WH-CHE,South,15,3,3,3,20.0,20.0,20.0
2025-01-01,WH-CHE,West,20,5,5,1,25.0,25.0,5.0
2025-01-01,WH-DEL,Central,18,4,2,3,22.22,11.11,16.67
2025-01-01,WH-DEL,East,20,4,3,5,20.0,15.0,25.0
2025-01-01,WH-DEL,North,12,0,6,5,0.0,50.0,41.67
2025-01-01,WH-DEL,South,20,3,5,4,15.0,25.0,20.0
2025-01-01,WH-DEL,West,28,6,4,8,21.43,14.29,28.57
2025-01-01,WH-HYD,Central,23,4,4,7,17.39,17.39,30.43
2025-01-01,WH-HYD,East,17,4,2,8,23.53,11.76,47.06
2025-01-01,WH-HYD,North,15,2,3,3,13.33,20.0,20.0
2025-01-01,WH-HYD,South,15,5,3,1,33.33,20.0,6.67
2025-01-01,WH-HYD,West,22,5,6,4,22.73,27.27,18.18
2025-01-01,WH-MUM,Central,30,3,6,4,10.0,20.0,13.33
2025-01-01,WH-MUM,East,20,4,6,3,20.0,30.0,15.0
2025-01-01,WH-MUM,North,13,1,5,2,7.69,38.46,15.38
2025-01-01,WH-MUM,South,22,4,5,6,18.18,22.73,27.27
2025-01-01,WH-MUM,West,23,5,7,3,21.74,30.43,13.04
2025-01-02,WH-BLR,Central,19,5,3,2,26.32,15.79,10.53
2025-01-02,WH-BLR,East,21,3,2,4,14.29,9.52,19.05
2025-01-02,WH-BLR,North,21,4,6,5,19.05,28.57,23.81
2025-01-02,WH-BLR,South,18,1,7,2,5.56,38.89,11.11
2025-01-02,WH-BLR,West,16,1,6,1,6.25,37.5,6.25
2025-01-02,WH-CHE,Central,18,4,4,3,22.22,22.22,16.67
2025-01-02,WH-CHE,East,20,3,4,5,15.0,20.0,25.0
2025-01-02,WH-CHE,North,19,7,5,0,36.84,26.32,0.0
2025-01-02,WH-CHE,South,15,2,6,4,13.33,40.0,26.67
2025-01-02,WH-CHE,West,24,1,9,4,4.17,37.5,16.67
2025-01-02,WH-DEL,Central,23,4,5,7,17.39,21.74,30.43
2025-01-02,WH-DEL,East,17,2,3,3,11.76,17.65,17.65
2025-01-02,WH-DEL,North,16,8,2,1,50.0,12.5,6.25
2025-01-02,WH-DEL,South,20,4,3,3,20.0,15.0,15.0
2025-01-02,WH-DEL,West,14,1,3,8,7.14,21.43,57.14
2025-01-02,WH-HYD,Central,20,1,5,4,5.0,25.0,20.0
2025-01-02,WH-HYD,East,25,9,7,7,36.0,28.0,28.0
2025-01-02,WH-HYD,North,16,1,2,4,6.25,12.5,25.0
2025-01-02,WH-HYD,South,18,2,4,5,11.11,22.22,27.78
2025-01-02,WH-HYD,West,25,4,6,3,16.0,24.0,12.0
2025-01-02,WH-MUM,Central,14,3,2,6,21.43,14.29,42.86
2025-01-02,WH-MUM,East,14,4,2,4,28.57,14.29,28.57
2025-01-02,WH-MUM,North,24,4,3,8,16.67,12.5,33.33
2025-01-02,WH-MUM,South,21,4,4,4,19.05,19.05,19.05
2025-01-02,WH-MUM,West,19,0,5,6,0.0,26.32,31.58
2025-01-03,WH-BLR,Central,22,3,4,1,13.64,18.18,4.55
2025-01-03,WH-BLR,East,25,5,5,6,20.0,20.0,24.0
2025-01-03,WH-BLR,North,18,4,5,1,22.22,27.78,5.56
2025-01-03,WH-BLR,South,16,2,3,3,12.5,18.75,18.75
2025-01-03,WH-BLR,West,18,6,2,6,33.33,11.11,33.33
2025-01-03,WH-CHE,Central,15,3,3,3,20.0,20.0,20.0
2025-01-03,WH-CHE,East,17,5,3,4,29.41,17.65,23.53
2025-01-03,WH-CHE,North,17,2,6,3,11.76,35.29,17.65
2025-01-03,WH-CHE,South,20,3,5,4,15.0,25.0,20.0
2025-01-03,WH-CHE,West,16,3,4,3,18.75,25.0,18.75
2025-01-03,WH-DEL,Central,17,1,5,4,5.88,29.41,23.53
2025-01-03,WH-DEL,East,19,1,3,9,5.26,15.79,47.37
2025-01-03,WH-DEL,North,16,6,2,2,37.5,12.5,12.5
2025-01-03,WH-DEL,South,16,4,2,1,25.0,12.5,6.25
2025-01-03,WH-DEL,West,18,3,5,3,16.67,27.78,16.67
2025-01-03,WH-HYD,Central,22,7,6,5,31.82,27.27,22.73
2025-01-03,WH-HYD,East,17,2,5,4,11.76,29.41,23.53
2025-01-03,WH-HYD,North,20,7,4,2,35.0,20.0,10.0
2025-01-03,WH-HYD,South,21,7,1,6,33.33,4.76,28.57
2025-01-03,WH-HYD,West,14,3,4,3,21.43,28.57,21.43
2025-01-03,WH-MUM,Central,18,2,4,5,11.11,22.22,27.78
2025-01-03,WH-MUM,East,24,5,4,7,20.83,16.67,29.17
2025-01-03,WH-MUM,North,17,5,4,3,29.41,23.53,17.65
2025-01-03,WH-MUM,South,17,0,5,4,0.0,29.41,23.53
2025-01-03,WH-MUM,West,11,5,2,2,45.45,18.18,18.18
2025-01-04,WH-BLR,Central,16,2,3,9,12.5,18.75,56.25
2025-01-04,WH-BLR,East,24,3,8,6,12.5,33.33,25.0
2025-01-04,WH-BLR,North,24,2,5,8,8.33,20.83,33.33
2025-01-04,WH-BLR,South,16,5,1,3,31.25,6.25,18.75
2025-01-04,WH-BLR,West,25,4,6,6,16.0,24.0,24.0
2025-01-04,WH-CHE,Central,22,3,5,7,13.64,22.73,31.82
2025-01-04,WH-CHE,East,23,5,3,4,21.74,13.04,17.39
2025-01-04,WH-CHE,North,18,5,2,4,27.78,11.11,22.22
2025-01-04,WH-CHE,South,18,3,3,7,16.67,16.67,38.89
2025-01-04,WH-CHE,West,19,8,2,5,42.11,10.53,26.32
2025-01-04,WH-DEL,Central,20,2,4,3,10.0,20.0,15.0
2025-01-04,WH-DEL,East,26,4,3,8,15.38,11.54,30.77
2025-01-04,WH-DEL,North,22,2,11,4,9.09,50.0,18.18
2025-01-04,WH-DEL,South,11,3,2,2,27.27,18.18,18.18
2025-01-04,WH-DEL,West,15,4,3,2,26.67,20.0,13.33
2025-01-04,WH-HYD,Central,16,2,2,3,12.5,12.5,18.75
2025-01-04,WH-HYD,East,20,2,4,5,10.0,20.0,25.0
2025-01-04,WH-HYD,North,17,5,2,4,29.41,11.76,23.53
2025-01-04,WH-HYD,South,21,7,3,3,33.33,14.29,14.29
2025-01-04,WH-HYD,West,27,4,7,7,14.81,25.93,25.93
2025-01-04,WH-MUM,Central,21,4,2,4,19.05,9.52,19.05
2025-01-04,WH-MUM,East,20,2,5,4,10.0,25.0,20.0
2025-01-04,WH-MUM,North,16,6,1,3,37.5,6.25,18.75
2025-01-04,WH-MUM,South,15,2,6,0,13.33,40.0,0.0
2025-01-04,WH-MUM,West,24,8,3,2,33.33,12.5,8.33
2025-01-05,WH-BLR,Central,19,4,5,3,21.05,26.32,15.79
2025-01-05,WH-BLR,East,16,5,2,2,31.25,12.5,12.5
2025-01-05,WH-BLR,North,20,6,1,6,30.0,5.0,30.0
2025-01-05,WH-BLR,South,21,5,4,2,23.81,19.05,9.52
2025-01-05,WH-BLR,West,22,3,8,5,13.64,36.36,22.73
2025-01-05,WH-CHE,Central,22,2,6,5,9.09,27.27,22.73
2025-01-05,WH-CHE,East,17,0,5,5,0.0,29.41,29.41
2025-01-05,WH-CHE,North,24,4,3,9,16.67,12.5,37.5
2025-01-05,WH-CHE,South,21,4,7,3,19.05,33.33,14.29
2025-01-05,WH-CHE,West,20,5,4,6,25.0,20.0,30.0
2025-01-05,WH-DEL,Central,12,2,1,4,16.67,8.33,33.33
2025-01-05,WH-DEL,East,26,5,6,4,19.23,23.08,15.38
2025-01-05,WH-DEL,North,17,3,5,4,17.65,29.41,23.53
2025-01-05,WH-DEL,South,19,3,6,3,15.79,31.58,15.79
2025-01-05,WH-DEL,West,14,1,3,4,7.14,21.43,28.57
2025-01-05,WH-HYD,Central,24,3,4,1,12.5,16.67,4.17
2025-01-05,WH-HYD,East,16,3,4,3,18.75,25.0,18.75
2025-01-05,WH-HYD,North,13,4,3,3,30.77,23.08,23.08
2025-01-05,WH-HYD,South,16,2,4,0,12.5,25.0,0.0
2025-01-05,WH-HYD,West,14,4,2,3,28.57,14.29,21.43
2025-01-05,WH-MUM,Central,24,5,6,4,20.83,25.0,16.67
2025-01-05,WH-MUM,East,18,7,4,2,38.89,22.22,11.11
2025-01-05,WH-MUM,North,22,4,4,4,18.18,18.18,18.18
2025-01-05,WH-MUM,South,16,4,2,4,25.0,12.5,25.0
2025-01-05,WH-MUM,West,17,2,3,4,11.76,17.65,23.53
2025-01-06,WH-BLR,Central,15,3,3,3,20.0,20.0,20.0
2025-01-06,WH-BLR,East,14,3,4,3,21.43,28.57,21.43
2025-01-06,WH-BLR,North,20,5,2,4,25.0,10.0,20.0
2025-01-06,WH-BLR,South,19,2,6,3,10.53,31.58,15.79
2025-01-06,WH-BLR,West,18,5,2,4,27.78,11.11,22.22
2025-01-06,WH-CHE,Central,17,3,3,2,17.65,17.65,11.76
2025-01-06,WH-CHE,East,24,7,4,5,29.17,16.67,20.83
2025-01-06,WH-CHE,North,13,1,3,3,7.69,23.08,23.08
2025-01-06,WH-CHE,South,23,5,4,4,21.74,17.39,17.39
2025-01-06,WH-CHE,West,11,3,3,0,27.27,27.27,0.0
2025-01-06,WH-DEL,Central,29,5,5,8,17.24,17.24,27.59
2025-01-06,WH-DEL,East,14,1,3,2,7.14,21.43,14.29
2025-01-06,WH-DEL,North,22,7,2,3,31.82,9.09,13.64
2025-01-06,WH-DEL,South,20,4,4,7,20.0,20.0,35.0
2025-01-06,WH-DEL,West,12,0,2,3,0.0,16.67,25.0
2025-01-06,WH-HYD,Central,12,3,4,1,25.0,33.33,8.33
2025-01-06,WH-HYD,East,14,3,2,2,21.43,14.29,14.29
2025-01-06,WH-HYD,North,15,2,4,3,13.33,26.67,20.0
2025-01-06,WH-HYD,South,17,2,3,5,11.76,17.65,29.41
2025-01-06,WH-HYD,West,15,3,6,3,20.0,40.0,20.0
2025-01-06,WH-MUM,Central,19,4,4,4,21.05,21.05,21.05
2025-01-06,WH-MUM,East,20,5,3,3,25.0,15.0,15.0
2025-01-06,WH-MUM,North,13,4,4,1,30.77,30.77,7.69
2025-01-06,WH-MUM,South,19,3,2,9,15.79,10.53,47.37
2025-01-06,WH-MUM,West,22,3,2,6,13.64,9.09,27.27
2025-01-07,WH-BLR,Central,38,8,5,10,21.05,13.16,26.32
2025-01-07,WH-BLR,East,20,5,5,2,25.0,25.0,10.0
2025-01-07,WH-BLR,North,16,2,6,2,12.5,37.5,12.5
2025-01-07,WH-BLR,South,18,3,8,1,16.67,44.44,5.56
2025-01-07,WH-BLR,West,16,2,3,1,12.5,18.75,6.25
2025-01-07,WH-CHE,Central,19,3,4,1,15.79,21.05,5.26
2025-01-07,WH-CHE,East,12,3,3,2,25.0,25.0,16.67
2025-01-07,WH-CHE,North,25,5,7,3,20.0,28.0,12.0
2025-01-07,WH-CHE,South,23,2,2,6,8.7,8.7,26.09
2025-01-07,WH-CHE,West,24,5,5,4,20.83,20.83,16.67
2025-01-07,WH-DEL,Central,18,4,6,3,22.22,33.33,16.67
2025-01-07,WH-DEL,East,14,5,1,3,35.71,7.14,21.43
2025-01-07,WH-DEL,North,23,5,7,4,21.74,30.43,17.39
2025-01-07,WH-DEL,South,16,1,5,4,6.25,31.25,25.0
2025-01-07,WH-DEL,West,30,5,2,11,16.67,6.67,36.67
2025-01-07,WH-HYD,Central,16,1,4,5,6.25,25.0,31.25
2025-01-07,WH-HYD,East,17,3,5,7,17.65,29.41,41.18
2025-01-07,WH-HYD,North,24,3,5,4,12.5,20.83,16.67
2025-01-07,WH-HYD,South,14,3,7,1,21.43,50.0,7.14
2025-01-07,WH-HYD,West,14,4,2,4,28.57,14.29,28.57
2025-01-07,WH-MUM,Central,18,2,8,4,11.11,44.44,22.22
2025-01-07,WH-MUM,East,14,2,3,2,14.29,21.43,14.29
2025-01-07,WH-MUM,North,13,1,1,3,7.69,7.69,23.08
2025-01-07,WH-MUM,South,15,3,1,3,20.0,6.67,20.0
2025-01-07,WH-MUM,West,20,7,4,1,35.0,20.0,5.0
2025-01-08,WH-BLR,Central,14,1,4,5,7.14,28.57,35.71
2025-01-08,WH-BLR,East,23,5,5,5,21.74,21.74,21.74
2025-01-08,WH-BLR,North,17,2,6,4,11.76,35.29,23.53
2025-01-08,WH-BLR,South,23,5,6,3,21.74,26.09,13.04
2025-01-08,WH-BLR,West,22,2,5,5,9.09,22.73,22.73
2025-01-08,WH-CHE,Central,22,4,4,5,18.18,18.18,22.73
2025-01-08,WH-CHE,East,20,1,3,9,5.0,15.0,45.0
2025-01-08,WH-CHE,North,16,4,2,2,25.0,12.5,12.5
2025-01-08,WH-CHE,South,11,2,4,3,18.18,36.36,27.27
2025-01-08,WH-CHE,West,18,2,6,5,11.11,33.33,27.78
2025-01-08,WH-DEL,Central,12,1,1,0,8.33,8.33,0.0
2025-01-08,WH-DEL,East,24,4,12,0,16.67,50.0,0.0
2025-01-08,WH-DEL,North,15,6,2,3,40.0,13.33,20.0
2025-01-08,WH-DEL,South,21,8,4,1,38.1,19.05,4.76
2025-01-08,WH-DEL,West,19,1,5,5,5.26,26.32,26.32
2025-01-08,WH-HYD,Central,18,5,3,5,27.78,16.67,27.78
2025-01-08,WH-HYD,East,21,6,5,8,28.57,23.81,38.1
2025-01-08,WH-HYD,North,20,2,5,6,10.0,25.0,30.0
2025-01-08,WH-HYD,South,13,2,2,3,15.38,15.38,23.08
2025-01-08,WH-HYD,West,16,6,2,1,37.5,12.5,6.25
2025-01-08,WH-MUM,Central,28,7,7,6,25.0,25.0,21.43
2025-01-08,WH-MUM,East,23,4,2,6,17.39,8.7,26.09
2025-01-08,WH-MUM,North,25,12,5,4,48.0,20.0,16.0
2025-01-08,WH-MUM,South,21,6,4,4,28.57,19.05,19.05
2025-01-08,WH-MUM,West,17,3,2,5,17.65,11.76,29.41
2025-01-09,WH-BLR,Central,18,6,1,4,33.33,5.56,22.22
2025-01-09,WH-BLR,East,16,0,1,3,0.0,6.25,18.75
2025-01-09,WH-BLR,North,26,7,1,8,26.92,3.85,30.77
2025-01-09,WH-BLR,South,18,3,1,2,16.67,5.56,11.11
2025-01-09,WH-BLR,West,24,10,6,1,41.67,25.0,4.17
2025-01-09,WH-CHE,Central,20,4,2,3,20.0,10.0,15.0
2025-01-09,WH-CHE,East,17,5,6,1,29.41,35.29,5.88
2025-01-09,WH-CHE,North,19,6,5,3,31.58,26.32,15.79
2025-01-09,WH-CHE,South,16,1,3,5,6.25,18.75,31.25
2025-01-09,WH-CHE,West,22,4,4,5,18.18,18.18,22.73
2025-01-09,WH-DEL,Central,19,2,5,7,10.53,26.32,36.84
2025-01-09,WH-DEL,East,16,2,1,7,12.5,6.25,43.75
2025-01-09,WH-DEL,North,19,2,7,1,10.53,36.84,5.26
2025-01-09,WH-DEL,South,22,6,2,7,27.27,9.09,31.82
2025-01-09,WH-DEL,West,17,3,3,7,17.65,17.65,41.18
2025-01-09,WH-HYD,Central,19,4,3,6,21.05,15.79,31.58
2025-01-09,WH-HYD,East,17,6,1,0,35.29,5.88,0.0
2025-01-09,WH-HYD,North,15,6,1,2,40.0,6.67,13.33
2025-01-09,WH-HYD,South,16,5,5,2,31.25,31.25,12.5
2025-01-09,WH-HYD,West,15,1,4,4,6.67,26.67,26.67
2025-01-09,WH-MUM,Central,13,1,1,3,7.69,7.69,23.08
2025-01-09,WH-MUM,East,19,4,1,3,21.05,5.26,15.79
2025-01-09,WH-MUM,North,11,2,0,2,18.18,0.0,18.18
2025-01-09,WH-MUM,South,16,2,4,6,12.5,25.0,37.5
2025-01-09,WH-MUM,West,24,4,4,5,16.67,16.67,20.83
2025-01-10,WH-BLR,Central,22,4,6,4,18.18,27.27,18.18
2025-01-10,WH-BLR,East,24,5,5,5,20.83,20.83,20.83
2025-01-10,WH-BLR,North,16,2,5,2,12.5,31.25,12.5
2025-01-10,WH-BLR,South,17,3,5,4,17.65,29.41,23.53
2025-01-10,WH-BLR,West,15,0,0,3,0.0,0.0,20.0
2025-01-10,WH-CHE,Central,19,5,4,2,26.32,21.05,10.53
2025-01-10,WH-CHE,East,19,6,4,2,31.58,21.05,10.53
2025-01-10,WH-CHE,North,17,2,4,3,11.76,23.53,17.65
2025-01-10,WH-CHE,South,17,0,5,4,0.0,29.41,23.53
2025-01-10,WH-CHE,West,21,4,2,3,19.05,9.52,14.29
2025-01-10,WH-DEL,Central,18,5,2,3,27.78,11.11,16.67
2025-01-10,WH-DEL,East,11,3,0,1,27.27,0.0,9.09
2025-01-10,WH-DEL,North,16,8,4,2,50.0,25.0,12.5
2025-01-10,WH-DEL,South,17,1,5,5,5.88,29.41,29.41
2025-01-10,WH-DEL,West,14,4,5,0,28.57,35.71,0.0
2025-01-10,WH-HYD,Central,20,8,1,3,40.0,5.0,15.0
2025-01-10,WH-HYD,East,14,3,1,3,21.43,7.14,21.43
2025-01-10,WH-HYD,North,19,2,5,2,10.53,26.32,10.53
2025-01-10,WH-HYD,South,17,5,5,3,29.41,29.41,17.65
2025-01-10,WH-HYD,West,17,4,1,3,23.53,5.88,17.65
2025-01-10,WH-MUM,Central,19,5,4,2,26.32,21.05,10.53
2025-01-10,WH-MUM,East,18,1,4,4,5.56,22.22,22.22
2025-01-10,WH-MUM,North,15,4,4,4,26.67,26.67,26.67
2025-01-10,WH-MUM,South,25,8,4,5,32.0,16.0,20.0
2025-01-10,WH-MUM,West,9,5,1,1,55.56,11.11,11.11
2025-01-11,WH-BLR,Central,18,3,3,3,16.67,16.67,16.67
2025-01-11,WH-BLR,East,19,5,6,3,26.32,31.58,15.79
2025-01-11,WH-BLR,North,16,4,4,4,25.0,25.0,25.0
2025-01-11,WH-BLR,South,29,8,5,5,27.59,17.24,17.24
2025-01-11,WH-BLR,West,23,4,3,5,17.39,13.04,21.74
2025-01-11,WH-CHE,Central,14,3,3,2,21.43,21.43,14.29
2025-01-11,WH-CHE,East,20,6,2,6,30.0,10.0,30.0
2025-01-11,WH-CHE,North,14,2,3,3,14.29,21.43,21.43
2025-01-11,WH-CHE,South,17,0,8,3,0.0,47.06,17.65
2025-01-11,WH-CHE,West,16,2,3,6,12.5,18.75,37.5
2025-01-11,WH-DEL,Central,19,4,4,5,21.05,21.05,26.32
2025-01-11,WH-DEL,East,16,3,6,3,18.75,37.5,18.75
2025-01-11,WH-DEL,North,13,1,4,3,7.69,30.77,23.08
2025-01-11,WH-DEL,South,22,4,2,7,18.18,9.09,31.82
2025-01-11,WH-DEL,West,20,2,2,5,10.0,10.0,25.0
2025-01-11,WH-HYD,Central,22,4,2,4,18.18,9.09,18.18
2025-01-11,WH-HYD,East,24,4,4,5,16.67,16.67,20.83
2025-01-11,WH-HYD,North,23,4,10,3,17.39,43.48,13.04
2025-01-11,WH-HYD,South,15,3,0,6,20.0,0.0,40.0
2025-01-11,WH-HYD,West,14,3,6,1,21.43,42.86,7.14
2025-01-11,WH-MUM,Central,15,4,3,1,26.67,20.0,6.67
2025-01-11,WH-MUM,East,24,6,5,3,25.0,20.83,12.5
2025-01-11,WH-MUM,North,17,3,5,4,17.65,29.41,23.53
2025-01-11,WH-MUM,South,24,4,7,8,16.67,29.17,33.33
2025-01-11,WH-MUM,West,19,3,6,6,15.79,31.58,31.58
2025-01-12,WH-BLR,Central,18,3,5,3,16.67,27.78,16.67
2025-01-12,WH-BLR,East,22,6,3,6,27.27,13.64,27.27
2025-01-12,WH-BLR,North,15,2,4,5,13.33,26.67,33.33
2025-01-12,WH-BLR,South,14,1,3,2,7.14,21.43,14.29
2025-01-12,WH-BLR,West,18,7,2,4,38.89,11.11,22.22
2025-01-12,WH-CHE,Central,15,4,3,4,26.67,20.0,26.67
2025-01-12,WH-CHE,East,17,2,7,4,11.76,41.18,23.53
2025-01-12,WH-CHE,North,22,5,3,7,22.73,13.64,31.82
2025-01-12,WH-CHE,South,19,6,3,5,31.58,15.79,26.32
2025-01-12,WH-CHE,West,19,8,2,3,42.11,10.53,15.79
2025-01-12,WH-DEL,Central,25,2,5,10,8.0,20.0,40.0
2025-01-12,WH-DEL,East,18,5,2,2,27.78,11.11,11.11
2025-01-12,WH-DEL,North,17,3,2,4,17.65,11.76,23.53
2025-01-12,WH-DEL,South,16,5,4,3,31.25,25.0,18.75
2025-01-12,WH-DEL,West,17,5,2,5,29.41,11.76,29.41
2025-01-12,WH-HYD,Central,15,3,2,2,20.0,13.33,13.33
2025-01-12,WH-HYD,East,23,7,7,2,30.43,30.43,8.7
2025-01-12,WH-HYD,North,28,6,2,5,21.43,7.14,17.86
2025-01-12,WH-HYD,South,21,5,3,4,23.81,14.29,19.05
2025-01-12,WH-HYD,West,19,4,3,5,21.05,15.79,26.32
2025-01-12,WH-MUM,Central,12,2,5,1,16.67,41.67,8.33
2025-01-12,WH-MUM,East,17,5,1,4,29.41,5.88,23.53
2025-01-12,WH-MUM,North,21,2,5,4,9.52,23.81,19.05
2025-01-12,WH-MUM,South,14,4,6,1,28.57,42.86,7.14
2025-01-12,WH-MUM,West,19,1,2,4,5.26,10.53,21.05
2025-01-13,WH-BLR,Central,18,3,3,6,16.67,16.67,33.33
2025-01-13,WH-BLR,East,19,6,5,2,31.58,26.32,10.53
2025-01-13,WH-BLR,North,20,7,5,1,35.0,25.0,5.0
2025-01-13,WH-BLR,South,16,5,4,2,31.25,25.0,12.5
2025-01-13,WH-BLR,West,17,2,7,3,11.76,41.18,17.65
2025-01-13,WH-CHE,Central,25,8,6,1,32.0,24.0,4.0
2025-01-13,WH-CHE,East,30,2,7,8,6.67,23.33,26.67
2025-01-13,WH-CHE,North,19,8,3,3,42.11,15.79,15.79
2025-01-13,WH-CHE,South,25,1,5,6,4.0,20.0,24.0
2025-01-13,WH-CHE,West,21,3,4,8,14.29,19.05,38.1
2025-01-13,WH-DEL,Central,20,6,3,3,30.0,15.0,15.0
2025-01-13,WH-DEL,East,17,5,3,4,29.41,17.65,23.53
2025-01-13,WH-DEL,North,14,1,3,5,7.14,21.43,35.71
2025-01-13,WH-DEL,South,23,4,9,5,17.39,39.13,21.74
2025-01-13,WH-DEL,West,12,1,1,5,8.33,8.33,41.67
2025-01-13,WH-HYD,Central,23,5,8,0,21.74,34.78,0.0
2025-01-13,WH-HYD,East,26,7,5,6,26.92,19.23,23.08
2025-01-13,WH-HYD,North,13,4,3,5,30.77,23.08,38.46
2025-01-13,WH-HYD,South,17,3,4,5,17.65,23.53,29.41
2025-01-13,WH-HYD,West,28,6,8,6,21.43,28.57,21.43
2025-01-13,WH-MUM,Central,12,1,3,2,8.33,25.0,16.67
2025-01-13,WH-MUM,East,11,2,3,2,18.18,27.27,18.18
2025-01-13,WH-MUM,North,24,7,6,5,29.17,25.0,20.83
2025-01-13,WH-MUM,South,21,6,4,2,28.57,19.05,9.52
2025-01-13,WH-MUM,West,15,3,4,3,20.0,26.67,20.0
2025-01-14,WH-BLR,Central,18,4,7,2,22.22,38.89,11.11
2025-01-14,WH-BLR,East,26,5,7,4,19.23,26.92,15.38
2025-01-14,WH-BLR,North,24,5,4,4,20.83,16.67,16.67
2025-01-14,WH-BLR,South,20,2,5,3,10.0,25.0,15.0
2025-01-14,WH-BLR,West,20,4,1,2,20.0,5.0,10.0
2025-01-14,WH-CHE,Central,22,2,5,4,9.09,22.73,18.18
2025-01-14,WH-CHE,East,19,7,3,1,36.84,15.79,5.26
2025-01-14,WH-CHE,North,12,4,1,4,33.33,8.33,33.33
2025-01-14,WH-CHE,South,14,3,2,3,21.43,14.29,21.43
2025-01-14,WH-CHE,West,18,3,6,2,16.67,33.33,11.11
2025-01-14,WH-DEL,Central,20,4,5,7,20.0,25.0,35.0
2025-01-14,WH-DEL,East,24,7,3,5,29.17,12.5,20.83
2025-01-14,WH-DEL,North,22,3,7,6,13.64,31.82,27.27
2025-01-14,WH-DEL,South,23,6,4,5,26.09,17.39,21.74
2025-01-14,WH-DEL,West,21,5,6,4,23.81,28.57,19.05
2025-01-14,WH-HYD,Central,19,7,2,2,36.84,10.53,10.53
2025-01-14,WH-HYD,East,14,5,2,4,35.71,14.29,28.57
2025-01-14,WH-HYD,North,21,1,4,3,4.76,19.05,14.29
2025-01-14,WH-HYD,South,13,7,2,3,53.85,15.38,23.08
2025-01-14,WH-HYD,West,20,4,6,6,20.0,30.0,30.0
2025-01-14,WH-MUM,Central,16,4,4,0,25.0,25.0,0.0
2025-01-14,WH-MUM,East,15,1,3,4,6.67,20.0,26.67
2025-01-14,WH-MUM,North,21,2,4,5,9.52,19.05,23.81
2025-01-14,WH-MUM,South,14,1,1,4,7.14,7.14,28.57
2025-01-14,WH-MUM,West,20,6,4,4,30.0,20.0,20.0
2025-01-15,WH-BLR,Central,19,3,8,3,15.79,42.11,15.79
2025-01-15,WH-BLR,East,15,3,3,4,20.0,20.0,26.67
2025-01-15,WH-BLR,North,23,5,5,1,21.74,21.74,4.35
2025-01-15,WH-BLR,South,16,5,2,3,31.25,12.5,18.75
2025-01-15,WH-BLR,West,21,4,2,7,19.05,9.52,33.33
2025-01-15,WH-CHE,Central,22,1,4,5,4.55,18.18,22.73
2025-01-15,WH-CHE,East,14,3,1,4,21.43,7.14,28.57
2025-01-15,WH-CHE,North,14,4,3,3,28.57,21.43,21.43
2025-01-15,WH-CHE,South,13,1,4,5,7.69,30.77,38.46
2025-01-15,WH-CHE,West,17,3,3,5,17.65,17.65,29.41
2025-01-15,WH-DEL,Central,21,7,2,4,33.33,9.52,19.05
2025-01-15,WH-DEL,East,25,4,4,8,16.0,16.0,32.0
2025-01-15,WH-DEL,North,24,3,6,5,12.5,25.0,20.83
2025-01-15,WH-DEL,South,19,5,7,2,26.32,36.84,10.53
2025-01-15,WH-DEL,West,21,4,5,4,19.05,23.81,19.05
2025-01-15,WH-HYD,Central,25,6,5,4,24.0,20.0,16.0
2025-01-15,WH-HYD,East,23,3,5,3,13.04,21.74,13.04
2025-01-15,WH-HYD,North,17,2,1,9,11.76,5.88,52.94
2025-01-15,WH-HYD,South,16,5,4,3,31.25,25.0,18.75
2025-01-15,WH-HYD,West,15,4,2,3,26.67,13.33,20.0
2025-01-15,WH-MUM,Central,17,2,4,5,11.76,23.53,29.41
2025-01-15,WH-MUM,East,20,3,6,3,15.0,30.0,15.0
2025-01-15,WH-MUM,North,18,2,1,6,11.11,5.56,33.33
2025-01-15,WH-MUM,South,17,4,2,2,23.53,11.76,11.76
2025-01-15,WH-MUM,West,14,4,3,2,28.57,21.43,14.29
2025-01-16,WH-BLR,Central,19,4,5,3,21.05,26.32,15.79
2025-01-16,WH-BLR,East,25,4,6,4,16.0,24.0,16.0
2025-01-16,WH-BLR,North,12,0,2,2,0.0,16.67,16.67
2025-01-16,WH-BLR,South,25,7,4,6,28.0,16.0,24.0
2025-01-16,WH-BLR,West,28,5,2,3,17.86,7.14,10.71
2025-01-16,WH-CHE,Central,20,3,3,7,15.0,15.0,35.0
2025-01-16,WH-CHE,East,15,6,4,1,40.0,26.67,6.67
2025-01-16,WH-CHE,North,23,6,5,4,26.09,21.74,17.39
2025-01-16,WH-CHE,South,21,4,2,3,19.05,9.52,14.29
2025-01-16,WH-CHE,West,15,4,1,3,26.67,6.67,20.0
2025-01-16,WH-DEL,Central,22,1,8,5,4.55,36.36,22.73
2025-01-16,WH-DEL,East,16,3,4,4,18.75,25.0,25.0
2025-01-16,WH-DEL,North,14,2,4,5,14.29,28.57,35.71
2025-01-16,WH-DEL,South,19,2,7,5,10.53,36.84,26.32
2025-01-16,WH-DEL,West,18,5,3,3,27.78,16.67,16.67
2025-01-16,WH-HYD,Central,18,4,1,6,22.22,5.56,33.33
2025-01-16,WH-HYD,East,23,4,3,3,17.39,13.04,13.04
2025-01-16,WH-HYD,North,14,2,2,3,14.29,14.29,21.43
2025-01-16,WH-HYD,South,20,3,2,6,15.0,10.0,30.0
2025-01-16,WH-HYD,West,17,2,3,8,11.76,17.65,47.06
2025-01-16,WH-MUM,Central,24,5,5,2,20.83,20.83,8.33
2025-01-16,WH-MUM,East,23,2,5,5,8.7,21.74,21.74
2025-01-16,WH-MUM,North,23,8,3,3,34.78,13.04,13.04
2025-01-16,WH-MUM,South,21,6,4,2,28.57,19.05,9.52
2025-01-16,WH-MUM,West,15,3,4,3,20.0,26.67,20.0
2025-01-17,WH-BLR,Central,26,5,7,4,19.23,26.92,15.38
2025-01-17,WH-BLR,East,23,3,4,6,13.04,17.39,26.09
2025-01-17,WH-BLR,North,11,4,3,1,36.36,27.27,9.09
2025-01-17,WH-BLR,South,21,6,4,2,28.57,19.05,9.52
2025-01-17,WH-BLR,West,13,6,2,0,46.15,15.38,0.0
2025-01-17,WH-CHE,Central,29,5,4,5,17.24,13.79,17.24
2025-01-17,WH-CHE,East,9,2,0,2,22.22,0.0,22.22
2025-01-17,WH-CHE,North,20,6,6,1,30.0,30.0,5.0
2025-01-17,WH-CHE,South,14,1,2,5,7.14,14.29,35.71
2025-01-17,WH-CHE,West,21,7,3,3,33.33,14.29,14.29
2025-01-17,WH-DEL,Central,13,3,2,2,23.08,15.38,15.38
2025-01-17,WH-DEL,East,17,1,2,7,5.88,11.76,41.18
2025-01-17,WH-DEL,North,14,3,3,4,21.43,21.43,28.57
2025-01-17,WH-DEL,South,23,7,1,7,30.43,4.35,30.43
2025-01-17,WH-DEL,West,20,7,2,5,35.0,10.0,25.0
2025-01-17,WH-HYD,Central,15,0,5,2,0.0,33.33,13.33
2025-01-17,WH-HYD,East,18,1,2,5,5.56,11.11,27.78
2025-01-17,WH-HYD,North,17,3,2,5,17.65,11.76,29.41
2025-01-17,WH-HYD,South,22,2,5,9,9.09,22.73,40.91
2025-01-17,WH-HYD,West,23,7,2,5,30.43,8.7,21.74
2025-01-17,WH-MUM,Central,27,10,3,6,37.04,11.11,22.22
2025-01-17,WH-MUM,East,17,5,1,5,29.41,5.88,29.41
2025-01-17,WH-MUM,North,19,2,5,2,10.53,26.32,10.53
2025-01-17,WH-MUM,South,17,2,4,2,11.76,23.53,11.76
2025-01-17,WH-MUM,West,27,5,5,6,18.52,18.52,22.22
2025-01-18,WH-BLR,Central,14,3,4,1,21.43,28.57,7.14
2025-01-18,WH-BLR,East,19,6,1,2,31.58,5.26,10.53
2025-01-18,WH-BLR,North,16,5,2,2,31.25,12.5,12.5
2025-01-18,WH-BLR,South,13,2,2,2,15.38,15.38,15.38
2025-01-18,WH-BLR,West,15,2,4,3,13.33,26.67,20.0
2025-01-18,WH-CHE,Central,12,1,2,2,8.33,16.67,16.67
2025-01-18,WH-CHE,East,23,7,4,4,30.43,17.39,17.39
2025-01-18,WH-CHE,North,24,4,3,7,16.67,12.5,29.17
2025-01-18,WH-CHE,South,22,2,5,4,9.09,22.73,18.18
2025-01-18,WH-CHE,West,17,4,3,1,23.53,17.65,5.88
2025-01-18,WH-DEL,Central,16,5,5,2,31.25,31.25,12.5
2025-01-18,WH-DEL,East,23,8,5,3,34.78,21.74,13.04
2025-01-18,WH-DEL,North,15,5,1,4,33.33,6.67,26.67
2025-01-18,WH-DEL,South,13,3,2,4,23.08,15.38,30.77
2025-01-18,WH-DEL,West,18,4,2,4,22.22,11.11,22.22
2025-01-18,WH-HYD,Central,9,2,2,1,22.22,22.22,11.11
2025-01-18,WH-HYD,East,22,6,4,3,27.27,18.18,13.64
2025-01-18,WH-HYD,North,17,3,3,5,17.65,17.65,29.41
2025-01-18,WH-HYD,South,11,2,3,3,18.18,27.27,27.27
2025-01-18,WH-HYD,West,20,1,6,5,5.0,30.0,25.0
2025-01-18,WH-MUM,Central,16,2,4,3,12.5,25.0,18.75
2025-01-18,WH-MUM,East,17,1,6,2,5.88,35.29,11.76
2025-01-18,WH-MUM,North,23,4,9,4,17.39,39.13,17.39
2025-01-18,WH-MUM,South,22,3,4,4,13.64,18.18,18.18
2025-01-18,WH-MUM,West,13,4,4,0,30.77,30.77,0.0
2025-01-19,WH-BLR,Central,21,4,6,2,19.05,28.57,9.52
2025-01-19,WH-BLR,East,17,4,5,1,23.53,29.41,5.88
2025-01-19,WH-BLR,North,14,2,1,4,14.29,7.14,28.57
2025-01-19,WH-BLR,South,22,4,7,5,18.18,31.82,22.73
2025-01-19,WH-BLR,West,19,3,5,4,15.79,26.32,21.05
2025-01-19,WH-CHE,Central,16,2,5,2,12.5,31.25,12.5
2025-01-19,WH-CHE,East,15,6,1,2,40.0,6.67,13.33
2025-01-19,WH-CHE,North,10,2,1,3,20.0,10.0,30.0
2025-01-19,WH-CHE,South,21,1,5,6,4.76,23.81,28.57
2025-01-19,WH-CHE,West,12,0,3,2,0.0,25.0,16.67
2025-01-19,WH-DEL,Central,16,4,4,5,25.0,25.0,31.25
2025-01-19,WH-DEL,East,17,3,5,3,17.65,29.41,17.65
2025-01-19,WH-DEL,North,15,3,5,3,20.0,33.33,20.0
2025-01-19,WH-DEL,South,17,3,4,5,17.65,23.53,29.41
2025-01-19,WH-DEL,West,16,3,3,4,18.75,18.75,25.0
2025-01-19,WH-HYD,Central,15,4,3,1,26.67,20.0,6.67
2025-01-19,WH-HYD,East,14,3,4,4,21.43,28.57,28.57
2025-01-19,WH-HYD,North,26,4,3,4,15.38,11.54,15.38
2025-01-19,WH-HYD,South,20,5,7,3,25.0,35.0,15.0
2025-01-19,WH-HYD,West,22,4,6,4,18.18,27.27,18.18
2025-01-19,WH-MUM,Central,21,6,3,7,28.57,14.29,33.33
2025-01-19,WH-MUM,East,10,1,3,0,10.0,30.0,0.0
2025-01-19,WH-MUM,North,20,9,3,1,45.0,15.0,5.0
2025-01-19,WH-MUM,South,9,2,2,2,22.22,22.22,22.22
2025-01-19,WH-MUM,West,17,2,4,3,11.76,23.53,17.65
2025-01-20,WH-BLR,Central,14,3,4,1,21.43,28.57,7.14
2025-01-20,WH-BLR,East,32,6,10,4,18.75,31.25,12.5
2025-01-20,WH-BLR,North,12,2,2,2,16.67,16.67,16.67
2025-01-20,WH-BLR,South,18,7,3,0,38.89,16.67,0.0
2025-01-20,WH-BLR,West,24,7,5,3,29.17,20.83,12.5
2025-01-20,WH-CHE,Central,22,4,2,4,18.18,9.09,18.18
2025-01-20,WH-CHE,East,23,5,2,5,21.74,8.7,21.74
2025-01-20,WH-CHE,North,14,5,2,4,35.71,14.29,28.57
2025-01-20,WH-CHE,South,20,4,4,2,20.0,20.0,10.0
2025-01-20,WH-CHE,West,13,2,3,5,15.38,23.08,38.46
2025-01-20,WH-DEL,Central,25,5,5,4,20.0,20.0,16.0
2025-01-20,WH-DEL,East,18,4,2,4,22.22,11.11,22.22
2025-01-20,WH-DEL,North,23,4,4,7,17.39,17.39,30.43
2025-01-20,WH-DEL,South,23,3,3,3,13.04,13.04,13.04
2025-01-20,WH-DEL,West,16,3,1,5,18.75,6.25,31.25
2025-01-20,WH-HYD,Central,19,5,3,4,26.32,15.79,21.05
2025-01-20,WH-HYD,East,22,6,7,4,27.27,31.82,18.18
2025-01-20,WH-HYD,North,22,3,8,3,13.64,36.36,13.64
2025-01-20,WH-HYD,South,19,5,4,5,26.32,21.05,26.32
2025-01-20,WH-HYD,West,17,2,7,2,11.76,41.18,11.76
2025-01-20,WH-MUM,Central,29,2,6,8,6.9,20.69,27.59
2025-01-20,WH-MUM,East,21,4,5,4,19.05,23.81,19.05
2025-01-20,WH-MUM,North,18,6,6,1,33.33,33.33,5.56
2025-01-20,WH-MUM,South,18,4,5,5,22.22,27.78,27.78
2025-01-20,WH-MUM,West,17,2,8,4,11.76,47.06,23.53
2025-01-21,WH-BLR,Central,18,4,1,4,22.22,5.56,22.22
2025-01-21,WH-BLR,East,14,0,2,5,0.0,14.29,35.71
2025-01-21,WH-BLR,North,19,3,3,6,15.79,15.79,31.58
2025-01-21,WH-BLR,South,20,4,4,5,20.0,20.0,25.0
2025-01-21,WH-BLR,West,23,0,10,3,0.0,43.48,13.04
2025-01-21,WH-CHE,Central,13,1,1,6,7.69,7.69,46.15
2025-01-21,WH-CHE,East,15,6,3,2,40.0,20.0,13.33
2025-01-21,WH-CHE,North,15,4,2,1,26.67,13.33,6.67
2025-01-21,WH-CHE,South,22,6,4,3,27.27,18.18,13.64
2025-01-21,WH-CHE,West,18,5,5,3,27.78,27.78,16.67
2025-01-21,WH-DEL,Central,15,2,6,3,13.33,40.0,20.0
2025-01-21,WH-DEL,East,18,2,2,4,11.11,11.11,22.22
2025-01-21,WH-DEL,North,22,2,5,6,9.09,22.73,27.27
2025-01-21,WH-DEL,South,21,3,8,2,14.29,38.1,9.52
2025-01-21,WH-DEL,West,21,3,5,6,14.29,23.81,28.57
2025-01-21,WH-HYD,Central,24,5,6,1,20.83,25.0,4.17
2025-01-21,WH-HYD,East,18,3,6,4,16.67,33.33,22.22
2025-01-21,WH-HYD,North,18,5,6,2,27.78,33.33,11.11
2025-01-21,WH-HYD,South,22,3,5,5,13.64,22.73,22.73
2025-01-21,WH-HYD,West,19,4,5,3,21.05,26.32,15.79
2025-01-21,WH-MUM,Central,24,4,6,3,16.67,25.0,12.5
2025-01-21,WH-MUM,East,30,9,12,5,30.0,40.0,16.67
2025-01-21,WH-MUM,North,23,3,4,8,13.04,17.39,34.78
2025-01-21,WH-MUM,South,23,3,7,6,13.04,30.43,26.09
2025-01-21,WH-MUM,West,16,2,5,3,12.5,31.25,18.75
2025-01-22,WH-BLR,Central,15,2,3,5,13.33,20.0,33.33
2025-01-22,WH-BLR,East,21,5,4,5,23.81,19.05,23.81
2025-01-22,WH-BLR,North,16,4,2,3,25.0,12.5,18.75
2025-01-22,WH-BLR,South,14,4,2,3,28.57,14.29,21.43
2025-01-22,WH-BLR,West,19,2,2,7,10.53,10.53,36.84
2025-01-22,WH-CHE,Central,22,5,4,5,22.73,18.18,22.73
2025-01-22,WH-CHE,East,14,1,1,4,7.14,7.14,28.57
2025-01-22,WH-CHE,North,24,4,5,4,16.67,20.83,16.67
2025-01-22,WH-CHE,South,17,3,3,6,17.65,17.65,35.29
2025-01-22,WH-CHE,West,20,4,6,5,20.0,30.0,25.0
2025-01-22,WH-DEL,Central,17,4,3,2,23.53,17.65,11.76
2025-01-22,WH-DEL,East,13,4,4,1,30.77,30.77,7.69
2025-01-22,WH-DEL,North,18,3,4,6,16.67,22.22,33.33
2025-01-22,WH-DEL,South,22,4,5,2,18.18,22.73,9.09
2025-01-22,WH-DEL,West,22,6,3,6,27.27,13.64,27.27
2025-01-22,WH-HYD,Central,22,6,1,10,27.27,4.55,45.45
2025-01-22,WH-HYD,East,17,0,3,7,0.0,17.65,41.18
2025-01-22,WH-HYD,North,19,5,4,4,26.32,21.05,21.05
2025-01-22,WH-HYD,South,18,2,3,4,11.11,16.67,22.22
2025-01-22,WH-HYD,West,21,7,2,6,33.33,9.52,28.57
2025-01-22,WH-MUM,Central,14,1,3,4,7.14,21.43,28.57
2025-01-22,WH-MUM,East,19,7,3,2,36.84,15.79,10.53
2025-01-22,WH-MUM,North,16,3,4,3,18.75,25.0,18.75
2025-01-22,WH-MUM,South,23,1,7,4,4.35,30.43,17.39
2025-01-22,WH-MUM,West,17,3,4,4,17.65,23.53,23.53
2025-01-23,WH-BLR,Central,24,6,7,4,25.0,29.17,16.67
2025-01-23,WH-BLR,East,24,3,5,4,12.5,20.83,16.67
2025-01-23,WH-BLR,North,16,2,7,3,12.5,43.75,18.75
2025-01-23,WH-BLR,South,13,4,1,1,30.77,7.69,7.69
2025-01-23,WH-BLR,West,31,4,6,6,12.9,19.35,19.35
2025-01-23,WH-CHE,Central,19,6,3,4,31.58,15.79,21.05
2025-01-23,WH-CHE,East,12,4,2,1,33.33,16.67,8.33
2025-01-23,WH-CHE,North,15,5,3,2,33.33,20.0,13.33
2025-01-23,WH-CHE,South,17,3,3,6,17.65,17.65,35.29
2025-01-23,WH-CHE,West,21,6,6,5,28.57,28.57,23.81
2025-01-23,WH-DEL,Central,11,0,1,5,0.0,9.09,45.45
2025-01-23,WH-DEL,East,22,7,6,1,31.82,27.27,4.55
2025-01-23,WH-DEL,North,21,4,2,4,19.05,9.52,19.05
2025-01-23,WH-DEL,South,13,3,2,3,23.08,15.38,23.08
2025-01-23,WH-DEL,West,19,4,3,4,21.05,15.79,21.05
2025-01-23,WH-HYD,Central,22,2,5,5,9.09,22.73,22.73
2025-01-23,WH-HYD,East,17,3,3,2,17.65,17.65,11.76
2025-01-23,WH-HYD,North,30,9,3,6,30.0,10.0,20.0
2025-01-23,WH-HYD,South,16,2,0,6,12.5,0.0,37.5
2025-01-23,WH-HYD,West,20,6,2,7,30.0,10.0,35.0
2025-01-23,WH-MUM,Central,18,5,6,3,27.78,33.33,16.67
2025-01-23,WH-MUM,East,21,3,6,4,14.29,28.57,19.05
2025-01-23,WH-MUM,North,17,3,6,4,17.65,35.29,23.53
2025-01-23,WH-MUM,South,21,3,8,4,14.29,38.1,19.05
2025-01-23,WH-MUM,West,25,6,5,6,24.0,20.0,24.0
2025-01-24,WH-BLR,Central,26,7,2,2,26.92,7.69,7.69
2025-01-24,WH-BLR,East,23,3,4,4,13.04,17.39,17.39
2025-01-24,WH-BLR,North,23,2,5,8,8.7,21.74,34.78
2025-01-24,WH-BLR,South,20,5,2,6,25.0,10.0,30.0
2025-01-24,WH-BLR,West,18,3,4,3,16.67,22.22,16.67
2025-01-24,WH-CHE,Central,18,6,2,4,33.33,11.11,22.22
2025-01-24,WH-CHE,East,21,5,7,2,23.81,33.33,9.52
2025-01-24,WH-CHE,North,18,3,3,4,16.67,16.67,22.22
2025-01-24,WH-CHE,South,18,4,4,5,22.22,22.22,27.78
2025-01-24,WH-CHE,West,25,4,4,6,16.0,16.0,24.0
2025-01-24,WH-DEL,Central,16,4,3,3,25.0,18.75,18.75
2025-01-24,WH-DEL,East,25,8,4,6,32.0,16.0,24.0
2025-01-24,WH-DEL,North,17,1,4,3,5.88,23.53,17.65
2025-01-24,WH-DEL,South,23,4,5,6,17.39,21.74,26.09
2025-01-24,WH-DEL,West,22,4,8,5,18.18,36.36,22.73
2025-01-24,WH-HYD,Central,21,5,5,2,23.81,23.81,9.52
2025-01-24,WH-HYD,East,22,8,5,4,36.36,22.73,18.18
2025-01-24,WH-HYD,North,20,5,4,5,25.0,20.0,25.0
2025-01-24,WH-HYD,South,15,5,3,2,33.33,20.0,13.33
2025-01-24,WH-HYD,West,28,10,5,4,35.71,17.86,14.29
2025-01-24,WH-MUM,Central,23,6,7,3,26.09,30.43,13.04
2025-01-24,WH-MUM,East,21,4,2,3,19.05,9.52,14.29
2025-01-24,WH-MUM,North,20,1,5,3,5.0,25.0,15.0
2025-01-24,WH-MUM,South,24,4,8,5,16.67,33.33,20.83
2025-01-24,WH-MUM,West,19,5,3,2,26.32,15.79,10.53
2025-01-25,WH-BLR,Central,13,1,6,1,7.69,46.15,7.69
2025-01-25,WH-BLR,East,23,5,7,3,21.74,30.43,13.04
2025-01-25,WH-BLR,North,8,1,4,1,12.5,50.0,12.5
2025-01-25,WH-BLR,South,18,1,5,5,5.56,27.78,27.78
2025-01-25,WH-BLR,West,14,3,3,3,21.43,21.43,21.43
2025-01-25,WH-CHE,Central,14,3,3,2,21.43,21.43,14.29
2025-01-25,WH-CHE,East,17,5,0,6,29.41,0.0,35.29
2025-01-25,WH-CHE,North,19,2,5,7,10.53,26.32,36.84
2025-01-25,WH-CHE,South,23,4,3,3,17.39,13.04,13.04
2025-01-25,WH-CHE,West,14,3,2,1,21.43,14.29,7.14
2025-01-25,WH-DEL,Central,22,2,8,5,9.09,36.36,22.73
2025-01-25,WH-DEL,East,19,3,3,4,15.79,15.79,21.05
2025-01-25,WH-DEL,North,15,4,3,4,26.67,20.0,26.67
2025-01-25,WH-DEL,South,16,3,5,2,18.75,31.25,12.5
2025-01-25,WH-DEL,West,22,6,4,3,27.27,18.18,13.64
2025-01-25,WH-HYD,Central,13,1,4,0,7.69,30.77,0.0
2025-01-25,WH-HYD,East,13,3,3,1,23.08,23.08,7.69
2025-01-25,WH-HYD,North,18,4,6,2,22.22,33.33,11.11
2025-01-25,WH-HYD,South,12,1,2,3,8.33,16.67,25.0
2025-01-25,WH-HYD,West,24,6,2,2,25.0,8.33,8.33
2025-01-25,WH-MUM,Central,13,3,1,1,23.08,7.69,7.69
2025-01-25,WH-MUM,East,21,4,0,5,19.05,0.0,23.81
2025-01-25,WH-MUM,North,21,6,7,3,28.57,33.33,14.29
2025-01-25,WH-MUM,South,15,2,2,3,13.33,13.33,20.0
2025-01-25,WH-MUM,West,12,3,5,2,25.0,41.67,16.67
2025-01-26,WH-BLR,Central,21,6,1,4,28.57,4.76,19.05
2025-01-26,WH-BLR,East,16,0,3,7,0.0,18.75,43.75
2025-01-26,WH-BLR,North,18,0,6,4,0.0,33.33,22.22
2025-01-26,WH-BLR,South,17,1,2,6,5.88,11.76,35.29
2025-01-26,WH-BLR,West,18,7,6,1,38.89,33.33,5.56
2025-01-26,WH-CHE,Central,19,3,5,5,15.79,26.32,26.32
2025-01-26,WH-CHE,East,14,4,1,3,28.57,7.14,21.43
2025-01-26,WH-CHE,North,17,5,1,3,29.41,5.88,17.65
2025-01-26,WH-CHE,South,15,4,3,4,26.67,20.0,26.67
2025-01-26,WH-CHE,West,13,4,3,3,30.77,23.08,23.08
2025-01-26,WH-DEL,Central,17,5,2,3,29.41,11.76,17.65
2025-01-26,WH-DEL,East,14,5,2,2,35.71,14.29,14.29
2025-01-26,WH-DEL,North,21,7,5,1,33.33,23.81,4.76
2025-01-26,WH-DEL,South,12,4,3,3,33.33,25.0,25.0
2025-01-26,WH-DEL,West,21,7,3,2,33.33,14.29,9.52
2025-01-26,WH-HYD,Central,15,2,4,4,13.33,26.67,26.67
2025-01-26,WH-HYD,East,11,1,1,2,9.09,9.09,18.18
2025-01-26,WH-HYD,North,16,2,3,5,12.5,18.75,31.25
2025-01-26,WH-HYD,South,15,6,1,1,40.0,6.67,6.67
2025-01-26,WH-HYD,West,17,9,3,2,52.94,17.65,11.76
2025-01-26,WH-MUM,Central,21,3,2,6,14.29,9.52,28.57
2025-01-26,WH-MUM,East,25,3,5,2,12.0,20.0,8.0
2025-01-26,WH-MUM,North,27,6,6,4,22.22,22.22,14.81
2025-01-26,WH-MUM,South,16,1,6,1,6.25,37.5,6.25
2025-01-26,WH-MUM,West,17,8,2,4,47.06,11.76,23.53
2025-01-27,WH-BLR,Central,18,6,2,5,33.33,11.11,27.78
2025-01-27,WH-BLR,East,19,6,2,1,31.58,10.53,5.26
2025-01-27,WH-BLR,North,16,5,2,2,31.25,12.5,12.5
2025-01-27,WH-BLR,South,16,4,1,6,25.0,6.25,37.5
2025-01-27,WH-BLR,West,22,3,4,5,13.64,18.18,22.73
2025-01-27,WH-CHE,Central,22,1,6,2,4.55,27.27,9.09
2025-01-27,WH-CHE,East,24,4,4,7,16.67,16.67,29.17
2025-01-27,WH-CHE,North,18,3,4,7,16.67,22.22,38.89
2025-01-27,WH-CHE,South,23,3,3,3,13.04,13.04,13.04
2025-01-27,WH-CHE,West,25,6,2,3,24.0,8.0,12.0
2025-01-27,WH-DEL,Central,31,10,3,5,32.26,9.68,16.13
2025-01-27,WH-DEL,East,21,6,5,1,28.57,23.81,4.76
2025-01-27,WH-DEL,North,24,6,5,5,25.0,20.83,20.83
2025-01-27,WH-DEL,South,17,2,5,3,11.76,29.41,17.65
2025-01-27,WH-DEL,West,15,2,3,5,13.33,20.0,33.33
2025-01-27,WH-HYD,Central,15,0,9,2,0.0,60.0,13.33
2025-01-27,WH-HYD,East,15,5,1,4,33.33,6.67,26.67
2025-01-27,WH-HYD,North,22,2,3,4,9.09,13.64,18.18
2025-01-27,WH-HYD,South,19,3,2,5,15.79,10.53,26.32
2025-01-27,WH-HYD,West,16,1,3,4,6.25,18.75,25.0
2025-01-27,WH-MUM,Central,13,2,3,1,15.38,23.08,7.69
2025-01-27,WH-MUM,East,12,1,6,2,8.33,50.0,16.67
2025-01-27,WH-MUM,North,25,2,8,4,8.0,32.0,16.0
2025-01-27,WH-MUM,South,31,4,10,4,12.9,32.26,12.9
2025-01-27,WH-MUM,West,25,5,6,6,20.0,24.0,24.0
2025-01-28,WH-BLR,Central,16,3,4,2,18.75,25.0,12.5
2025-01-28,WH-BLR,East,19,3,2,5,15.79,10.53,26.32
2025-01-28,WH-BLR,North,24,5,4,4,20.83,16.67,16.67
2025-01-28,WH-BLR,South,16,4,5,4,25.0,31.25,25.0
2025-01-28,WH-BLR,West,18,4,5,1,22.22,27.78,5.56
2025-01-28,WH-CHE,Central,19,11,2,2,57.89,10.53,10.53
2025-01-28,WH-CHE,East,18,2,3,3,11.11,16.67,16.67
2025-01-28,WH-CHE,North,18,4,6,2,22.22,33.33,11.11
2025-01-28,WH-CHE,South,12,2,5,1,16.67,41.67,8.33
2025-01-28,WH-CHE,West,16,4,5,2,25.0,31.25,12.5
2025-01-28,WH-DEL,Central,17,1,4,3,5.88,23.53,17.65
2025-01-28,WH-DEL,East,16,4,6,2,25.0,37.5,12.5
2025-01-28,WH-DEL,North,22,9,3,2,40.91,13.64,9.09
2025-01-28,WH-DEL,South,24,6,5,2,25.0,20.83,8.33
2025-01-28,WH-DEL,West,26,6,5,5,23.08,19.23,19.23
2025-01-28,WH-HYD,Central,22,1,6,6,4.55,27.27,27.27
2025-01-28,WH-HYD,East,21,2,8,3,9.52,38.1,14.29
2025-01-28,WH-HYD,North,15,2,4,6,13.33,26.67,40.0
2025-01-28,WH-HYD,South,16,1,2,4,6.25,12.5,25.0
2025-01-28,WH-HYD,West,21,4,7,4,19.05,33.33,19.05
2025-01-28,WH-MUM,Central,21,9,3,4,42.86,14.29,19.05
2025-01-28,WH-MUM,East,20,4,1,4,20.0,5.0,20.0
2025-01-28,WH-MUM,North,25,8,4,6,32.0,16.0,24.0
2025-01-28,WH-MUM,South,13,3,5,3,23.08,38.46,23.08
2025-01-28,WH-MUM,West,25,4,6,6,16.0,24.0,24.0
2025-01-29,WH-BLR,Central,20,4,1,4,20.0,5.0,20.0
2025-01-29,WH-BLR,East,25,4,6,4,16.0,24.0,16.0
2025-01-29,WH-BLR,North,23,5,5,4,21.74,21.74,17.39
2025-01-29,WH-BLR,South,17,6,3,5,35.29,17.65,29.41
2025-01-29,WH-BLR,West,17,1,4,2,5.88,23.53,11.76
2025-01-29,WH-CHE,Central,17,3,4,5,17.65,23.53,29.41
2025-01-29,WH-CHE,East,17,5,4,1,29.41,23.53,5.88
2025-01-29,WH-CHE,North,20,1,5,3,5.0,25.0,15.0
2025-01-29,WH-CHE,South,12,4,6,1,33.33,50.0,8.33
2025-01-29,WH-CHE,West,17,0,6,1,0.0,35.29,5.88
2025-01-29,WH-DEL,Central,18,0,3,2,0.0,16.67,11.11
2025-01-29,WH-DEL,East,24,3,4,4,12.5,16.67,16.67
2025-01-29,WH-DEL,North,21,8,4,1,38.1,19.05,4.76
2025-01-29,WH-DEL,South,18,0,5,5,0.0,27.78,27.78
2025-01-29,WH-DEL,West,20,4,6,4,20.0,30.0,20.0
2025-01-29,WH-HYD,Central,25,10,4,4,40.0,16.0,16.0
2025-01-29,WH-HYD,East,18,3,4,3,16.67,22.22,16.67
2025-01-29,WH-HYD,North,17,7,4,3,41.18,23.53,17.65
2025-01-29,WH-HYD,South,21,2,1,7,9.52,4.76,33.33
2025-01-29,WH-HYD,West,16,3,6,2,18.75,37.5,12.5
2025-01-29,WH-MUM,Central,15,5,3,0,33.33,20.0,0.0
2025-01-29,WH-MUM,East,14,2,4,3,14.29,28.57,21.43
2025-01-29,WH-MUM,North,16,2,4,7,12.5,25.0,43.75
2025-01-29,WH-MUM,South,9,2,2,1,22.22,22.22,11.11
2025-01-29,WH-MUM,West,22,2,5,0,9.09,22.73,0.0
2025-01-30,WH-BLR,Central,17,3,3,2,17.65,17.65,11.76
2025-01-30,WH-BLR,East,11,0,4,2,0.0,36.36,18.18
2025-01-30,WH-BLR,North,19,5,2,4,26.32,10.53,21.05
2025-01-30,WH-BLR,South,18,5,4,5,27.78,22.22,27.78
2025-01-30,WH-BLR,West,16,3,4,2,18.75,25.0,12.5
2025-01-30,WH-CHE,Central,12,3,1,4,25.0,8.33,33.33
2025-01-30,WH-CHE,East,20,3,4,7,15.0,20.0,35.0
2025-01-30,WH-CHE,North,19,4,3,5,21.05,15.79,26.32
2025-01-30,WH-CHE,South,12,1,2,1,8.33,16.67,8.33
2025-01-30,WH-CHE,West,21,7,4,3,33.33,19.05,14.29
2025-01-30,WH-DEL,Central,18,7,1,2,38.89,5.56,11.11
2025-01-30,WH-DEL,East,16,3,3,4,18.75,18.75,25.0
2025-01-30,WH-DEL,North,17,3,4,7,17.65,23.53,41.18
2025-01-30,WH-DEL,South,21,7,5,4,33.33,23.81,19.05
2025-01-30,WH-DEL,West,16,3,3,3,18.75,18.75,18.75
2025-01-30,WH-HYD,Central,13,2,1,3,15.38,7.69,23.08
2025-01-30,WH-HYD,East,17,3,1,3,17.65,5.88,17.65
2025-01-30,WH-HYD,North,14,2,2,6,14.29,14.29,42.86
2025-01-30,WH-HYD,South,15,3,3,4,20.0,20.0,26.67
2025-01-30,WH-HYD,West,16,4,6,1,25.0,37.5,6.25
2025-01-30,WH-MUM,Central,19,4,2,4,21.05,10.53,21.05
2025-01-30,WH-MUM,East,19,5,3,3,26.32,15.79,15.79
2025-01-30,WH-MUM,North,20,6,3,4,30.0,15.0,20.0
2025-01-30,WH-MUM,South,17,4,4,3,23.53,23.53,17.65
2025-01-30,WH-MUM,West,10,4,3,0,40.0,30.0,0.0
2025-01-31,WH-BLR,Central,20,5,4,3,25.0,20.0,15.0
2025-01-31,WH-BLR,East,22,7,3,2,31.82,13.64,9.09
2025-01-31,WH-BLR,North,17,3,4,3,17.65,23.53,17.65
2025-01-31,WH-BLR,South,17,3,5,2,17.65,29.41,11.76
2025-01-31,WH-BLR,West,16,2,2,2,12.5,12.5,12.5
2025-01-31,WH-CHE,Central,29,6,5,7,20.69,17.24,24.14
2025-01-31,WH-CHE,East,20,6,4,5,30.0,20.0,25.0
2025-01-31,WH-CHE,North,19,2,7,4,10.53,36.84,21.05
2025-01-31,WH-CHE,South,13,2,3,6,15.38,23.08,46.15
2025-01-31,WH-CHE,West,20,5,3,6,25.0,15.0,30.0
2025-01-31,WH-DEL,Central,21,3,5,3,14.29,23.81,14.29
2025-01-31,WH-DEL,East,17,4,3,1,23.53,17.65,5.88
2025-01-31,WH-DEL,North,25,4,7,4,16.0,28.0,16.0
2025-01-31,WH-DEL,South,15,5,2,4,33.33,13.33,26.67
2025-01-31,WH-DEL,West,14,1,3,6,7.14,21.43,42.86
2025-01-31,WH-HYD,Central,13,3,1,4,23.08,7.69,30.77
2025-01-31,WH-HYD,East,14,3,2,2,21.43,14.29,14.29
2025-01-31,WH-HYD,North,16,3,4,2,18.75,25.0,12.5
2025-01-31,WH-HYD,South,19,3,4,3,15.79,21.05,15.79
2025-01-31,WH-HYD,West,9,1,1,4,11.11,11.11,44.44
2025-01-31,WH-MUM,Central,18,5,2,5,27.78,11.11,27.78
2025-01-31,WH-MUM,East,15,4,1,4,26.67,6.67,26.67
2025-01-31,WH-MUM,North,26,3,8,4,11.54,30.77,15.38
2025-01-31,WH-MUM,South,19,3,3,2,15.79,15.79,10.53
2025-01-31,WH-MUM,West,12,1,3,3,8.33,25.0,25.0
2025-02-01,WH-BLR,Central,17,4,6,5,23.53,35.29,29.41
2025-02-01,WH-BLR,East,10,2,1,3,20.0,10.0,30.0
2025-02-01,WH-BLR,North,20,7,6,5,35.0,30.0,25.0
2025-02-01,WH-BLR,South,24,5,6,5,20.83,25.0,20.83
2025-02-01,WH-BLR,West,22,5,5,7,22.73,22.73,31.82
2025-02-01,WH-CHE,Central,12,2,3,2,16.67,25.0,16.67
2025-02-01,WH-CHE,East,24,3,6,7,12.5,25.0,29.17
2025-02-01,WH-CHE,North,19,6,7,3,31.58,36.84,15.79
2025-02-01,WH-CHE,South,15,1,3,4,6.67,20.0,26.67
2025-02-01,WH-CHE,West,16,3,1,6,18.75,6.25,37.5
2025-02-01,WH-DEL,Central,16,3,4,2,18.75,25.0,12.5
2025-02-01,WH-DEL,East,20,0,6,3,0.0,30.0,15.0
2025-02-01,WH-DEL,North,18,5,5,4,27.78,27.78,22.22
2025-02-01,WH-DEL,South,17,3,4,5,17.65,23.53,29.41
2025-02-01,WH-DEL,West,27,6,9,4,22.22,33.33,14.81
2025-02-01,WH-HYD,Central,10,4,3,1,40.0,30.0,10.0
2025-02-01,WH-HYD,East,17,2,3,2,11.76,17.65,11.76
2025-02-01,WH-HYD,North,20,2,3,7,10.0,15.0,35.0
2025-02-01,WH-HYD,South,16,5,3,1,31.25,18.75,6.25
2025-02-01,WH-HYD,West,27,3,5,6,11.11,18.52,22.22
2025-02-01,WH-MUM,Central,11,4,0,0,36.36,0.0,0.0
2025-02-01,WH-MUM,East,14,1,2,7,7.14,14.29,50.0
2025-02-01,WH-MUM,North,18,2,3,2,11.11,16.67,11.11
2025-02-01,WH-MUM,South,22,5,3,5,22.73,13.64,22.73
2025-02-01,WH-MUM,West,20,4,5,5,20.0,25.0,25.0
2025-02-02,WH-BLR,Central,15,4,2,5,26.67,13.33,33.33
2025-02-02,WH-BLR,East,25,7,5,4,28.0,20.0,16.0
2025-02-02,WH-BLR,North,11,1,1,5,9.09,9.09,45.45
2025-02-02,WH-BLR,South,15,5,3,3,33.33,20.0,20.0
2025-02-02,WH-BLR,West,16,1,3,3,6.25,18.75,18.75
2025-02-02,WH-CHE,Central,20,6,6,4,30.0,30.0,20.0
2025-02-02,WH-CHE,East,21,4,7,3,19.05,33.33,14.29
2025-02-02,WH-CHE,North,19,6,7,2,31.58,36.84,10.53
2025-02-02,WH-CHE,South,15,3,8,2,20.0,53.33,13.33
2025-02-02,WH-CHE,West,21,4,4,5,19.05,19.05,23.81
2025-02-02,WH-DEL,Central,22,2,5,4,9.09,22.73,18.18
2025-02-02,WH-DEL,East,17,5,0,4,29.41,0.0,23.53
2025-02-02,WH-DEL,North,10,3,5,1,30.0,50.0,10.0
2025-02-02,WH-DEL,South,24,5,4,6,20.83,16.67,25.0
2025-02-02,WH-DEL,West,22,2,5,3,9.09,22.73,13.64
2025-02-02,WH-HYD,Central,10,2,1,2,20.0,10.0,20.0
2025-02-02,WH-HYD,East,25,7,4,4,28.0,16.0,16.0
2025-02-02,WH-HYD,North,17,4,7,1,23.53,41.18,5.88
2025-02-02,WH-HYD,South,15,4,2,2,26.67,13.33,13.33
2025-02-02,WH-HYD,West,17,2,7,3,11.76,41.18,17.65
2025-02-02,WH-MUM,Central,20,3,5,4,15.0,25.0,20.0
2025-02-02,WH-MUM,East,12,0,3,3,0.0,25.0,25.0
2025-02-02,WH-MUM,North,19,1,1,7,5.26,5.26,36.84
2025-02-02,WH-MUM,South,23,6,6,4,26.09,26.09,17.39
2025-02-02,WH-MUM,West,12,2,3,1,16.67,25.0,8.33
2025-02-03,WH-BLR,Central,15,1,4,3,6.67,26.67,20.0
2025-02-03,WH-BLR,East,18,6,3,4,33.33,16.67,22.22
2025-02-03,WH-BLR,North,10,3,3,1,30.0,30.0,10.0
2025-02-03,WH-BLR,South,15,6,5,1,40.0,33.33,6.67
2025-02-03,WH-BLR,West,15,4,4,3,26.67,26.67,20.0
2025-02-03,WH-CHE,Central,13,0,4,3,0.0,30.77,23.08
2025-02-03,WH-CHE,East,21,4,2,7,19.05,9.52,33.33
2025-02-03,WH-CHE,North,17,5,1,3,29.41,5.88,17.65
2025-02-03,WH-CHE,South,12,3,3,3,25.0,25.0,25.0
2025-02-03,WH-CHE,West,20,6,0,4,30.0,0.0,20.0
2025-02-03,WH-DEL,Central,17,2,4,2,11.76,23.53,11.76
2025-02-03,WH-DEL,East,30,8,5,4,26.67,16.67,13.33
2025-02-03,WH-DEL,North,17,3,3,6,17.65,17.65,35.29
2025-02-03,WH-DEL,South,19,6,2,4,31.58,10.53,21.05
2025-02-03,WH-DEL,West,18,3,5,6,16.67,27.78,33.33
2025-02-03,WH-HYD,Central,22,5,1,6,22.73,4.55,27.27
2025-02-03,WH-HYD,East,13,4,1,4,30.77,7.69,30.77
2025-02-03,WH-HYD,North,21,3,5,2,14.29,23.81,9.52
2025-02-03,WH-HYD,South,16,2,4,3,12.5,25.0,18.75
2025-02-03,WH-HYD,West,23,6,7,4,26.09,30.43,17.39
2025-02-03,WH-MUM,Central,20,5,3,5,25.0,15.0,25.0
2025-02-03,WH-MUM,East,16,2,2,2,12.5,12.5,12.5
2025-02-03,WH-MUM,North,25,4,8,7,16.0,32.0,28.0
2025-02-03,WH-MUM,South,18,4,2,5,22.22,11.11,27.78
2025-02-03,WH-MUM,West,18,5,2,8,27.78,11.11,44.44
2025-02-04,WH-BLR,Central,18,3,4,6,16.67,22.22,33.33
2025-02-04,WH-BLR,East,14,2,3,2,14.29,21.43,14.29
2025-02-04,WH-BLR,North,13,1,3,4,7.69,23.08,30.77
2025-02-04,WH-BLR,South,16,1,7,4,6.25,43.75,25.0
2025-02-04,WH-BLR,West,15,2,3,3,13.33,20.0,20.0
2025-02-04,WH-CHE,Central,14,5,2,0,35.71,14.29,0.0
2025-02-04,WH-CHE,East,16,3,5,4,18.75,31.25,25.0
2025-02-04,WH-CHE,North,14,2,4,1,14.29,28.57,7.14
2025-02-04,WH-CHE,South,20,1,2,8,5.0,10.0,40.0
2025-02-04,WH-CHE,West,19,2,7,1,10.53,36.84,5.26
2025-02-04,WH-DEL,Central,25,5,9,3,20.0,36.0,12.0
2025-02-04,WH-DEL,East,26,7,1,5,26.92,3.85,19.23
2025-02-04,WH-DEL,North,18,2,4,3,11.11,22.22,16.67
2025-02-04,WH-DEL,South,28,6,8,6,21.43,28.57,21.43
2025-02-04,WH-DEL,West,16,4,3,4,25.0,18.75,25.0
2025-02-04,WH-HYD,Central,17,4,1,3,23.53,5.88,17.65
2025-02-04,WH-HYD,East,16,3,2,5,18.75,12.5,31.25
2025-02-04,WH-HYD,North,15,3,6,3,20.0,40.0,20.0
2025-02-04,WH-HYD,South,20,5,3,4,25.0,15.0,20.0
2025-02-04,WH-HYD,West,22,7,5,1,31.82,22.73,4.55
2025-02-04,WH-MUM,Central,14,2,4,4,14.29,28.57,28.57
2025-02-04,WH-MUM,East,13,4,4,2,30.77,30.77,15.38
2025-02-04,WH-MUM,North,17,5,4,3,29.41,23.53,17.65
2025-02-04,WH-MUM,South,22,4,6,5,18.18,27.27,22.73
2025-02-04,WH-MUM,West,18,3,3,9,16.67,16.67,50.0
2025-02-05,WH-BLR,Central,23,1,5,7,4.35,21.74,30.43
2025-02-05,WH-BLR,East,24,4,6,6,16.67,25.0,25.0
2025-02-05,WH-BLR,North,11,1,3,1,9.09,27.27,9.09
2025-02-05,WH-BLR,South,14,2,2,2,14.29,14.29,14.29
2025-02-05,WH-BLR,West,14,4,3,5,28.57,21.43,35.71
2025-02-05,WH-CHE,Central,18,5,2,3,27.78,11.11,16.67
2025-02-05,WH-CHE,East,17,5,2,5,29.41,11.76,29.41
2025-02-05,WH-CHE,North,14,3,4,4,21.43,28.57,28.57
2025-02-05,WH-CHE,South,19,6,4,2,31.58,21.05,10.53
2025-02-05,WH-CHE,West,20,3,3,4,15.0,15.0,20.0
2025-02-05,WH-DEL,Central,27,7,3,5,25.93,11.11,18.52
2025-02-05,WH-DEL,East,18,5,4,3,27.78,22.22,16.67
2025-02-05,WH-DEL,North,22,4,6,4,18.18,27.27,18.18
2025-02-05,WH-DEL,South,14,2,7,2,14.29,50.0,14.29
2025-02-05,WH-DEL,West,22,6,2,6,27.27,9.09,27.27
2025-02-05,WH-HYD,Central,20,4,2,1,20.0,10.0,5.0
2025-02-05,WH-HYD,East,28,7,5,6,25.0,17.86,21.43
2025-02-05,WH-HYD,North,26,2,7,8,7.69,26.92,30.77
2025-02-05,WH-HYD,South,17,3,4,3,17.65,23.53,17.65
2025-02-05,WH-HYD,West,21,5,4,4,23.81,19.05,19.05
2025-02-05,WH-MUM,Central,28,8,3,8,28.57,10.71,28.57
2025-02-05,WH-MUM,East,23,3,7,5,13.04,30.43,21.74
2025-02-05,WH-MUM,North,12,3,2,3,25.0,16.67,25.0
2025-02-05,WH-MUM,South,23,4,6,4,17.39,26.09,17.39
2025-02-05,WH-MUM,West,15,4,3,3,26.67,20.0,20.0
2025-02-06,WH-BLR,Central,20,3,3,1,15.0,15.0,5.0
2025-02-06,WH-BLR,East,16,4,3,3,25.0,18.75,18.75
2025-02-06,WH-BLR,North,22,6,3,5,27.27,13.64,22.73
2025-02-06,WH-BLR,South,17,3,5,3,17.65,29.41,17.65
2025-02-06,WH-BLR,West,17,3,2,3,17.65,11.76,17.65
2025-02-06,WH-CHE,Central,13,5,3,2,38.46,23.08,15.38
2025-02-06,WH-CHE,East,17,2,3,6,11.76,17.65,35.29
2025-02-06,WH-CHE,North,15,7,4,2,46.67,26.67,13.33
2025-02-06,WH-CHE,South,12,1,4,3,8.33,33.33,25.0
2025-02-06,WH-CHE,West,17,4,2,1,23.53,11.76,5.88
2025-02-06,WH-DEL,Central,18,4,2,4,22.22,11.11,22.22
2025-02-06,WH-DEL,East,20,5,4,5,25.0,20.0,25.0
2025-02-06,WH-DEL,North,19,5,4,4,26.32,21.05,21.05
2025-02-06,WH-DEL,South,18,9,2,1,50.0,11.11,5.56
2025-02-06,WH-DEL,West,12,2,1,5,16.67,8.33,41.67
2025-02-06,WH-HYD,Central,14,4,2,2,28.57,14.29,14.29
2025-02-06,WH-HYD,East,30,4,5,8,13.33,16.67,26.67
2025-02-06,WH-HYD,North,17,4,2,5,23.53,11.76,29.41
2025-02-06,WH-HYD,South,23,8,8,3,34.78,34.78,13.04
2025-02-06,WH-HYD,West,26,4,7,5,15.38,26.92,19.23
2025-02-06,WH-MUM,Central,14,2,4,1,14.29,28.57,7.14
2025-02-06,WH-MUM,East,17,4,3,4,23.53,17.65,23.53
2025-02-06,WH-MUM,North,17,3,4,4,17.65,23.53,23.53
2025-02-06,WH-MUM,South,13,3,1,2,23.08,7.69,15.38
2025-02-06,WH-MUM,West,12,2,3,2,16.67,25.0,16.67
2025-02-07,WH-BLR,Central,15,5,2,3,33.33,13.33,20.0
2025-02-07,WH-BLR,East,22,7,4,3,31.82,18.18,13.64
2025-02-07,WH-BLR,North,15,3,2,3,20.0,13.33,20.0
2025-02-07,WH-BLR,South,16,2,7,2,12.5,43.75,12.5
2025-02-07,WH-BLR,West,15,5,2,1,33.33,13.33,6.67
2025-02-07,WH-CHE,Central,11,3,2,4,27.27,18.18,36.36
2025-02-07,WH-CHE,East,25,1,10,7,4.0,40.0,28.0
2025-02-07,WH-CHE,North,18,4,3,5,22.22,16.67,27.78
2025-02-07,WH-CHE,South,22,5,6,6,22.73,27.27,27.27
2025-02-07,WH-CHE,West,20,3,2,4,15.0,10.0,20.0
2025-02-07,WH-DEL,Central,27,0,10,6,0.0,37.04,22.22
2025-02-07,WH-DEL,East,25,7,3,3,28.0,12.0,12.0
2025-02-07,WH-DEL,North,12,4,1,2,33.33,8.33,16.67
2025-02-07,WH-DEL,South,27,5,8,4,18.52,29.63,14.81
2025-02-07,WH-DEL,West,19,4,4,2,21.05,21.05,10.53
2025-02-07,WH-HYD,Central,16,5,5,4,31.25,31.25,25.0
2025-02-07,WH-HYD,East,18,5,6,0,27.78,33.33,0.0
2025-02-07,WH-HYD,North,19,4,4,0,21.05,21.05,0.0
2025-02-07,WH-HYD,South,21,3,5,3,14.29,23.81,14.29
2025-02-07,WH-HYD,West,20,3,3,7,15.0,15.0,35.0
2025-02-07,WH-MUM,Central,16,5,1,5,31.25,6.25,31.25
2025-02-07,WH-MUM,East,24,4,6,4,16.67,25.0,16.67
2025-02-07,WH-MUM,North,15,4,3,2,26.67,20.0,13.33
2025-02-07,WH-MUM,South,11,1,2,1,9.09,18.18,9.09
2025-02-07,WH-MUM,West,22,8,2,5,36.36,9.09,22.73
2025-02-08,WH-BLR,Central,16,3,6,5,18.75,37.5,31.25
2025-02-08,WH-BLR,East,14,3,4,1,21.43,28.57,7.14
2025-02-08,WH-BLR,North,23,4,3,5,17.39,13.04,21.74
2025-02-08,WH-BLR,South,18,2,4,6,11.11,22.22,33.33
2025-02-08,WH-BLR,West,19,3,4,4,15.79,21.05,21.05
2025-02-08,WH-CHE,Central,17,5,4,3,29.41,23.53,17.65
2025-02-08,WH-CHE,East,21,6,4,2,28.57,19.05,9.52
2025-02-08,WH-CHE,North,14,2,3,2,14.29,21.43,14.29
2025-02-08,WH-CHE,South,15,5,2,0,33.33,13.33,0.0
2025-02-08,WH-CHE,West,18,6,3,4,33.33,16.67,22.22
2025-02-08,WH-DEL,Central,26,6,5,9,23.08,19.23,34.62
2025-02-08,WH-DEL,East,29,9,8,8,31.03,27.59,27.59
2025-02-08,WH-DEL,North,16,3,3,5,18.75,18.75,31.25
2025-02-08,WH-DEL,South,18,6,1,4,33.33,5.56,22.22
2025-02-08,WH-DEL,West,16,1,3,3,6.25,18.75,18.75
2025-02-08,WH-HYD,Central,17,1,7,3,5.88,41.18,17.65
2025-02-08,WH-HYD,East,16,3,7,3,18.75,43.75,18.75
2025-02-08,WH-HYD,North,22,3,6,6,13.64,27.27,27.27
2025-02-08,WH-HYD,South,19,5,7,1,26.32,36.84,5.26
2025-02-08,WH-HYD,West,17,5,1,5,29.41,5.88,29.41
2025-02-08,WH-MUM,Central,18,5,3,2,27.78,16.67,11.11
2025-02-08,WH-MUM,East,22,1,6,11,4.55,27.27,50.0
2025-02-08,WH-MUM,North,11,3,1,3,27.27,9.09,27.27
2025-02-08,WH-MUM,South,17,7,3,6,41.18,17.65,35.29
2025-02-08,WH-MUM,West,15,6,3,1,40.0,20.0,6.67
2025-02-09,WH-BLR,Central,18,5,4,3,27.78,22.22,16.67
2025-02-09,WH-BLR,East,22,1,4,5,4.55,18.18,22.73
2025-02-09,WH-BLR,North,27,8,4,5,29.63,14.81,18.52
2025-02-09,WH-BLR,South,18,3,2,2,16.67,11.11,11.11
2025-02-09,WH-BLR,West,18,3,2,5,16.67,11.11,27.78
2025-02-09,WH-CHE,Central,21,3,6,6,14.29,28.57,28.57
2025-02-09,WH-CHE,East,16,2,3,8,12.5,18.75,50.0
2025-02-09,WH-CHE,North,14,6,2,2,42.86,14.29,14.29
2025-02-09,WH-CHE,South,16,1,4,3,6.25,25.0,18.75
2025-02-09,WH-CHE,West,15,2,2,5,13.33,13.33,33.33
2025-02-09,WH-DEL,Central,19,7,1,4,36.84,5.26,21.05
2025-02-09,WH-DEL,East,21,7,2,5,33.33,9.52,23.81
2025-02-09,WH-DEL,North,22,3,3,4,13.64,13.64,18.18
2025-02-09,WH-DEL,South,17,4,2,3,23.53,11.76,17.65
2025-02-09,WH-DEL,West,16,3,6,2,18.75,37.5,12.5
2025-02-09,WH-HYD,Central,22,6,5,6,27.27,22.73,27.27
2025-02-09,WH-HYD,East,18,4,7,2,22.22,38.89,11.11
2025-02-09,WH-HYD,North,21,5,4,5,23.81,19.05,23.81
2025-02-09,WH-HYD,South,22,5,4,2,22.73,18.18,9.09
2025-02-09,WH-HYD,West,12,4,0,3,33.33,0.0,25.0
2025-02-09,WH-MUM,Central,12,3,4,2,25.0,33.33,16.67
2025-02-09,WH-MUM,East,18,5,4,1,27.78,22.22,5.56
2025-02-09,WH-MUM,North,17,2,4,3,11.76,23.53,17.65
2025-02-09,WH-MUM,South,20,3,4,4,15.0,20.0,20.0
2025-02-09,WH-MUM,West,24,7,3,6,29.17,12.5,25.0
2025-02-10,WH-BLR,Central,21,2,5,8,9.52,23.81,38.1
2025-02-10,WH-BLR,East,21,5,3,4,23.81,14.29,19.05
2025-02-10,WH-BLR,North,13,5,2,2,38.46,15.38,15.38
2025-02-10,WH-BLR,South,14,6,2,1,42.86,14.29,7.14
2025-02-10,WH-BLR,West,17,2,2,5,11.76,11.76,29.41
2025-02-10,WH-CHE,Central,14,4,2,2,28.57,14.29,14.29
2025-02-10,WH-CHE,East,23,7,4,4,30.43,17.39,17.39
2025-02-10,WH-CHE,North,19,9,4,3,47.37,21.05,15.79
2025-02-10,WH-CHE,South,13,1,3,4,7.69,23.08,30.77
2025-02-10,WH-CHE,West,24,2,4,6,8.33,16.67,25.0
2025-02-10,WH-DEL,Central,25,3,3,7,12.0,12.0,28.0
2025-02-10,WH-DEL,East,20,3,3,5,15.0,15.0,25.0
2025-02-10,WH-DEL,North,15,6,3,4,40.0,20.0,26.67
2025-02-10,WH-DEL,South,18,5,3,1,27.78,16.67,5.56
2025-02-10,WH-DEL,West,28,8,3,5,28.57,10.71,17.86
2025-02-10,WH-HYD,Central,27,2,5,10,7.41,18.52,37.04
2025-02-10,WH-HYD,East,19,5,3,6,26.32,15.79,31.58
2025-02-10,WH-HYD,North,21,6,3,4,28.57,14.29,19.05
2025-02-10,WH-HYD,South,18,4,4,4,22.22,22.22,22.22
2025-02-10,WH-HYD,West,13,7,2,1,53.85,15.38,7.69
2025-02-10,WH-MUM,Central,25,3,5,4,12.0,20.0,16.0
2025-02-10,WH-MUM,East,30,8,6,7,26.67,20.0,23.33
2025-02-10,WH-MUM,North,17,2,4,5,11.76,23.53,29.41
2025-02-10,WH-MUM,South,14,2,2,4,14.29,14.29,28.57
2025-02-10,WH-MUM,West,18,5,5,1,27.78,27.78,5.56
2025-02-11,WH-BLR,Central,21,6,4,4,28.57,19.05,19.05
2025-02-11,WH-BLR,East,18,6,5,2,33.33,27.78,11.11
2025-02-11,WH-BLR,North,15,2,4,2,13.33,26.67,13.33
2025-02-11,WH-BLR,South,24,3,9,2,12.5,37.5,8.33
2025-02-11,WH-BLR,West,24,3,6,1,12.5,25.0,4.17
2025-02-11,WH-CHE,Central,20,11,1,5,55.0,5.0,25.0
2025-02-11,WH-CHE,East,13,3,3,4,23.08,23.08,30.77
2025-02-11,WH-CHE,North,23,7,3,4,30.43,13.04,17.39
2025-02-11,WH-CHE,South,14,3,6,2,21.43,42.86,14.29
2025-02-11,WH-CHE,West,13,2,5,2,15.38,38.46,15.38
2025-02-11,WH-DEL,Central,24,6,7,2,25.0,29.17,8.33
2025-02-11,WH-DEL,East,16,3,5,4,18.75,31.25,25.0
2025-02-11,WH-DEL,North,16,3,4,1,18.75,25.0,6.25
2025-02-11,WH-DEL,South,20,4,5,4,20.0,25.0,20.0
2025-02-11,WH-DEL,West,17,4,1,5,23.53,5.88,29.41
2025-02-11,WH-HYD,Central,17,1,6,3,5.88,35.29,17.65
2025-02-11,WH-HYD,East,15,4,4,2,26.67,26.67,13.33
2025-02-11,WH-HYD,North,17,2,4,5,11.76,23.53,29.41
2025-02-11,WH-HYD,South,15,5,1,3,33.33,6.67,20.0
2025-02-11,WH-HYD,West,18,5,3,5,27.78,16.67,27.78
2025-02-11,WH-MUM,Central,18,2,2,6,11.11,11.11,33.33
2025-02-11,WH-MUM,East,18,4,5,3,22.22,27.78,16.67
2025-02-11,WH-MUM,North,17,4,5,1,23.53,29.41,5.88
2025-02-11,WH-MUM,South,17,2,6,3,11.76,35.29,17.65
2025-02-11,WH-MUM,West,10,4,3,0,40.0,30.0,0.0
2025-02-12,WH-BLR,Central,18,4,6,5,22.22,33.33,27.78
2025-02-12,WH-BLR,East,20,6,4,4,30.0,20.0,20.0
2025-02-12,WH-BLR,North,22,4,3,6,18.18,13.64,27.27
2025-02-12,WH-BLR,South,18,4,3,4,22.22,16.67,22.22
2025-02-12,WH-BLR,West,22,3,2,4,13.64,9.09,18.18
2025-02-12,WH-CHE,Central,20,7,3,3,35.0,15.0,15.0
2025-02-12,WH-CHE,East,20,2,5,6,10.0,25.0,30.0
2025-02-12,WH-CHE,North,16,3,4,2,18.75,25.0,12.5
2025-02-12,WH-CHE,South,19,2,5,4,10.53,26.32,21.05
2025-02-12,WH-CHE,West,20,2,6,7,10.0,30.0,35.0
2025-02-12,WH-DEL,Central,24,6,7,3,25.0,29.17,12.5
2025-02-12,WH-DEL,East,14,2,2,2,14.29,14.29,14.29
2025-02-12,WH-DEL,North,20,3,5,7,15.0,25.0,35.0
2025-02-12,WH-DEL,South,14,3,2,0,21.43,14.29,0.0
2025-02-12,WH-DEL,West,15,2,4,3,13.33,26.67,20.0
2025-02-12,WH-HYD,Central,24,4,8,6,16.67,33.33,25.0
2025-02-12,WH-HYD,East,15,3,3,3,20.0,20.0,20.0
2025-02-12,WH-HYD,North,17,2,3,2,11.76,17.65,11.76
2025-02-12,WH-HYD,South,19,5,5,4,26.32,26.32,21.05
2025-02-12,WH-HYD,West,15,2,2,5,13.33,13.33,33.33
2025-02-12,WH-MUM,Central,30,5,8,9,16.67,26.67,30.0
2025-02-12,WH-MUM,East,15,3,4,3,20.0,26.67,20.0
2025-02-12,WH-MUM,North,12,0,6,2,0.0,50.0,16.67
2025-02-12,WH-MUM,South,16,3,2,1,18.75,12.5,6.25
2025-02-12,WH-MUM,West,17,3,5,3,17.65,29.41,17.65
2025-02-13,WH-BLR,Central,11,0,4,4,0.0,36.36,36.36
2025-02-13,WH-BLR,East,11,4,0,1,36.36,0.0,9.09
2025-02-13,WH-BLR,North,21,3,8,3,14.29,38.1,14.29
2025-02-13,WH-BLR,South,13,3,4,1,23.08,30.77,7.69
2025-02-13,WH-BLR,West,18,2,5,3,11.11,27.78,16.67
2025-02-13,WH-CHE,Central,18,5,4,3,27.78,22.22,16.67
2025-02-13,WH-CHE,East,17,3,4,4,17.65,23.53,23.53
2025-02-13,WH-CHE,North,16,3,5,4,18.75,31.25,25.0
2025-02-13,WH-CHE,South,14,4,2,6,28.57,14.29,42.86
2025-02-13,WH-CHE,West,18,1,4,3,5.56,22.22,16.67
2025-02-13,WH-DEL,Central,15,3,5,4,20.0,33.33,26.67
2025-02-13,WH-DEL,East,10,3,1,1,30.0,10.0,10.0
2025-02-13,WH-DEL,North,15,2,1,3,13.33,6.67,20.0
2025-02-13,WH-DEL,South,22,5,4,3,22.73,18.18,13.64
2025-02-13,WH-DEL,West,16,1,5,5,6.25,31.25,31.25
2025-02-13,WH-HYD,Central,16,3,3,3,18.75,18.75,18.75
2025-02-13,WH-HYD,East,22,4,5,3,18.18,22.73,13.64
2025-02-13,WH-HYD,North,14,2,1,2,14.29,7.14,14.29
2025-02-13,WH-HYD,South,16,4,3,5,25.0,18.75,31.25
2025-02-13,WH-HYD,West,22,6,6,5,27.27,27.27,22.73
2025-02-13,WH-MUM,Central,12,0,4,5,0.0,33.33,41.67
2025-02-13,WH-MUM,East,19,3,3,6,15.79,15.79,31.58
2025-02-13,WH-MUM,North,19,4,2,7,21.05,10.53,36.84
2025-02-13,WH-MUM,South,24,2,3,8,8.33,12.5,33.33
2025-02-13,WH-MUM,West,18,3,5,2,16.67,27.78,11.11
2025-02-14,WH-BLR,Central,21,4,6,5,19.05,28.57,23.81
2025-02-14,WH-BLR,East,17,3,3,3,17.65,17.65,17.65
2025-02-14,WH-BLR,North,18,3,3,3,16.67,16.67,16.67
2025-02-14,WH-BLR,South,20,3,6,2,15.0,30.0,10.0
2025-02-14,WH-BLR,West,31,8,3,9,25.81,9.68,29.03
2025-02-14,WH-CHE,Central,11,0,3,3,0.0,27.27,27.27
2025-02-14,WH-CHE,East,16,3,6,4,18.75,37.5,25.0
2025-02-14,WH-CHE,North,19,4,6,2,21.05,31.58,10.53
2025-02-14,WH-CHE,South,19,1,4,5,5.26,21.05,26.32
2025-02-14,WH-CHE,West,23,8,4,6,34.78,17.39,26.09
2025-02-14,WH-DEL,Central,22,4,8,4,18.18,36.36,18.18
2025-02-14,WH-DEL,East,10,3,1,3,30.0,10.0,30.0
2025-02-14,WH-DEL,North,19,3,5,3,15.79,26.32,15.79
2025-02-14,WH-DEL,South,22,2,5,5,9.09,22.73,22.73
2025-02-14,WH-DEL,West,15,0,4,5,0.0,26.67,33.33
2025-02-14,WH-HYD,Central,17,7,4,3,41.18,23.53,17.65
2025-02-14,WH-HYD,East,14,0,2,2,0.0,14.29,14.29
2025-02-14,WH-HYD,North,24,1,10,5,4.17,41.67,20.83
2025-02-14,WH-HYD,South,23,7,5,5,30.43,21.74,21.74
2025-02-14,WH-HYD,West,20,3,5,6,15.0,25.0,30.0
2025-02-14,WH-MUM,Central,23,4,4,5,17.39,17.39,21.74
2025-02-14,WH-MUM,East,19,6,8,2,31.58,42.11,10.53
2025-02-14,WH-MUM,North,20,7,2,6,35.0,10.0,30.0
2025-02-14,WH-MUM,South,22,2,7,5,9.09,31.82,22.73
2025-02-14,WH-MUM,West,15,4,7,3,26.67,46.67,20.0
2025-02-15,WH-BLR,Central,18,3,4,3,16.67,22.22,16.67
2025-02-15,WH-BLR,East,15,1,3,1,6.67,20.0,6.67
2025-02-15,WH-BLR,North,18,5,4,5,27.78,22.22,27.78
2025-02-15,WH-BLR,South,19,3,3,3,15.79,15.79,15.79
2025-02-15,WH-BLR,West,13,4,2,2,30.77,15.38,15.38
2025-02-15,WH-CHE,Central,18,6,3,4,33.33,16.67,22.22
2025-02-15,WH-CHE,East,22,9,4,2,40.91,18.18,9.09
2025-02-15,WH-CHE,North,20,5,5,3,25.0,25.0,15.0
2025-02-15,WH-CHE,South,22,7,4,5,31.82,18.18,22.73
2025-02-15,WH-CHE,West,20,3,6,3,15.0,30.0,15.0
2025-02-15,WH-DEL,Central,13,2,4,4,15.38,30.77,30.77
2025-02-15,WH-DEL,East,15,3,6,3,20.0,40.0,20.0
2025-02-15,WH-DEL,North,17,5,0,5,29.41,0.0,29.41
2025-02-15,WH-DEL,South,20,3,3,3,15.0,15.0,15.0
2025-02-15,WH-DEL,West,18,2,4,6,11.11,22.22,33.33
2025-02-15,WH-HYD,Central,14,1,5,3,7.14,35.71,21.43
2025-02-15,WH-HYD,East,15,3,6,1,20.0,40.0,6.67
2025-02-15,WH-HYD,North,11,1,2,3,9.09,18.18,27.27
2025-02-15,WH-HYD,South,22,3,4,1,13.64,18.18,4.55
2025-02-15,WH-HYD,West,28,5,5,8,17.86,17.86,28.57
2025-02-15,WH-MUM,Central,22,5,4,5,22.73,18.18,22.73
2025-02-15,WH-MUM,East,21,6,2,3,28.57,9.52,14.29
2025-02-15,WH-MUM,North,18,3,5,3,16.67,27.78,16.67
2025-02-15,WH-MUM,South,23,6,4,5,26.09,17.39,21.74
2025-02-15,WH-MUM,West,23,5,6,5,21.74,26.09,21.74
2025-02-16,WH-BLR,Central,17,2,5,6,11.76,29.41,35.29
2025-02-16,WH-BLR,East,22,6,3,3,27.27,13.64,13.64
2025-02-16,WH-BLR,North,14,4,5,1,28.57,35.71,7.14
2025-02-16,WH-BLR,South,16,2,6,2,12.5,37.5,12.5
2025-02-16,WH-BLR,West,26,7,3,8,26.92,11.54,30.77
2025-02-16,WH-CHE,Central,11,1,3,2,9.09,27.27,18.18
2025-02-16,WH-CHE,East,15,4,3,1,26.67,20.0,6.67
2025-02-16,WH-CHE,North,20,2,2,7,10.0,10.0,35.0
2025-02-16,WH-CHE,South,21,4,2,3,19.05,9.52,14.29
2025-02-16,WH-CHE,West,21,5,2,5,23.81,9.52,23.81
2025-02-16,WH-DEL,Central,19,6,3,2,31.58,15.79,10.53
2025-02-16,WH-DEL,East,27,5,4,12,18.52,14.81,44.44
2025-02-16,WH-DEL,North,21,6,6,2,28.57,28.57,9.52
2025-02-16,WH-DEL,South,25,5,5,6,20.0,20.0,24.0
2025-02-16,WH-DEL,West,22,3,4,3,13.64,18.18,13.64
2025-02-16,WH-HYD,Central,16,4,3,1,25.0,18.75,6.25
2025-02-16,WH-HYD,East,23,7,4,2,30.43,17.39,8.7
2025-02-16,WH-HYD,North,22,5,3,5,22.73,13.64,22.73
2025-02-16,WH-HYD,South,11,1,2,2,9.09,18.18,18.18
2025-02-16,WH-HYD,West,26,8,3,4,30.77,11.54,15.38
2025-02-16,WH-MUM,Central,20,7,2,8,35.0,10.0,40.0
2025-02-16,WH-MUM,East,13,4,3,1,30.77,23.08,7.69
2025-02-16,WH-MUM,North,14,4,2,3,28.57,14.29,21.43
2025-02-16,WH-MUM,South,11,3,0,2,27.27,0.0,18.18
2025-02-16,WH-MUM,West,23,4,4,7,17.39,17.39,30.43
2025-02-17,WH-BLR,Central,18,4,4,2,22.22,22.22,11.11
2025-02-17,WH-BLR,East,18,6,2,3,33.33,11.11,16.67
2025-02-17,WH-BLR,North,21,4,2,6,19.05,9.52,28.57
2025-02-17,WH-BLR,South,16,1,4,5,6.25,25.0,31.25
2025-02-17,WH-BLR,West,17,2,4,2,11.76,23.53,11.76
2025-02-17,WH-CHE,Central,13,1,5,2,7.69,38.46,15.38
2025-02-17,WH-CHE,East,13,1,4,4,7.69,30.77,30.77
2025-02-17,WH-CHE,North,18,6,5,3,33.33,27.78,16.67
2025-02-17,WH-CHE,South,10,2,6,1,20.0,60.0,10.0
2025-02-17,WH-CHE,West,20,0,5,7,0.0,25.0,35.0
2025-02-17,WH-DEL,Central,21,7,4,5,33.33,19.05,23.81
2025-02-17,WH-DEL,East,14,4,1,5,28.57,7.14,35.71
2025-02-17,WH-DEL,North,24,6,4,4,25.0,16.67,16.67
2025-02-17,WH-DEL,South,11,0,4,2,0.0,36.36,18.18
2025-02-17,WH-DEL,West,17,2,4,4,11.76,23.53,23.53
2025-02-17,WH-HYD,Central,19,7,2,1,36.84,10.53,5.26
2025-02-17,WH-HYD,East,14,5,2,1,35.71,14.29,7.14
2025-02-17,WH-HYD,North,30,5,8,9,16.67,26.67,30.0
2025-02-17,WH-HYD,South,15,6,2,2,40.0,13.33,13.33
2025-02-17,WH-HYD,West,17,3,1,4,17.65,5.88,23.53
2025-02-17,WH-MUM,Central,21,3,5,5,14.29,23.81,23.81
2025-02-17,WH-MUM,East,21,5,5,2,23.81,23.81,9.52
2025-02-17,WH-MUM,North,15,6,3,0,40.0,20.0,0.0
2025-02-17,WH-MUM,South,21,2,3,3,9.52,14.29,14.29
2025-02-17,WH-MUM,West,16,3,6,1,18.75,37.5,6.25
2025-02-18,WH-BLR,Central,16,6,5,2,37.5,31.25,12.5
2025-02-18,WH-BLR,East,14,3,3,3,21.43,21.43,21.43
2025-02-18,WH-BLR,North,22,3,4,3,13.64,18.18,13.64
2025-02-18,WH-BLR,South,30,8,4,10,26.67,13.33,33.33
2025-02-18,WH-BLR,West,14,4,3,3,28.57,21.43,21.43
2025-02-18,WH-CHE,Central,20,5,8,2,25.0,40.0,10.0
2025-02-18,WH-CHE,East,19,5,3,2,26.32,15.79,10.53
2025-02-18,WH-CHE,North,23,3,4,5,13.04,17.39,21.74
2025-02-18,WH-CHE,South,24,3,3,3,12.5,12.5,12.5
2025-02-18,WH-CHE,West,21,5,6,2,23.81,28.57,9.52
2025-02-18,WH-DEL,Central,22,5,5,4,22.73,22.73,18.18
2025-02-18,WH-DEL,East,14,4,0,2,28.57,0.0,14.29
2025-02-18,WH-DEL,North,19,3,4,3,15.79,21.05,15.79
2025-02-18,WH-DEL,South,19,3,1,6,15.79,5.26,31.58
2025-02-18,WH-DEL,West,19,4,4,4,21.05,21.05,21.05
2025-02-18,WH-HYD,Central,21,4,4,5,19.05,19.05,23.81
2025-02-18,WH-HYD,East,22,8,3,5,36.36,13.64,22.73
2025-02-18,WH-HYD,North,23,3,3,5,13.04,13.04,21.74
2025-02-18,WH-HYD,South,19,4,4,3,21.05,21.05,15.79
2025-02-18,WH-HYD,West,26,9,3,3,34.62,11.54,11.54
2025-02-18,WH-MUM,Central,14,4,3,5,28.57,21.43,35.71
2025-02-18,WH-MUM,East,20,3,4,8,15.0,20.0,40.0
2025-02-18,WH-MUM,North,21,3,5,3,14.29,23.81,14.29
2025-02-18,WH-MUM,South,20,5,3,5,25.0,15.0,25.0
2025-02-18,WH-MUM,West,18,5,4,4,27.78,22.22,22.22
2025-02-19,WH-BLR,Central,15,6,2,1,40.0,13.33,6.67
2025-02-19,WH-BLR,East,8,2,2,2,25.0,25.0,25.0
2025-02-19,WH-BLR,North,18,6,2,1,33.33,11.11,5.56
2025-02-19,WH-BLR,South,20,3,6,5,15.0,30.0,25.0
2025-02-19,WH-BLR,West,12,2,3,3,16.67,25.0,25.0
2025-02-19,WH-CHE,Central,18,6,3,5,33.33,16.67,27.78
2025-02-19,WH-CHE,East,20,3,3,7,15.0,15.0,35.0
2025-02-19,WH-CHE,North,17,3,3,2,17.65,17.65,11.76
2025-02-19,WH-CHE,South,17,5,2,1,29.41,11.76,5.88
2025-02-19,WH-CHE,West,16,3,5,2,18.75,31.25,12.5
2025-02-19,WH-DEL,Central,16,3,4,3,18.75,25.0,18.75
2025-02-19,WH-DEL,East,17,3,4,4,17.65,23.53,23.53
2025-02-19,WH-DEL,North,16,5,5,0,31.25,31.25,0.0
2025-02-19,WH-DEL,South,23,5,4,5,21.74,17.39,21.74
2025-02-19,WH-DEL,West,28,6,3,8,21.43,10.71,28.57
2025-02-19,WH-HYD,Central,25,8,8,1,32.0,32.0,4.0
2025-02-19,WH-HYD,East,23,2,3,8,8.7,13.04,34.78
2025-02-19,WH-HYD,North,22,5,5,5,22.73,22.73,22.73
2025-02-19,WH-HYD,South,16,3,5,4,18.75,31.25,25.0
2025-02-19,WH-HYD,West,21,5,0,5,23.81,0.0,23.81
2025-02-19,WH-MUM,Central,25,4,3,10,16.0,12.0,40.0
2025-02-19,WH-MUM,East,17,2,8,3,11.76,47.06,17.65
2025-02-19,WH-MUM,North,14,3,1,2,21.43,7.14,14.29
2025-02-19,WH-MUM,South,22,3,5,7,13.64,22.73,31.82
2025-02-19,WH-MUM,West,14,5,2,1,35.71,14.29,7.14
2025-02-20,WH-BLR,Central,23,4,3,5,17.39,13.04,21.74
2025-02-20,WH-BLR,East,16,1,2,4,6.25,12.5,25.0
2025-02-20,WH-BLR,North,17,3,4,3,17.65,23.53,17.65
2025-02-20,WH-BLR,South,17,0,4,4,0.0,23.53,23.53
2025-02-20,WH-BLR,West,17,1,6,5,5.88,35.29,29.41
2025-02-20,WH-CHE,Central,18,4,4,1,22.22,22.22,5.56
2025-02-20,WH-CHE,East,20,6,4,3,30.0,20.0,15.0
2025-02-20,WH-CHE,North,23,7,3,6,30.43,13.04,26.09
2025-02-20,WH-CHE,South,16,5,2,4,31.25,12.5,25.0
2025-02-20,WH-CHE,West,13,3,2,0,23.08,15.38,0.0
2025-02-20,WH-DEL,Central,16,3,1,8,18.75,6.25,50.0
2025-02-20,WH-DEL,East,15,4,3,1,26.67,20.0,6.67
2025-02-20,WH-DEL,North,12,5,1,2,41.67,8.33,16.67
2025-02-20,WH-DEL,South,20,4,3,5,20.0,15.0,25.0
2025-02-20,WH-DEL,West,22,5,7,1,22.73,31.82,4.55
2025-02-20,WH-HYD,Central,22,6,5,4,27.27,22.73,18.18
2025-02-20,WH-HYD,East,10,1,3,3,10.0,30.0,30.0
2025-02-20,WH-HYD,North,18,6,4,2,33.33,22.22,11.11
2025-02-20,WH-HYD,South,26,6,3,5,23.08,11.54,19.23
2025-02-20,WH-HYD,West,23,3,6,4,13.04,26.09,17.39
2025-02-20,WH-MUM,Central,14,1,2,4,7.14,14.29,28.57
2025-02-20,WH-MUM,East,24,4,9,3,16.67,37.5,12.5
2025-02-20,WH-MUM,North,19,7,3,0,36.84,15.79,0.0
2025-02-20,WH-MUM,South,17,5,7,1,29.41,41.18,5.88
2025-02-20,WH-MUM,West,13,4,0,2,30.77,0.0,15.38
2025-02-21,WH-BLR,Central,17,7,1,5,41.18,5.88,29.41
2025-02-21,WH-BLR,East,24,7,3,7,29.17,12.5,29.17
2025-02-21,WH-BLR,North,23,1,2,6,4.35,8.7,26.09
2025-02-21,WH-BLR,South,17,2,4,4,11.76,23.53,23.53
2025-02-21,WH-BLR,West,25,6,2,2,24.0,8.0,8.0
2025-02-21,WH-CHE,Central,17,2,4,5,11.76,23.53,29.41
2025-02-21,WH-CHE,East,30,5,6,7,16.67,20.0,23.33
2025-02-21,WH-CHE,North,20,0,6,3,0.0,30.0,15.0
2025-02-21,WH-CHE,South,26,4,7,3,15.38,26.92,11.54
2025-02-21,WH-CHE,West,25,5,7,4,20.0,28.0,16.0
2025-02-21,WH-DEL,Central,16,4,5,2,25.0,31.25,12.5
2025-02-21,WH-DEL,East,23,7,4,7,30.43,17.39,30.43
2025-02-21,WH-DEL,North,28,5,3,6,17.86,10.71,21.43
2025-02-21,WH-DEL,South,14,2,2,2,14.29,14.29,14.29
2025-02-21,WH-DEL,West,25,5,6,4,20.0,24.0,16.0
2025-02-21,WH-HYD,Central,23,3,5,5,13.04,21.74,21.74
2025-02-21,WH-HYD,East,11,1,3,4,9.09,27.27,36.36
2025-02-21,WH-HYD,North,16,5,6,1,31.25,37.5,6.25
2025-02-21,WH-HYD,South,16,3,2,4,18.75,12.5,25.0
2025-02-21,WH-HYD,West,17,5,3,3,29.41,17.65,17.65
2025-02-21,WH-MUM,Central,16,1,3,5,6.25,18.75,31.25
2025-02-21,WH-MUM,East,16,4,1,4,25.0,6.25,25.0
2025-02-21,WH-MUM,North,23,3,6,8,13.04,26.09,34.78
2025-02-21,WH-MUM,South,25,3,5,8,12.0,20.0,32.0
2025-02-21,WH-MUM,West,12,3,2,2,25.0,16.67,16.67
2025-02-22,WH-BLR,Central,16,1,4,7,6.25,25.0,43.75
2025-02-22,WH-BLR,East,14,3,3,3,21.43,21.43,21.43
2025-02-22,WH-BLR,North,27,3,3,7,11.11,11.11,25.93
2025-02-22,WH-BLR,South,16,3,3,4,18.75,18.75,25.0
2025-02-22,WH-BLR,West,22,3,4,5,13.64,18.18,22.73
2025-02-22,WH-CHE,Central,25,5,10,5,20.0,40.0,20.0
2025-02-22,WH-CHE,East,18,3,3,2,16.67,16.67,11.11
2025-02-22,WH-CHE,North,27,4,7,7,14.81,25.93,25.93
2025-02-22,WH-CHE,South,14,1,4,5,7.14,28.57,35.71
2025-02-22,WH-CHE,West,13,0,4,5,0.0,30.77,38.46
2025-02-22,WH-DEL,Central,15,5,2,4,33.33,13.33,26.67
2025-02-22,WH-DEL,East,16,3,5,5,18.75,31.25,31.25
2025-02-22,WH-DEL,North,16,2,3,3,12.5,18.75,18.75
2025-02-22,WH-DEL,South,25,4,5,6,16.0,20.0,24.0
2025-02-22,WH-DEL,West,22,8,3,1,36.36,13.64,4.55
2025-02-22,WH-HYD,Central,20,8,2,4,40.0,10.0,20.0
2025-02-22,WH-HYD,East,17,1,4,8,5.88,23.53,47.06
2025-02-22,WH-HYD,North,31,7,8,5,22.58,25.81,16.13
2025-02-22,WH-HYD,South,16,3,2,2,18.75,12.5,12.5
2025-02-22,WH-HYD,West,20,3,4,2,15.0,20.0,10.0
2025-02-22,WH-MUM,Central,20,6,1,3,30.0,5.0,15.0
2025-02-22,WH-MUM,East,19,6,3,3,31.58,15.79,15.79
2025-02-22,WH-MUM,North,23,5,5,3,21.74,21.74,13.04
2025-02-22,WH-MUM,South,19,4,5,4,21.05,26.32,21.05
2025-02-22,WH-MUM,West,19,8,4,1,42.11,21.05,5.26
2025-02-23,WH-BLR,Central,27,7,7,5,25.93,25.93,18.52
2025-02-23,WH-BLR,East,19,5,2,5,26.32,10.53,26.32
2025-02-23,WH-BLR,North,15,0,2,4,0.0,13.33,26.67
2025-02-23,WH-BLR,South,18,2,5,5,11.11,27.78,27.78
2025-02-23,WH-BLR,West,18,6,2,2,33.33,11.11,11.11
2025-02-23,WH-CHE,Central,22,2,8,3,9.09,36.36,13.64
2025-02-23,WH-CHE,East,17,3,5,3,17.65,29.41,17.65
2025-02-23,WH-CHE,North,18,2,3,5,11.11,16.67,27.78
2025-02-23,WH-CHE,South,20,6,2,4,30.0,10.0,20.0
2025-02-23,WH-CHE,West,8,0,1,1,0.0,12.5,12.5
2025-02-23,WH-DEL,Central,21,3,6,6,14.29,28.57,28.57
2025-02-23,WH-DEL,East,26,7,4,2,26.92,15.38,7.69
2025-02-23,WH-DEL,North,24,7,4,3,29.17,16.67,12.5
2025-02-23,WH-DEL,South,20,4,6,4,20.0,30.0,20.0
2025-02-23,WH-DEL,West,18,3,4,5,16.67,22.22,27.78
2025-02-23,WH-HYD,Central,21,5,5,4,23.81,23.81,19.05
2025-02-23,WH-HYD,East,18,4,4,3,22.22,22.22,16.67
2025-02-23,WH-HYD,North,17,5,2,5,29.41,11.76,29.41
2025-02-23,WH-HYD,South,19,3,3,3,15.79,15.79,15.79
2025-02-23,WH-HYD,West,13,2,5,1,15.38,38.46,7.69
2025-02-23,WH-MUM,Central,23,4,9,2,17.39,39.13,8.7
2025-02-23,WH-MUM,East,15,2,3,3,13.33,20.0,20.0
2025-02-23,WH-MUM,North,21,6,4,6,28.57,19.05,28.57
2025-02-23,WH-MUM,South,18,1,3,3,5.56,16.67,16.67
2025-02-23,WH-MUM,West,21,5,5,5,23.81,23.81,23.81
2025-02-24,WH-BLR,Central,19,3,1,2,15.79,5.26,10.53
2025-02-24,WH-BLR,East,18,2,5,2,11.11,27.78,11.11
2025-02-24,WH-BLR,North,30,5,4,6,16.67,13.33,20.0
2025-02-24,WH-BLR,South,25,3,5,4,12.0,20.0,16.0
2025-02-24,WH-BLR,West,25,4,5,1,16.0,20.0,4.0
2025-02-24,WH-CHE,Central,21,3,4,2,14.29,19.05,9.52
2025-02-24,WH-CHE,East,22,5,6,6,22.73,27.27,27.27
2025-02-24,WH-CHE,North,15,5,3,3,33.33,20.0,20.0
2025-02-24,WH-CHE,South,15,4,4,1,26.67,26.67,6.67
2025-02-24,WH-CHE,West,21,5,2,3,23.81,9.52,14.29
2025-02-24,WH-DEL,Central,23,3,4,6,13.04,17.39,26.09
2025-02-24,WH-DEL,East,19,2,5,4,10.53,26.32,21.05
2025-02-24,WH-DEL,North,16,1,1,3,6.25,6.25,18.75
2025-02-24,WH-DEL,South,11,1,1,4,9.09,9.09,36.36
2025-02-24,WH-DEL,West,21,1,4,3,4.76,19.05,14.29
2025-02-24,WH-HYD,Central,12,1,4,2,8.33,33.33,16.67
2025-02-24,WH-HYD,East,14,2,6,2,14.29,42.86,14.29
2025-02-24,WH-HYD,North,21,4,2,9,19.05,9.52,42.86
2025-02-24,WH-HYD,South,9,0,3,0,0.0,33.33,0.0
2025-02-24,WH-HYD,West,17,2,2,4,11.76,11.76,23.53
2025-02-24,WH-MUM,Central,28,4,6,6,14.29,21.43,21.43
2025-02-24,WH-MUM,East,21,6,7,2,28.57,33.33,9.52
2025-02-24,WH-MUM,North,15,4,3,2,26.67,20.0,13.33
2025-02-24,WH-MUM,South,22,2,4,7,9.09,18.18,31.82
2025-02-24,WH-MUM,West,19,7,4,3,36.84,21.05,15.79
2025-02-25,WH-BLR,Central,19,4,4,7,21.05,21.05,36.84
2025-02-25,WH-BLR,East,22,5,2,7,22.73,9.09,31.82
2025-02-25,WH-BLR,North,21,6,2,5,28.57,9.52,23.81
2025-02-25,WH-BLR,South,27,4,10,4,14.81,37.04,14.81
2025-02-25,WH-BLR,West,10,2,2,3,20.0,20.0,30.0
2025-02-25,WH-CHE,Central,19,3,3,7,15.79,15.79,36.84
2025-02-25,WH-CHE,East,28,6,3,5,21.43,10.71,17.86
2025-02-25,WH-CHE,North,19,3,3,8,15.79,15.79,42.11
2025-02-25,WH-CHE,South,19,2,4,5,10.53,21.05,26.32
2025-02-25,WH-CHE,West,18,7,1,2,38.89,5.56,11.11
2025-02-25,WH-DEL,Central,18,3,2,3,16.67,11.11,16.67
2025-02-25,WH-DEL,East,23,2,8,2,8.7,34.78,8.7
2025-02-25,WH-DEL,North,22,2,7,3,9.09,31.82,13.64
2025-02-25,WH-DEL,South,17,3,2,4,17.65,11.76,23.53
2025-02-25,WH-DEL,West,8,1,0,3,12.5,0.0,37.5
2025-02-25,WH-HYD,Central,17,3,4,3,17.65,23.53,17.65
2025-02-25,WH-HYD,East,16,4,3,1,25.0,18.75,6.25
2025-02-25,WH-HYD,North,24,2,5,9,8.33,20.83,37.5
2025-02-25,WH-HYD,South,19,5,4,3,26.32,21.05,15.79
2025-02-25,WH-HYD,West,16,5,4,1,31.25,25.0,6.25
2025-02-25,WH-MUM,Central,21,8,4,2,38.1,19.05,9.52
2025-02-25,WH-MUM,East,14,5,1,0,35.71,7.14,0.0
2025-02-25,WH-MUM,North,15,2,2,3,13.33,13.33,20.0
2025-02-25,WH-MUM,South,13,2,4,1,15.38,30.77,7.69
2025-02-25,WH-MUM,West,16,5,1,5,31.25,6.25,31.25
2025-02-26,WH-BLR,Central,24,6,4,3,25.0,16.67,12.5
2025-02-26,WH-BLR,East,18,4,2,3,22.22,11.11,16.67
2025-02-26,WH-BLR,North,26,8,4,3,30.77,15.38,11.54
2025-02-26,WH-BLR,South,19,1,5,5,5.26,26.32,26.32
2025-02-26,WH-BLR,West,15,5,5,0,33.33,33.33,0.0
2025-02-26,WH-CHE,Central,15,2,4,1,13.33,26.67,6.67
2025-02-26,WH-CHE,East,21,4,2,7,19.05,9.52,33.33
2025-02-26,WH-CHE,North,21,6,8,4,28.57,38.1,19.05
2025-02-26,WH-CHE,South,19,4,5,3,21.05,26.32,15.79
2025-02-26,WH-CHE,West,23,6,4,6,26.09,17.39,26.09
2025-02-26,WH-DEL,Central,16,3,5,6,18.75,31.25,37.5
2025-02-26,WH-DEL,East,15,2,5,1,13.33,33.33,6.67
2025-02-26,WH-DEL,North,13,2,2,4,15.38,15.38,30.77
2025-02-26,WH-DEL,South,12,2,3,2,16.67,25.0,16.67
2025-02-26,WH-DEL,West,24,5,3,3,20.83,12.5,12.5
2025-02-26,WH-HYD,Central,16,2,1,2,12.5,6.25,12.5
2025-02-26,WH-HYD,East,18,2,5,0,11.11,27.78,0.0
2025-02-26,WH-HYD,North,14,1,1,6,7.14,7.14,42.86
2025-02-26,WH-HYD,South,13,1,1,4,7.69,7.69,30.77
2025-02-26,WH-HYD,West,20,4,4,4,20.0,20.0,20.0
2025-02-26,WH-MUM,Central,21,6,3,6,28.57,14.29,28.57
2025-02-26,WH-MUM,East,20,2,6,3,10.0,30.0,15.0
2025-02-26,WH-MUM,North,18,4,3,4,22.22,16.67,22.22
2025-02-26,WH-MUM,South,9,2,3,1,22.22,33.33,11.11
2025-02-26,WH-MUM,West,19,6,3,4,31.58,15.79,21.05
2025-02-27,WH-BLR,Central,19,7,3,2,36.84,15.79,10.53
2025-02-27,WH-BLR,East,24,5,7,1,20.83,29.17,4.17
2025-02-27,WH-BLR,North,25,8,3,7,32.0,12.0,28.0
2025-02-27,WH-BLR,South,25,9,5,3,36.0,20.0,12.0
2025-02-27,WH-BLR,West,13,1,2,5,7.69,15.38,38.46
2025-02-27,WH-CHE,Central,22,7,5,1,31.82,22.73,4.55
2025-02-27,WH-CHE,East,15,4,2,1,26.67,13.33,6.67
2025-02-27,WH-CHE,North,19,3,5,4,15.79,26.32,21.05
2025-02-27,WH-CHE,South,23,8,1,4,34.78,4.35,17.39
2025-02-27,WH-CHE,West,20,5,3,3,25.0,15.0,15.0
2025-02-27,WH-DEL,Central,22,4,7,2,18.18,31.82,9.09
2025-02-27,WH-DEL,East,16,1,3,3,6.25,18.75,18.75
2025-02-27,WH-DEL,North,15,3,1,5,20.0,6.67,33.33
2025-02-27,WH-DEL,South,25,7,3,3,28.0,12.0,12.0
2025-02-27,WH-DEL,West,14,3,2,2,21.43,14.29,14.29
2025-02-27,WH-HYD,Central,14,2,1,5,14.29,7.14,35.71
2025-02-27,WH-HYD,East,15,2,3,4,13.33,20.0,26.67
2025-02-27,WH-HYD,North,17,4,4,4,23.53,23.53,23.53
2025-02-27,WH-HYD,South,16,5,4,3,31.25,25.0,18.75
2025-02-27,WH-HYD,West,23,6,2,4,26.09,8.7,17.39
2025-02-27,WH-MUM,Central,20,4,2,4,20.0,10.0,20.0
2025-02-27,WH-MUM,East,16,3,2,5,18.75,12.5,31.25
2025-02-27,WH-MUM,North,12,1,5,2,8.33,41.67,16.67
2025-02-27,WH-MUM,South,25,5,3,3,20.0,12.0,12.0
2025-02-27,WH-MUM,West,27,4,6,8,14.81,22.22,29.63
2025-02-28,WH-BLR,Central,31,4,5,7,12.9,16.13,22.58
2025-02-28,WH-BLR,East,17,5,5,2,29.41,29.41,11.76
2025-02-28,WH-BLR,North,16,7,3,2,43.75,18.75,12.5
2025-02-28,WH-BLR,South,18,4,5,4,22.22,27.78,22.22
2025-02-28,WH-BLR,West,8,0,1,3,0.0,12.5,37.5
2025-02-28,WH-CHE,Central,21,6,2,8,28.57,9.52,38.1
2025-02-28,WH-CHE,East,22,7,1,5,31.82,4.55,22.73
2025-02-28,WH-CHE,North,16,3,2,1,18.75,12.5,6.25
2025-02-28,WH-CHE,South,19,4,4,1,21.05,21.05,5.26
2025-02-28,WH-CHE,West,22,4,1,3,18.18,4.55,13.64
2025-02-28,WH-DEL,Central,14,1,0,3,7.14,0.0,21.43
2025-02-28,WH-DEL,East,17,4,2,6,23.53,11.76,35.29
2025-02-28,WH-DEL,North,18,2,4,3,11.11,22.22,16.67
2025-02-28,WH-DEL,South,23,5,5,6,21.74,21.74,26.09
2025-02-28,WH-DEL,West,15,4,3,4,26.67,20.0,26.67
2025-02-28,WH-HYD,Central,17,6,2,1,35.29,11.76,5.88
2025-02-28,WH-HYD,East,14,5,3,3,35.71,21.43,21.43
2025-02-28,WH-HYD,North,18,2,2,7,11.11,11.11,38.89
2025-02-28,WH-HYD,South,21,4,3,5,19.05,14.29,23.81
2025-02-28,WH-HYD,West,20,2,7,5,10.0,35.0,25.0
2025-02-28,WH-MUM,Central,18,2,4,2,11.11,22.22,11.11
2025-02-28,WH-MUM,East,27,8,3,5,29.63,11.11,18.52
2025-02-28,WH-MUM,North,16,3,3,1,18.75,18.75,6.25
2025-02-28,WH-MUM,South,26,8,3,2,30.77,11.54,7.69
2025-02-28,WH-MUM,West,17,4,1,3,23.53,5.88,17.65
2025-03-01,WH-BLR,Central,16,3,7,3,18.75,43.75,18.75
2025-03-01,WH-BLR,East,23,5,7,7,21.74,30.43,30.43
2025-03-01,WH-BLR,North,16,3,4,1,18.75,25.0,6.25
2025-03-01,WH-BLR,South,14,3,3,4,21.43,21.43,28.57
2025-03-01,WH-BLR,West,24,7,5,5,29.17,20.83,20.83
2025-03-01,WH-CHE,Central,18,5,3,4,27.78,16.67,22.22
2025-03-01,WH-CHE,East,21,6,2,5,28.57,9.52,23.81
2025-03-01,WH-CHE,North,18,5,4,4,27.78,22.22,22.22
2025-03-01,WH-CHE,South,26,7,5,3,26.92,19.23,11.54
2025-03-01,WH-CHE,West,20,4,4,4,20.0,20.0,20.0
2025-03-01,WH-DEL,Central,24,7,4,5,29.17,16.67,20.83
2025-03-01,WH-DEL,East,19,4,3,3,21.05,15.79,15.79
2025-03-01,WH-DEL,North,17,3,2,3,17.65,11.76,17.65
2025-03-01,WH-DEL,South,14,2,1,2,14.29,7.14,14.29
2025-03-01,WH-DEL,West,14,2,4,3,14.29,28.57,21.43
2025-03-01,WH-HYD,Central,10,1,1,6,10.0,10.0,60.0
2025-03-01,WH-HYD,East,27,1,8,8,3.7,29.63,29.63
2025-03-01,WH-HYD,North,19,6,4,3,31.58,21.05,15.79
2025-03-01,WH-HYD,South,22,2,3,8,9.09,13.64,36.36
2025-03-01,WH-HYD,West,26,6,6,4,23.08,23.08,15.38
2025-03-01,WH-MUM,Central,18,4,3,3,22.22,16.67,16.67
2025-03-01,WH-MUM,East,16,5,2,2,31.25,12.5,12.5
2025-03-01,WH-MUM,North,20,4,3,5,20.0,15.0,25.0
2025-03-01,WH-MUM,South,23,5,7,6,21.74,30.43,26.09
2025-03-01,WH-MUM,West,20,3,5,5,15.0,25.0,25.0
2025-03-02,WH-BLR,Central,20,5,4,1,25.0,20.0,5.0
2025-03-02,WH-BLR,East,18,7,4,3,38.89,22.22,16.67
2025-03-02,WH-BLR,North,18,3,1,5,16.67,5.56,27.78
2025-03-02,WH-BLR,South,13,0,1,6,0.0,7.69,46.15
2025-03-02,WH-BLR,West,9,1,1,3,11.11,11.11,33.33
2025-03-02,WH-CHE,Central,14,4,3,3,28.57,21.43,21.43
2025-03-02,WH-CHE,East,17,3,2,1,17.65,11.76,5.88
2025-03-02,WH-CHE,North,18,2,0,5,11.11,0.0,27.78
2025-03-02,WH-CHE,South,26,3,5,8,11.54,19.23,30.77
2025-03-02,WH-CHE,West,15,7,2,1,46.67,13.33,6.67
2025-03-02,WH-DEL,Central,20,6,4,3,30.0,20.0,15.0
2025-03-02,WH-DEL,East,17,1,8,4,5.88,47.06,23.53
2025-03-02,WH-DEL,North,12,4,1,4,33.33,8.33,33.33
2025-03-02,WH-DEL,South,19,4,4,2,21.05,21.05,10.53
2025-03-02,WH-DEL,West,20,1,7,7,5.0,35.0,35.0
2025-03-02,WH-HYD,Central,14,1,5,2,7.14,35.71,14.29
2025-03-02,WH-HYD,East,22,7,6,5,31.82,27.27,22.73
2025-03-02,WH-HYD,North,20,6,6,2,30.0,30.0,10.0
2025-03-02,WH-HYD,South,17,4,5,3,23.53,29.41,17.65
2025-03-02,WH-HYD,West,18,3,3,4,16.67,16.67,22.22
2025-03-02,WH-MUM,Central,23,3,7,6,13.04,30.43,26.09
2025-03-02,WH-MUM,East,16,1,4,3,6.25,25.0,18.75
2025-03-02,WH-MUM,North,17,3,5,3,17.65,29.41,17.65
2025-03-02,WH-MUM,South,18,2,4,6,11.11,22.22,33.33
2025-03-02,WH-MUM,West,25,5,4,6,20.0,16.0,24.0
2025-03-03,WH-BLR,Central,15,6,3,0,40.0,20.0,0.0
2025-03-03,WH-BLR,East,18,4,5,3,22.22,27.78,16.67
2025-03-03,WH-BLR,North,19,8,1,2,42.11,5.26,10.53
2025-03-03,WH-BLR,South,10,4,0,3,40.0,0.0,30.0
2025-03-03,WH-BLR,West,15,1,5,4,6.67,33.33,26.67
2025-03-03,WH-CHE,Central,22,7,2,3,31.82,9.09,13.64
2025-03-03,WH-CHE,East,20,5,3,5,25.0,15.0,25.0
2025-03-03,WH-CHE,North,17,5,4,3,29.41,23.53,17.65
2025-03-03,WH-CHE,South,26,9,4,4,34.62,15.38,15.38
2025-03-03,WH-CHE,West,15,6,1,2,40.0,6.67,13.33
2025-03-03,WH-DEL,Central,28,6,3,13,21.43,10.71,46.43
2025-03-03,WH-DEL,East,18,4,2,4,22.22,11.11,22.22
2025-03-03,WH-DEL,North,21,4,3,2,19.05,14.29,9.52
2025-03-03,WH-DEL,South,19,5,2,3,26.32,10.53,15.79
2025-03-03,WH-DEL,West,27,6,9,3,22.22,33.33,11.11
2025-03-03,WH-HYD,Central,9,3,3,2,33.33,33.33,22.22
2025-03-03,WH-HYD,East,24,7,4,3,29.17,16.67,12.5
2025-03-03,WH-HYD,North,14,2,5,3,14.29,35.71,21.43
2025-03-03,WH-HYD,South,14,4,4,4,28.57,28.57,28.57
2025-03-03,WH-HYD,West,16,4,2,3,25.0,12.5,18.75
2025-03-03,WH-MUM,Central,20,1,4,5,5.0,20.0,25.0
2025-03-03,WH-MUM,East,11,2,0,6,18.18,0.0,54.55
2025-03-03,WH-MUM,North,15,3,2,2,20.0,13.33,13.33
2025-03-03,WH-MUM,South,15,0,1,2,0.0,6.67,13.33
2025-03-03,WH-MUM,West,19,4,3,7,21.05,15.79,36.84
2025-03-04,WH-BLR,Central,10,3,2,1,30.0,20.0,10.0
2025-03-04,WH-BLR,East,21,4,5,5,19.05,23.81,23.81
2025-03-04,WH-BLR,North,13,2,3,0,15.38,23.08,0.0
2025-03-04,WH-BLR,South,14,4,0,7,28.57,0.0,50.0
2025-03-04,WH-BLR,West,13,4,2,3,30.77,15.38,23.08
2025-03-04,WH-CHE,Central,17,4,3,3,23.53,17.65,17.65
2025-03-04,WH-CHE,East,16,0,4,5,0.0,25.0,31.25
2025-03-04,WH-CHE,North,17,4,1,8,23.53,5.88,47.06
2025-03-04,WH-CHE,South,24,9,2,2,37.5,8.33,8.33
2025-03-04,WH-CHE,West,19,2,3,8,10.53,15.79,42.11
2025-03-04,WH-DEL,Central,16,3,5,2,18.75,31.25,12.5
2025-03-04,WH-DEL,East,14,2,4,4,14.29,28.57,28.57
2025-03-04,WH-DEL,North,20,2,6,3,10.0,30.0,15.0
2025-03-04,WH-DEL,South,15,4,3,3,26.67,20.0,20.0
2025-03-04,WH-DEL,West,10,0,1,1,0.0,10.0,10.0
2025-03-04,WH-HYD,Central,14,0,3,4,0.0,21.43,28.57
2025-03-04,WH-HYD,East,21,4,4,4,19.05,19.05,19.05
2025-03-04,WH-HYD,North,15,2,6,4,13.33,40.0,26.67
2025-03-04,WH-HYD,South,17,6,3,2,35.29,17.65,11.76
2025-03-04,WH-HYD,West,18,4,5,3,22.22,27.78,16.67
2025-03-04,WH-MUM,Central,24,7,3,3,29.17,12.5,12.5
2025-03-04,WH-MUM,East,24,6,5,4,25.0,20.83,16.67
2025-03-04,WH-MUM,North,20,5,2,5,25.0,10.0,25.0
2025-03-04,WH-MUM,South,21,3,4,6,14.29,19.05,28.57
2025-03-04,WH-MUM,West,13,2,4,4,15.38,30.77,30.77
2025-03-05,WH-BLR,Central,16,4,1,2,25.0,6.25,12.5
2025-03-05,WH-BLR,East,14,3,2,3,21.43,14.29,21.43
2025-03-05,WH-BLR,North,13,1,4,4,7.69,30.77,30.77
2025-03-05,WH-BLR,South,19,7,5,0,36.84,26.32,0.0
2025-03-05,WH-BLR,West,21,2,4,2,9.52,19.05,9.52
2025-03-05,WH-CHE,Central,12,4,0,3,33.33,0.0,25.0
2025-03-05,WH-CHE,East,20,4,8,1,20.0,40.0,5.0
2025-03-05,WH-CHE,North,20,10,3,3,50.0,15.0,15.0
2025-03-05,WH-CHE,South,22,5,7,4,22.73,31.82,18.18
2025-03-05,WH-CHE,West,15,0,2,6,0.0,13.33,40.0
2025-03-05,WH-DEL,Central,23,6,6,4,26.09,26.09,17.39
2025-03-05,WH-DEL,East,16,4,0,3,25.0,0.0,18.75
2025-03-05,WH-DEL,North,20,3,6,3,15.0,30.0,15.0
2025-03-05,WH-DEL,South,23,2,3,9,8.7,13.04,39.13
2025-03-05,WH-DEL,West,20,5,2,5,25.0,10.0,25.0
2025-03-05,WH-HYD,Central,32,10,5,9,31.25,15.63,28.13
2025-03-05,WH-HYD,East,16,3,1,6,18.75,6.25,37.5
2025-03-05,WH-HYD,North,17,6,3,1,35.29,17.65,5.88
2025-03-05,WH-HYD,South,24,5,3,4,20.83,12.5,16.67
2025-03-05,WH-HYD,West,17,2,4,1,11.76,23.53,5.88
2025-03-05,WH-MUM,Central,18,5,1,3,27.78,5.56,16.67
2025-03-05,WH-MUM,East,22,5,3,5,22.73,13.64,22.73
2025-03-05,WH-MUM,North,24,2,6,6,8.33,25.0,25.0
2025-03-05,WH-MUM,South,11,3,0,3,27.27,0.0,27.27
2025-03-05,WH-MUM,West,23,4,5,2,17.39,21.74,8.7
2025-03-06,WH-BLR,Central,14,4,3,2,28.57,21.43,14.29
2025-03-06,WH-BLR,East,15,1,3,4,6.67,20.0,26.67
2025-03-06,WH-BLR,North,14,5,4,1,35.71,28.57,7.14
2025-03-06,WH-BLR,South,20,1,5,6,5.0,25.0,30.0
2025-03-06,WH-BLR,West,24,2,4,4,8.33,16.67,16.67
2025-03-06,WH-CHE,Central,17,2,5,2,11.76,29.41,11.76
2025-03-06,WH-CHE,East,17,2,5,3,11.76,29.41,17.65
2025-03-06,WH-CHE,North,15,1,1,2,6.67,6.67,13.33
2025-03-06,WH-CHE,South,21,3,2,4,14.29,9.52,19.05
2025-03-06,WH-CHE,West,17,4,3,2,23.53,17.65,11.76
2025-03-06,WH-DEL,Central,22,3,7,3,13.64,31.82,13.64
2025-03-06,WH-DEL,East,15,5,2,1,33.33,13.33,6.67
2025-03-06,WH-DEL,North,17,2,6,2,11.76,35.29,11.76
2025-03-06,WH-DEL,South,16,3,2,7,18.75,12.5,43.75
2025-03-06,WH-DEL,West,16,3,3,2,18.75,18.75,12.5
2025-03-06,WH-HYD,Central,20,6,3,2,30.0,15.0,10.0
2025-03-06,WH-HYD,East,21,7,3,3,33.33,14.29,14.29
2025-03-06,WH-HYD,North,21,4,0,5,19.05,0.0,23.81
2025-03-06,WH-HYD,South,18,5,1,6,27.78,5.56,33.33
2025-03-06,WH-HYD,West,22,4,5,3,18.18,22.73,13.64
2025-03-06,WH-MUM,Central,22,4,2,7,18.18,9.09,31.82
2025-03-06,WH-MUM,East,25,10,3,4,40.0,12.0,16.0
2025-03-06,WH-MUM,North,25,7,6,4,28.0,24.0,16.0
2025-03-06,WH-MUM,South,19,3,2,3,15.79,10.53,15.79
2025-03-06,WH-MUM,West,23,5,5,6,21.74,21.74,26.09
2025-03-07,WH-BLR,Central,21,5,5,4,23.81,23.81,19.05
2025-03-07,WH-BLR,East,19,6,5,3,31.58,26.32,15.79
2025-03-07,WH-BLR,North,17,5,4,3,29.41,23.53,17.65
2025-03-07,WH-BLR,South,21,3,9,2,14.29,42.86,9.52
2025-03-07,WH-BLR,West,16,3,3,5,18.75,18.75,31.25
2025-03-07,WH-CHE,Central,23,8,3,4,34.78,13.04,17.39
2025-03-07,WH-CHE,East,13,2,3,4,15.38,23.08,30.77
2025-03-07,WH-CHE,North,20,4,7,4,20.0,35.0,20.0
2025-03-07,WH-CHE,South,21,5,4,5,23.81,19.05,23.81
2025-03-07,WH-CHE,West,20,1,7,4,5.0,35.0,20.0
2025-03-07,WH-DEL,Central,14,5,3,1,35.71,21.43,7.14
2025-03-07,WH-DEL,East,20,1,4,6,5.0,20.0,30.0
2025-03-07,WH-DEL,North,23,4,5,3,17.39,21.74,13.04
2025-03-07,WH-DEL,South,15,6,3,2,40.0,20.0,13.33
2025-03-07,WH-DEL,West,23,3,8,4,13.04,34.78,17.39
2025-03-07,WH-HYD,Central,19,3,4,7,15.79,21.05,36.84
2025-03-07,WH-HYD,East,23,5,7,5,21.74,30.43,21.74
2025-03-07,WH-HYD,North,18,2,3,4,11.11,16.67,22.22
2025-03-07,WH-HYD,South,20,7,5,1,35.0,25.0,5.0
2025-03-07,WH-HYD,West,16,6,2,3,37.5,12.5,18.75
2025-03-07,WH-MUM,Central,18,4,3,7,22.22,16.67,38.89
2025-03-07,WH-MUM,East,17,3,4,3,17.65,23.53,17.65
2025-03-07,WH-MUM,North,22,5,3,5,22.73,13.64,22.73
2025-03-07,WH-MUM,South,20,4,4,4,20.0,20.0,20.0
2025-03-07,WH-MUM,West,18,4,2,1,22.22,11.11,5.56
2025-03-08,WH-BLR,Central,19,7,3,6,36.84,15.79,31.58
2025-03-08,WH-BLR,East,15,2,4,2,13.33,26.67,13.33
2025-03-08,WH-BLR,North,23,1,5,8,4.35,21.74,34.78
2025-03-08,WH-BLR,South,19,4,1,5,21.05,5.26,26.32
2025-03-08,WH-BLR,West,19,3,4,3,15.79,21.05,15.79
2025-03-08,WH-CHE,Central,13,1,4,3,7.69,30.77,23.08
2025-03-08,WH-CHE,East,19,5,6,5,26.32,31.58,26.32
2025-03-08,WH-CHE,North,14,3,0,6,21.43,0.0,42.86
2025-03-08,WH-CHE,South,22,4,4,8,18.18,18.18,36.36
2025-03-08,WH-CHE,West,20,2,6,3,10.0,30.0,15.0
2025-03-08,WH-DEL,Central,22,6,6,3,27.27,27.27,13.64
2025-03-08,WH-DEL,East,18,3,7,3,16.67,38.89,16.67
2025-03-08,WH-DEL,North,23,3,4,4,13.04,17.39,17.39
2025-03-08,WH-DEL,South,15,3,1,1,20.0,6.67,6.67
2025-03-08,WH-DEL,West,12,2,3,0,16.67,25.0,0.0
2025-03-08,WH-HYD,Central,18,4,3,2,22.22,16.67,11.11
2025-03-08,WH-HYD,East,22,4,3,5,18.18,13.64,22.73
2025-03-08,WH-HYD,North,15,3,5,1,20.0,33.33,6.67
2025-03-08,WH-HYD,South,16,1,5,0,6.25,31.25,0.0
2025-03-08,WH-HYD,West,27,9,6,5,33.33,22.22,18.52
2025-03-08,WH-MUM,Central,24,5,4,7,20.83,16.67,29.17
2025-03-08,WH-MUM,East,13,1,2,2,7.69,15.38,15.38
2025-03-08,WH-MUM,North,26,5,6,4,19.23,23.08,15.38
2025-03-08,WH-MUM,South,18,2,3,5,11.11,16.67,27.78
2025-03-08,WH-MUM,West,21,8,3,2,38.1,14.29,9.52
2025-03-09,WH-BLR,Central,20,5,3,5,25.0,15.0,25.0
2025-03-09,WH-BLR,East,18,3,2,2,16.67,11.11,11.11
2025-03-09,WH-BLR,North,22,4,7,3,18.18,31.82,13.64
2025-03-09,WH-BLR,South,13,4,0,4,30.77,0.0,30.77
2025-03-09,WH-BLR,West,16,4,4,3,25.0,25.0,18.75
2025-03-09,WH-CHE,Central,18,2,2,2,11.11,11.11,11.11
2025-03-09,WH-CHE,East,11,3,3,3,27.27,27.27,27.27
2025-03-09,WH-CHE,North,18,4,4,3,22.22,22.22,16.67
2025-03-09,WH-CHE,South,19,3,4,2,15.79,21.05,10.53
2025-03-09,WH-CHE,West,22,4,3,5,18.18,13.64,22.73
2025-03-09,WH-DEL,Central,20,2,2,6,10.0,10.0,30.0
2025-03-09,WH-DEL,East,21,3,5,4,14.29,23.81,19.05
2025-03-09,WH-DEL,North,19,4,3,4,21.05,15.79,21.05
2025-03-09,WH-DEL,South,22,8,0,4,36.36,0.0,18.18
2025-03-09,WH-DEL,West,28,7,5,5,25.0,17.86,17.86
2025-03-09,WH-HYD,Central,16,3,4,2,18.75,25.0,12.5
2025-03-09,WH-HYD,East,13,5,3,1,38.46,23.08,7.69
2025-03-09,WH-HYD,North,21,6,2,6,28.57,9.52,28.57
2025-03-09,WH-HYD,South,19,2,6,4,10.53,31.58,21.05
2025-03-09,WH-HYD,West,18,5,5,2,27.78,27.78,11.11
2025-03-09,WH-MUM,Central,23,2,9,3,8.7,39.13,13.04
2025-03-09,WH-MUM,East,24,3,3,5,12.5,12.5,20.83
2025-03-09,WH-MUM,North,13,2,1,3,15.38,7.69,23.08
2025-03-09,WH-MUM,South,23,3,8,5,13.04,34.78,21.74
2025-03-09,WH-MUM,West,17,7,2,5,41.18,11.76,29.41
2025-03-10,WH-BLR,Central,15,4,5,3,26.67,33.33,20.0
2025-03-10,WH-BLR,East,25,8,5,5,32.0,20.0,20.0
2025-03-10,WH-BLR,North,22,4,5,5,18.18,22.73,22.73
2025-03-10,WH-BLR,South,19,4,4,5,21.05,21.05,26.32
2025-03-10,WH-BLR,West,20,1,7,5,5.0,35.0,25.0
2025-03-10,WH-CHE,Central,21,5,2,4,23.81,9.52,19.05
2025-03-10,WH-CHE,East,18,6,2,4,33.33,11.11,22.22
2025-03-10,WH-CHE,North,22,7,4,5,31.82,18.18,22.73
2025-03-10,WH-CHE,South,27,5,3,6,18.52,11.11,22.22
2025-03-10,WH-CHE,West,12,2,3,2,16.67,25.0,16.67
2025-03-10,WH-DEL,Central,23,3,7,6,13.04,30.43,26.09
2025-03-10,WH-DEL,East,21,3,3,6,14.29,14.29,28.57
2025-03-10,WH-DEL,North,18,5,3,3,27.78,16.67,16.67
2025-03-10,WH-DEL,South,20,6,3,6,30.0,15.0,30.0
2025-03-10,WH-DEL,West,16,4,5,2,25.0,31.25,12.5
2025-03-10,WH-HYD,Central,18,4,3,4,22.22,16.67,22.22
2025-03-10,WH-HYD,East,18,4,7,2,22.22,38.89,11.11
2025-03-10,WH-HYD,North,24,5,3,5,20.83,12.5,20.83
2025-03-10,WH-HYD,South,15,4,4,4,26.67,26.67,26.67
2025-03-10,WH-HYD,West,15,2,2,4,13.33,13.33,26.67
2025-03-10,WH-MUM,Central,13,1,4,3,7.69,30.77,23.08
2025-03-10,WH-MUM,East,18,7,4,3,38.89,22.22,16.67
2025-03-10,WH-MUM,North,24,7,5,3,29.17,20.83,12.5
2025-03-10,WH-MUM,South,19,2,4,7,10.53,21.05,36.84
2025-03-10,WH-MUM,West,31,8,3,7,25.81,9.68,22.58
2025-03-11,WH-BLR,Central,25,3,3,4,12.0,12.0,16.0
2025-03-11,WH-BLR,East,22,5,4,3,22.73,18.18,13.64
2025-03-11,WH-BLR,North,13,1,2,5,7.69,15.38,38.46
2025-03-11,WH-BLR,South,24,5,3,4,20.83,12.5,16.67
2025-03-11,WH-BLR,West,22,4,7,7,18.18,31.82,31.82
2025-03-11,WH-CHE,Central,19,4,5,5,21.05,26.32,26.32
2025-03-11,WH-CHE,East,25,8,5,3,32.0,20.0,12.0
2025-03-11,WH-CHE,North,19,5,5,4,26.32,26.32,21.05
2025-03-11,WH-CHE,South,25,8,4,6,32.0,16.0,24.0
2025-03-11,WH-CHE,West,15,2,7,3,13.33,46.67,20.0
2025-03-11,WH-DEL,Central,20,1,7,3,5.0,35.0,15.0
2025-03-11,WH-DEL,East,23,3,4,4,13.04,17.39,17.39
2025-03-11,WH-DEL,North,22,5,6,3,22.73,27.27,13.64
2025-03-11,WH-DEL,South,26,4,5,5,15.38,19.23,19.23
2025-03-11,WH-DEL,West,26,4,6,8,15.38,23.08,30.77
2025-03-11,WH-HYD,Central,21,6,1,5,28.57,4.76,23.81
2025-03-11,WH-HYD,East,23,7,2,4,30.43,8.7,17.39
2025-03-11,WH-HYD,North,24,8,3,3,33.33,12.5,12.5
2025-03-11,WH-HYD,South,23,6,5,6,26.09,21.74,26.09
2025-03-11,WH-HYD,West,25,8,5,3,32.0,20.0,12.0
2025-03-11,WH-MUM,Central,18,5,1,5,27.78,5.56,27.78
2025-03-11,WH-MUM,East,16,4,4,1,25.0,25.0,6.25
2025-03-11,WH-MUM,North,16,6,1,4,37.5,6.25,25.0
2025-03-11,WH-MUM,South,25,7,7,2,28.0,28.0,8.0
2025-03-11,WH-MUM,West,22,7,6,2,31.82,27.27,9.09
2025-03-12,WH-BLR,Central,19,5,4,5,26.32,21.05,26.32
2025-03-12,WH-BLR,East,21,3,5,3,14.29,23.81,14.29
2025-03-12,WH-BLR,North,17,6,3,2,35.29,17.65,11.76
2025-03-12,WH-BLR,South,11,2,3,1,18.18,27.27,9.09
2025-03-12,WH-BLR,West,14,3,5,1,21.43,35.71,7.14
2025-03-12,WH-CHE,Central,33,5,11,5,15.15,33.33,15.15
2025-03-12,WH-CHE,East,15,4,3,3,26.67,20.0,20.0
2025-03-12,WH-CHE,North,17,4,3,3,23.53,17.65,17.65
2025-03-12,WH-CHE,South,17,4,5,3,23.53,29.41,17.65
2025-03-12,WH-CHE,West,17,2,6,6,11.76,35.29,35.29
2025-03-12,WH-DEL,Central,17,3,3,4,17.65,17.65,23.53
2025-03-12,WH-DEL,East,23,5,3,5,21.74,13.04,21.74
2025-03-12,WH-DEL,North,19,4,3,4,21.05,15.79,21.05
2025-03-12,WH-DEL,South,18,5,2,2,27.78,11.11,11.11
2025-03-12,WH-DEL,West,19,5,6,3,26.32,31.58,15.79
2025-03-12,WH-HYD,Central,16,3,1,3,18.75,6.25,18.75
2025-03-12,WH-HYD,East,18,3,4,2,16.67,22.22,11.11
2025-03-12,WH-HYD,North,17,2,3,6,11.76,17.65,35.29
2025-03-12,WH-HYD,South,19,2,4,1,10.53,21.05,5.26
2025-03-12,WH-HYD,West,23,4,3,6,17.39,13.04,26.09
2025-03-12,WH-MUM,Central,21,4,6,4,19.05,28.57,19.05
2025-03-12,WH-MUM,East,21,5,6,5,23.81,28.57,23.81
2025-03-12,WH-MUM,North,17,2,3,5,11.76,17.65,29.41
2025-03-12,WH-MUM,South,22,6,1,5,27.27,4.55,22.73
2025-03-12,WH-MUM,West,14,4,2,2,28.57,14.29,14.29
2025-03-13,WH-BLR,Central,19,5,5,3,26.32,26.32,15.79
2025-03-13,WH-BLR,East,22,5,4,7,22.73,18.18,31.82
2025-03-13,WH-BLR,North,19,7,3,5,36.84,15.79,26.32
2025-03-13,WH-BLR,South,22,5,4,5,22.73,18.18,22.73
2025-03-13,WH-BLR,West,15,3,0,2,20.0,0.0,13.33
2025-03-13,WH-CHE,Central,15,1,5,1,6.67,33.33,6.67
2025-03-13,WH-CHE,East,22,5,5,4,22.73,22.73,18.18
2025-03-13,WH-CHE,North,22,6,4,5,27.27,18.18,22.73
2025-03-13,WH-CHE,South,18,4,4,5,22.22,22.22,27.78
2025-03-13,WH-CHE,West,22,2,7,2,9.09,31.82,9.09
2025-03-13,WH-DEL,Central,23,3,5,4,13.04,21.74,17.39
2025-03-13,WH-DEL,East,12,1,1,3,8.33,8.33,25.0
2025-03-13,WH-DEL,North,19,4,2,4,21.05,10.53,21.05
2025-03-13,WH-DEL,South,18,4,3,4,22.22,16.67,22.22
2025-03-13,WH-DEL,West,10,1,2,1,10.0,20.0,10.0
2025-03-13,WH-HYD,Central,20,2,3,4,10.0,15.0,20.0
2025-03-13,WH-HYD,East,18,4,5,4,22.22,27.78,22.22
2025-03-13,WH-HYD,North,18,3,3,5,16.67,16.67,27.78
2025-03-13,WH-HYD,South,18,5,4,1,27.78,22.22,5.56
2025-03-13,WH-HYD,West,14,7,2,2,50.0,14.29,14.29
2025-03-13,WH-MUM,Central,18,5,1,3,27.78,5.56,16.67
2025-03-13,WH-MUM,East,15,3,3,1,20.0,20.0,6.67
2025-03-13,WH-MUM,North,23,4,5,3,17.39,21.74,13.04
2025-03-13,WH-MUM,South,12,2,3,1,16.67,25.0,8.33
2025-03-13,WH-MUM,West,20,3,3,7,15.0,15.0,35.0
2025-03-14,WH-BLR,Central,22,4,2,8,18.18,9.09,36.36
2025-03-14,WH-BLR,East,20,2,4,2,10.0,20.0,10.0
2025-03-14,WH-BLR,North,21,4,5,6,19.05,23.81,28.57
2025-03-14,WH-BLR,South,12,3,2,2,25.0,16.67,16.67
2025-03-14,WH-BLR,West,22,3,3,2,13.64,13.64,9.09
2025-03-14,WH-CHE,Central,13,2,1,3,15.38,7.69,23.08
2025-03-14,WH-CHE,East,9,0,2,4,0.0,22.22,44.44
2025-03-14,WH-CHE,North,19,2,3,4,10.53,15.79,21.05
2025-03-14,WH-CHE,South,22,7,6,1,31.82,27.27,4.55
2025-03-14,WH-CHE,West,23,2,3,6,8.7,13.04,26.09
2025-03-14,WH-DEL,Central,15,2,5,2,13.33,33.33,13.33
2025-03-14,WH-DEL,East,16,6,3,1,37.5,18.75,6.25
2025-03-14,WH-DEL,North,17,5,1,3,29.41,5.88,17.65
2025-03-14,WH-DEL,South,17,4,1,3,23.53,5.88,17.65
2025-03-14,WH-DEL,West,16,1,3,3,6.25,18.75,18.75
2025-03-14,WH-HYD,Central,10,2,0,2,20.0,0.0,20.0
2025-03-14,WH-HYD,East,19,1,5,4,5.26,26.32,21.05
2025-03-14,WH-HYD,North,19,2,3,3,10.53,15.79,15.79
2025-03-14,WH-HYD,South,18,2,0,3,11.11,0.0,16.67
2025-03-14,WH-HYD,West,26,4,10,3,15.38,38.46,11.54
2025-03-14,WH-MUM,Central,25,10,4,4,40.0,16.0,16.0
2025-03-14,WH-MUM,East,18,1,4,7,5.56,22.22,38.89
2025-03-14,WH-MUM,North,17,2,3,5,11.76,17.65,29.41
2025-03-14,WH-MUM,South,15,2,4,5,13.33,26.67,33.33
2025-03-14,WH-MUM,West,25,3,4,8,12.0,16.0,32.0
2025-03-15,WH-BLR,Central,19,1,5,4,5.26,26.32,21.05
2025-03-15,WH-BLR,East,23,6,7,2,26.09,30.43,8.7
2025-03-15,WH-BLR,North,13,1,3,4,7.69,23.08,30.77
2025-03-15,WH-BLR,South,26,7,4,3,26.92,15.38,11.54
2025-03-15,WH-BLR,West,18,6,4,3,33.33,22.22,16.67
2025-03-15,WH-CHE,Central,16,6,2,3,37.5,12.5,18.75
2025-03-15,WH-CHE,East,17,4,5,1,23.53,29.41,5.88
2025-03-15,WH-CHE,North,21,5,4,7,23.81,19.05,33.33
2025-03-15,WH-CHE,South,25,6,4,8,24.0,16.0,32.0
2025-03-15,WH-CHE,West,23,4,6,4,17.39,26.09,17.39
2025-03-15,WH-DEL,Central,15,2,3,3,13.33,20.0,20.0
2025-03-15,WH-DEL,East,30,5,7,6,16.67,23.33,20.0
2025-03-15,WH-DEL,North,24,5,2,8,20.83,8.33,33.33
2025-03-15,WH-DEL,South,19,4,7,3,21.05,36.84,15.79
2025-03-15,WH-DEL,West,25,5,6,3,20.0,24.0,12.0
2025-03-15,WH-HYD,Central,19,4,4,3,21.05,21.05,15.79
2025-03-15,WH-HYD,East,18,7,2,3,38.89,11.11,16.67
2025-03-15,WH-HYD,North,16,2,2,4,12.5,12.5,25.0
2025-03-15,WH-HYD,South,16,5,3,2,31.25,18.75,12.5
2025-03-15,WH-HYD,West,9,0,2,5,0.0,22.22,55.56
2025-03-15,WH-MUM,Central,20,5,2,5,25.0,10.0,25.0
2025-03-15,WH-MUM,East,19,3,7,3,15.79,36.84,15.79
2025-03-15,WH-MUM,North,17,2,6,6,11.76,35.29,35.29
2025-03-15,WH-MUM,South,21,1,4,6,4.76,19.05,28.57
2025-03-15,WH-MUM,West,24,6,8,1,25.0,33.33,4.17
2025-03-16,WH-BLR,Central,20,4,7,2,20.0,35.0,10.0
2025-03-16,WH-BLR,East,20,4,7,4,20.0,35.0,20.0
2025-03-16,WH-BLR,North,15,4,2,4,26.67,13.33,26.67
2025-03-16,WH-BLR,South,22,4,6,3,18.18,27.27,13.64
2025-03-16,WH-BLR,West,22,2,3,9,9.09,13.64,40.91
2025-03-16,WH-CHE,Central,24,6,6,3,25.0,25.0,12.5
2025-03-16,WH-CHE,East,22,5,3,4,22.73,13.64,18.18
2025-03-16,WH-CHE,North,12,0,2,1,0.0,16.67,8.33
2025-03-16,WH-CHE,South,14,1,5,4,7.14,35.71,28.57
2025-03-16,WH-CHE,West,20,3,4,3,15.0,20.0,15.0
2025-03-16,WH-DEL,Central,14,2,4,4,14.29,28.57,28.57
2025-03-16,WH-DEL,East,22,8,6,1,36.36,27.27,4.55
2025-03-16,WH-DEL,North,19,6,4,3,31.58,21.05,15.79
2025-03-16,WH-DEL,South,16,1,3,4,6.25,18.75,25.0
2025-03-16,WH-DEL,West,18,3,2,4,16.67,11.11,22.22
2025-03-16,WH-HYD,Central,18,1,3,3,5.56,16.67,16.67
2025-03-16,WH-HYD,East,19,3,1,6,15.79,5.26,31.58
2025-03-16,WH-HYD,North,17,4,3,2,23.53,17.65,11.76
2025-03-16,WH-HYD,South,18,5,1,1,27.78,5.56,5.56
2025-03-16,WH-HYD,West,16,2,1,7,12.5,6.25,43.75
2025-03-16,WH-MUM,Central,18,2,0,5,11.11,0.0,27.78
2025-03-16,WH-MUM,East,14,2,5,3,14.29,35.71,21.43
2025-03-16,WH-MUM,North,18,3,3,3,16.67,16.67,16.67
2025-03-16,WH-MUM,South,15,3,3,4,20.0,20.0,26.67
2025-03-16,WH-MUM,West,18,4,2,4,22.22,11.11,22.22
2025-03-17,WH-BLR,Central,16,1,1,4,6.25,6.25,25.0
2025-03-17,WH-BLR,East,14,1,3,4,7.14,21.43,28.57
2025-03-17,WH-BLR,North,21,6,4,3,28.57,19.05,14.29
2025-03-17,WH-BLR,South,18,4,4,7,22.22,22.22,38.89
2025-03-17,WH-BLR,West,16,1,4,4,6.25,25.0,25.0
2025-03-17,WH-CHE,Central,19,2,3,2,10.53,15.79,10.53
2025-03-17,WH-CHE,East,11,2,4,2,18.18,36.36,18.18
2025-03-17,WH-CHE,North,19,5,6,2,26.32,31.58,10.53
2025-03-17,WH-CHE,South,19,3,4,3,15.79,21.05,15.79
2025-03-17,WH-CHE,West,21,0,6,5,0.0,28.57,23.81
2025-03-17,WH-DEL,Central,15,2,4,3,13.33,26.67,20.0
2025-03-17,WH-DEL,East,16,1,5,5,6.25,31.25,31.25
2025-03-17,WH-DEL,North,11,4,2,1,36.36,18.18,9.09
2025-03-17,WH-DEL,South,24,6,6,3,25.0,25.0,12.5
2025-03-17,WH-DEL,West,14,1,4,4,7.14,28.57,28.57
2025-03-17,WH-HYD,Central,17,2,3,4,11.76,17.65,23.53
2025-03-17,WH-HYD,East,14,3,3,3,21.43,21.43,21.43
2025-03-17,WH-HYD,North,11,0,2,4,0.0,18.18,36.36
2025-03-17,WH-HYD,South,19,3,2,3,15.79,10.53,15.79
2025-03-17,WH-HYD,West,19,5,5,2,26.32,26.32,10.53
2025-03-17,WH-MUM,Central,20,2,5,5,10.0,25.0,25.0
2025-03-17,WH-MUM,East,13,4,3,2,30.77,23.08,15.38
2025-03-17,WH-MUM,North,21,4,4,8,19.05,19.05,38.1
2025-03-17,WH-MUM,South,21,4,3,5,19.05,14.29,23.81
2025-03-17,WH-MUM,West,10,3,2,1,30.0,20.0,10.0
2025-03-18,WH-BLR,Central,20,3,2,4,15.0,10.0,20.0
2025-03-18,WH-BLR,East,17,2,3,7,11.76,17.65,41.18
2025-03-18,WH-BLR,North,22,3,4,4,13.64,18.18,18.18
2025-03-18,WH-BLR,South,11,2,1,1,18.18,9.09,9.09
2025-03-18,WH-BLR,West,20,3,4,2,15.0,20.0,10.0
2025-03-18,WH-CHE,Central,20,4,3,2,20.0,15.0,10.0
2025-03-18,WH-CHE,East,20,3,4,2,15.0,20.0,10.0
2025-03-18,WH-CHE,North,14,2,1,4,14.29,7.14,28.57
2025-03-18,WH-CHE,South,18,1,4,8,5.56,22.22,44.44
2025-03-18,WH-CHE,West,16,3,1,5,18.75,6.25,31.25
2025-03-18,WH-DEL,Central,25,5,2,11,20.0,8.0,44.0
2025-03-18,WH-DEL,East,18,4,6,1,22.22,33.33,5.56
2025-03-18,WH-DEL,North,20,2,5,3,10.0,25.0,15.0
2025-03-18,WH-DEL,South,23,5,2,8,21.74,8.7,34.78
2025-03-18,WH-DEL,West,14,4,4,4,28.57,28.57,28.57
2025-03-18,WH-HYD,Central,13,3,1,4,23.08,7.69,30.77
2025-03-18,WH-HYD,East,20,3,4,7,15.0,20.0,35.0
2025-03-18,WH-HYD,North,15,2,5,3,13.33,33.33,20.0
2025-03-18,WH-HYD,South,25,4,6,1,16.0,24.0,4.0
2025-03-18,WH-HYD,West,25,5,5,6,20.0,20.0,24.0
2025-03-18,WH-MUM,Central,16,3,4,2,18.75,25.0,12.5
2025-03-18,WH-MUM,East,19,3,0,2,15.79,0.0,10.53
2025-03-18,WH-MUM,North,11,3,0,4,27.27,0.0,36.36
2025-03-18,WH-MUM,South,21,7,3,4,33.33,14.29,19.05
2025-03-18,WH-MUM,West,24,6,4,3,25.0,16.67,12.5
2025-03-19,WH-BLR,Central,15,3,4,3,20.0,26.67,20.0
2025-03-19,WH-BLR,East,23,4,3,5,17.39,13.04,21.74
2025-03-19,WH-BLR,North,26,5,4,8,19.23,15.38,30.77
2025-03-19,WH-BLR,South,24,4,3,5,16.67,12.5,20.83
2025-03-19,WH-BLR,West,15,4,5,1,26.67,33.33,6.67
2025-03-19,WH-CHE,Central,19,5,2,6,26.32,10.53,31.58
2025-03-19,WH-CHE,East,13,0,4,3,0.0,30.77,23.08
2025-03-19,WH-CHE,North,17,1,6,2,5.88,35.29,11.76
2025-03-19,WH-CHE,South,11,2,3,4,18.18,27.27,36.36
2025-03-19,WH-CHE,West,15,2,4,4,13.33,26.67,26.67
2025-03-19,WH-DEL,Central,22,4,4,4,18.18,18.18,18.18
2025-03-19,WH-DEL,East,14,2,3,6,14.29,21.43,42.86
2025-03-19,WH-DEL,North,13,2,3,4,15.38,23.08,30.77
2025-03-19,WH-DEL,South,17,5,4,3,29.41,23.53,17.65
2025-03-19,WH-DEL,West,19,1,2,7,5.26,10.53,36.84
2025-03-19,WH-HYD,Central,22,7,5,2,31.82,22.73,9.09
2025-03-19,WH-HYD,East,21,2,8,6,9.52,38.1,28.57
2025-03-19,WH-HYD,North,21,4,4,5,19.05,19.05,23.81
2025-03-19,WH-HYD,South,20,4,5,3,20.0,25.0,15.0
2025-03-19,WH-HYD,West,24,3,6,5,12.5,25.0,20.83
2025-03-19,WH-MUM,Central,17,4,3,3,23.53,17.65,17.65
2025-03-19,WH-MUM,East,23,5,2,2,21.74,8.7,8.7
2025-03-19,WH-MUM,North,17,3,3,4,17.65,17.65,23.53
2025-03-19,WH-MUM,South,21,6,3,4,28.57,14.29,19.05
2025-03-19,WH-MUM,West,19,3,5,4,15.79,26.32,21.05
2025-03-20,WH-BLR,Central,21,4,7,3,19.05,33.33,14.29
2025-03-20,WH-BLR,East,22,4,5,7,18.18,22.73,31.82
2025-03-20,WH-BLR,North,13,2,2,4,15.38,15.38,30.77
2025-03-20,WH-BLR,South,28,10,6,1,35.71,21.43,3.57
2025-03-20,WH-BLR,West,22,5,5,2,22.73,22.73,9.09
2025-03-20,WH-CHE,Central,18,6,4,4,33.33,22.22,22.22
2025-03-20,WH-CHE,East,21,2,5,7,9.52,23.81,33.33
2025-03-20,WH-CHE,North,20,1,9,5,5.0,45.0,25.0
2025-03-20,WH-CHE,South,22,4,4,3,18.18,18.18,13.64
2025-03-20,WH-CHE,West,16,2,5,0,12.5,31.25,0.0
2025-03-20,WH-DEL,Central,10,1,4,1,10.0,40.0,10.0
2025-03-20,WH-DEL,East,28,7,6,7,25.0,21.43,25.0
2025-03-20,WH-DEL,North,18,4,3,6,22.22,16.67,33.33
2025-03-20,WH-DEL,South,14,2,2,2,14.29,14.29,14.29
2025-03-20,WH-DEL,West,19,7,2,3,36.84,10.53,15.79
2025-03-20,WH-HYD,Central,17,2,6,5,11.76,35.29,29.41
2025-03-20,WH-HYD,East,12,2,4,4,16.67,33.33,33.33
2025-03-20,WH-HYD,North,20,5,8,4,25.0,40.0,20.0
2025-03-20,WH-HYD,South,23,3,5,6,13.04,21.74,26.09
2025-03-20,WH-HYD,West,15,1,3,1,6.67,20.0,6.67
2025-03-20,WH-MUM,Central,18,5,3,2,27.78,16.67,11.11
2025-03-20,WH-MUM,East,19,6,3,3,31.58,15.79,15.79
2025-03-20,WH-MUM,North,22,9,6,2,40.91,27.27,9.09
2025-03-20,WH-MUM,South,20,7,4,6,35.0,20.0,30.0
2025-03-20,WH-MUM,West,11,3,4,2,27.27,36.36,18.18
2025-03-21,WH-BLR,Central,24,7,3,5,29.17,12.5,20.83
2025-03-21,WH-BLR,East,18,5,5,4,27.78,27.78,22.22
2025-03-21,WH-BLR,North,15,4,4,3,26.67,26.67,20.0
2025-03-21,WH-BLR,South,22,7,2,2,31.82,9.09,9.09
2025-03-21,WH-BLR,West,8,3,3,0,37.5,37.5,0.0
2025-03-21,WH-CHE,Central,27,4,1,9,14.81,3.7,33.33
2025-03-21,WH-CHE,East,28,10,6,4,35.71,21.43,14.29
2025-03-21,WH-CHE,North,17,3,3,3,17.65,17.65,17.65
2025-03-21,WH-CHE,South,20,4,2,6,20.0,10.0,30.0
2025-03-21,WH-CHE,West,23,5,4,1,21.74,17.39,4.35
2025-03-21,WH-DEL,Central,21,4,1,6,19.05,4.76,28.57
2025-03-21,WH-DEL,East,14,2,4,5,14.29,28.57,35.71
2025-03-21,WH-DEL,North,14,2,0,6,14.29,0.0,42.86
2025-03-21,WH-DEL,South,23,5,4,5,21.74,17.39,21.74
2025-03-21,WH-DEL,West,18,3,3,4,16.67,16.67,22.22
2025-03-21,WH-HYD,Central,14,3,0,4,21.43,0.0,28.57
2025-03-21,WH-HYD,East,15,4,3,2,26.67,20.0,13.33
2025-03-21,WH-HYD,North,17,4,3,3,23.53,17.65,17.65
2025-03-21,WH-HYD,South,23,4,5,6,17.39,21.74,26.09
2025-03-21,WH-HYD,West,15,1,6,5,6.67,40.0,33.33
2025-03-21,WH-MUM,Central,16,4,4,1,25.0,25.0,6.25
2025-03-21,WH-MUM,East,20,1,6,5,5.0,30.0,25.0
2025-03-21,WH-MUM,North,17,3,3,5,17.65,17.65,29.41
2025-03-21,WH-MUM,South,21,8,4,2,38.1,19.05,9.52
2025-03-21,WH-MUM,West,26,5,6,2,19.23,23.08,7.69
2025-03-22,WH-BLR,Central,25,4,2,4,16.0,8.0,16.0
2025-03-22,WH-BLR,East,19,4,6,3,21.05,31.58,15.79
2025-03-22,WH-BLR,North,19,1,4,6,5.26,21.05,31.58
2025-03-22,WH-BLR,South,20,6,3,7,30.0,15.0,35.0
2025-03-22,WH-BLR,West,16,5,4,3,31.25,25.0,18.75
2025-03-22,WH-CHE,Central,13,4,1,4,30.77,7.69,30.77
2025-03-22,WH-CHE,East,14,2,2,3,14.29,14.29,21.43
2025-03-22,WH-CHE,North,21,1,6,6,4.76,28.57,28.57
2025-03-22,WH-CHE,South,10,2,2,1,20.0,20.0,10.0
2025-03-22,WH-CHE,West,21,3,7,4,14.29,33.33,19.05
2025-03-22,WH-DEL,Central,19,3,6,3,15.79,31.58,15.79
2025-03-22,WH-DEL,East,15,1,6,3,6.67,40.0,20.0
2025-03-22,WH-DEL,North,27,10,1,6,37.04,3.7,22.22
2025-03-22,WH-DEL,South,16,4,2,5,25.0,12.5,31.25
2025-03-22,WH-DEL,West,11,2,2,4,18.18,18.18,36.36
2025-03-22,WH-HYD,Central,22,4,4,6,18.18,18.18,27.27
2025-03-22,WH-HYD,East,20,3,6,1,15.0,30.0,5.0
2025-03-22,WH-HYD,North,23,6,2,1,26.09,8.7,4.35
2025-03-22,WH-HYD,South,19,2,3,5,10.53,15.79,26.32
2025-03-22,WH-HYD,West,19,4,6,4,21.05,31.58,21.05
2025-03-22,WH-MUM,Central,21,6,2,9,28.57,9.52,42.86
2025-03-22,WH-MUM,East,13,5,4,2,38.46,30.77,15.38
2025-03-22,WH-MUM,North,27,5,5,8,18.52,18.52,29.63
2025-03-22,WH-MUM,South,20,1,5,4,5.0,25.0,20.0
2025-03-22,WH-MUM,West,26,3,6,7,11.54,23.08,26.92
2025-03-23,WH-BLR,Central,20,4,4,6,20.0,20.0,30.0
2025-03-23,WH-BLR,East,14,5,1,3,35.71,7.14,21.43
2025-03-23,WH-BLR,North,21,5,4,4,23.81,19.05,19.05
2025-03-23,WH-BLR,South,12,4,1,4,33.33,8.33,33.33
2025-03-23,WH-BLR,West,18,5,5,7,27.78,27.78,38.89
2025-03-23,WH-CHE,Central,20,4,4,4,20.0,20.0,20.0
2025-03-23,WH-CHE,East,14,4,3,4,28.57,21.43,28.57
2025-03-23,WH-CHE,North,18,3,3,2,16.67,16.67,11.11
2025-03-23,WH-CHE,South,17,6,2,3,35.29,11.76,17.65
2025-03-23,WH-CHE,West,17,4,3,5,23.53,17.65,29.41
2025-03-23,WH-DEL,Central,19,1,3,7,5.26,15.79,36.84
2025-03-23,WH-DEL,East,17,2,2,5,11.76,11.76,29.41
2025-03-23,WH-DEL,North,13,2,2,1,15.38,15.38,7.69
2025-03-23,WH-DEL,South,14,4,2,2,28.57,14.29,14.29
2025-03-23,WH-DEL,West,16,3,3,2,18.75,18.75,12.5
2025-03-23,WH-HYD,Central,14,1,5,2,7.14,35.71,14.29
2025-03-23,WH-HYD,East,12,3,7,1,25.0,58.33,8.33
2025-03-23,WH-HYD,North,21,5,1,5,23.81,4.76,23.81
2025-03-23,WH-HYD,South,15,5,1,2,33.33,6.67,13.33
2025-03-23,WH-HYD,West,19,5,3,3,26.32,15.79,15.79
2025-03-23,WH-MUM,Central,15,3,4,1,20.0,26.67,6.67
2025-03-23,WH-MUM,East,22,4,3,5,18.18,13.64,22.73
2025-03-23,WH-MUM,North,18,4,4,6,22.22,22.22,33.33
2025-03-23,WH-MUM,South,18,7,3,4,38.89,16.67,22.22
2025-03-23,WH-MUM,West,18,4,4,5,22.22,22.22,27.78
2025-03-24,WH-BLR,Central,12,2,4,3,16.67,33.33,25.0
2025-03-24,WH-BLR,East,9,1,3,1,11.11,33.33,11.11
2025-03-24,WH-BLR,North,19,1,7,6,5.26,36.84,31.58
2025-03-24,WH-BLR,South,17,3,6,2,17.65,35.29,11.76
2025-03-24,WH-BLR,West,19,6,1,4,31.58,5.26,21.05
2025-03-24,WH-CHE,Central,16,3,1,3,18.75,6.25,18.75
2025-03-24,WH-CHE,East,13,4,4,1,30.77,30.77,7.69
2025-03-24,WH-CHE,North,20,6,3,1,30.0,15.0,5.0
2025-03-24,WH-CHE,South,26,5,5,3,19.23,19.23,11.54
2025-03-24,WH-CHE,West,29,6,5,8,20.69,17.24,27.59
2025-03-24,WH-DEL,Central,26,5,5,8,19.23,19.23,30.77
2025-03-24,WH-DEL,East,16,4,2,4,25.0,12.5,25.0
2025-03-24,WH-DEL,North,17,5,4,1,29.41,23.53,5.88
2025-03-24,WH-DEL,South,8,2,0,1,25.0,0.0,12.5
2025-03-24,WH-DEL,West,28,5,3,12,17.86,10.71,42.86
2025-03-24,WH-HYD,Central,26,6,6,4,23.08,23.08,15.38
2025-03-24,WH-HYD,East,26,5,7,5,19.23,26.92,19.23
2025-03-24,WH-HYD,North,19,3,7,3,15.79,36.84,15.79
2025-03-24,WH-HYD,South,15,2,1,3,13.33,6.67,20.0
2025-03-24,WH-HYD,West,17,2,4,4,11.76,23.53,23.53
2025-03-24,WH-MUM,Central,15,2,5,4,13.33,33.33,26.67
2025-03-24,WH-MUM,East,18,3,1,5,16.67,5.56,27.78
2025-03-24,WH-MUM,North,23,8,7,4,34.78,30.43,17.39
2025-03-24,WH-MUM,South,16,3,5,1,18.75,31.25,6.25
2025-03-24,WH-MUM,West,17,4,1,6,23.53,5.88,35.29
2025-03-25,WH-BLR,Central,16,0,3,6,0.0,18.75,37.5
2025-03-25,WH-BLR,East,9,2,3,1,22.22,33.33,11.11
2025-03-25,WH-BLR,North,18,1,6,2,5.56,33.33,11.11
2025-03-25,WH-BLR,South,21,4,1,6,19.05,4.76,28.57
2025-03-25,WH-BLR,West,18,5,1,6,27.78,5.56,33.33
2025-03-25,WH-CHE,Central,19,3,4,5,15.79,21.05,26.32
2025-03-25,WH-CHE,East,18,5,4,1,27.78,22.22,5.56
2025-03-25,WH-CHE,North,10,3,1,3,30.0,10.0,30.0
2025-03-25,WH-CHE,South,24,6,2,3,25.0,8.33,12.5
2025-03-25,WH-CHE,West,25,9,1,2,36.0,4.0,8.0
2025-03-25,WH-DEL,Central,12,1,6,3,8.33,50.0,25.0
2025-03-25,WH-DEL,East,16,4,1,3,25.0,6.25,18.75
2025-03-25,WH-DEL,North,19,4,4,5,21.05,21.05,26.32
2025-03-25,WH-DEL,South,20,4,4,5,20.0,20.0,25.0
2025-03-25,WH-DEL,West,21,8,3,1,38.1,14.29,4.76
2025-03-25,WH-HYD,Central,16,5,1,1,31.25,6.25,6.25
2025-03-25,WH-HYD,East,17,5,3,1,29.41,17.65,5.88
2025-03-25,WH-HYD,North,20,8,4,4,40.0,20.0,20.0
2025-03-25,WH-HYD,South,21,0,5,8,0.0,23.81,38.1
2025-03-25,WH-HYD,West,22,6,6,5,27.27,27.27,22.73
2025-03-25,WH-MUM,Central,19,3,2,5,15.79,10.53,26.32
2025-03-25,WH-MUM,East,14,2,5,3,14.29,35.71,21.43
2025-03-25,WH-MUM,North,16,6,1,5,37.5,6.25,31.25
2025-03-25,WH-MUM,South,22,6,4,5,27.27,18.18,22.73
2025-03-25,WH-MUM,West,22,7,2,7,31.82,9.09,31.82
2025-03-26,WH-BLR,Central,20,4,4,4,20.0,20.0,20.0
2025-03-26,WH-BLR,East,23,9,2,5,39.13,8.7,21.74
2025-03-26,WH-BLR,North,15,0,6,5,0.0,40.0,33.33
2025-03-26,WH-BLR,South,20,4,1,7,20.0,5.0,35.0
2025-03-26,WH-BLR,West,25,6,4,4,24.0,16.0,16.0
2025-03-26,WH-CHE,Central,23,5,5,3,21.74,21.74,13.04
2025-03-26,WH-CHE,East,13,1,2,4,7.69,15.38,30.77
2025-03-26,WH-CHE,North,17,6,3,4,35.29,17.65,23.53
2025-03-26,WH-CHE,South,21,9,5,1,42.86,23.81,4.76
2025-03-26,WH-CHE,West,11,3,3,2,27.27,27.27,18.18
2025-03-26,WH-DEL,Central,15,0,7,2,0.0,46.67,13.33
2025-03-26,WH-DEL,East,22,7,5,4,31.82,22.73,18.18
2025-03-26,WH-DEL,North,22,4,4,4,18.18,18.18,18.18
2025-03-26,WH-DEL,South,24,4,7,6,16.67,29.17,25.0
2025-03-26,WH-DEL,West,15,2,2,5,13.33,13.33,33.33
2025-03-26,WH-HYD,Central,18,2,1,2,11.11,5.56,11.11
2025-03-26,WH-HYD,East,22,7,5,4,31.82,22.73,18.18
2025-03-26,WH-HYD,North,23,7,3,5,30.43,13.04,21.74
2025-03-26,WH-HYD,South,22,3,3,6,13.64,13.64,27.27
2025-03-26,WH-HYD,West,16,6,1,5,37.5,6.25,31.25
2025-03-26,WH-MUM,Central,23,2,3,9,8.7,13.04,39.13
2025-03-26,WH-MUM,East,21,3,5,4,14.29,23.81,19.05
2025-03-26,WH-MUM,North,14,3,4,1,21.43,28.57,7.14
2025-03-26,WH-MUM,South,20,4,3,7,20.0,15.0,35.0
2025-03-26,WH-MUM,West,21,6,6,2,28.57,28.57,9.52
2025-03-27,WH-BLR,Central,20,4,4,3,20.0,20.0,15.0
2025-03-27,WH-BLR,East,16,1,1,3,6.25,6.25,18.75
2025-03-27,WH-BLR,North,18,4,5,3,22.22,27.78,16.67
2025-03-27,WH-BLR,South,12,2,3,2,16.67,25.0,16.67
2025-03-27,WH-BLR,West,18,4,3,1,22.22,16.67,5.56
2025-03-27,WH-CHE,Central,24,8,4,3,33.33,16.67,12.5
2025-03-27,WH-CHE,East,21,7,5,3,33.33,23.81,14.29
2025-03-27,WH-CHE,North,22,7,3,6,31.82,13.64,27.27
2025-03-27,WH-CHE,South,14,3,2,1,21.43,14.29,7.14
2025-03-27,WH-CHE,West,15,4,2,6,26.67,13.33,40.0
2025-03-27,WH-DEL,Central,21,3,5,5,14.29,23.81,23.81
2025-03-27,WH-DEL,East,14,2,5,2,14.29,35.71,14.29
2025-03-27,WH-DEL,North,12,1,4,2,8.33,33.33,16.67
2025-03-27,WH-DEL,South,22,2,6,7,9.09,27.27,31.82
2025-03-27,WH-DEL,West,16,2,5,3,12.5,31.25,18.75
2025-03-27,WH-HYD,Central,18,4,4,7,22.22,22.22,38.89
2025-03-27,WH-HYD,East,18,3,2,1,16.67,11.11,5.56
2025-03-27,WH-HYD,North,9,3,3,2,33.33,33.33,22.22
2025-03-27,WH-HYD,South,13,3,2,4,23.08,15.38,30.77
2025-03-27,WH-HYD,West,23,5,4,5,21.74,17.39,21.74
2025-03-27,WH-MUM,Central,20,4,4,6,20.0,20.0,30.0
2025-03-27,WH-MUM,East,17,2,3,3,11.76,17.65,17.65
2025-03-27,WH-MUM,North,23,1,9,2,4.35,39.13,8.7
2025-03-27,WH-MUM,South,24,5,7,4,20.83,29.17,16.67
2025-03-27,WH-MUM,West,13,1,5,1,7.69,38.46,7.69
2025-03-28,WH-BLR,Central,21,5,5,4,23.81,23.81,19.05
2025-03-28,WH-BLR,East,17,1,5,2,5.88,29.41,11.76
2025-03-28,WH-BLR,North,18,5,3,5,27.78,16.67,27.78
2025-03-28,WH-BLR,South,13,5,3,3,38.46,23.08,23.08
2025-03-28,WH-BLR,West,20,2,10,2,10.0,50.0,10.0
2025-03-28,WH-CHE,Central,18,3,3,1,16.67,16.67,5.56
2025-03-28,WH-CHE,East,14,2,0,5,14.29,0.0,35.71
2025-03-28,WH-CHE,North,12,3,2,2,25.0,16.67,16.67
2025-03-28,WH-CHE,South,18,3,5,5,16.67,27.78,27.78
2025-03-28,WH-CHE,West,21,6,3,6,28.57,14.29,28.57
2025-03-28,WH-DEL,Central,14,3,2,3,21.43,14.29,21.43
2025-03-28,WH-DEL,East,21,3,5,3,14.29,23.81,14.29
2025-03-28,WH-DEL,North,23,3,3,5,13.04,13.04,21.74
2025-03-28,WH-DEL,South,17,4,2,2,23.53,11.76,11.76
2025-03-28,WH-DEL,West,23,7,5,2,30.43,21.74,8.7
2025-03-28,WH-HYD,Central,25,7,3,6,28.0,12.0,24.0
2025-03-28,WH-HYD,East,20,2,5,4,10.0,25.0,20.0
2025-03-28,WH-HYD,North,21,1,4,6,4.76,19.05,28.57
2025-03-28,WH-HYD,South,20,1,8,1,5.0,40.0,5.0
2025-03-28,WH-HYD,West,21,6,5,3,28.57,23.81,14.29
2025-03-28,WH-MUM,Central,18,7,2,2,38.89,11.11,11.11
2025-03-28,WH-MUM,East,24,4,8,4,16.67,33.33,16.67
2025-03-28,WH-MUM,North,15,3,5,1,20.0,33.33,6.67
2025-03-28,WH-MUM,South,19,5,2,6,26.32,10.53,31.58
2025-03-28,WH-MUM,West,18,2,3,3,11.11,16.67,16.67
2025-03-29,WH-BLR,Central,26,6,2,4,23.08,7.69,15.38
2025-03-29,WH-BLR,East,19,3,4,4,15.79,21.05,21.05
2025-03-29,WH-BLR,North,18,4,5,3,22.22,27.78,16.67
2025-03-29,WH-BLR,South,22,5,4,5,22.73,18.18,22.73
2025-03-29,WH-BLR,West,15,3,5,2,20.0,33.33,13.33
2025-03-29,WH-CHE,Central,22,3,4,4,13.64,18.18,18.18
2025-03-29,WH-CHE,East,16,2,1,3,12.5,6.25,18.75
2025-03-29,WH-CHE,North,15,1,4,5,6.67,26.67,33.33
2025-03-29,WH-CHE,South,26,5,7,8,19.23,26.92,30.77
2025-03-29,WH-CHE,West,20,4,4,5,20.0,20.0,25.0
2025-03-29,WH-DEL,Central,20,4,7,3,20.0,35.0,15.0
2025-03-29,WH-DEL,East,28,4,7,8,14.29,25.0,28.57
2025-03-29,WH-DEL,North,14,1,1,5,7.14,7.14,35.71
2025-03-29,WH-DEL,South,8,2,1,2,25.0,12.5,25.0
2025-03-29,WH-DEL,West,13,7,0,3,53.85,0.0,23.08
2025-03-29,WH-HYD,Central,13,5,2,3,38.46,15.38,23.08
2025-03-29,WH-HYD,East,18,3,5,5,16.67,27.78,27.78
2025-03-29,WH-HYD,North,20,4,4,1,20.0,20.0,5.0
2025-03-29,WH-HYD,South,23,5,4,4,21.74,17.39,17.39
2025-03-29,WH-HYD,West,12,1,2,4,8.33,16.67,33.33
2025-03-29,WH-MUM,Central,20,5,1,4,25.0,5.0,20.0
2025-03-29,WH-MUM,East,23,3,10,5,13.04,43.48,21.74
2025-03-29,WH-MUM,North,18,5,3,5,27.78,16.67,27.78
2025-03-29,WH-MUM,South,18,1,3,4,5.56,16.67,22.22
2025-03-29,WH-MUM,West,12,2,4,1,16.67,33.33,8.33
2025-03-30,WH-BLR,Central,19,2,5,4,10.53,26.32,21.05
2025-03-30,WH-BLR,East,9,4,2,0,44.44,22.22,0.0
2025-03-30,WH-BLR,North,17,4,5,1,23.53,29.41,5.88
2025-03-30,WH-BLR,South,19,4,2,6,21.05,10.53,31.58
2025-03-30,WH-BLR,West,23,7,4,5,30.43,17.39,21.74
2025-03-30,WH-CHE,Central,15,4,0,6,26.67,0.0,40.0
2025-03-30,WH-CHE,East,16,4,3,5,25.0,18.75,31.25
2025-03-30,WH-CHE,North,13,3,1,2,23.08,7.69,15.38
2025-03-30,WH-CHE,South,24,4,7,8,16.67,29.17,33.33
2025-03-30,WH-CHE,West,15,3,0,4,20.0,0.0,26.67
2025-03-30,WH-DEL,Central,12,4,3,2,33.33,25.0,16.67
2025-03-30,WH-DEL,East,16,2,4,5,12.5,25.0,31.25
2025-03-30,WH-DEL,North,21,7,3,5,33.33,14.29,23.81
2025-03-30,WH-DEL,South,18,1,5,6,5.56,27.78,33.33
2025-03-30,WH-DEL,West,15,1,3,5,6.67,20.0,33.33
2025-03-30,WH-HYD,Central,20,3,4,4,15.0,20.0,20.0
2025-03-30,WH-HYD,East,18,6,6,3,33.33,33.33,16.67
2025-03-30,WH-HYD,North,23,5,4,5,21.74,17.39,21.74
2025-03-30,WH-HYD,South,19,6,3,1,31.58,15.79,5.26
2025-03-30,WH-HYD,West,15,3,5,5,20.0,33.33,33.33
2025-03-30,WH-MUM,Central,13,3,4,0,23.08,30.77,0.0
2025-03-30,WH-MUM,East,18,5,2,2,27.78,11.11,11.11
2025-03-30,WH-MUM,North,13,0,6,4,0.0,46.15,30.77
2025-03-30,WH-MUM,South,19,4,4,5,21.05,21.05,26.32
2025-03-30,WH-MUM,West,19,6,4,3,31.58,21.05,15.79
2025-03-31,WH-BLR,Central,16,4,4,5,25.0,25.0,31.25
2025-03-31,WH-BLR,East,16,3,4,6,18.75,25.0,37.5
2025-03-31,WH-BLR,North,15,5,3,4,33.33,20.0,26.67
2025-03-31,WH-BLR,South,22,5,3,6,22.73,13.64,27.27
2025-03-31,WH-BLR,West,14,6,3,3,42.86,21.43,21.43
2025-03-31,WH-CHE,Central,20,2,2,3,10.0,10.0,15.0
2025-03-31,WH-CHE,East,23,5,6,6,21.74,26.09,26.09
2025-03-31,WH-CHE,North,15,1,4,1,6.67,26.67,6.67
2025-03-31,WH-CHE,South,30,6,6,2,20.0,20.0,6.67
2025-03-31,WH-CHE,West,21,5,1,5,23.81,4.76,23.81
2025-03-31,WH-DEL,Central,20,6,4,4,30.0,20.0,20.0
2025-03-31,WH-DEL,East,17,4,3,4,23.53,17.65,23.53
2025-03-31,WH-DEL,North,17,6,1,1,35.29,5.88,5.88
2025-03-31,WH-DEL,South,21,5,5,3,23.81,23.81,14.29
2025-03-31,WH-DEL,West,14,1,1,7,7.14,7.14,50.0
2025-03-31,WH-HYD,Central,15,0,4,2,0.0,26.67,13.33
2025-03-31,WH-HYD,East,25,3,3,7,12.0,12.0,28.0
2025-03-31,WH-HYD,North,21,2,2,10,9.52,9.52,47.62
2025-03-31,WH-HYD,South,16,2,6,3,12.5,37.5,18.75
2025-03-31,WH-HYD,West,10,1,3,3,10.0,30.0,30.0
2025-03-31,WH-MUM,Central,17,4,3,5,23.53,17.65,29.41
2025-03-31,WH-MUM,East,18,3,3,6,16.67,16.67,33.33
2025-03-31,WH-MUM,North,18,7,1,1,38.89,5.56,5.56
2025-03-31,WH-MUM,South,17,3,4,3,17.65,23.53,17.65
2025-03-31,WH-MUM,West,20,3,5,5,15.0,25.0,25.0
2025-04-01,WH-BLR,Central,11,3,1,1,27.27,9.09,9.09
2025-04-01,WH-BLR,East,14,4,4,3,28.57,28.57,21.43
2025-04-01,WH-BLR,North,25,6,5,5,24.0,20.0,20.0
2025-04-01,WH-BLR,South,17,4,6,3,23.53,35.29,17.65
2025-04-01,WH-BLR,West,15,4,2,3,26.67,13.33,20.0
2025-04-01,WH-CHE,Central,25,6,4,6,24.0,16.0,24.0
2025-04-01,WH-CHE,East,21,5,5,6,23.81,23.81,28.57
2025-04-01,WH-CHE,North,15,2,3,4,13.33,20.0,26.67
2025-04-01,WH-CHE,South,17,1,4,4,5.88,23.53,23.53
2025-04-01,WH-CHE,West,16,1,2,7,6.25,12.5,43.75
2025-04-01,WH-DEL,Central,24,5,5,4,20.83,20.83,16.67
2025-04-01,WH-DEL,East,20,5,3,4,25.0,15.0,20.0
2025-04-01,WH-DEL,North,18,3,2,3,16.67,11.11,16.67
2025-04-01,WH-DEL,South,30,4,13,7,13.33,43.33,23.33
2025-04-01,WH-DEL,West,16,6,2,3,37.5,12.5,18.75
2025-04-01,WH-HYD,Central,19,3,4,6,15.79,21.05,31.58
2025-04-01,WH-HYD,East,17,6,1,5,35.29,5.88,29.41
2025-04-01,WH-HYD,North,24,3,4,6,12.5,16.67,25.0
2025-04-01,WH-HYD,South,21,4,5,4,19.05,23.81,19.05
2025-04-01,WH-HYD,West,12,2,3,3,16.67,25.0,25.0
2025-04-01,WH-MUM,Central,26,4,6,6,15.38,23.08,23.08
2025-04-01,WH-MUM,East,17,3,3,6,17.65,17.65,35.29
2025-04-01,WH-MUM,North,16,2,2,5,12.5,12.5,31.25
2025-04-01,WH-MUM,South,20,5,1,5,25.0,5.0,25.0
2025-04-01,WH-MUM,West,14,5,3,0,35.71,21.43,0.0
2025-04-02,WH-BLR,Central,20,6,5,5,30.0,25.0,25.0
2025-04-02,WH-BLR,East,15,3,5,3,20.0,33.33,20.0
2025-04-02,WH-BLR,North,24,10,4,3,41.67,16.67,12.5
2025-04-02,WH-BLR,South,19,2,8,4,10.53,42.11,21.05
2025-04-02,WH-BLR,West,22,3,4,4,13.64,18.18,18.18
2025-04-02,WH-CHE,Central,22,4,5,5,18.18,22.73,22.73
2025-04-02,WH-CHE,East,13,2,1,2,15.38,7.69,15.38
2025-04-02,WH-CHE,North,20,2,5,5,10.0,25.0,25.0
2025-04-02,WH-CHE,South,22,5,1,5,22.73,4.55,22.73
2025-04-02,WH-CHE,West,16,8,2,2,50.0,12.5,12.5
2025-04-02,WH-DEL,Central,20,5,1,4,25.0,5.0,20.0
2025-04-02,WH-DEL,East,18,2,5,4,11.11,27.78,22.22
2025-04-02,WH-DEL,North,28,8,4,3,28.57,14.29,10.71
2025-04-02,WH-DEL,South,23,4,1,8,17.39,4.35,34.78
2025-04-02,WH-DEL,West,30,3,5,8,10.0,16.67,26.67
2025-04-02,WH-HYD,Central,24,3,5,3,12.5,20.83,12.5
2025-04-02,WH-HYD,East,9,2,4,0,22.22,44.44,0.0
2025-04-02,WH-HYD,North,20,3,5,3,15.0,25.0,15.0
2025-04-02,WH-HYD,South,17,5,4,2,29.41,23.53,11.76
2025-04-02,WH-HYD,West,13,4,4,3,30.77,30.77,23.08
2025-04-02,WH-MUM,Central,21,6,1,5,28.57,4.76,23.81
2025-04-02,WH-MUM,East,21,3,6,4,14.29,28.57,19.05
2025-04-02,WH-MUM,North,24,6,7,2,25.0,29.17,8.33
2025-04-02,WH-MUM,South,10,3,1,3,30.0,10.0,30.0
2025-04-02,WH-MUM,West,21,7,3,5,33.33,14.29,23.81
2025-04-03,WH-BLR,Central,23,3,8,7,13.04,34.78,30.43
2025-04-03,WH-BLR,East,24,3,5,5,12.5,20.83,20.83
2025-04-03,WH-BLR,North,22,5,5,7,22.73,22.73,31.82
2025-04-03,WH-BLR,South,15,4,5,4,26.67,33.33,26.67
2025-04-03,WH-BLR,West,11,4,3,1,36.36,27.27,9.09
2025-04-03,WH-CHE,Central,23,7,4,6,30.43,17.39,26.09
2025-04-03,WH-CHE,East,16,4,3,2,25.0,18.75,12.5
2025-04-03,WH-CHE,North,24,4,6,5,16.67,25.0,20.83
2025-04-03,WH-CHE,South,18,4,6,3,22.22,33.33,16.67
2025-04-03,WH-CHE,West,7,0,1,3,0.0,14.29,42.86
2025-04-03,WH-DEL,Central,20,2,5,5,10.0,25.0,25.0
2025-04-03,WH-DEL,East,17,2,4,6,11.76,23.53,35.29
2025-04-03,WH-DEL,North,14,5,3,3,35.71,21.43,21.43
2025-04-03,WH-DEL,South,18,6,4,3,33.33,22.22,16.67
2025-04-03,WH-DEL,West,18,3,5,4,16.67,27.78,22.22
2025-04-03,WH-HYD,Central,18,2,4,7,11.11,22.22,38.89
2025-04-03,WH-HYD,East,15,2,4,4,13.33,26.67,26.67
2025-04-03,WH-HYD,North,14,3,2,3,21.43,14.29,21.43
2025-04-03,WH-HYD,South,23,5,6,3,21.74,26.09,13.04
2025-04-03,WH-HYD,West,17,5,4,1,29.41,23.53,5.88
2025-04-03,WH-MUM,Central,22,3,9,1,13.64,40.91,4.55
2025-04-03,WH-MUM,East,18,3,8,2,16.67,44.44,11.11
2025-04-03,WH-MUM,North,26,3,6,9,11.54,23.08,34.62
2025-04-03,WH-MUM,South,18,3,2,3,16.67,11.11,16.67
2025-04-03,WH-MUM,West,16,3,4,4,18.75,25.0,25.0
2025-04-04,WH-BLR,Central,14,1,3,4,7.14,21.43,28.57
2025-04-04,WH-BLR,East,24,4,5,4,16.67,20.83,16.67
2025-04-04,WH-BLR,North,20,7,1,7,35.0,5.0,35.0
2025-04-04,WH-BLR,South,21,1,6,5,4.76,28.57,23.81
2025-04-04,WH-BLR,West,19,4,3,2,21.05,15.79,10.53
2025-04-04,WH-CHE,Central,15,2,1,7,13.33,6.67,46.67
2025-04-04,WH-CHE,East,19,2,7,3,10.53,36.84,15.79
2025-04-04,WH-CHE,North,16,2,1,5,12.5,6.25,31.25
2025-04-04,WH-CHE,South,22,2,6,8,9.09,27.27,36.36
2025-04-04,WH-CHE,West,22,4,7,4,18.18,31.82,18.18
2025-04-04,WH-DEL,Central,17,3,4,2,17.65,23.53,11.76
2025-04-04,WH-DEL,East,21,5,5,2,23.81,23.81,9.52
2025-04-04,WH-DEL,North,26,7,5,5,26.92,19.23,19.23
2025-04-04,WH-DEL,South,16,5,3,4,31.25,18.75,25.0
2025-04-04,WH-DEL,West,21,3,2,4,14.29,9.52,19.05
2025-04-04,WH-HYD,Central,13,2,4,3,15.38,30.77,23.08
2025-04-04,WH-HYD,East,23,4,4,3,17.39,17.39,13.04
2025-04-04,WH-HYD,North,16,3,1,5,18.75,6.25,31.25
2025-04-04,WH-HYD,South,24,3,3,4,12.5,12.5,16.67
2025-04-04,WH-HYD,West,19,4,6,3,21.05,31.58,15.79
2025-04-04,WH-MUM,Central,14,3,1,4,21.43,7.14,28.57
2025-04-04,WH-MUM,East,22,4,7,8,18.18,31.82,36.36
2025-04-04,WH-MUM,North,18,3,9,2,16.67,50.0,11.11
2025-04-04,WH-MUM,South,23,6,3,7,26.09,13.04,30.43
2025-04-04,WH-MUM,West,22,4,5,5,18.18,22.73,22.73
2025-04-05,WH-BLR,Central,13,2,2,4,15.38,15.38,30.77
2025-04-05,WH-BLR,East,24,7,5,4,29.17,20.83,16.67
2025-04-05,WH-BLR,North,25,5,5,9,20.0,20.0,36.0
2025-04-05,WH-BLR,South,13,3,3,4,23.08,23.08,30.77
2025-04-05,WH-BLR,West,20,1,6,2,5.0,30.0,10.0
2025-04-05,WH-CHE,Central,19,4,2,6,21.05,10.53,31.58
2025-04-05,WH-CHE,East,17,5,4,3,29.41,23.53,17.65
2025-04-05,WH-CHE,North,17,4,4,4,23.53,23.53,23.53
2025-04-05,WH-CHE,South,22,4,3,7,18.18,13.64,31.82
2025-04-05,WH-CHE,West,23,6,4,6,26.09,17.39,26.09
2025-04-05,WH-DEL,Central,28,4,9,3,14.29,32.14,10.71
2025-04-05,WH-DEL,East,16,3,7,0,18.75,43.75,0.0
2025-04-05,WH-DEL,North,16,5,3,0,31.25,18.75,0.0
2025-04-05,WH-DEL,South,23,5,4,5,21.74,17.39,21.74
2025-04-05,WH-DEL,West,22,3,5,7,13.64,22.73,31.82
2025-04-05,WH-HYD,Central,21,4,6,4,19.05,28.57,19.05
2025-04-05,WH-HYD,East,23,6,1,6,26.09,4.35,26.09
2025-04-05,WH-HYD,North,22,3,5,5,13.64,22.73,22.73
2025-04-05,WH-HYD,South,24,6,5,6,25.0,20.83,25.0
2025-04-05,WH-HYD,West,24,7,6,5,29.17,25.0,20.83
2025-04-05,WH-MUM,Central,17,3,3,3,17.65,17.65,17.65
2025-04-05,WH-MUM,East,23,4,4,6,17.39,17.39,26.09
2025-04-05,WH-MUM,North,21,4,5,6,19.05,23.81,28.57
2025-04-05,WH-MUM,South,21,3,6,2,14.29,28.57,9.52
2025-04-05,WH-MUM,West,14,4,4,2,28.57,28.57,14.29
2025-04-06,WH-BLR,Central,22,4,6,6,18.18,27.27,27.27
2025-04-06,WH-BLR,East,27,6,5,8,22.22,18.52,29.63
2025-04-06,WH-BLR,North,22,3,3,6,13.64,13.64,27.27
2025-04-06,WH-BLR,South,23,6,3,4,26.09,13.04,17.39
2025-04-06,WH-BLR,West,24,5,3,2,20.83,12.5,8.33
2025-04-06,WH-CHE,Central,22,5,3,5,22.73,13.64,22.73
2025-04-06,WH-CHE,East,20,1,1,9,5.0,5.0,45.0
2025-04-06,WH-CHE,North,16,4,1,4,25.0,6.25,25.0
2025-04-06,WH-CHE,South,7,3,2,0,42.86,28.57,0.0
2025-04-06,WH-CHE,West,20,4,8,1,20.0,40.0,5.0
2025-04-06,WH-DEL,Central,19,6,5,3,31.58,26.32,15.79
2025-04-06,WH-DEL,East,15,4,1,6,26.67,6.67,40.0
2025-04-06,WH-DEL,North,22,2,4,6,9.09,18.18,27.27
2025-04-06,WH-DEL,South,18,5,4,4,27.78,22.22,22.22
2025-04-06,WH-DEL,West,20,5,3,6,25.0,15.0,30.0
2025-04-06,WH-HYD,Central,22,9,4,2,40.91,18.18,9.09
2025-04-06,WH-HYD,East,15,3,6,1,20.0,40.0,6.67
2025-04-06,WH-HYD,North,25,3,3,9,12.0,12.0,36.0
2025-04-06,WH-HYD,South,19,4,1,4,21.05,5.26,21.05
2025-04-06,WH-HYD,West,18,5,2,5,27.78,11.11,27.78
2025-04-06,WH-MUM,Central,28,4,5,4,14.29,17.86,14.29
2025-04-06,WH-MUM,East,26,4,6,10,15.38,23.08,38.46
2025-04-06,WH-MUM,North,16,7,1,1,43.75,6.25,6.25
2025-04-06,WH-MUM,South,24,7,6,3,29.17,25.0,12.5
2025-04-06,WH-MUM,West,13,3,3,3,23.08,23.08,23.08
2025-04-07,WH-BLR,Central,16,2,5,3,12.5,31.25,18.75
2025-04-07,WH-BLR,East,17,4,1,5,23.53,5.88,29.41
2025-04-07,WH-BLR,North,21,1,6,4,4.76,28.57,19.05
2025-04-07,WH-BLR,South,18,2,2,4,11.11,11.11,22.22
2025-04-07,WH-BLR,West,16,4,0,2,25.0,0.0,12.5
2025-04-07,WH-CHE,Central,21,5,4,5,23.81,19.05,23.81
2025-04-07,WH-CHE,East,20,4,5,5,20.0,25.0,25.0
2025-04-07,WH-CHE,North,13,3,4,0,23.08,30.77,0.0
2025-04-07,WH-CHE,South,20,2,6,7,10.0,30.0,35.0
2025-04-07,WH-CHE,West,8,1,2,1,12.5,25.0,12.5
2025-04-07,WH-DEL,Central,18,2,3,4,11.11,16.67,22.22
2025-04-07,WH-DEL,East,22,5,5,3,22.73,22.73,13.64
2025-04-07,WH-DEL,North,20,4,8,1,20.0,40.0,5.0
2025-04-07,WH-DEL,South,21,6,5,5,28.57,23.81,23.81
2025-04-07,WH-DEL,West,23,7,4,2,30.43,17.39,8.7
2025-04-07,WH-HYD,Central,18,2,3,5,11.11,16.67,27.78
2025-04-07,WH-HYD,East,29,9,4,10,31.03,13.79,34.48
2025-04-07,WH-HYD,North,13,2,2,7,15.38,15.38,53.85
2025-04-07,WH-HYD,South,16,2,2,5,12.5,12.5,31.25
2025-04-07,WH-HYD,West,22,2,4,5,9.09,18.18,22.73
2025-04-07,WH-MUM,Central,25,4,4,4,16.0,16.0,16.0
2025-04-07,WH-MUM,East,18,3,3,5,16.67,16.67,27.78
2025-04-07,WH-MUM,North,17,5,2,6,29.41,11.76,35.29
2025-04-07,WH-MUM,South,24,6,5,1,25.0,20.83,4.17
2025-04-07,WH-MUM,West,21,5,8,3,23.81,38.1,14.29
2025-04-08,WH-BLR,Central,16,6,4,2,37.5,25.0,12.5
2025-04-08,WH-BLR,East,17,4,6,2,23.53,35.29,11.76
2025-04-08,WH-BLR,North,20,3,4,7,15.0,20.0,35.0
2025-04-08,WH-BLR,South,19,2,5,6,10.53,26.32,31.58
2025-04-08,WH-BLR,West,17,5,5,2,29.41,29.41,11.76
2025-04-08,WH-CHE,Central,9,2,1,1,22.22,11.11,11.11
2025-04-08,WH-CHE,East,15,1,3,4,6.67,20.0,26.67
2025-04-08,WH-CHE,North,17,4,3,2,23.53,17.65,11.76
2025-04-08,WH-CHE,South,20,3,3,5,15.0,15.0,25.0
2025-04-08,WH-CHE,West,22,4,8,3,18.18,36.36,13.64
2025-04-08,WH-DEL,Central,15,2,6,3,13.33,40.0,20.0
2025-04-08,WH-DEL,East,16,2,5,1,12.5,31.25,6.25
2025-04-08,WH-DEL,North,15,2,3,4,13.33,20.0,26.67
2025-04-08,WH-DEL,South,16,1,3,3,6.25,18.75,18.75
2025-04-08,WH-DEL,West,21,1,6,5,4.76,28.57,23.81
2025-04-08,WH-HYD,Central,17,8,1,3,47.06,5.88,17.65
2025-04-08,WH-HYD,East,20,2,2,5,10.0,10.0,25.0
2025-04-08,WH-HYD,North,11,2,3,1,18.18,27.27,9.09
2025-04-08,WH-HYD,South,24,4,11,4,16.67,45.83,16.67
2025-04-08,WH-HYD,West,16,3,2,3,18.75,12.5,18.75
2025-04-08,WH-MUM,Central,14,3,2,5,21.43,14.29,35.71
2025-04-08,WH-MUM,East,27,5,5,3,18.52,18.52,11.11
2025-04-08,WH-MUM,North,22,8,2,3,36.36,9.09,13.64
2025-04-08,WH-MUM,South,15,4,2,1,26.67,13.33,6.67
2025-04-08,WH-MUM,West,22,10,6,2,45.45,27.27,9.09
2025-04-09,WH-BLR,Central,24,5,6,3,20.83,25.0,12.5
2025-04-09,WH-BLR,East,20,6,3,3,30.0,15.0,15.0
2025-04-09,WH-BLR,North,16,1,3,5,6.25,18.75,31.25
2025-04-09,WH-BLR,South,23,4,3,10,17.39,13.04,43.48
2025-04-09,WH-BLR,West,28,6,10,4,21.43,35.71,14.29
2025-04-09,WH-CHE,Central,22,7,5,0,31.82,22.73,0.0
2025-04-09,WH-CHE,East,17,2,4,3,11.76,23.53,17.65
2025-04-09,WH-CHE,North,17,3,1,5,17.65,5.88,29.41
2025-04-09,WH-CHE,South,19,1,5,3,5.26,26.32,15.79
2025-04-09,WH-CHE,West,12,4,3,2,33.33,25.0,16.67
2025-04-09,WH-DEL,Central,17,2,7,2,11.76,41.18,11.76
2025-04-09,WH-DEL,East,22,5,3,3,22.73,13.64,13.64
2025-04-09,WH-DEL,North,16,4,2,2,25.0,12.5,12.5
2025-04-09,WH-DEL,South,20,5,1,5,25.0,5.0,25.0
2025-04-09,WH-DEL,West,30,8,7,6,26.67,23.33,20.0
2025-04-09,WH-HYD,Central,30,10,6,2,33.33,20.0,6.67
2025-04-09,WH-HYD,East,20,2,7,1,10.0,35.0,5.0
2025-04-09,WH-HYD,North,22,5,4,5,22.73,18.18,22.73
2025-04-09,WH-HYD,South,19,6,6,4,31.58,31.58,21.05
2025-04-09,WH-HYD,West,21,6,3,3,28.57,14.29,14.29
2025-04-09,WH-MUM,Central,23,5,5,4,21.74,21.74,17.39
2025-04-09,WH-MUM,East,16,4,2,2,25.0,12.5,12.5
2025-04-09,WH-MUM,North,17,5,6,2,29.41,35.29,11.76
2025-04-09,WH-MUM,South,24,8,2,5,33.33,8.33,20.83
2025-04-09,WH-MUM,West,23,7,5,5,30.43,21.74,21.74
2025-04-10,WH-BLR,Central,32,8,8,5,25.0,25.0,15.63
2025-04-10,WH-BLR,East,17,4,1,4,23.53,5.88,23.53
2025-04-10,WH-BLR,North,18,3,2,6,16.67,11.11,33.33
2025-04-10,WH-BLR,South,12,4,1,2,33.33,8.33,16.67
2025-04-10,WH-BLR,West,19,2,4,6,10.53,21.05,31.58
2025-04-10,WH-CHE,Central,11,3,2,0,27.27,18.18,0.0
2025-04-10,WH-CHE,East,25,7,8,4,28.0,32.0,16.0
2025-04-10,WH-CHE,North,19,8,2,4,42.11,10.53,21.05
2025-04-10,WH-CHE,South,20,4,6,1,20.0,30.0,5.0
2025-04-10,WH-CHE,West,14,7,3,1,50.0,21.43,7.14
2025-04-10,WH-DEL,Central,24,9,4,6,37.5,16.67,25.0
2025-04-10,WH-DEL,East,19,3,4,3,15.79,21.05,15.79
2025-04-10,WH-DEL,North,19,3,2,3,15.79,10.53,15.79
2025-04-10,WH-DEL,South,16,4,3,5,25.0,18.75,31.25
2025-04-10,WH-DEL,West,12,2,3,4,16.67,25.0,33.33
2025-04-10,WH-HYD,Central,24,3,4,11,12.5,16.67,45.83
2025-04-10,WH-HYD,East,20,8,3,4,40.0,15.0,20.0
2025-04-10,WH-HYD,North,16,2,3,3,12.5,18.75,18.75
2025-04-10,WH-HYD,South,20,3,5,3,15.0,25.0,15.0
2025-04-10,WH-HYD,West,19,4,3,1,21.05,15.79,5.26
2025-04-10,WH-MUM,Central,21,1,5,6,4.76,23.81,28.57
2025-04-10,WH-MUM,East,21,5,3,7,23.81,14.29,33.33
2025-04-10,WH-MUM,North,26,7,5,5,26.92,19.23,19.23
2025-04-10,WH-MUM,South,20,7,2,5,35.0,10.0,25.0
2025-04-10,WH-MUM,West,17,2,3,2,11.76,17.65,11.76
2025-04-11,WH-BLR,Central,22,5,4,6,22.73,18.18,27.27
2025-04-11,WH-BLR,East,15,5,3,3,33.33,20.0,20.0
2025-04-11,WH-BLR,North,19,5,4,3,26.32,21.05,15.79
2025-04-11,WH-BLR,South,11,2,2,2,18.18,18.18,18.18
2025-04-11,WH-BLR,West,17,2,3,3,11.76,17.65,17.65
2025-04-11,WH-CHE,Central,20,5,2,4,25.0,10.0,20.0
2025-04-11,WH-CHE,East,14,2,1,3,14.29,7.14,21.43
2025-04-11,WH-CHE,North,16,5,3,4,31.25,18.75,25.0
2025-04-11,WH-CHE,South,23,4,4,8,17.39,17.39,34.78
2025-04-11,WH-CHE,West,13,1,1,4,7.69,7.69,30.77
2025-04-11,WH-DEL,Central,16,3,4,3,18.75,25.0,18.75
2025-04-11,WH-DEL,East,17,5,3,1,29.41,17.65,5.88
2025-04-11,WH-DEL,North,15,4,2,3,26.67,13.33,20.0
2025-04-11,WH-DEL,South,17,4,2,4,23.53,11.76,23.53
2025-04-11,WH-DEL,West,17,2,4,5,11.76,23.53,29.41
2025-04-11,WH-HYD,Central,23,2,4,8,8.7,17.39,34.78
2025-04-11,WH-HYD,East,17,2,2,4,11.76,11.76,23.53
2025-04-11,WH-HYD,North,19,8,3,3,42.11,15.79,15.79
2025-04-11,WH-HYD,South,23,6,6,8,26.09,26.09,34.78
2025-04-11,WH-HYD,West,18,0,3,4,0.0,16.67,22.22
2025-04-11,WH-MUM,Central,16,4,2,3,25.0,12.5,18.75
2025-04-11,WH-MUM,East,25,7,6,5,28.0,24.0,20.0
2025-04-11,WH-MUM,North,24,2,6,3,8.33,25.0,12.5
2025-04-11,WH-MUM,South,24,4,7,3,16.67,29.17,12.5
2025-04-11,WH-MUM,West,22,6,3,3,27.27,13.64,13.64
2025-04-12,WH-BLR,Central,18,4,4,3,22.22,22.22,16.67
2025-04-12,WH-BLR,East,11,2,1,3,18.18,9.09,27.27
2025-04-12,WH-BLR,North,19,4,6,3,21.05,31.58,15.79
2025-04-12,WH-BLR,South,13,2,5,3,15.38,38.46,23.08
2025-04-12,WH-BLR,West,19,5,3,4,26.32,15.79,21.05
2025-04-12,WH-CHE,Central,12,2,4,2,16.67,33.33,16.67
2025-04-12,WH-CHE,East,19,4,5,4,21.05,26.32,21.05
2025-04-12,WH-CHE,North,14,5,3,2,35.71,21.43,14.29
2025-04-12,WH-CHE,South,23,4,6,8,17.39,26.09,34.78
2025-04-12,WH-CHE,West,27,4,7,7,14.81,25.93,25.93
2025-04-12,WH-DEL,Central,16,3,1,5,18.75,6.25,31.25
2025-04-12,WH-DEL,East,26,6,3,5,23.08,11.54,19.23
2025-04-12,WH-DEL,North,23,3,7,7,13.04,30.43,30.43
2025-04-12,WH-DEL,South,13,2,4,3,15.38,30.77,23.08
2025-04-12,WH-DEL,West,15,2,4,3,13.33,26.67,20.0
2025-04-12,WH-HYD,Central,25,1,9,5,4.0,36.0,20.0
2025-04-12,WH-HYD,East,13,2,3,1,15.38,23.08,7.69
2025-04-12,WH-HYD,North,24,7,4,8,29.17,16.67,33.33
2025-04-12,WH-HYD,South,14,2,5,1,14.29,35.71,7.14
2025-04-12,WH-HYD,West,15,3,4,2,20.0,26.67,13.33
2025-04-12,WH-MUM,Central,23,5,4,6,21.74,17.39,26.09
2025-04-12,WH-MUM,East,19,3,9,4,15.79,47.37,21.05
2025-04-12,WH-MUM,North,17,4,5,2,23.53,29.41,11.76
2025-04-12,WH-MUM,South,23,3,3,6,13.04,13.04,26.09
2025-04-12,WH-MUM,West,21,8,3,2,38.1,14.29,9.52
2025-04-13,WH-BLR,Central,15,6,4,0,40.0,26.67,0.0
2025-04-13,WH-BLR,East,17,1,4,4,5.88,23.53,23.53
2025-04-13,WH-BLR,North,15,2,1,5,13.33,6.67,33.33
2025-04-13,WH-BLR,South,28,6,4,8,21.43,14.29,28.57
2025-04-13,WH-BLR,West,23,5,3,7,21.74,13.04,30.43
2025-04-13,WH-CHE,Central,18,2,6,4,11.11,33.33,22.22
2025-04-13,WH-CHE,East,24,2,8,3,8.33,33.33,12.5
2025-04-13,WH-CHE,North,12,3,2,2,25.0,16.67,16.67
2025-04-13,WH-CHE,South,22,3,4,6,13.64,18.18,27.27
2025-04-13,WH-CHE,West,24,3,2,4,12.5,8.33,16.67
2025-04-13,WH-DEL,Central,19,6,1,5,31.58,5.26,26.32
2025-04-13,WH-DEL,East,25,6,5,3,24.0,20.0,12.0
2025-04-13,WH-DEL,North,23,4,5,5,17.39,21.74,21.74
2025-04-13,WH-DEL,South,21,6,3,6,28.57,14.29,28.57
2025-04-13,WH-DEL,West,17,2,6,2,11.76,35.29,11.76
2025-04-13,WH-HYD,Central,19,4,3,5,21.05,15.79,26.32
2025-04-13,WH-HYD,East,13,3,3,3,23.08,23.08,23.08
2025-04-13,WH-HYD,North,25,7,4,6,28.0,16.0,24.0
2025-04-13,WH-HYD,South,16,3,2,5,18.75,12.5,31.25
2025-04-13,WH-HYD,West,19,4,7,4,21.05,36.84,21.05
2025-04-13,WH-MUM,Central,13,0,4,5,0.0,30.77,38.46
2025-04-13,WH-MUM,East,17,2,4,5,11.76,23.53,29.41
2025-04-13,WH-MUM,North,22,4,5,5,18.18,22.73,22.73
2025-04-13,WH-MUM,South,17,4,3,3,23.53,17.65,17.65
2025-04-13,WH-MUM,West,22,7,7,1,31.82,31.82,4.55
2025-04-14,WH-BLR,Central,18,7,5,2,38.89,27.78,11.11
2025-04-14,WH-BLR,East,23,7,5,5,30.43,21.74,21.74
2025-04-14,WH-BLR,North,19,2,5,5,10.53,26.32,26.32
2025-04-14,WH-BLR,South,12,0,3,4,0.0,25.0,33.33
2025-04-14,WH-BLR,West,19,5,2,5,26.32,10.53,26.32
2025-04-14,WH-CHE,Central,17,2,3,3,11.76,17.65,17.65
2025-04-14,WH-CHE,East,22,2,6,5,9.09,27.27,22.73
2025-04-14,WH-CHE,North,20,4,2,6,20.0,10.0,30.0
2025-04-14,WH-CHE,South,18,6,1,3,33.33,5.56,16.67
2025-04-14,WH-CHE,West,24,5,10,4,20.83,41.67,16.67
2025-04-14,WH-DEL,Central,18,3,6,4,16.67,33.33,22.22
2025-04-14,WH-DEL,East,21,1,6,3,4.76,28.57,14.29
2025-04-14,WH-DEL,North,19,3,4,6,15.79,21.05,31.58
2025-04-14,WH-DEL,South,23,3,7,5,13.04,30.43,21.74
2025-04-14,WH-DEL,West,21,5,4,4,23.81,19.05,19.05
2025-04-14,WH-HYD,Central,24,4,7,5,16.67,29.17,20.83
2025-04-14,WH-HYD,East,12,1,2,1,8.33,16.67,8.33
2025-04-14,WH-HYD,North,17,6,2,1,35.29,11.76,5.88
2025-04-14,WH-HYD,South,15,5,6,2,33.33,40.0,13.33
2025-04-14,WH-HYD,West,20,6,4,6,30.0,20.0,30.0
2025-04-14,WH-MUM,Central,12,2,1,3,16.67,8.33,25.0
2025-04-14,WH-MUM,East,25,5,3,6,20.0,12.0,24.0
2025-04-14,WH-MUM,North,18,4,1,5,22.22,5.56,27.78
2025-04-14,WH-MUM,South,14,2,5,3,14.29,35.71,21.43
2025-04-14,WH-MUM,West,25,4,3,7,16.0,12.0,28.0
2025-04-15,WH-BLR,Central,19,3,6,5,15.79,31.58,26.32
2025-04-15,WH-BLR,East,22,4,5,5,18.18,22.73,22.73
2025-04-15,WH-BLR,North,16,2,3,5,12.5,18.75,31.25
2025-04-15,WH-BLR,South,15,2,3,6,13.33,20.0,40.0
2025-04-15,WH-BLR,West,25,4,6,6,16.0,24.0,24.0
2025-04-15,WH-CHE,Central,19,2,5,6,10.53,26.32,31.58
2025-04-15,WH-CHE,East,24,1,9,5,4.17,37.5,20.83
2025-04-15,WH-CHE,North,17,3,4,6,17.65,23.53,35.29
2025-04-15,WH-CHE,South,14,4,4,2,28.57,28.57,14.29
2025-04-15,WH-CHE,West,13,2,3,3,15.38,23.08,23.08
2025-04-15,WH-DEL,Central,16,1,3,6,6.25,18.75,37.5
2025-04-15,WH-DEL,East,24,5,2,4,20.83,8.33,16.67
2025-04-15,WH-DEL,North,20,4,2,4,20.0,10.0,20.0
2025-04-15,WH-DEL,South,18,4,2,7,22.22,11.11,38.89
2025-04-15,WH-DEL,West,16,4,2,7,25.0,12.5,43.75
2025-04-15,WH-HYD,Central,13,4,1,0,30.77,7.69,0.0
2025-04-15,WH-HYD,East,16,2,1,5,12.5,6.25,31.25
2025-04-15,WH-HYD,North,22,4,4,5,18.18,18.18,22.73
2025-04-15,WH-HYD,South,21,3,6,8,14.29,28.57,38.1
2025-04-15,WH-HYD,West,20,6,2,6,30.0,10.0,30.0
2025-04-15,WH-MUM,Central,24,3,7,8,12.5,29.17,33.33
2025-04-15,WH-MUM,East,15,3,2,5,20.0,13.33,33.33
2025-04-15,WH-MUM,North,24,2,6,6,8.33,25.0,25.0
2025-04-15,WH-MUM,South,18,4,4,2,22.22,22.22,11.11
2025-04-15,WH-MUM,West,23,7,3,5,30.43,13.04,21.74
2025-04-16,WH-BLR,Central,17,1,5,3,5.88,29.41,17.65
2025-04-16,WH-BLR,East,15,1,4,2,6.67,26.67,13.33
2025-04-16,WH-BLR,North,20,1,4,2,5.0,20.0,10.0
2025-04-16,WH-BLR,South,22,7,1,2,31.82,4.55,9.09
2025-04-16,WH-BLR,West,20,4,1,7,20.0,5.0,35.0
2025-04-16,WH-CHE,Central,15,4,1,3,26.67,6.67,20.0
2025-04-16,WH-CHE,East,23,3,7,7,13.04,30.43,30.43
2025-04-16,WH-CHE,North,9,1,2,3,11.11,22.22,33.33
2025-04-16,WH-CHE,South,15,4,2,4,26.67,13.33,26.67
2025-04-16,WH-CHE,West,23,6,5,4,26.09,21.74,17.39
2025-04-16,WH-DEL,Central,21,4,7,4,19.05,33.33,19.05
2025-04-16,WH-DEL,East,17,4,3,1,23.53,17.65,5.88
2025-04-16,WH-DEL,North,12,1,3,2,8.33,25.0,16.67
2025-04-16,WH-DEL,South,13,2,6,1,15.38,46.15,7.69
2025-04-16,WH-DEL,West,12,3,1,5,25.0,8.33,41.67
2025-04-16,WH-HYD,Central,26,6,2,6,23.08,7.69,23.08
2025-04-16,WH-HYD,East,16,6,1,3,37.5,6.25,18.75
2025-04-16,WH-HYD,North,23,3,4,7,13.04,17.39,30.43
2025-04-16,WH-HYD,South,15,3,1,7,20.0,6.67,46.67
2025-04-16,WH-HYD,West,21,3,2,7,14.29,9.52,33.33
2025-04-16,WH-MUM,Central,13,5,1,2,38.46,7.69,15.38
2025-04-16,WH-MUM,East,19,7,4,1,36.84,21.05,5.26
2025-04-16,WH-MUM,North,18,3,7,4,16.67,38.89,22.22
2025-04-16,WH-MUM,South,15,2,4,4,13.33,26.67,26.67
2025-04-16,WH-MUM,West,20,5,4,6,25.0,20.0,30.0
