sku_id,product_name,category,warehouse_id,stock_quantity,reorder_level,unit_cost,demand_30_day,stock_status,reorder_flag,inventory_value
SKU00001,Open-architected maximized time-frame,Books,WH-MUM,0.0,51.0,9076.16,180.0,stockout,YES,0.0
SKU00002,Ergonomic empowering workforce,Clothing,WH-DEL,557.0,86.0,6597.28,169.0,overstock,NO,3674684.96
SKU00003,Multi-lateral dynamic utilization,Beauty,WH-DEL,1798.0,90.0,8386.89,228.0,overstock,NO,15079628.22
SKU00004,Integrated 6thgeneration frame,Grocery,WH-MUM,1839.0,23.0,13021.31,308.0,overstock,NO,23946189.09
SKU00005,Upgradable mission-critical implementation,Books,WH-DEL,76.0,99.0,6116.95,158.0,below_reorder,YES,464888.2
SKU00006,Focused 24/7 solution,Toys,WH-BLR,1225.0,55.0,3537.4,105.0,overstock,NO,4333315.0
SKU00007,Future-proofed homogeneous challenge,Clothing,WH-CHE,1481.0,42.0,12380.98,240.0,overstock,NO,18336231.38
SKU00008,Pre-emptive non-volatile access,Books,WH-MUM,797.0,16.0,1452.55,162.0,overstock,NO,1157682.35
SKU00009,Integrated human-resource solution,Books,WH-HYD,1580.0,86.0,179.72,256.0,overstock,NO,283957.6
SKU00010,User-friendly system-worthy parallelism,Beauty,WH-DEL,1273.0,93.0,11638.79,244.0,overstock,NO,14816179.67
SKU00011,Profit-focused zero administration access,Toys,WH-BLR,626.0,84.0,10451.66,234.0,overstock,NO,6542739.16
SKU00012,Function-based eco-centric functionalities,Grocery,WH-DEL,568.0,81.0,2077.39,207.0,overstock,NO,1179957.52
SKU00013,Sharable value-added ability,Home & Kitchen,WH-HYD,943.0,91.0,10554.14,213.0,overstock,NO,9952554.02
SKU00014,Optimized multimedia artificial intelligence,Beauty,WH-DEL,1557.0,63.0,9780.21,159.0,overstock,NO,15227786.97
SKU00015,Enterprise-wide fresh-thinking access,Clothing,WH-MUM,422.0,89.0,1044.81,275.0,overstock,NO,440909.82
SKU00016,Cross-platform tangible throughput,Books,WH-DEL,927.0,71.0,14017.87,209.0,overstock,NO,12994565.49
SKU00017,Public-key logistical structure,Clothing,WH-BLR,463.0,11.0,7208.39,206.0,overstock,NO,3337484.57
SKU00018,Sharable upward-trending policy,Sports,WH-MUM,351.0,44.0,2032.43,167.0,overstock,NO,713382.93
SKU00019,Ameliorated zero tolerance capacity,Books,WH-HYD,125.0,96.0,12170.84,200.0,healthy,NO,1521355.0
SKU00020,Implemented static Graphic Interface,Home & Kitchen,WH-BLR,888.0,49.0,11016.12,181.0,overstock,NO,9782314.56
SKU00021,User-centric multi-state open architecture,Clothing,WH-BLR,204.0,47.0,13378.82,176.0,overstock,NO,2729279.28
SKU00022,Function-based cohesive task-force,Home & Kitchen,WH-CHE,1990.0,44.0,4483.14,150.0,overstock,NO,8921448.6
SKU00023,Enterprise-wide full-range info-mediaries,Electronics,WH-MUM,572.0,57.0,2402.26,184.0,overstock,NO,1374092.72
SKU00024,Quality-focused 3rdgeneration hub,Sports,WH-DEL,718.0,25.0,6616.31,202.0,overstock,NO,4750510.58
SKU00025,Progressive uniform time-frame,Toys,WH-HYD,688.0,45.0,9877.68,286.0,overstock,NO,6795843.84
SKU00026,Multi-lateral grid-enabled array,Sports,WH-BLR,1013.0,34.0,1590.6,196.0,overstock,NO,1611277.8
SKU00027,Face-to-face fault-tolerant core,Clothing,WH-DEL,957.0,50.0,13463.96,203.0,overstock,NO,12885009.72
SKU00028,User-centric disintermediate process improvement,Home & Kitchen,WH-DEL,665.0,97.0,4536.22,265.0,overstock,NO,3016586.3
SKU00029,Exclusive uniform toolset,Electronics,WH-MUM,1688.0,59.0,7653.13,220.0,overstock,NO,12918483.44
SKU00030,Decentralized discrete strategy,Clothing,WH-BLR,408.0,59.0,456.06,233.0,overstock,NO,186072.48
SKU00031,Function-based multimedia array,Sports,WH-CHE,1183.0,32.0,2759.52,220.0,overstock,NO,3264512.16
SKU00032,Re-engineered neutral monitoring,Home & Kitchen,WH-HYD,782.0,65.0,3665.84,255.0,overstock,NO,2866686.88
SKU00033,Stand-alone zero administration toolset,Toys,WH-MUM,1587.0,82.0,9019.23,217.0,overstock,NO,14313518.01
SKU00034,Persistent logistical migration,Books,WH-DEL,0.0,82.0,3514.11,221.0,stockout,YES,0.0
SKU00035,Switchable eco-centric service-desk,Clothing,WH-CHE,1280.0,34.0,12529.73,203.0,overstock,NO,16038054.4
SKU00036,Decentralized high-level orchestration,Electronics,WH-MUM,1624.0,49.0,12544.83,206.0,overstock,NO,20372803.92
SKU00037,User-friendly fresh-thinking Graphic Interface,Sports,WH-MUM,1758.0,47.0,9822.89,154.0,overstock,NO,17268640.62
SKU00038,Fully-configurable optimal groupware,Toys,WH-CHE,363.0,34.0,6398.37,187.0,overstock,NO,2322608.31
SKU00039,Down-sized grid-enabled Graphical User Interface,Toys,WH-BLR,1650.0,96.0,2910.17,150.0,overstock,NO,4801780.5
SKU00040,Centralized maximized hardware,Books,WH-MUM,527.0,70.0,14286.47,217.0,overstock,NO,7528969.69
SKU00041,Innovative systematic product,Clothing,WH-CHE,1510.0,58.0,14089.11,130.0,overstock,NO,21274556.1
SKU00042,Enhanced web-enabled implementation,Sports,WH-HYD,1039.0,56.0,10988.24,211.0,overstock,NO,11416781.36
SKU00043,Ergonomic dedicated installation,Home & Kitchen,WH-CHE,1489.0,32.0,4299.97,159.0,overstock,NO,6402655.33
SKU00044,Function-based full-range workforce,Home & Kitchen,WH-DEL,703.0,67.0,8339.55,199.0,overstock,NO,5862703.65
SKU00045,Compatible regional implementation,Books,WH-DEL,1705.0,83.0,5133.39,228.0,overstock,NO,8752429.95
SKU00046,Proactive impactful function,Home & Kitchen,WH-CHE,1746.0,91.0,14612.51,183.0,overstock,NO,25513442.46
SKU00047,Right-sized real-time adapter,Beauty,WH-HYD,1800.0,90.0,9151.24,170.0,overstock,NO,16472232.0
SKU00048,Multi-layered maximized throughput,Books,WH-CHE,1652.0,64.0,8561.31,205.0,overstock,NO,14143284.12
SKU00049,Automated multimedia neural-net,Beauty,WH-DEL,1230.0,70.0,3182.46,190.0,overstock,NO,3914425.8
SKU00050,Decentralized system-worthy matrices,Beauty,WH-DEL,937.0,80.0,719.78,194.0,overstock,NO,674433.86
SKU00051,Fundamental impactful superstructure,Books,WH-CHE,1560.0,85.0,117.73,222.0,overstock,NO,183658.8
SKU00052,Cross-group didactic moratorium,Sports,WH-HYD,1041.0,37.0,2088.79,228.0,overstock,NO,2174430.39
SKU00053,Organic neutral pricing structure,Sports,WH-HYD,1250.0,95.0,11106.6,197.0,overstock,NO,13883250.0
SKU00054,Down-sized systemic model,Toys,WH-CHE,1206.0,88.0,6474.01,231.0,overstock,NO,7807656.06
SKU00055,Digitized content-based functionalities,Sports,WH-DEL,836.0,68.0,6881.93,201.0,overstock,NO,5753293.48
SKU00056,Inverse real-time policy,Electronics,WH-HYD,1774.0,84.0,13089.13,180.0,overstock,NO,23220116.62
SKU00057,Optimized solution-oriented moderator,Clothing,WH-HYD,1272.0,20.0,12701.88,172.0,overstock,NO,16156791.36
SKU00058,Persistent empowering model,Electronics,WH-CHE,440.0,43.0,14452.44,168.0,overstock,NO,6359073.6
SKU00059,Multi-lateral 5thgeneration utilization,Clothing,WH-BLR,983.0,63.0,5084.0,243.0,overstock,NO,4997572.0
SKU00060,Balanced upward-trending project,Beauty,WH-DEL,693.0,79.0,50.77,178.0,overstock,NO,35183.61
SKU00061,Re-engineered even-keeled process improvement,Toys,WH-DEL,1405.0,59.0,14158.06,229.0,overstock,NO,19892074.3
SKU00062,Business-focused tertiary infrastructure,Sports,WH-MUM,1816.0,36.0,3948.35,213.0,overstock,NO,7170203.6
SKU00063,Ameliorated 4thgeneration adapter,Books,WH-CHE,753.0,91.0,14546.37,183.0,overstock,NO,10953416.61
SKU00064,Versatile 24/7 policy,Beauty,WH-BLR,1999.0,51.0,328.77,201.0,overstock,NO,657211.23
SKU00065,Phased incremental middleware,Beauty,WH-CHE,836.0,39.0,11734.02,304.0,overstock,NO,9809640.72
SKU00066,Triple-buffered intangible hierarchy,Beauty,WH-BLR,277.0,32.0,4697.46,171.0,overstock,NO,1301196.42
SKU00067,Fully-configurable stable success,Toys,WH-CHE,0.0,85.0,1127.91,206.0,stockout,YES,0.0
SKU00068,Enterprise-wide holistic orchestration,Beauty,WH-BLR,254.0,14.0,12032.98,182.0,overstock,NO,3056376.92
SKU00069,Organized grid-enabled access,Beauty,WH-MUM,1765.0,78.0,882.67,250.0,overstock,NO,1557912.55
SKU00070,Focused radical monitoring,Grocery,WH-HYD,353.0,48.0,6446.1,208.0,overstock,NO,2275473.3
SKU00071,Upgradable contextually-based capacity,Clothing,WH-MUM,1557.0,76.0,9456.32,259.0,overstock,NO,14723490.24
SKU00072,Horizontal radical database,Sports,WH-HYD,1553.0,81.0,8615.91,161.0,overstock,NO,13380508.23
SKU00073,Enhanced mission-critical Local Area Network,Toys,WH-BLR,1048.0,38.0,2978.14,225.0,overstock,NO,3121090.72
SKU00074,Extended bottom-line groupware,Clothing,WH-MUM,162.0,66.0,374.95,262.0,healthy,NO,60741.9
SKU00075,Persistent contextually-based workforce,Toys,WH-CHE,172.0,93.0,9036.18,181.0,healthy,NO,1554222.96
SKU00076,Reverse-engineered tangible collaboration,Electronics,WH-CHE,1316.0,57.0,11398.43,260.0,overstock,NO,15000333.88
SKU00077,Secured transitional flexibility,Grocery,WH-HYD,1073.0,70.0,6922.01,210.0,overstock,NO,7427316.73
SKU00078,Cross-platform content-based process improvement,Books,WH-MUM,849.0,16.0,5840.0,282.0,overstock,NO,4958160.0
SKU00079,Customer-focused coherent Graphic Interface,Toys,WH-BLR,622.0,37.0,3273.7,243.0,overstock,NO,2036241.4
SKU00080,Multi-layered exuding emulation,Sports,WH-CHE,1599.0,58.0,6074.35,139.0,overstock,NO,9712885.65
SKU00081,Innovative clear-thinking project,Books,WH-MUM,147.0,35.0,1619.03,246.0,overstock,NO,237997.41
SKU00082,Robust 4thgeneration monitoring,Beauty,WH-DEL,863.0,71.0,6624.18,176.0,overstock,NO,5716667.34
SKU00083,Synchronized 5thgeneration algorithm,Grocery,WH-DEL,1716.0,67.0,13247.79,256.0,overstock,NO,22733207.64
SKU00084,Seamless bottom-line moratorium,Sports,WH-HYD,944.0,64.0,13002.49,211.0,overstock,NO,12274350.56
SKU00085,Multi-layered dedicated solution,Toys,WH-MUM,794.0,60.0,13358.37,163.0,overstock,NO,10606545.78
SKU00086,Secured secondary firmware,Beauty,WH-CHE,1043.0,80.0,10464.48,162.0,overstock,NO,10914452.64
SKU00087,Monitored actuating encoding,Grocery,WH-HYD,542.0,57.0,12215.07,202.0,overstock,NO,6620567.94
SKU00088,Switchable clear-thinking Local Area Network,Sports,WH-MUM,1331.0,46.0,10277.87,180.0,overstock,NO,13679844.97
SKU00089,Function-based full-range encoding,Beauty,WH-MUM,725.0,67.0,2118.14,258.0,overstock,NO,1535651.5
SKU00090,Up-sized systematic core,Sports,WH-DEL,1780.0,40.0,13178.76,258.0,overstock,NO,23458192.8
SKU00091,Reactive multi-tasking core,Toys,WH-HYD,1141.0,46.0,7012.68,242.0,overstock,NO,8001467.88
SKU00092,Extended non-volatile paradigm,Sports,WH-HYD,46.0,63.0,13088.18,165.0,below_reorder,YES,602056.28
SKU00093,Front-line encompassing structure,Beauty,WH-HYD,1222.0,54.0,1253.73,229.0,overstock,NO,1532058.06
SKU00094,Diverse optimizing orchestration,Sports,WH-HYD,649.0,36.0,1369.59,244.0,overstock,NO,888863.91
SKU00095,Profit-focused intangible support,Books,WH-DEL,1204.0,14.0,937.95,175.0,overstock,NO,1129291.8
SKU00096,Cloned real-time info-mediaries,Electronics,WH-DEL,568.0,62.0,8586.08,125.0,overstock,NO,4876893.44
SKU00097,Cloned 24/7 synergy,Toys,WH-MUM,1036.0,40.0,5388.17,223.0,overstock,NO,5582144.12
SKU00098,Operative 24/7 alliance,Sports,WH-BLR,1075.0,93.0,5183.91,188.0,overstock,NO,5572703.25
SKU00099,Robust 3rdgeneration open system,Toys,WH-MUM,700.0,35.0,5513.58,235.0,overstock,NO,3859506.0
SKU00100,Object-based 6thgeneration software,Toys,WH-DEL,0.0,14.0,6476.07,156.0,stockout,YES,0.0
SKU00101,Business-focused grid-enabled structure,Grocery,WH-DEL,1168.0,18.0,482.1,165.0,overstock,NO,563092.8
SKU00102,Innovative secondary hierarchy,Books,WH-BLR,1197.0,63.0,12233.24,285.0,overstock,NO,14643188.28
SKU00103,Open-architected maximized circuit,Clothing,WH-CHE,1567.0,74.0,9020.11,235.0,overstock,NO,14134512.37
SKU00104,Synchronized human-resource Internet solution,Toys,WH-DEL,164.0,80.0,12511.54,151.0,healthy,NO,2051892.56
SKU00105,User-centric modular software,Beauty,WH-HYD,1533.0,45.0,7560.62,244.0,overstock,NO,11590430.46
SKU00106,Self-enabling zero tolerance middleware,Toys,WH-BLR,1495.0,70.0,1193.69,160.0,overstock,NO,1784566.55
SKU00107,Extended hybrid moderator,Toys,WH-HYD,1045.0,75.0,13853.59,193.0,overstock,NO,14477001.55
SKU00108,Stand-alone fault-tolerant adapter,Electronics,WH-CHE,945.0,62.0,4245.93,177.0,overstock,NO,4012403.85
SKU00109,Synchronized user-facing Graphic Interface,Toys,WH-CHE,301.0,12.0,8236.02,162.0,overstock,NO,2479042.02
SKU00110,De-engineered 5thgeneration strategy,Home & Kitchen,WH-CHE,702.0,85.0,5564.46,262.0,overstock,NO,3906250.92
SKU00111,Fundamental coherent utilization,Electronics,WH-DEL,1267.0,45.0,7924.97,256.0,overstock,NO,10040936.99
SKU00112,Horizontal high-level productivity,Books,WH-MUM,7.0,83.0,10390.25,260.0,below_reorder,YES,72731.75
SKU00113,Enterprise-wide needs-based solution,Grocery,WH-DEL,585.0,50.0,6371.06,252.0,overstock,NO,3727070.1
SKU00114,Automated maximized archive,Grocery,WH-CHE,1276.0,64.0,10222.12,152.0,overstock,NO,13043425.12
SKU00115,Fundamental logistical support,Home & Kitchen,WH-BLR,112.0,18.0,1052.93,160.0,overstock,NO,117928.16
SKU00116,Up-sized multi-state analyzer,Clothing,WH-DEL,770.0,49.0,8002.42,238.0,overstock,NO,6161863.4
SKU00117,Innovative interactive standardization,Sports,WH-MUM,498.0,80.0,6793.46,163.0,overstock,NO,3383143.08
SKU00118,Seamless even-keeled adapter,Clothing,WH-CHE,1501.0,53.0,3837.29,217.0,overstock,NO,5759772.29
SKU00119,Proactive impactful conglomeration,Sports,WH-BLR,1770.0,26.0,6855.35,217.0,overstock,NO,12133969.5
SKU00120,Sharable asynchronous policy,Books,WH-BLR,537.0,23.0,4943.35,238.0,overstock,NO,2654578.95
SKU00121,Cloned needs-based standardization,Home & Kitchen,WH-CHE,462.0,71.0,13749.04,223.0,overstock,NO,6352056.48
SKU00122,Multi-lateral well-modulated toolset,Books,WH-CHE,168.0,97.0,12582.63,171.0,healthy,NO,2113881.84
SKU00123,Secured intermediate extranet,Toys,WH-HYD,1775.0,71.0,4685.9,248.0,overstock,NO,8317472.5
SKU00124,Open-source content-based emulation,Clothing,WH-MUM,1985.0,56.0,3096.62,288.0,overstock,NO,6146790.7
SKU00125,Monitored 5thgeneration solution,Books,WH-CHE,727.0,57.0,179.51,296.0,overstock,NO,130503.77
SKU00126,Assimilated modular website,Sports,WH-HYD,1987.0,50.0,13515.49,247.0,overstock,NO,26855278.63
SKU00127,Realigned eco-centric knowledgebase,Clothing,WH-CHE,1947.0,77.0,5271.46,240.0,overstock,NO,10263532.62
SKU00128,Right-sized reciprocal strategy,Beauty,WH-DEL,1420.0,72.0,9583.55,244.0,overstock,NO,13608641.0
SKU00129,Decentralized hybrid firmware,Beauty,WH-CHE,1275.0,17.0,5188.72,180.0,overstock,NO,6615618.0
SKU00130,Decentralized zero-defect extranet,Sports,WH-DEL,1387.0,31.0,10602.93,288.0,overstock,NO,14706263.91
SKU00131,Mandatory attitude-oriented definition,Toys,WH-CHE,1654.0,24.0,4987.87,163.0,overstock,NO,8249936.98
SKU00132,Quality-focused executive capacity,Grocery,WH-MUM,1271.0,37.0,5210.17,239.0,overstock,NO,6622126.07
SKU00133,Front-line coherent product,Books,WH-CHE,0.0,38.0,14139.84,239.0,stockout,YES,0.0
SKU00134,Decentralized mobile orchestration,Clothing,WH-DEL,1467.0,17.0,8238.59,234.0,overstock,NO,12086011.53
SKU00135,Re-contextualized next generation software,Clothing,WH-HYD,1773.0,34.0,12295.91,227.0,overstock,NO,21800648.43
SKU00136,Adaptive 6thgeneration challenge,Home & Kitchen,WH-MUM,1672.0,49.0,10568.48,256.0,overstock,NO,17670498.56
SKU00137,Stand-alone web-enabled website,Clothing,WH-BLR,1794.0,83.0,10352.6,187.0,overstock,NO,18572564.4
SKU00138,Customizable clear-thinking project,Books,WH-DEL,1734.0,85.0,14672.22,268.0,overstock,NO,25441629.48
SKU00139,Multi-channeled fresh-thinking hierarchy,Home & Kitchen,WH-MUM,643.0,70.0,996.55,184.0,overstock,NO,640781.65
SKU00140,Versatile tertiary customer loyalty,Sports,WH-BLR,178.0,61.0,1405.63,156.0,healthy,NO,250202.14
SKU00141,Persevering systemic architecture,Books,WH-BLR,680.0,56.0,3779.41,240.0,overstock,NO,2569998.8
SKU00142,Switchable non-volatile hierarchy,Electronics,WH-MUM,656.0,14.0,14286.44,202.0,overstock,NO,9371904.64
SKU00143,De-engineered asymmetric info-mediaries,Electronics,WH-DEL,607.0,67.0,12136.59,190.0,overstock,NO,7366910.13
SKU00144,Programmable needs-based leverage,Clothing,WH-DEL,204.0,88.0,10092.19,172.0,healthy,NO,2058806.76
SKU00145,Diverse 4thgeneration parallelism,Beauty,WH-BLR,620.0,50.0,9227.98,243.0,overstock,NO,5721347.6
SKU00146,Automated directional Graphical User Interface,Toys,WH-HYD,1449.0,40.0,11134.26,225.0,overstock,NO,16133542.74
SKU00147,Synergistic dynamic toolset,Beauty,WH-DEL,621.0,81.0,14819.9,241.0,overstock,NO,9203157.9
SKU00148,Polarized optimizing open architecture,Clothing,WH-CHE,1922.0,86.0,2163.32,181.0,overstock,NO,4157901.04
SKU00149,Cross-platform secondary middleware,Beauty,WH-BLR,853.0,97.0,2332.88,223.0,overstock,NO,1989946.64
SKU00150,Robust reciprocal pricing structure,Clothing,WH-DEL,1990.0,98.0,392.47,253.0,overstock,NO,781015.3
SKU00151,Optional leadingedge capacity,Toys,WH-DEL,191.0,17.0,10365.82,185.0,overstock,NO,1979871.62
SKU00152,Focused full-range system engine,Home & Kitchen,WH-MUM,512.0,25.0,2442.56,288.0,overstock,NO,1250590.72
SKU00153,Horizontal 6thgeneration conglomeration,Home & Kitchen,WH-MUM,1031.0,29.0,6290.18,189.0,overstock,NO,6485175.58
SKU00154,Right-sized foreground adapter,Grocery,WH-HYD,1306.0,31.0,5369.8,226.0,overstock,NO,7012958.8
SKU00155,Assimilated mobile matrices,Toys,WH-HYD,1164.0,28.0,12543.09,224.0,overstock,NO,14600156.76
SKU00156,Polarized local instruction set,Books,WH-CHE,1016.0,100.0,9489.84,249.0,overstock,NO,9641677.44
SKU00157,Secured client-driven portal,Electronics,WH-MUM,1164.0,27.0,216.28,224.0,overstock,NO,251749.92
SKU00158,Balanced contextually-based functionalities,Beauty,WH-MUM,1556.0,80.0,7409.54,230.0,overstock,NO,11529244.24
SKU00159,Triple-buffered upward-trending process improvemen,Grocery,WH-MUM,412.0,28.0,784.89,245.0,overstock,NO,323374.68
SKU00160,Synergistic client-driven encryption,Electronics,WH-HYD,1353.0,44.0,14404.44,241.0,overstock,NO,19489207.32
SKU00161,Proactive full-range forecast,Beauty,WH-MUM,1505.0,42.0,9254.48,212.0,overstock,NO,13927992.4
SKU00162,Vision-oriented asymmetric artificial intelligence,Grocery,WH-CHE,296.0,54.0,14092.17,208.0,overstock,NO,4171282.32
SKU00163,Re-contextualized 24hour extranet,Sports,WH-DEL,1845.0,52.0,5053.42,222.0,overstock,NO,9323559.9
SKU00164,Cross-group dedicated flexibility,Electronics,WH-CHE,301.0,61.0,10612.13,267.0,overstock,NO,3194251.13
SKU00165,User-centric cohesive encryption,Toys,WH-DEL,1131.0,32.0,706.57,221.0,overstock,NO,799130.67
SKU00166,Realigned modular archive,Sports,WH-BLR,0.0,48.0,241.27,226.0,stockout,YES,0.0
SKU00167,Innovative clear-thinking methodology,Sports,WH-HYD,1647.0,98.0,6794.77,219.0,overstock,NO,11190986.19
SKU00168,Expanded coherent concept,Beauty,WH-DEL,1186.0,42.0,672.79,242.0,overstock,NO,797928.94
SKU00169,Right-sized bi-directional contingency,Beauty,WH-BLR,1972.0,36.0,6562.99,173.0,overstock,NO,12942216.28
SKU00170,Vision-oriented interactive concept,Clothing,WH-BLR,674.0,65.0,13513.67,269.0,overstock,NO,9108213.58
SKU00171,Decentralized content-based paradigm,Books,WH-CHE,1007.0,75.0,7746.61,244.0,overstock,NO,7800836.27
SKU00172,Profit-focused systematic software,Grocery,WH-BLR,780.0,64.0,10933.68,146.0,overstock,NO,8528270.4
SKU00173,Reactive heuristic challenge,Books,WH-DEL,797.0,63.0,1157.33,252.0,overstock,NO,922392.01
SKU00174,Assimilated 4thgeneration algorithm,Home & Kitchen,WH-CHE,282.0,12.0,13281.48,337.0,overstock,NO,3745377.36
SKU00175,Multi-lateral radical paradigm,Clothing,WH-MUM,1777.0,81.0,12000.5,220.0,overstock,NO,21324888.5
SKU00176,Automated 6thgeneration implementation,Electronics,WH-CHE,987.0,45.0,13835.47,120.0,overstock,NO,13655608.89
SKU00177,Proactive system-worthy middleware,Clothing,WH-DEL,1260.0,37.0,11317.3,203.0,overstock,NO,14259798.0
SKU00178,Stand-alone user-facing standardization,Electronics,WH-BLR,248.0,76.0,3149.35,173.0,overstock,NO,781038.8
SKU00179,Function-based maximized migration,Beauty,WH-MUM,1147.0,82.0,10961.3,276.0,overstock,NO,12572611.1
SKU00180,Open-architected systematic workforce,Sports,WH-DEL,1456.0,43.0,1147.6,248.0,overstock,NO,1670905.6
SKU00181,Self-enabling uniform circuit,Electronics,WH-BLR,477.0,66.0,14357.65,229.0,overstock,NO,6848599.05
SKU00182,Function-based cohesive alliance,Books,WH-DEL,1807.0,62.0,8848.43,207.0,overstock,NO,15989113.01
SKU00183,Ergonomic 3rdgeneration productivity,Books,WH-CHE,1679.0,52.0,9612.09,229.0,overstock,NO,16138699.11
SKU00184,Advanced methodical flexibility,Home & Kitchen,WH-HYD,806.0,11.0,9879.74,240.0,overstock,NO,7963070.44
SKU00185,Quality-focused neutral concept,Sports,WH-CHE,1554.0,61.0,12974.75,232.0,overstock,NO,20162761.5
SKU00186,Managed neutral archive,Toys,WH-HYD,679.0,98.0,12528.96,257.0,overstock,NO,8507163.84
SKU00187,Assimilated radical monitoring,Home & Kitchen,WH-CHE,1358.0,94.0,5545.02,187.0,overstock,NO,7530137.16
SKU00188,Seamless secondary moratorium,Home & Kitchen,WH-CHE,337.0,10.0,7906.78,225.0,overstock,NO,2664584.86
SKU00189,Devolved radical extranet,Books,WH-MUM,764.0,15.0,2356.22,233.0,overstock,NO,1800152.08
SKU00190,Synergistic motivating protocol,Beauty,WH-BLR,1489.0,97.0,6435.05,139.0,overstock,NO,9581789.45
SKU00191,Advanced asymmetric extranet,Grocery,WH-HYD,1308.0,74.0,13604.39,234.0,overstock,NO,17794542.12
SKU00192,Synergized disintermediate structure,Toys,WH-CHE,1641.0,38.0,4214.2,183.0,overstock,NO,6915502.2
SKU00193,Monitored client-server moderator,Sports,WH-BLR,1176.0,83.0,11024.29,210.0,overstock,NO,12964565.04
SKU00194,Self-enabling disintermediate challenge,Beauty,WH-BLR,473.0,91.0,2241.06,215.0,overstock,NO,1060021.38
SKU00195,User-friendly empowering protocol,Clothing,WH-BLR,660.0,97.0,14067.54,159.0,overstock,NO,9284576.4
SKU00196,Profound dedicated groupware,Home & Kitchen,WH-CHE,1433.0,72.0,13860.3,182.0,overstock,NO,19861809.9
SKU00197,Diverse leadingedge instruction set,Grocery,WH-DEL,178.0,100.0,14482.25,304.0,healthy,NO,2577840.5
SKU00198,Exclusive even-keeled matrices,Sports,WH-MUM,790.0,64.0,14562.45,279.0,overstock,NO,11504335.5
SKU00199,Diverse dedicated alliance,Beauty,WH-DEL,0.0,88.0,11421.16,235.0,stockout,YES,0.0
SKU00200,Operative user-facing installation,Grocery,WH-MUM,685.0,44.0,6394.79,219.0,overstock,NO,4380431.15
SKU00201,Upgradable neutral Graphic Interface,Toys,WH-DEL,651.0,55.0,5366.11,233.0,overstock,NO,3493337.61
SKU00202,Progressive logistical model,Toys,WH-CHE,228.0,61.0,4694.67,210.0,overstock,NO,1070384.76
SKU00203,Versatile empowering task-force,Toys,WH-DEL,1479.0,16.0,3601.86,263.0,overstock,NO,5327150.94
SKU00204,Implemented optimal monitoring,Books,WH-MUM,1032.0,17.0,5296.89,195.0,overstock,NO,5466390.48
SKU00205,Universal background initiative,Toys,WH-DEL,1714.0,20.0,11775.04,197.0,overstock,NO,20182418.56
SKU00206,Cloned optimal frame,Grocery,WH-MUM,317.0,45.0,9800.5,255.0,overstock,NO,3106758.5
SKU00207,Profound multi-tasking application,Home & Kitchen,WH-CHE,1555.0,37.0,7888.67,201.0,overstock,NO,12266881.85
SKU00208,Cross-platform context-sensitive installation,Home & Kitchen,WH-CHE,840.0,16.0,7219.98,190.0,overstock,NO,6064783.2
SKU00209,Reduced contextually-based software,Sports,WH-DEL,1421.0,20.0,6566.61,168.0,overstock,NO,9331152.81
SKU00210,Seamless demand-driven system engine,Electronics,WH-MUM,1625.0,35.0,4155.18,310.0,overstock,NO,6752167.5
SKU00211,Switchable impactful concept,Electronics,WH-BLR,1749.0,38.0,1126.24,245.0,overstock,NO,1969793.76
SKU00212,Proactive bottom-line parallelism,Books,WH-CHE,1804.0,61.0,5652.18,249.0,overstock,NO,10196532.72
SKU00213,Proactive actuating Local Area Network,Grocery,WH-BLR,708.0,43.0,1609.69,283.0,overstock,NO,1139660.52
SKU00214,Virtual logistical initiative,Toys,WH-MUM,706.0,84.0,13217.23,224.0,overstock,NO,9331364.38
SKU00215,Inverse tertiary array,Toys,WH-HYD,1823.0,72.0,661.5,178.0,overstock,NO,1205914.5
SKU00216,Managed bifurcated Internet solution,Toys,WH-HYD,282.0,27.0,9513.23,186.0,overstock,NO,2682730.86
SKU00217,Multi-lateral cohesive orchestration,Beauty,WH-BLR,809.0,89.0,11253.33,204.0,overstock,NO,9103943.97
SKU00218,Proactive stable hardware,Clothing,WH-MUM,1414.0,100.0,1650.93,218.0,overstock,NO,2334415.02
SKU00219,Down-sized grid-enabled parallelism,Beauty,WH-MUM,1513.0,74.0,6161.08,272.0,overstock,NO,9321714.04
SKU00220,Re-contextualized dynamic productivity,Electronics,WH-BLR,175.0,51.0,2602.15,162.0,overstock,NO,455376.25
SKU00221,Intuitive local customer loyalty,Books,WH-DEL,1763.0,96.0,8378.39,215.0,overstock,NO,14771101.57
SKU00222,Innovative explicit time-frame,Grocery,WH-CHE,655.0,27.0,5135.75,268.0,overstock,NO,3363916.25
SKU00223,Open-architected attitude-oriented capability,Home & Kitchen,WH-BLR,853.0,37.0,5824.85,213.0,overstock,NO,4968597.05
SKU00224,Profit-focused background knowledge user,Beauty,WH-CHE,1313.0,44.0,5995.09,161.0,overstock,NO,7871553.17
SKU00225,Horizontal responsive Graphic Interface,Toys,WH-CHE,1149.0,12.0,87.79,158.0,overstock,NO,100870.71
SKU00226,Compatible non-volatile complexity,Beauty,WH-CHE,1600.0,99.0,1278.68,200.0,overstock,NO,2045888.0
SKU00227,Realigned maximized synergy,Clothing,WH-HYD,132.0,71.0,9126.89,232.0,healthy,NO,1204749.48
SKU00228,User-centric heuristic knowledge user,Beauty,WH-BLR,1172.0,48.0,1074.4,172.0,overstock,NO,1259196.8
SKU00229,Distributed didactic encryption,Sports,WH-BLR,338.0,36.0,9080.03,206.0,overstock,NO,3069050.14
SKU00230,Devolved asymmetric monitoring,Toys,WH-CHE,1269.0,32.0,13768.91,188.0,overstock,NO,17472746.79
SKU00231,Robust empowering flexibility,Books,WH-BLR,1319.0,94.0,7784.37,191.0,overstock,NO,10267584.03
SKU00232,Enterprise-wide context-sensitive core,Grocery,WH-HYD,0.0,54.0,4118.09,247.0,stockout,YES,0.0
SKU00233,Upgradable disintermediate Graphic Interface,Beauty,WH-HYD,75.0,12.0,8756.12,202.0,overstock,NO,656709.0
SKU00234,Horizontal well-modulated flexibility,Beauty,WH-BLR,1254.0,93.0,4579.74,211.0,overstock,NO,5742993.96
SKU00235,Streamlined needs-based database,Sports,WH-HYD,1568.0,78.0,3378.69,248.0,overstock,NO,5297785.92
SKU00236,Digitized global encoding,Grocery,WH-HYD,1760.0,82.0,1572.64,208.0,overstock,NO,2767846.4
SKU00237,Programmable analyzing architecture,Home & Kitchen,WH-CHE,1699.0,44.0,10902.56,201.0,overstock,NO,18523449.44
SKU00238,Managed exuding attitude,Electronics,WH-MUM,1938.0,48.0,7328.81,176.0,overstock,NO,14203233.78
SKU00239,Right-sized maximized workforce,Beauty,WH-HYD,1215.0,69.0,3197.11,212.0,overstock,NO,3884488.65
SKU00240,Balanced web-enabled open architecture,Electronics,WH-DEL,224.0,52.0,9976.65,222.0,overstock,NO,2234769.6
SKU00241,Cross-platform systemic contingency,Sports,WH-MUM,1758.0,46.0,6962.04,194.0,overstock,NO,12239266.32
SKU00242,Open-source context-sensitive algorithm,Sports,WH-BLR,146.0,98.0,3643.86,194.0,healthy,NO,532003.56
SKU00243,Innovative holistic challenge,Grocery,WH-BLR,721.0,69.0,2045.7,154.0,overstock,NO,1474949.7
SKU00244,Phased even-keeled complexity,Beauty,WH-MUM,212.0,53.0,6049.3,228.0,overstock,NO,1282451.6
SKU00245,Robust non-volatile productivity,Grocery,WH-CHE,805.0,52.0,4669.86,218.0,overstock,NO,3759237.3
SKU00246,Multi-tiered neutral groupware,Beauty,WH-BLR,1268.0,29.0,7040.52,217.0,overstock,NO,8927379.36
SKU00247,Monitored 6thgeneration service-desk,Home & Kitchen,WH-BLR,1979.0,54.0,8069.28,169.0,overstock,NO,15969105.12
SKU00248,Right-sized system-worthy firmware,Electronics,WH-CHE,1380.0,54.0,12518.15,238.0,overstock,NO,17275047.0
SKU00249,Optimized 4thgeneration synergy,Sports,WH-CHE,741.0,22.0,12501.32,251.0,overstock,NO,9263478.12
SKU00250,Re-engineered actuating orchestration,Toys,WH-CHE,318.0,43.0,6066.66,203.0,overstock,NO,1929197.88
SKU00251,Digitized analyzing success,Clothing,WH-MUM,840.0,40.0,11661.59,198.0,overstock,NO,9795735.6
SKU00252,Assimilated real-time info-mediaries,Sports,WH-DEL,615.0,69.0,6688.39,245.0,overstock,NO,4113359.85
SKU00253,Proactive national instruction set,Sports,WH-HYD,1214.0,91.0,6036.69,149.0,overstock,NO,7328541.66
SKU00254,Decentralized motivating matrix,Sports,WH-CHE,1009.0,72.0,10956.52,164.0,overstock,NO,11055128.68
SKU00255,Managed context-sensitive forecast,Sports,WH-BLR,715.0,83.0,1911.06,257.0,overstock,NO,1366407.9
SKU00256,Synergized executive task-force,Electronics,WH-HYD,443.0,46.0,7797.11,170.0,overstock,NO,3454119.73
SKU00257,Advanced mobile concept,Toys,WH-DEL,945.0,34.0,604.34,130.0,overstock,NO,571101.3
SKU00258,Diverse holistic strategy,Toys,WH-HYD,159.0,54.0,1556.56,177.0,healthy,NO,247493.04
SKU00259,Intuitive web-enabled firmware,Electronics,WH-DEL,80.0,66.0,9902.85,176.0,healthy,NO,792228.0
SKU00260,Ergonomic asynchronous installation,Toys,WH-BLR,1619.0,83.0,6927.18,219.0,overstock,NO,11215104.42
SKU00261,Balanced solution-oriented task-force,Grocery,WH-CHE,1435.0,32.0,8167.79,151.0,overstock,NO,11720778.65
SKU00262,Quality-focused maximized software,Beauty,WH-HYD,200.0,100.0,4741.55,175.0,healthy,NO,948310.0
SKU00263,Versatile client-driven open system,Clothing,WH-CHE,747.0,40.0,11251.45,281.0,overstock,NO,8404833.15
SKU00264,Organic coherent superstructure,Toys,WH-MUM,1386.0,55.0,6705.29,185.0,overstock,NO,9293531.94
SKU00265,Customer-focused static attitude,Toys,WH-BLR,0.0,96.0,7327.77,236.0,stockout,YES,0.0
SKU00266,Integrated even-keeled orchestration,Toys,WH-HYD,118.0,26.0,729.86,257.0,overstock,NO,86123.48
SKU00267,Organic methodical superstructure,Books,WH-MUM,174.0,39.0,4087.85,230.0,overstock,NO,711285.9
SKU00268,Business-focused fresh-thinking functionalities,Clothing,WH-DEL,1253.0,19.0,11311.56,242.0,overstock,NO,14173384.68
SKU00269,Adaptive impactful project,Books,WH-BLR,958.0,31.0,754.57,248.0,overstock,NO,722878.06
SKU00270,Virtual fault-tolerant architecture,Sports,WH-HYD,464.0,61.0,14634.93,241.0,overstock,NO,6790607.52
SKU00271,Vision-oriented multimedia collaboration,Beauty,WH-CHE,1580.0,62.0,7222.77,219.0,overstock,NO,11411976.6
SKU00272,Sharable upward-trending application,Clothing,WH-CHE,548.0,12.0,14262.88,177.0,overstock,NO,7816058.24
SKU00273,Extended 4thgeneration interface,Electronics,WH-HYD,1872.0,96.0,9979.69,158.0,overstock,NO,18681979.68
SKU00274,Object-based uniform alliance,Beauty,WH-BLR,894.0,81.0,11623.98,241.0,overstock,NO,10391838.12
SKU00275,Persistent methodical support,Toys,WH-MUM,1051.0,53.0,12374.21,198.0,overstock,NO,13005294.71
SKU00276,Secured dynamic conglomeration,Toys,WH-HYD,1493.0,85.0,3597.4,202.0,overstock,NO,5370918.2
SKU00277,Up-sized reciprocal customer loyalty,Clothing,WH-CHE,1037.0,59.0,2165.28,222.0,overstock,NO,2245395.36
SKU00278,Optimized analyzing portal,Clothing,WH-MUM,258.0,35.0,1372.49,232.0,overstock,NO,354102.42
SKU00279,Managed high-level orchestration,Clothing,WH-MUM,1346.0,51.0,3994.62,207.0,overstock,NO,5376758.52
SKU00280,Front-line 3rdgeneration instruction set,Toys,WH-CHE,221.0,72.0,1285.0,176.0,overstock,NO,283985.0
SKU00281,Seamless 24hour protocol,Home & Kitchen,WH-CHE,1658.0,49.0,12651.38,184.0,overstock,NO,20975988.04
SKU00282,Reverse-engineered encompassing workforce,Beauty,WH-BLR,540.0,58.0,6800.0,314.0,overstock,NO,3672000.0
SKU00283,Cross-group fault-tolerant Graphical User Interfac,Books,WH-BLR,1405.0,45.0,2753.91,295.0,overstock,NO,3869243.55
SKU00284,Right-sized 3rdgeneration capacity,Clothing,WH-CHE,199.0,95.0,1685.16,262.0,healthy,NO,335346.84
SKU00285,Multi-channeled foreground benchmark,Clothing,WH-HYD,1886.0,34.0,3246.75,236.0,overstock,NO,6123370.5
SKU00286,Intuitive analyzing archive,Electronics,WH-DEL,295.0,36.0,10322.88,252.0,overstock,NO,3045249.6
SKU00287,Multi-lateral hybrid Internet solution,Clothing,WH-HYD,443.0,64.0,10365.75,187.0,overstock,NO,4592027.25
SKU00288,Ameliorated systematic data-warehouse,Sports,WH-BLR,1099.0,73.0,11715.83,149.0,overstock,NO,12875697.17
SKU00289,Re-contextualized intermediate extranet,Sports,WH-MUM,275.0,13.0,5760.93,171.0,overstock,NO,1584255.75
SKU00290,Public-key object-oriented challenge,Sports,WH-MUM,499.0,41.0,9945.04,222.0,overstock,NO,4962574.96
SKU00291,Devolved global benchmark,Sports,WH-DEL,1841.0,24.0,14622.92,202.0,overstock,NO,26920795.72
SKU00292,Operative regional pricing structure,Grocery,WH-HYD,424.0,11.0,2576.31,172.0,overstock,NO,1092355.44
SKU00293,Multi-tiered bi-directional strategy,Electronics,WH-HYD,1799.0,47.0,7646.97,190.0,overstock,NO,13756899.03
SKU00294,Multi-channeled even-keeled customer loyalty,Grocery,WH-DEL,1173.0,63.0,740.84,232.0,overstock,NO,869005.32
SKU00295,Enterprise-wide asymmetric projection,Toys,WH-MUM,1113.0,69.0,1670.69,226.0,overstock,NO,1859477.97
SKU00296,Object-based empowering function,Home & Kitchen,WH-DEL,764.0,71.0,11119.92,203.0,overstock,NO,8495618.88
SKU00297,Organic bottom-line challenge,Grocery,WH-HYD,134.0,33.0,10351.19,245.0,overstock,NO,1387059.46
SKU00298,Enhanced fresh-thinking matrices,Grocery,WH-CHE,0.0,77.0,2251.86,240.0,stockout,YES,0.0
SKU00299,Sharable next generation throughput,Toys,WH-BLR,1345.0,23.0,8435.67,165.0,overstock,NO,11345976.15
SKU00300,Re-contextualized full-range initiative,Toys,WH-DEL,455.0,38.0,12218.14,195.0,overstock,NO,5559253.7
SKU00301,Exclusive contextually-based success,Toys,WH-BLR,1340.0,61.0,12682.01,242.0,overstock,NO,16993893.4
SKU00302,Proactive human-resource secured line,Toys,WH-CHE,223.0,88.0,7035.66,137.0,healthy,NO,1568952.18
SKU00303,Advanced incremental application,Toys,WH-MUM,1470.0,87.0,603.22,245.0,overstock,NO,886733.4
SKU00304,Synergistic eco-centric pricing structure,Toys,WH-CHE,512.0,14.0,11780.18,234.0,overstock,NO,6031452.16
SKU00305,Phased real-time neural-net,Grocery,WH-BLR,469.0,26.0,9695.34,197.0,overstock,NO,4547114.46
SKU00306,Proactive exuding intranet,Clothing,WH-HYD,1220.0,97.0,10592.25,240.0,overstock,NO,12922545.0
SKU00307,Configurable coherent access,Clothing,WH-BLR,1510.0,81.0,8307.06,210.0,overstock,NO,12543660.6
SKU00308,Switchable 24hour Local Area Network,Clothing,WH-MUM,1115.0,84.0,2858.03,204.0,overstock,NO,3186703.45
SKU00309,Synergistic value-added application,Grocery,WH-BLR,946.0,32.0,14319.55,192.0,overstock,NO,13546294.3
SKU00310,Re-engineered cohesive attitude,Beauty,WH-CHE,137.0,41.0,13837.99,180.0,overstock,NO,1895804.63
SKU00311,Future-proofed client-driven flexibility,Toys,WH-BLR,1599.0,31.0,10942.95,271.0,overstock,NO,17497777.05
SKU00312,Focused global alliance,Electronics,WH-HYD,231.0,83.0,2151.91,178.0,healthy,NO,497091.21
SKU00313,Business-focused web-enabled access,Grocery,WH-CHE,565.0,11.0,5534.23,228.0,overstock,NO,3126839.95
SKU00314,Focused static pricing structure,Books,WH-CHE,753.0,39.0,3024.85,167.0,overstock,NO,2277712.05
SKU00315,Synergized leadingedge monitoring,Sports,WH-CHE,1718.0,91.0,2922.26,177.0,overstock,NO,5020442.68
SKU00316,Grass-roots didactic help-desk,Electronics,WH-MUM,918.0,51.0,6153.39,191.0,overstock,NO,5648812.02
SKU00317,Cross-platform secondary orchestration,Grocery,WH-BLR,1880.0,58.0,4706.9,262.0,overstock,NO,8848972.0
SKU00318,Distributed 5thgeneration task-force,Books,WH-BLR,1445.0,25.0,11583.75,155.0,overstock,NO,16738518.75
SKU00319,Inverse interactive matrices,Home & Kitchen,WH-DEL,623.0,21.0,11029.35,296.0,overstock,NO,6871285.05
SKU00320,Extended explicit help-desk,Books,WH-BLR,1170.0,57.0,2881.51,192.0,overstock,NO,3371366.7
SKU00321,Front-line human-resource time-frame,Grocery,WH-MUM,24.0,53.0,8515.61,210.0,below_reorder,YES,204374.64
SKU00322,Multi-tiered client-driven function,Grocery,WH-HYD,1902.0,20.0,1544.5,214.0,overstock,NO,2937639.0
SKU00323,Robust responsive capacity,Electronics,WH-HYD,707.0,74.0,2924.07,180.0,overstock,NO,2067317.49
SKU00324,Multi-channeled web-enabled hub,Electronics,WH-DEL,621.0,26.0,13404.11,175.0,overstock,NO,8323952.31
SKU00325,Open-source optimal benchmark,Toys,WH-HYD,190.0,42.0,121.95,181.0,overstock,NO,23170.5
SKU00326,Right-sized upward-trending leverage,Books,WH-CHE,1292.0,85.0,11423.45,226.0,overstock,NO,14759097.4
SKU00327,Optimized local customer loyalty,Books,WH-CHE,788.0,43.0,3624.06,221.0,overstock,NO,2855759.28
SKU00328,Universal non-volatile pricing structure,Grocery,WH-HYD,826.0,69.0,11471.26,143.0,overstock,NO,9475260.76
SKU00329,Integrated national hierarchy,Electronics,WH-MUM,573.0,49.0,190.38,268.0,overstock,NO,109087.74
SKU00330,Robust intangible installation,Grocery,WH-MUM,1368.0,20.0,10161.02,184.0,overstock,NO,13900275.36
SKU00331,Compatible systematic database,Grocery,WH-MUM,0.0,38.0,11416.55,176.0,stockout,YES,0.0
SKU00332,Focused regional protocol,Sports,WH-HYD,860.0,52.0,8723.15,220.0,overstock,NO,7501909.0
SKU00333,Face-to-face systemic focus group,Sports,WH-DEL,696.0,10.0,14918.45,237.0,overstock,NO,10383241.2
SKU00334,Mandatory multi-tasking success,Sports,WH-DEL,1758.0,85.0,13458.73,186.0,overstock,NO,23660447.34
SKU00335,Polarized zero administration secured line,Grocery,WH-DEL,444.0,79.0,10894.16,255.0,overstock,NO,4837007.04
SKU00336,Managed holistic structure,Beauty,WH-BLR,1754.0,47.0,5835.9,290.0,overstock,NO,10236168.6
SKU00337,Fundamental tertiary model,Grocery,WH-CHE,1217.0,56.0,819.39,184.0,overstock,NO,997197.63
SKU00338,Mandatory homogeneous product,Sports,WH-DEL,846.0,23.0,12051.06,226.0,overstock,NO,10195196.76
SKU00339,Implemented secondary artificial intelligence,Electronics,WH-HYD,1179.0,60.0,7287.55,225.0,overstock,NO,8592021.45
SKU00340,Customizable fault-tolerant support,Grocery,WH-BLR,1379.0,63.0,5462.76,299.0,overstock,NO,7533146.04
SKU00341,Synchronized executive installation,Grocery,WH-HYD,1157.0,29.0,2290.38,230.0,overstock,NO,2649969.66
SKU00342,Integrated impactful strategy,Toys,WH-BLR,430.0,74.0,10262.7,167.0,overstock,NO,4412961.0
SKU00343,Open-source contextually-based orchestration,Sports,WH-DEL,1393.0,36.0,14151.94,253.0,overstock,NO,19713652.42
SKU00344,Customer-focused executive project,Electronics,WH-HYD,528.0,77.0,9152.38,173.0,overstock,NO,4832456.64
SKU00345,Phased motivating Local Area Network,Toys,WH-HYD,888.0,85.0,220.55,200.0,overstock,NO,195848.4
SKU00346,Progressive well-modulated open system,Home & Kitchen,WH-HYD,1953.0,18.0,13836.43,269.0,overstock,NO,27022547.79
SKU00347,Business-focused zero administration migration,Home & Kitchen,WH-CHE,1601.0,70.0,13975.75,288.0,overstock,NO,22375175.75
SKU00348,Stand-alone multimedia project,Grocery,WH-HYD,1823.0,66.0,13253.12,245.0,overstock,NO,24160437.76
SKU00349,Extended methodical pricing structure,Beauty,WH-MUM,1550.0,82.0,7052.39,200.0,overstock,NO,10931204.5
SKU00350,Organic modular array,Toys,WH-HYD,456.0,69.0,2207.51,182.0,overstock,NO,1006624.56
SKU00351,Progressive attitude-oriented architecture,Home & Kitchen,WH-HYD,1654.0,18.0,13196.16,159.0,overstock,NO,21826448.64
SKU00352,Innovative real-time secured line,Electronics,WH-MUM,1555.0,55.0,14197.97,228.0,overstock,NO,22077843.35
SKU00353,Open-architected asynchronous migration,Home & Kitchen,WH-MUM,859.0,33.0,8330.78,231.0,overstock,NO,7156140.02
SKU00354,Cross-group background structure,Toys,WH-MUM,1845.0,46.0,8117.61,210.0,overstock,NO,14976990.45
SKU00355,Inverse real-time application,Home & Kitchen,WH-MUM,1401.0,16.0,3515.83,183.0,overstock,NO,4925677.83
SKU00356,Mandatory regional system engine,Books,WH-MUM,1902.0,42.0,9270.9,231.0,overstock,NO,17633251.8
SKU00357,Secured even-keeled knowledge user,Toys,WH-DEL,821.0,58.0,387.24,147.0,overstock,NO,317924.04
SKU00358,Organic encompassing functionalities,Sports,WH-DEL,1392.0,61.0,10630.38,305.0,overstock,NO,14797488.96
SKU00359,Cloned impactful model,Beauty,WH-BLR,390.0,66.0,9832.77,173.0,overstock,NO,3834780.3
SKU00360,Focused stable help-desk,Toys,WH-CHE,287.0,49.0,4880.62,226.0,overstock,NO,1400737.94
SKU00361,Cross-group leadingedge project,Home & Kitchen,WH-HYD,496.0,16.0,7612.43,203.0,overstock,NO,3775765.28
SKU00362,Fully-configurable dynamic budgetary management,Toys,WH-BLR,542.0,77.0,12929.21,185.0,overstock,NO,7007631.82
SKU00363,Customer-focused leadingedge ability,Beauty,WH-BLR,980.0,41.0,4344.66,264.0,overstock,NO,4257766.8
SKU00364,Synchronized clear-thinking access,Clothing,WH-CHE,0.0,11.0,14429.61,272.0,stockout,YES,0.0
SKU00365,Switchable demand-driven website,Home & Kitchen,WH-BLR,1972.0,28.0,5463.54,239.0,overstock,NO,10774100.88
SKU00366,Upgradable fault-tolerant firmware,Electronics,WH-HYD,1995.0,62.0,4893.55,266.0,overstock,NO,9762632.25
SKU00367,Advanced asymmetric installation,Home & Kitchen,WH-DEL,1639.0,71.0,5509.19,224.0,overstock,NO,9029562.41
SKU00368,Reactive dedicated circuit,Toys,WH-HYD,1305.0,79.0,8282.2,263.0,overstock,NO,10808271.0
SKU00369,Extended 4thgeneration contingency,Electronics,WH-MUM,86.0,85.0,10197.1,218.0,healthy,NO,876950.6
SKU00370,Cross-group global matrix,Home & Kitchen,WH-DEL,1818.0,71.0,1879.03,189.0,overstock,NO,3416076.54
SKU00371,Total scalable customer loyalty,Clothing,WH-BLR,1468.0,81.0,9340.41,158.0,overstock,NO,13711721.88
SKU00372,Multi-tiered transitional budgetary management,Toys,WH-CHE,1948.0,83.0,13841.43,251.0,overstock,NO,26963105.64
SKU00373,Realigned disintermediate time-frame,Grocery,WH-HYD,1590.0,30.0,8509.61,209.0,overstock,NO,13530279.9
SKU00374,Multi-lateral dynamic algorithm,Grocery,WH-DEL,1633.0,42.0,3084.59,211.0,overstock,NO,5037135.47
SKU00375,Expanded tertiary migration,Sports,WH-HYD,1632.0,32.0,8532.39,256.0,overstock,NO,13924860.48
SKU00376,Persevering mission-critical neural-net,Clothing,WH-CHE,1365.0,60.0,7134.65,268.0,overstock,NO,9738797.25
SKU00377,Inverse zero-defect leverage,Sports,WH-MUM,17.0,34.0,1767.09,207.0,below_reorder,YES,30040.53
SKU00378,Seamless leadingedge concept,Electronics,WH-BLR,39.0,20.0,7091.56,167.0,healthy,NO,276570.84
SKU00379,Phased stable adapter,Home & Kitchen,WH-BLR,639.0,97.0,7929.71,236.0,overstock,NO,5067084.69
SKU00380,Progressive system-worthy application,Home & Kitchen,WH-MUM,301.0,100.0,14088.0,174.0,overstock,NO,4240488.0
SKU00381,Function-based coherent extranet,Electronics,WH-HYD,1817.0,56.0,1279.92,245.0,overstock,NO,2325614.64
SKU00382,Quality-focused user-facing emulation,Beauty,WH-HYD,136.0,45.0,14209.38,218.0,overstock,NO,1932475.68
SKU00383,Re-contextualized bi-directional contingency,Grocery,WH-DEL,1348.0,17.0,9311.73,238.0,overstock,NO,12552212.04
SKU00384,User-friendly background groupware,Toys,WH-HYD,1790.0,50.0,6255.03,255.0,overstock,NO,11196503.7
SKU00385,Proactive national ability,Electronics,WH-MUM,728.0,61.0,11709.79,195.0,overstock,NO,8524727.12
SKU00386,Customer-focused uniform firmware,Grocery,WH-DEL,349.0,39.0,3830.29,216.0,overstock,NO,1336771.21
SKU00387,Polarized bottom-line database,Electronics,WH-BLR,1860.0,47.0,7245.16,260.0,overstock,NO,13475997.6
SKU00388,Down-sized systematic interface,Books,WH-BLR,1173.0,74.0,3064.86,210.0,overstock,NO,3595080.78
SKU00389,Devolved logistical productivity,Home & Kitchen,WH-CHE,1410.0,37.0,13536.2,193.0,overstock,NO,19086042.0
SKU00390,Face-to-face 24hour architecture,Electronics,WH-DEL,1629.0,43.0,6422.36,236.0,overstock,NO,10462024.44
SKU00391,Assimilated regional focus group,Grocery,WH-MUM,314.0,27.0,14668.46,196.0,overstock,NO,4605896.44
SKU00392,Versatile dedicated firmware,Grocery,WH-CHE,1518.0,53.0,1178.39,238.0,overstock,NO,1788796.02
SKU00393,Public-key regional pricing structure,Clothing,WH-DEL,942.0,22.0,9333.36,263.0,overstock,NO,8792025.12
SKU00394,Mandatory bifurcated hierarchy,Electronics,WH-HYD,1158.0,73.0,10849.38,281.0,overstock,NO,12563582.04
SKU00395,Adaptive multi-state database,Grocery,WH-CHE,56.0,26.0,10056.18,252.0,healthy,NO,563146.08
SKU00396,Profit-focused needs-based neural-net,Clothing,WH-DEL,94.0,81.0,8593.29,232.0,healthy,NO,807769.26
SKU00397,Progressive clear-thinking concept,Beauty,WH-MUM,0.0,82.0,1938.6,225.0,stockout,YES,0.0
SKU00398,Automated non-volatile adapter,Electronics,WH-MUM,1178.0,71.0,12478.54,129.0,overstock,NO,14699720.12
SKU00399,Grass-roots modular circuit,Beauty,WH-DEL,1215.0,53.0,7607.54,169.0,overstock,NO,9243161.1
SKU00400,Persistent logistical synergy,Beauty,WH-DEL,1660.0,19.0,13721.56,151.0,overstock,NO,22777789.6
SKU00401,Optional hybrid superstructure,Books,WH-HYD,1322.0,20.0,12040.98,205.0,overstock,NO,15918175.56
SKU00402,Enhanced dedicated budgetary management,Home & Kitchen,WH-HYD,1851.0,52.0,14605.25,209.0,overstock,NO,27034317.75
SKU00403,Sharable asymmetric time-frame,Sports,WH-BLR,226.0,33.0,10455.07,278.0,overstock,NO,2362845.82
SKU00404,Object-based optimizing workforce,Grocery,WH-HYD,1193.0,30.0,12409.55,150.0,overstock,NO,14804593.15
SKU00405,Balanced cohesive array,Home & Kitchen,WH-CHE,163.0,79.0,5220.11,233.0,healthy,NO,850877.93
SKU00406,Optional hybrid hardware,Clothing,WH-CHE,1337.0,70.0,2708.37,202.0,overstock,NO,3621090.69
SKU00407,Optimized contextually-based moratorium,Books,WH-HYD,1322.0,100.0,11407.89,234.0,overstock,NO,15081230.58
SKU00408,Proactive 24hour concept,Grocery,WH-BLR,1539.0,48.0,2619.17,195.0,overstock,NO,4030902.63
SKU00409,Grass-roots real-time process improvement,Sports,WH-BLR,1809.0,48.0,3003.42,261.0,overstock,NO,5433186.78
SKU00410,Realigned high-level support,Grocery,WH-CHE,337.0,58.0,7807.44,180.0,overstock,NO,2631107.28
SKU00411,Self-enabling coherent ability,Grocery,WH-HYD,1851.0,49.0,1699.25,207.0,overstock,NO,3145311.75
SKU00412,Optional responsive knowledge user,Electronics,WH-CHE,1256.0,16.0,12532.02,199.0,overstock,NO,15740217.12
SKU00413,Horizontal 24/7 orchestration,Sports,WH-DEL,1325.0,92.0,13925.03,319.0,overstock,NO,18450664.75
SKU00414,Persevering multi-state concept,Home & Kitchen,WH-HYD,1190.0,16.0,4430.52,200.0,overstock,NO,5272318.8
SKU00415,Decentralized client-driven flexibility,Electronics,WH-BLR,1162.0,11.0,10828.88,210.0,overstock,NO,12583158.56
SKU00416,Polarized grid-enabled database,Clothing,WH-HYD,725.0,39.0,6313.31,207.0,overstock,NO,4577149.75
SKU00417,Multi-layered logistical capability,Toys,WH-MUM,1800.0,61.0,1955.3,211.0,overstock,NO,3519540.0
SKU00418,Synergistic 24/7 frame,Home & Kitchen,WH-CHE,535.0,29.0,1932.07,201.0,overstock,NO,1033657.45
SKU00419,Fully-configurable tertiary pricing structure,Books,WH-MUM,1227.0,16.0,6218.24,190.0,overstock,NO,7629780.48
SKU00420,Reverse-engineered radical task-force,Clothing,WH-DEL,549.0,22.0,10781.59,234.0,overstock,NO,5919092.91
SKU00421,Centralized asynchronous time-frame,Home & Kitchen,WH-DEL,222.0,68.0,7028.08,158.0,overstock,NO,1560233.76
SKU00422,Right-sized multi-state toolset,Home & Kitchen,WH-DEL,1866.0,43.0,5970.23,187.0,overstock,NO,11140449.18
SKU00423,User-centric well-modulated knowledge user,Beauty,WH-DEL,1985.0,11.0,6345.51,194.0,overstock,NO,12595837.35
SKU00424,Organized foreground superstructure,Clothing,WH-CHE,257.0,38.0,7849.47,185.0,overstock,NO,2017313.79
SKU00425,Monitored client-driven project,Beauty,WH-BLR,1509.0,67.0,9181.75,177.0,overstock,NO,13855260.75
SKU00426,Virtual asymmetric structure,Home & Kitchen,WH-MUM,1103.0,92.0,2410.82,174.0,overstock,NO,2659134.46
SKU00427,Devolved web-enabled project,Toys,WH-HYD,1866.0,71.0,10281.66,164.0,overstock,NO,19185577.56
SKU00428,Decentralized grid-enabled instruction set,Beauty,WH-DEL,1218.0,31.0,3775.48,189.0,overstock,NO,4598534.64
SKU00429,Ergonomic content-based open system,Toys,WH-BLR,334.0,69.0,11548.76,228.0,overstock,NO,3857285.84
SKU00430,Secured even-keeled data-warehouse,Toys,WH-MUM,0.0,28.0,4900.49,259.0,stockout,YES,0.0
SKU00431,User-friendly actuating concept,Electronics,WH-DEL,1440.0,65.0,8641.01,133.0,overstock,NO,12443054.4
SKU00432,Operative user-facing encryption,Grocery,WH-BLR,1770.0,48.0,6128.36,146.0,overstock,NO,10847197.2
SKU00433,Sharable systemic functionalities,Grocery,WH-BLR,510.0,50.0,7573.41,168.0,overstock,NO,3862439.1
SKU00434,Public-key reciprocal architecture,Electronics,WH-MUM,581.0,92.0,10730.26,201.0,overstock,NO,6234281.06
SKU00435,Team-oriented even-keeled solution,Clothing,WH-CHE,1009.0,28.0,6038.26,192.0,overstock,NO,6092604.34
SKU00436,Decentralized executive approach,Toys,WH-BLR,744.0,83.0,6670.98,232.0,overstock,NO,4963209.12
SKU00437,Polarized holistic policy,Books,WH-CHE,473.0,61.0,4621.37,199.0,overstock,NO,2185908.01
SKU00438,Exclusive global artificial intelligence,Electronics,WH-MUM,1748.0,95.0,4193.79,184.0,overstock,NO,7330744.92
SKU00439,Managed 5thgeneration productivity,Home & Kitchen,WH-BLR,1410.0,32.0,11878.21,212.0,overstock,NO,16748276.1
SKU00440,Secured eco-centric approach,Grocery,WH-BLR,455.0,68.0,8391.14,268.0,overstock,NO,3817968.7
SKU00441,Managed non-volatile approach,Books,WH-CHE,1691.0,22.0,12417.17,265.0,overstock,NO,20997434.47
SKU00442,Down-sized zero administration process improvement,Books,WH-MUM,985.0,45.0,344.42,238.0,overstock,NO,339253.7
SKU00443,Self-enabling secondary application,Books,WH-MUM,1716.0,16.0,9454.62,199.0,overstock,NO,16224127.92
SKU00444,Cross-group methodical capability,Books,WH-MUM,207.0,29.0,6375.35,144.0,overstock,NO,1319697.45
SKU00445,Future-proofed reciprocal firmware,Grocery,WH-CHE,44.0,78.0,14004.4,256.0,below_reorder,YES,616193.6
SKU00446,Seamless dynamic portal,Books,WH-MUM,939.0,17.0,10732.96,136.0,overstock,NO,10078249.44
SKU00447,User-centric disintermediate open architecture,Books,WH-DEL,663.0,61.0,5235.27,190.0,overstock,NO,3470984.01
SKU00448,Organic attitude-oriented info-mediaries,Home & Kitchen,WH-BLR,270.0,22.0,3765.64,216.0,overstock,NO,1016722.8
SKU00449,Operative non-volatile model,Grocery,WH-BLR,748.0,51.0,10645.09,217.0,overstock,NO,7962527.32
SKU00450,Optional web-enabled circuit,Grocery,WH-BLR,1203.0,91.0,859.38,224.0,overstock,NO,1033834.14
SKU00451,Public-key intangible alliance,Sports,WH-BLR,1833.0,53.0,2320.69,221.0,overstock,NO,4253824.77
SKU00452,Inverse full-range budgetary management,Sports,WH-CHE,1215.0,30.0,1114.54,200.0,overstock,NO,1354166.1
SKU00453,Universal 4thgeneration matrices,Beauty,WH-BLR,269.0,39.0,12844.97,284.0,overstock,NO,3455296.93
SKU00454,Advanced 3rdgeneration archive,Electronics,WH-CHE,1578.0,19.0,14123.64,205.0,overstock,NO,22287103.92
SKU00455,Persistent bifurcated success,Clothing,WH-BLR,1684.0,12.0,12674.98,211.0,overstock,NO,21344666.32
SKU00456,Multi-layered cohesive Local Area Network,Books,WH-CHE,635.0,42.0,10951.93,196.0,overstock,NO,6954475.55
SKU00457,Optional motivating neural-net,Grocery,WH-HYD,1417.0,50.0,1695.62,208.0,overstock,NO,2402693.54
SKU00458,Secured clear-thinking infrastructure,Grocery,WH-HYD,1831.0,65.0,14243.44,283.0,overstock,NO,26079738.64
SKU00459,Phased regional alliance,Home & Kitchen,WH-MUM,1293.0,45.0,14383.95,141.0,overstock,NO,18598447.35
SKU00460,Total responsive moratorium,Books,WH-HYD,1605.0,25.0,310.87,295.0,overstock,NO,498946.35
SKU00461,Customer-focused mission-critical contingency,Home & Kitchen,WH-CHE,152.0,94.0,12688.37,171.0,healthy,NO,1928632.24
SKU00462,Universal optimizing algorithm,Toys,WH-DEL,269.0,10.0,3599.83,225.0,overstock,NO,968354.27
SKU00463,Phased responsive utilization,Toys,WH-DEL,0.0,47.0,14096.24,209.0,stockout,YES,0.0
SKU00464,Cross-group 6thgeneration algorithm,Electronics,WH-HYD,1151.0,74.0,4750.16,195.0,overstock,NO,5467434.16
SKU00465,Balanced tangible hub,Toys,WH-DEL,943.0,49.0,8954.91,201.0,overstock,NO,8444480.13
SKU00466,Stand-alone maximized solution,Books,WH-DEL,865.0,74.0,10406.32,195.0,overstock,NO,9001466.8
SKU00467,Reverse-engineered context-sensitive algorithm,Electronics,WH-BLR,161.0,63.0,1684.1,184.0,healthy,NO,271140.1
SKU00468,Face-to-face optimizing product,Electronics,WH-MUM,1228.0,72.0,11003.56,214.0,overstock,NO,13512371.68
SKU00469,Devolved fault-tolerant throughput,Clothing,WH-DEL,424.0,45.0,8092.31,194.0,overstock,NO,3431139.44
SKU00470,Realigned asymmetric functionalities,Clothing,WH-CHE,497.0,76.0,5818.81,184.0,overstock,NO,2891948.57
SKU00471,Multi-layered holistic methodology,Toys,WH-CHE,968.0,55.0,14504.94,213.0,overstock,NO,14040781.92
SKU00472,Programmable cohesive portal,Beauty,WH-CHE,1906.0,15.0,13992.32,211.0,overstock,NO,26669361.92
SKU00473,Enhanced contextually-based budgetary management,Electronics,WH-BLR,781.0,61.0,9929.53,249.0,overstock,NO,7754962.93
SKU00474,Organized didactic superstructure,Home & Kitchen,WH-CHE,360.0,14.0,5733.89,235.0,overstock,NO,2064200.4
SKU00475,Customer-focused background encoding,Grocery,WH-HYD,1463.0,30.0,14241.23,224.0,overstock,NO,20834919.49
SKU00476,Multi-layered background circuit,Clothing,WH-BLR,1932.0,67.0,10114.78,239.0,overstock,NO,19541754.96
SKU00477,Function-based stable algorithm,Books,WH-HYD,720.0,46.0,6898.62,223.0,overstock,NO,4967006.4
SKU00478,Enterprise-wide tangible groupware,Grocery,WH-DEL,1489.0,78.0,7760.69,206.0,overstock,NO,11555667.41
SKU00479,Enterprise-wide local firmware,Electronics,WH-HYD,1236.0,76.0,11541.27,247.0,overstock,NO,14265009.72
SKU00480,Profit-focused asymmetric functionalities,Beauty,WH-BLR,522.0,46.0,1593.44,212.0,overstock,NO,831775.68
SKU00481,Progressive multi-state collaboration,Books,WH-DEL,1826.0,43.0,6204.26,191.0,overstock,NO,11328978.76
SKU00482,Up-sized even-keeled complexity,Grocery,WH-HYD,72.0,58.0,3988.36,226.0,healthy,NO,287161.92
SKU00483,Self-enabling asymmetric process improvement,Toys,WH-CHE,140.0,53.0,6769.13,223.0,healthy,NO,947678.2
SKU00484,Compatible multimedia solution,Clothing,WH-BLR,623.0,65.0,1305.82,202.0,overstock,NO,813525.86
SKU00485,Seamless value-added paradigm,Beauty,WH-BLR,1629.0,61.0,10049.09,273.0,overstock,NO,16369967.61
SKU00486,Decentralized exuding ability,Sports,WH-DEL,1537.0,74.0,3771.71,240.0,overstock,NO,5797118.27
SKU00487,Business-focused solution-oriented capability,Grocery,WH-MUM,1908.0,12.0,3182.16,208.0,overstock,NO,6071561.28
SKU00488,Reverse-engineered incremental flexibility,Home & Kitchen,WH-BLR,1709.0,64.0,5274.88,249.0,overstock,NO,9014769.92
SKU00489,Operative cohesive pricing structure,Books,WH-HYD,961.0,71.0,3641.39,219.0,overstock,NO,3499375.79
SKU00490,Ergonomic national open architecture,Electronics,WH-HYD,203.0,73.0,10171.25,203.0,healthy,NO,2064763.75
SKU00491,Digitized static encoding,Grocery,WH-MUM,1603.0,63.0,1668.57,245.0,overstock,NO,2674717.71
SKU00492,Public-key web-enabled Local Area Network,Beauty,WH-MUM,984.0,11.0,4283.41,214.0,overstock,NO,4214875.44
SKU00493,Centralized solution-oriented contingency,Home & Kitchen,WH-MUM,117.0,57.0,3976.19,219.0,healthy,NO,465214.23
SKU00494,Self-enabling national architecture,Beauty,WH-DEL,1347.0,53.0,4852.69,175.0,overstock,NO,6536573.43
SKU00495,Reverse-engineered demand-driven system engine,Electronics,WH-DEL,1524.0,95.0,7633.85,242.0,overstock,NO,11633987.4
SKU00496,Switchable multimedia paradigm,Books,WH-HYD,0.0,90.0,8542.03,248.0,stockout,YES,0.0
SKU00497,Enterprise-wide contextually-based functionalities,Books,WH-MUM,979.0,49.0,7830.4,235.0,overstock,NO,7665961.6
SKU00498,Polarized neutral complexity,Clothing,WH-MUM,27.0,46.0,5906.33,190.0,below_reorder,YES,159470.91
SKU00499,Expanded uniform definition,Books,WH-DEL,121.0,13.0,11598.08,225.0,overstock,NO,1403367.68
SKU00500,Compatible tertiary infrastructure,Clothing,WH-MUM,640.0,88.0,4401.19,248.0,overstock,NO,2816761.6
SKU00501,Integrated interactive service-desk,Books,WH-BLR,1007.0,23.0,14789.44,191.0,overstock,NO,14892966.08
SKU00502,Cross-platform 5thgeneration interface,Toys,WH-HYD,555.0,59.0,4745.67,243.0,overstock,NO,2633846.85
SKU00503,Centralized even-keeled initiative,Grocery,WH-DEL,735.0,76.0,10413.15,201.0,overstock,NO,7653665.25
SKU00504,Networked context-sensitive benchmark,Toys,WH-MUM,689.0,67.0,2393.6,207.0,overstock,NO,1649190.4
SKU00505,Ameliorated 24hour paradigm,Toys,WH-MUM,339.0,41.0,882.52,250.0,overstock,NO,299174.28
SKU00506,Progressive mission-critical methodology,Home & Kitchen,WH-BLR,1953.0,14.0,3405.6,214.0,overstock,NO,6651136.8
SKU00507,Exclusive even-keeled Local Area Network,Toys,WH-DEL,924.0,33.0,11166.19,180.0,overstock,NO,10317559.56
SKU00508,Programmable optimizing structure,Clothing,WH-CHE,1062.0,15.0,9906.46,180.0,overstock,NO,10520660.52
SKU00509,Pre-emptive holistic hardware,Clothing,WH-MUM,1742.0,74.0,13849.26,190.0,overstock,NO,24125410.92
SKU00510,Function-based leadingedge pricing structure,Beauty,WH-HYD,824.0,15.0,1088.27,250.0,overstock,NO,896734.48
SKU00511,Total multi-state hub,Clothing,WH-CHE,445.0,26.0,12754.52,170.0,overstock,NO,5675761.4
SKU00512,Front-line encompassing matrices,Sports,WH-CHE,995.0,14.0,11581.3,234.0,overstock,NO,11523393.5
SKU00513,Proactive 3rdgeneration functionalities,Toys,WH-DEL,852.0,51.0,12004.88,240.0,overstock,NO,10228157.76
SKU00514,Profit-focused user-facing model,Grocery,WH-CHE,661.0,46.0,5894.08,256.0,overstock,NO,3895986.88
SKU00515,Configurable leadingedge hierarchy,Sports,WH-MUM,296.0,43.0,2371.63,208.0,overstock,NO,702002.48
SKU00516,Switchable cohesive architecture,Home & Kitchen,WH-HYD,1114.0,34.0,3803.38,205.0,overstock,NO,4236965.32
SKU00517,Optional 6thgeneration methodology,Books,WH-HYD,480.0,19.0,13031.18,240.0,overstock,NO,6254966.4
SKU00518,Optional 24hour moratorium,Beauty,WH-DEL,1931.0,24.0,671.21,154.0,overstock,NO,1296106.51
SKU00519,Innovative analyzing forecast,Electronics,WH-HYD,778.0,90.0,10446.98,193.0,overstock,NO,8127750.44
SKU00520,Synchronized demand-driven moratorium,Clothing,WH-DEL,1613.0,87.0,13805.3,243.0,overstock,NO,22267948.9
SKU00521,Phased multi-tasking artificial intelligence,Toys,WH-DEL,174.0,43.0,145.7,173.0,overstock,NO,25351.8
SKU00522,Adaptive hybrid forecast,Clothing,WH-DEL,1162.0,23.0,13106.7,230.0,overstock,NO,15229985.4
SKU00523,Digitized motivating framework,Home & Kitchen,WH-HYD,1734.0,94.0,11017.88,232.0,overstock,NO,19105003.92
SKU00524,Multi-layered real-time secured line,Home & Kitchen,WH-HYD,1487.0,62.0,13331.44,167.0,overstock,NO,19823851.28
SKU00525,Balanced fault-tolerant open system,Books,WH-DEL,1984.0,38.0,4377.52,329.0,overstock,NO,8684999.68
SKU00526,Face-to-face global alliance,Clothing,WH-DEL,405.0,76.0,4249.51,178.0,overstock,NO,1721051.55
SKU00527,User-centric dynamic leverage,Clothing,WH-CHE,1750.0,91.0,14160.83,191.0,overstock,NO,24781452.5
SKU00528,Seamless motivating process improvement,Sports,WH-DEL,700.0,99.0,195.13,214.0,overstock,NO,136591.0
SKU00529,Public-key methodical secured line,Home & Kitchen,WH-HYD,0.0,85.0,4757.2,160.0,stockout,YES,0.0
SKU00530,Sharable responsive Graphical User Interface,Sports,WH-CHE,78.0,56.0,4711.7,314.0,healthy,NO,367512.6
SKU00531,Reduced dynamic structure,Electronics,WH-DEL,562.0,59.0,8609.24,220.0,overstock,NO,4838392.88
SKU00532,Monitored transitional knowledge user,Clothing,WH-CHE,1674.0,68.0,4473.89,198.0,overstock,NO,7489291.86
SKU00533,Universal zero-defect capacity,Books,WH-DEL,405.0,43.0,1084.67,213.0,overstock,NO,439291.35
SKU00534,Devolved motivating encryption,Toys,WH-MUM,970.0,29.0,4112.91,183.0,overstock,NO,3989522.7
SKU00535,Compatible bi-directional circuit,Beauty,WH-CHE,967.0,44.0,9937.82,240.0,overstock,NO,9609871.94
SKU00536,Adaptive stable Local Area Network,Grocery,WH-MUM,55.0,37.0,10898.38,227.0,healthy,NO,599410.9
SKU00537,Integrated foreground strategy,Sports,WH-CHE,1284.0,88.0,3911.15,261.0,overstock,NO,5021916.6
SKU00538,Profit-focused stable adapter,Grocery,WH-MUM,1930.0,41.0,105.46,191.0,overstock,NO,203537.8
SKU00539,Enterprise-wide intangible capability,Clothing,WH-CHE,805.0,46.0,10634.88,216.0,overstock,NO,8561078.4
SKU00540,Business-focused user-facing hierarchy,Home & Kitchen,WH-BLR,828.0,19.0,12246.51,188.0,overstock,NO,10140110.28
SKU00541,Balanced composite instruction set,Toys,WH-HYD,343.0,67.0,302.97,190.0,overstock,NO,103918.71
SKU00542,Distributed maximized customer loyalty,Books,WH-CHE,1439.0,15.0,14107.53,164.0,overstock,NO,20300735.67
SKU00543,Realigned maximized Graphical User Interface,Grocery,WH-MUM,812.0,21.0,13885.62,207.0,overstock,NO,11275123.44
SKU00544,Inverse fault-tolerant portal,Clothing,WH-CHE,1093.0,61.0,450.1,242.0,overstock,NO,491959.3
SKU00545,Multi-lateral multi-tasking hardware,Beauty,WH-DEL,1611.0,31.0,4465.07,177.0,overstock,NO,7193227.77
SKU00546,Re-contextualized incremental budgetary management,Books,WH-BLR,795.0,12.0,5972.66,182.0,overstock,NO,4748264.7
SKU00547,Universal contextually-based software,Sports,WH-CHE,1946.0,61.0,6640.14,210.0,overstock,NO,12921712.44
SKU00548,Universal reciprocal artificial intelligence,Sports,WH-CHE,775.0,76.0,13158.37,194.0,overstock,NO,10197736.75
SKU00549,Down-sized bandwidth-monitored moratorium,Sports,WH-DEL,1058.0,69.0,7656.05,243.0,overstock,NO,8100100.9
SKU00550,Proactive holistic task-force,Books,WH-DEL,218.0,16.0,6109.05,286.0,overstock,NO,1331772.9
SKU00551,Fully-configurable static function,Grocery,WH-HYD,147.0,72.0,108.73,231.0,healthy,NO,15983.31
SKU00552,Customizable dedicated complexity,Grocery,WH-BLR,1858.0,86.0,4732.32,141.0,overstock,NO,8792650.56
SKU00553,Object-based background database,Books,WH-DEL,1913.0,66.0,12247.31,179.0,overstock,NO,23429104.03
SKU00554,Realigned upward-trending firmware,Clothing,WH-DEL,1812.0,66.0,1704.19,233.0,overstock,NO,3087992.28
SKU00555,Intuitive tangible hierarchy,Toys,WH-BLR,74.0,88.0,12490.6,178.0,below_reorder,YES,924304.4
SKU00556,Programmable client-driven alliance,Home & Kitchen,WH-BLR,548.0,47.0,13832.61,220.0,overstock,NO,7580270.28
SKU00557,Monitored analyzing framework,Beauty,WH-HYD,1212.0,67.0,5046.1,170.0,overstock,NO,6115873.2
SKU00558,Balanced maximized intranet,Books,WH-CHE,1363.0,48.0,3523.81,268.0,overstock,NO,4802953.03
SKU00559,Secured eco-centric archive,Toys,WH-BLR,1895.0,57.0,14774.66,294.0,overstock,NO,27997980.7
SKU00560,Stand-alone regional interface,Books,WH-HYD,223.0,97.0,8534.83,255.0,healthy,NO,1903267.09
SKU00561,Multi-tiered systematic artificial intelligence,Books,WH-MUM,737.0,10.0,10917.05,263.0,overstock,NO,8045865.85
SKU00562,Enhanced full-range implementation,Sports,WH-CHE,0.0,84.0,9276.97,187.0,stockout,YES,0.0
SKU00563,Phased foreground artificial intelligence,Toys,WH-MUM,712.0,59.0,9416.29,229.0,overstock,NO,6704398.48
SKU00564,Ameliorated asymmetric task-force,Grocery,WH-MUM,934.0,23.0,9731.54,181.0,overstock,NO,9089258.36
SKU00565,Advanced eco-centric intranet,Books,WH-BLR,1779.0,64.0,14424.86,281.0,overstock,NO,25661825.94
SKU00566,Vision-oriented coherent infrastructure,Sports,WH-MUM,1469.0,35.0,7623.17,224.0,overstock,NO,11198436.73
SKU00567,Fully-configurable non-volatile info-mediaries,Beauty,WH-BLR,770.0,94.0,12694.67,151.0,overstock,NO,9774895.9
SKU00568,Triple-buffered human-resource methodology,Home & Kitchen,WH-HYD,1349.0,80.0,12993.06,191.0,overstock,NO,17527637.94
SKU00569,Optimized upward-trending functionalities,Clothing,WH-MUM,160.0,45.0,3948.58,285.0,overstock,NO,631772.8
SKU00570,Secured client-server array,Books,WH-HYD,1832.0,87.0,11875.91,223.0,overstock,NO,21756667.12
SKU00571,Switchable grid-enabled analyzer,Grocery,WH-DEL,881.0,56.0,14061.52,237.0,overstock,NO,12388199.12
SKU00572,Ergonomic dedicated application,Clothing,WH-BLR,468.0,69.0,7191.48,183.0,overstock,NO,3365612.64
SKU00573,Grass-roots mobile emulation,Home & Kitchen,WH-DEL,1468.0,59.0,1820.71,195.0,overstock,NO,2672802.28
SKU00574,Programmable cohesive migration,Beauty,WH-CHE,1428.0,81.0,416.24,118.0,overstock,NO,594390.72
SKU00575,Cross-group next generation emulation,Books,WH-BLR,759.0,60.0,14020.22,259.0,overstock,NO,10641346.98
SKU00576,Object-based tertiary concept,Toys,WH-CHE,1213.0,98.0,3168.96,219.0,overstock,NO,3843948.48
SKU00577,Fully-configurable motivating function,Grocery,WH-BLR,1922.0,94.0,282.85,152.0,overstock,NO,543637.7
SKU00578,Innovative mobile toolset,Beauty,WH-MUM,10.0,86.0,5441.26,252.0,below_reorder,YES,54412.6
SKU00579,User-friendly reciprocal protocol,Sports,WH-DEL,973.0,79.0,9938.11,247.0,overstock,NO,9669781.03
SKU00580,Synergistic web-enabled hardware,Toys,WH-MUM,1194.0,56.0,14308.78,189.0,overstock,NO,17084683.32
SKU00581,Reactive upward-trending standardization,Home & Kitchen,WH-DEL,1745.0,52.0,9084.83,185.0,overstock,NO,15853028.35
SKU00582,Expanded mission-critical middleware,Home & Kitchen,WH-DEL,109.0,16.0,5871.98,199.0,overstock,NO,640045.82
SKU00583,Secured optimizing encoding,Clothing,WH-DEL,1535.0,20.0,10024.97,189.0,overstock,NO,15388328.95
SKU00584,Reduced attitude-oriented Internet solution,Toys,WH-CHE,144.0,68.0,1153.3,265.0,healthy,NO,166075.2
SKU00585,Cloned 5thgeneration policy,Sports,WH-CHE,1982.0,90.0,11827.33,202.0,overstock,NO,23441768.06
SKU00586,Horizontal reciprocal superstructure,Clothing,WH-MUM,179.0,10.0,2132.76,268.0,overstock,NO,381764.04
SKU00587,Assimilated clear-thinking service-desk,Home & Kitchen,WH-CHE,395.0,48.0,9844.47,285.0,overstock,NO,3888565.65
SKU00588,Focused multi-tasking hub,Electronics,WH-CHE,1406.0,61.0,11474.22,188.0,overstock,NO,16132753.32
SKU00589,User-centric discrete knowledge user,Home & Kitchen,WH-MUM,1909.0,19.0,2989.8,171.0,overstock,NO,5707528.2
SKU00590,De-engineered non-volatile portal,Sports,WH-DEL,1083.0,73.0,9996.39,176.0,overstock,NO,10826090.37
SKU00591,Streamlined leadingedge architecture,Books,WH-BLR,845.0,50.0,9440.54,131.0,overstock,NO,7977256.3
SKU00592,Organized well-modulated knowledgebase,Clothing,WH-DEL,258.0,77.0,9108.33,257.0,overstock,NO,2349949.14
SKU00593,Grass-roots system-worthy knowledge user,Home & Kitchen,WH-HYD,42.0,37.0,13187.86,264.0,healthy,NO,553890.12
SKU00594,Stand-alone local policy,Toys,WH-HYD,248.0,59.0,12338.11,274.0,overstock,NO,3059851.28
SKU00595,Visionary global initiative,Books,WH-MUM,0.0,62.0,12435.63,211.0,stockout,YES,0.0
SKU00596,Business-focused foreground throughput,Clothing,WH-CHE,893.0,40.0,10369.65,209.0,overstock,NO,9260097.45
SKU00597,Streamlined attitude-oriented instruction set,Books,WH-CHE,1281.0,85.0,4787.12,219.0,overstock,NO,6132300.72
SKU00598,Operative zero administration pricing structure,Toys,WH-BLR,889.0,11.0,12721.87,184.0,overstock,NO,11309742.43
SKU00599,Decentralized homogeneous superstructure,Home & Kitchen,WH-DEL,1182.0,83.0,3418.66,249.0,overstock,NO,4040856.12
SKU00600,Cross-group 4thgeneration productivity,Home & Kitchen,WH-CHE,286.0,29.0,14663.79,191.0,overstock,NO,4193843.94
SKU00601,Managed hybrid access,Toys,WH-DEL,1866.0,32.0,12085.4,208.0,overstock,NO,22551356.4
SKU00602,Universal systematic initiative,Books,WH-CHE,532.0,89.0,6943.38,160.0,overstock,NO,3693878.16
SKU00603,User-friendly web-enabled synergy,Beauty,WH-MUM,338.0,50.0,12692.61,215.0,overstock,NO,4290102.18
SKU00604,Innovative cohesive system engine,Toys,WH-BLR,528.0,97.0,11436.07,198.0,overstock,NO,6038244.96
SKU00605,Adaptive scalable website,Sports,WH-HYD,508.0,100.0,11413.8,209.0,overstock,NO,5798210.4
SKU00606,Customer-focused intermediate concept,Toys,WH-DEL,1786.0,19.0,7634.07,149.0,overstock,NO,13634449.02
SKU00607,Grass-roots even-keeled architecture,Books,WH-BLR,872.0,13.0,3350.76,216.0,overstock,NO,2921862.72
SKU00608,Up-sized bandwidth-monitored budgetary management,Electronics,WH-HYD,1023.0,20.0,4841.09,225.0,overstock,NO,4952435.07
SKU00609,Right-sized fault-tolerant complexity,Beauty,WH-DEL,1216.0,91.0,10552.08,150.0,overstock,NO,12831329.28
SKU00610,Profound static matrix,Home & Kitchen,WH-HYD,1086.0,88.0,11710.98,216.0,overstock,NO,12718124.28
SKU00611,Progressive didactic model,Home & Kitchen,WH-DEL,1181.0,98.0,13838.3,246.0,overstock,NO,16343032.3
SKU00612,Inverse dynamic matrices,Electronics,WH-HYD,545.0,40.0,10712.93,298.0,overstock,NO,5838546.85
SKU00613,Realigned exuding data-warehouse,Home & Kitchen,WH-HYD,365.0,60.0,1787.64,248.0,overstock,NO,652488.6
SKU00614,Optimized dynamic attitude,Books,WH-CHE,663.0,48.0,2229.03,205.0,overstock,NO,1477846.89
SKU00615,Business-focused 24/7 alliance,Electronics,WH-BLR,654.0,94.0,2669.38,205.0,overstock,NO,1745774.52
SKU00616,Mandatory full-range knowledge user,Grocery,WH-HYD,465.0,83.0,7052.69,192.0,overstock,NO,3279500.85
SKU00617,Streamlined 5thgeneration benchmark,Beauty,WH-CHE,1746.0,50.0,14652.35,182.0,overstock,NO,25583003.1
SKU00618,User-centric solution-oriented secured line,Clothing,WH-MUM,1317.0,42.0,8486.66,175.0,overstock,NO,11176931.22
SKU00619,Balanced methodical circuit,Sports,WH-DEL,150.0,71.0,10248.74,255.0,healthy,NO,1537311.0
SKU00620,Diverse bifurcated pricing structure,Toys,WH-DEL,933.0,37.0,14449.47,254.0,overstock,NO,13481355.51
SKU00621,Multi-tiered encompassing definition,Toys,WH-HYD,727.0,93.0,2268.84,216.0,overstock,NO,1649446.68
SKU00622,Face-to-face tertiary Graphical User Interface,Toys,WH-BLR,328.0,81.0,1605.89,228.0,overstock,NO,526731.92
SKU00623,Monitored cohesive open system,Home & Kitchen,WH-DEL,62.0,79.0,3119.03,216.0,below_reorder,YES,193379.86
SKU00624,Fundamental zero-defect workforce,Beauty,WH-DEL,510.0,75.0,5998.95,174.0,overstock,NO,3059464.5
SKU00625,Optimized context-sensitive initiative,Home & Kitchen,WH-CHE,1305.0,27.0,9442.77,175.0,overstock,NO,12322814.85
SKU00626,Focused stable neural-net,Grocery,WH-MUM,1861.0,24.0,3386.42,163.0,overstock,NO,6302127.62
SKU00627,Adaptive transitional instruction set,Grocery,WH-CHE,1068.0,35.0,10260.13,220.0,overstock,NO,10957818.84
SKU00628,Multi-lateral solution-oriented system engine,Home & Kitchen,WH-HYD,0.0,55.0,9568.32,160.0,stockout,YES,0.0
SKU00629,User-centric 3rdgeneration projection,Beauty,WH-HYD,5.0,27.0,2282.72,182.0,below_reorder,YES,11413.6
SKU00630,Secured heuristic attitude,Clothing,WH-DEL,1730.0,80.0,9276.88,252.0,overstock,NO,16049002.4
SKU00631,De-engineered content-based matrix,Home & Kitchen,WH-DEL,518.0,65.0,8194.31,208.0,overstock,NO,4244652.58
SKU00632,Polarized 6thgeneration Local Area Network,Grocery,WH-MUM,880.0,90.0,9215.43,253.0,overstock,NO,8109578.4
SKU00633,Up-sized 3rdgeneration project,Beauty,WH-BLR,1279.0,55.0,1040.02,234.0,overstock,NO,1330185.58
SKU00634,Self-enabling heuristic structure,Clothing,WH-DEL,39.0,56.0,10282.25,137.0,below_reorder,YES,401007.75
SKU00635,Managed bi-directional matrix,Electronics,WH-BLR,1266.0,98.0,7723.35,265.0,overstock,NO,9777761.1
SKU00636,Upgradable uniform structure,Sports,WH-HYD,263.0,32.0,10664.58,247.0,overstock,NO,2804784.54
SKU00637,Open-source well-modulated leverage,Electronics,WH-DEL,856.0,67.0,242.33,147.0,overstock,NO,207434.48
SKU00638,Distributed homogeneous challenge,Home & Kitchen,WH-MUM,78.0,93.0,3647.38,217.0,below_reorder,YES,284495.64
SKU00639,Quality-focused intermediate customer loyalty,Books,WH-MUM,1852.0,95.0,92.17,215.0,overstock,NO,170698.84
SKU00640,Vision-oriented 3rdgeneration superstructure,Home & Kitchen,WH-BLR,1310.0,35.0,13163.47,194.0,overstock,NO,17244145.7
SKU00641,Sharable reciprocal projection,Beauty,WH-DEL,1176.0,65.0,12112.83,266.0,overstock,NO,14244688.08
SKU00642,Triple-buffered intangible initiative,Home & Kitchen,WH-DEL,1147.0,87.0,12748.84,238.0,overstock,NO,14622919.48
SKU00643,Compatible non-volatile flexibility,Toys,WH-DEL,452.0,64.0,10656.49,216.0,overstock,NO,4816733.48
SKU00644,Persevering national frame,Toys,WH-BLR,965.0,11.0,12550.42,216.0,overstock,NO,12111155.3
SKU00645,Configurable system-worthy extranet,Books,WH-BLR,520.0,45.0,12879.01,171.0,overstock,NO,6697085.2
SKU00646,Operative non-volatile process improvement,Clothing,WH-DEL,797.0,65.0,14145.87,219.0,overstock,NO,11274258.39
SKU00647,Grass-roots motivating knowledge user,Sports,WH-DEL,8.0,97.0,8725.26,269.0,below_reorder,YES,69802.08
SKU00648,Front-line context-sensitive synergy,Sports,WH-BLR,1504.0,80.0,4387.74,231.0,overstock,NO,6599160.96
SKU00649,Sharable local circuit,Clothing,WH-DEL,1343.0,72.0,4971.51,224.0,overstock,NO,6676737.93
SKU00650,Reverse-engineered 6thgeneration attitude,Sports,WH-HYD,1936.0,98.0,2183.38,246.0,overstock,NO,4227023.68
SKU00651,Progressive reciprocal challenge,Electronics,WH-DEL,605.0,25.0,8815.91,222.0,overstock,NO,5333625.55
SKU00652,Synchronized fresh-thinking archive,Electronics,WH-CHE,37.0,62.0,4801.87,272.0,below_reorder,YES,177669.19
SKU00653,Cloned methodical parallelism,Toys,WH-MUM,1472.0,25.0,1525.8,253.0,overstock,NO,2245977.6
SKU00654,Synchronized reciprocal challenge,Home & Kitchen,WH-MUM,762.0,99.0,10639.81,223.0,overstock,NO,8107535.22
SKU00655,Centralized leadingedge software,Home & Kitchen,WH-CHE,1624.0,16.0,2040.73,126.0,overstock,NO,3314145.52
SKU00656,Configurable local groupware,Books,WH-HYD,1326.0,91.0,14762.39,188.0,overstock,NO,19574929.14
SKU00657,Polarized fresh-thinking hierarchy,Books,WH-DEL,555.0,99.0,5280.13,132.0,overstock,NO,2930472.15
SKU00658,Customer-focused fresh-thinking array,Grocery,WH-BLR,357.0,96.0,14926.12,227.0,overstock,NO,5328624.84
SKU00659,Configurable real-time archive,Beauty,WH-DEL,218.0,24.0,748.51,251.0,overstock,NO,163175.18
SKU00660,Implemented hybrid Graphic Interface,Home & Kitchen,WH-CHE,654.0,97.0,12265.22,242.0,overstock,NO,8021453.88
SKU00661,Customizable asynchronous contingency,Home & Kitchen,WH-CHE,0.0,80.0,6971.95,238.0,stockout,YES,0.0
SKU00662,Optimized tertiary emulation,Home & Kitchen,WH-DEL,452.0,66.0,6057.9,166.0,overstock,NO,2738170.8
SKU00663,Extended optimal encryption,Electronics,WH-BLR,40.0,55.0,14542.08,186.0,below_reorder,YES,581683.2
SKU00664,Stand-alone zero-defect product,Electronics,WH-HYD,1214.0,25.0,10615.14,269.0,overstock,NO,12886779.96
SKU00665,Integrated modular interface,Toys,WH-BLR,1820.0,26.0,1057.73,249.0,overstock,NO,1925068.6
SKU00666,Optional well-modulated projection,Books,WH-BLR,1438.0,98.0,5551.24,154.0,overstock,NO,7982683.12
SKU00667,Horizontal multimedia access,Beauty,WH-DEL,370.0,51.0,8964.05,285.0,overstock,NO,3316698.5
SKU00668,Polarized incremental complexity,Toys,WH-HYD,911.0,86.0,6672.17,249.0,overstock,NO,6078346.87
SKU00669,Virtual uniform firmware,Clothing,WH-HYD,385.0,85.0,1649.27,190.0,overstock,NO,634968.95
SKU00670,Intuitive multi-tasking focus group,Books,WH-BLR,625.0,69.0,323.91,164.0,overstock,NO,202443.75
SKU00671,Implemented demand-driven moratorium,Home & Kitchen,WH-BLR,512.0,97.0,6660.17,255.0,overstock,NO,3410007.04
SKU00672,Multi-channeled 3rdgeneration monitoring,Clothing,WH-CHE,1.0,82.0,14959.94,174.0,below_reorder,YES,14959.94
SKU00673,Persistent upward-trending Graphical User Interfac,Grocery,WH-DEL,79.0,54.0,13677.88,215.0,healthy,NO,1080552.52
SKU00674,Multi-channeled 24/7 orchestration,Home & Kitchen,WH-MUM,420.0,58.0,1788.47,252.0,overstock,NO,751157.4
SKU00675,Horizontal bandwidth-monitored task-force,Toys,WH-CHE,1874.0,35.0,958.78,258.0,overstock,NO,1796753.72
SKU00676,Quality-focused asymmetric utilization,Grocery,WH-DEL,1532.0,26.0,6517.71,205.0,overstock,NO,9985131.72
SKU00677,Multi-channeled 4thgeneration policy,Books,WH-HYD,1885.0,45.0,155.14,237.0,overstock,NO,292438.9
SKU00678,Distributed zero administration product,Clothing,WH-MUM,1531.0,83.0,11120.08,248.0,overstock,NO,17024842.48
SKU00679,Pre-emptive full-range process improvement,Grocery,WH-CHE,1761.0,26.0,8680.88,187.0,overstock,NO,15287029.68
SKU00680,Business-focused multi-tasking functionalities,Clothing,WH-BLR,1902.0,99.0,9519.35,165.0,overstock,NO,18105803.7
SKU00681,Front-line holistic leverage,Electronics,WH-MUM,1753.0,37.0,13689.86,170.0,overstock,NO,23998324.58
SKU00682,Assimilated eco-centric hub,Grocery,WH-CHE,1806.0,96.0,11235.12,284.0,overstock,NO,20290626.72
SKU00683,Balanced client-server neural-net,Home & Kitchen,WH-CHE,1502.0,88.0,7724.79,177.0,overstock,NO,11602634.58
SKU00684,Configurable eco-centric function,Toys,WH-CHE,214.0,43.0,7712.32,197.0,overstock,NO,1650436.48
SKU00685,Robust reciprocal productivity,Grocery,WH-DEL,497.0,82.0,5969.09,208.0,overstock,NO,2966637.73
SKU00686,Open-architected actuating system engine,Electronics,WH-CHE,1016.0,46.0,7080.45,217.0,overstock,NO,7193737.2
SKU00687,Streamlined heuristic workforce,Sports,WH-HYD,640.0,97.0,11738.42,229.0,overstock,NO,7512588.8
SKU00688,Digitized didactic definition,Sports,WH-BLR,634.0,24.0,13049.75,222.0,overstock,NO,8273541.5
SKU00689,Persistent composite alliance,Grocery,WH-MUM,1854.0,64.0,6074.73,212.0,overstock,NO,11262549.42
SKU00690,Diverse regional leverage,Toys,WH-BLR,1896.0,46.0,9621.73,210.0,overstock,NO,18242800.08
SKU00691,Reactive regional core,Books,WH-BLR,925.0,82.0,4500.89,249.0,overstock,NO,4163323.25
SKU00692,Face-to-face 4thgeneration throughput,Toys,WH-BLR,1639.0,41.0,513.34,152.0,overstock,NO,841364.26
SKU00693,Reduced 6thgeneration middleware,Books,WH-BLR,1056.0,90.0,13817.48,188.0,overstock,NO,14591258.88
SKU00694,Synchronized multi-state system engine,Electronics,WH-CHE,0.0,64.0,6957.82,230.0,stockout,YES,0.0
SKU00695,Focused context-sensitive strategy,Beauty,WH-MUM,1548.0,96.0,6784.07,218.0,overstock,NO,10501740.36
SKU00696,Public-key real-time matrices,Beauty,WH-CHE,1633.0,19.0,6278.76,246.0,overstock,NO,10253215.08
SKU00697,Universal stable functionalities,Grocery,WH-MUM,1687.0,49.0,7917.4,188.0,overstock,NO,13356653.8
SKU00698,Decentralized uniform solution,Grocery,WH-MUM,1420.0,17.0,12623.07,197.0,overstock,NO,17924759.4
SKU00699,Digitized object-oriented structure,Clothing,WH-HYD,1720.0,69.0,12105.24,173.0,overstock,NO,20821012.8
SKU00700,Reverse-engineered value-added pricing structure,Clothing,WH-MUM,1405.0,50.0,13208.41,185.0,overstock,NO,18557816.05
SKU00701,Ergonomic incremental initiative,Electronics,WH-HYD,5.0,75.0,9646.68,217.0,below_reorder,YES,48233.4
SKU00702,Multi-layered clear-thinking alliance,Books,WH-MUM,320.0,34.0,5849.17,133.0,overstock,NO,1871734.4
SKU00703,Total exuding orchestration,Beauty,WH-MUM,483.0,62.0,4273.69,223.0,overstock,NO,2064192.27
SKU00704,Seamless web-enabled complexity,Beauty,WH-BLR,1135.0,97.0,1991.94,277.0,overstock,NO,2260851.9
SKU00705,Fundamental context-sensitive standardization,Home & Kitchen,WH-MUM,1566.0,97.0,3401.91,218.0,overstock,NO,5327391.06
SKU00706,Fully-configurable disintermediate neural-net,Beauty,WH-MUM,939.0,50.0,2973.73,195.0,overstock,NO,2792332.47
SKU00707,Upgradable 24hour product,Clothing,WH-MUM,922.0,43.0,4306.91,170.0,overstock,NO,3970971.02
SKU00708,Universal 5thgeneration functionalities,Electronics,WH-MUM,1983.0,41.0,2866.2,249.0,overstock,NO,5683674.6
SKU00709,Up-sized multi-state challenge,Grocery,WH-HYD,598.0,88.0,7335.12,212.0,overstock,NO,4386401.76
SKU00710,Balanced intangible analyzer,Electronics,WH-BLR,1454.0,50.0,8798.14,139.0,overstock,NO,12792495.56
SKU00711,Cross-group actuating ability,Beauty,WH-MUM,85.0,14.0,10438.17,198.0,overstock,NO,887244.45
SKU00712,Innovative explicit definition,Toys,WH-DEL,515.0,34.0,1747.51,154.0,overstock,NO,899967.65
SKU00713,Progressive logistical hardware,Sports,WH-BLR,1911.0,82.0,4018.76,268.0,overstock,NO,7679850.36
SKU00714,Down-sized real-time functionalities,Grocery,WH-MUM,227.0,23.0,11997.97,186.0,overstock,NO,2723539.19
SKU00715,Digitized methodical function,Books,WH-DEL,1222.0,91.0,13911.21,143.0,overstock,NO,16999498.62
SKU00716,Profit-focused optimizing hierarchy,Grocery,WH-DEL,1547.0,63.0,10171.16,145.0,overstock,NO,15734784.52
SKU00717,Compatible coherent forecast,Electronics,WH-DEL,829.0,29.0,6592.11,208.0,overstock,NO,5464859.19
SKU00718,Synergistic mobile circuit,Home & Kitchen,WH-MUM,1108.0,93.0,13599.96,134.0,overstock,NO,15068755.68
SKU00719,User-centric 24hour artificial intelligence,Electronics,WH-BLR,606.0,63.0,5501.93,219.0,overstock,NO,3334169.58
SKU00720,Robust 24/7 frame,Beauty,WH-BLR,8.0,57.0,3762.57,182.0,below_reorder,YES,30100.56
SKU00721,Implemented 4thgeneration product,Beauty,WH-CHE,696.0,52.0,12178.61,238.0,overstock,NO,8476312.56
SKU00722,Function-based context-sensitive focus group,Home & Kitchen,WH-BLR,434.0,64.0,14544.4,239.0,overstock,NO,6312269.6
SKU00723,Enhanced incremental task-force,Grocery,WH-CHE,1573.0,87.0,7501.36,143.0,overstock,NO,11799639.28
SKU00724,Expanded actuating implementation,Books,WH-HYD,280.0,62.0,3519.7,193.0,overstock,NO,985516.0
SKU00725,User-centric transitional implementation,Electronics,WH-HYD,1686.0,14.0,3979.65,201.0,overstock,NO,6709689.9
SKU00726,Public-key radical website,Home & Kitchen,WH-MUM,1689.0,61.0,10429.5,147.0,overstock,NO,17615425.5
SKU00727,Innovative executive analyzer,Toys,WH-MUM,0.0,64.0,10827.05,153.0,stockout,YES,0.0
SKU00728,Universal needs-based synergy,Electronics,WH-MUM,1404.0,29.0,2796.94,182.0,overstock,NO,3926903.76
SKU00729,Grass-roots 4thgeneration policy,Grocery,WH-DEL,690.0,61.0,5649.14,237.0,overstock,NO,3897906.6
SKU00730,Devolved didactic workforce,Grocery,WH-HYD,76.0,92.0,11610.22,195.0,below_reorder,YES,882376.72
SKU00731,Innovative optimizing attitude,Electronics,WH-BLR,137.0,96.0,13769.42,201.0,healthy,NO,1886410.54
SKU00732,Grass-roots directional Local Area Network,Home & Kitchen,WH-CHE,424.0,36.0,628.16,204.0,overstock,NO,266339.84
SKU00733,Face-to-face secondary groupware,Sports,WH-HYD,936.0,86.0,9193.44,210.0,overstock,NO,8605059.84
SKU00734,Quality-focused fault-tolerant moderator,Home & Kitchen,WH-MUM,783.0,19.0,13689.85,247.0,overstock,NO,10719152.55
SKU00735,Optimized value-added moderator,Books,WH-MUM,1546.0,85.0,10303.71,278.0,overstock,NO,15929535.66
SKU00736,User-friendly fault-tolerant installation,Clothing,WH-CHE,322.0,58.0,11122.46,232.0,overstock,NO,3581432.12
SKU00737,Focused full-range functionalities,Home & Kitchen,WH-BLR,1741.0,38.0,1731.5,205.0,overstock,NO,3014541.5
SKU00738,Organized full-range website,Grocery,WH-HYD,354.0,15.0,1321.34,164.0,overstock,NO,467754.36
SKU00739,Profit-focused grid-enabled capability,Home & Kitchen,WH-MUM,1046.0,93.0,13272.69,179.0,overstock,NO,13883233.74
SKU00740,Upgradable mobile access,Grocery,WH-HYD,372.0,16.0,11241.54,280.0,overstock,NO,4181852.88
SKU00741,Expanded context-sensitive hardware,Sports,WH-HYD,663.0,79.0,9325.62,209.0,overstock,NO,6182886.06
SKU00742,Re-contextualized impactful interface,Grocery,WH-CHE,1824.0,28.0,11849.83,192.0,overstock,NO,21614089.92
SKU00743,Balanced disintermediate toolset,Toys,WH-CHE,325.0,98.0,2943.06,192.0,overstock,NO,956494.5
SKU00744,Innovative tangible Graphical User Interface,Clothing,WH-HYD,342.0,83.0,14713.72,246.0,overstock,NO,5032092.24
SKU00745,Secured neutral success,Electronics,WH-HYD,529.0,100.0,13527.97,229.0,overstock,NO,7156296.13
SKU00746,Persistent needs-based implementation,Beauty,WH-MUM,663.0,44.0,7573.88,194.0,overstock,NO,5021482.44
SKU00747,Polarized bandwidth-monitored hierarchy,Toys,WH-HYD,1162.0,98.0,246.46,190.0,overstock,NO,286386.52
SKU00748,Organized well-modulated function,Toys,WH-BLR,1947.0,66.0,13297.44,235.0,overstock,NO,25890115.68
SKU00749,Devolved secondary architecture,Sports,WH-MUM,701.0,56.0,13756.4,179.0,overstock,NO,9643236.4
SKU00750,Pre-emptive neutral contingency,Books,WH-BLR,953.0,70.0,6823.08,290.0,overstock,NO,6502395.24
SKU00751,Up-sized scalable standardization,Sports,WH-CHE,7.0,44.0,260.71,241.0,below_reorder,YES,1824.97
SKU00752,Ergonomic tertiary secured line,Beauty,WH-DEL,938.0,65.0,7204.34,158.0,overstock,NO,6757670.92
SKU00753,Decentralized mission-critical database,Home & Kitchen,WH-CHE,1052.0,87.0,13577.98,194.0,overstock,NO,14284034.96
SKU00754,Balanced systematic leverage,Home & Kitchen,WH-HYD,317.0,76.0,8209.05,206.0,overstock,NO,2602268.85
SKU00755,Customizable scalable focus group,Home & Kitchen,WH-HYD,300.0,97.0,7714.11,208.0,overstock,NO,2314233.0
SKU00756,Down-sized non-volatile access,Toys,WH-DEL,896.0,10.0,3894.5,327.0,overstock,NO,3489472.0
SKU00757,Digitized multi-tasking system engine,Books,WH-CHE,152.0,64.0,12992.02,178.0,healthy,NO,1974787.04
SKU00758,Robust system-worthy architecture,Beauty,WH-HYD,1468.0,79.0,5838.53,238.0,overstock,NO,8570962.04
SKU00759,Cloned maximized protocol,Electronics,WH-HYD,152.0,58.0,11933.73,211.0,healthy,NO,1813926.96
SKU00760,Optional cohesive Local Area Network,Grocery,WH-BLR,0.0,91.0,14542.74,184.0,stockout,YES,0.0
SKU00761,Diverse multimedia instruction set,Home & Kitchen,WH-MUM,1072.0,25.0,7019.87,231.0,overstock,NO,7525300.64
SKU00762,Organic disintermediate database,Sports,WH-BLR,1402.0,40.0,2046.37,175.0,overstock,NO,2869010.74
SKU00763,Robust responsive extranet,Sports,WH-DEL,816.0,20.0,1293.93,245.0,overstock,NO,1055846.88
SKU00764,Extended needs-based moderator,Clothing,WH-BLR,1139.0,81.0,14657.71,203.0,overstock,NO,16695131.69
SKU00765,Phased content-based open system,Grocery,WH-DEL,1438.0,70.0,91.31,212.0,overstock,NO,131303.78
SKU00766,Face-to-face impactful standardization,Toys,WH-DEL,1839.0,56.0,7314.19,203.0,overstock,NO,13450795.41
SKU00767,Devolved 3rdgeneration frame,Electronics,WH-DEL,1328.0,17.0,7219.1,172.0,overstock,NO,9586964.8
SKU00768,Progressive fault-tolerant knowledge user,Sports,WH-MUM,463.0,64.0,920.32,236.0,overstock,NO,426108.16
SKU00769,Open-architected content-based workforce,Beauty,WH-HYD,1222.0,67.0,10993.54,207.0,overstock,NO,13434105.88
SKU00770,Front-line full-range leverage,Sports,WH-DEL,1371.0,51.0,6213.64,210.0,overstock,NO,8518900.44
SKU00771,Reactive dedicated alliance,Clothing,WH-CHE,1697.0,10.0,573.07,189.0,overstock,NO,972499.79
SKU00772,Compatible modular implementation,Grocery,WH-HYD,217.0,81.0,812.39,240.0,healthy,NO,176288.63
SKU00773,Innovative solution-oriented encryption,Electronics,WH-BLR,24.0,16.0,10911.37,175.0,healthy,NO,261872.88
SKU00774,Profound holistic service-desk,Beauty,WH-HYD,1157.0,30.0,9993.6,277.0,overstock,NO,11562595.2
SKU00775,Compatible non-volatile knowledge user,Books,WH-MUM,1265.0,14.0,10564.78,237.0,overstock,NO,13364446.7
SKU00776,Decentralized regional concept,Electronics,WH-CHE,352.0,70.0,14846.87,265.0,overstock,NO,5226098.24
SKU00777,Open-architected logistical array,Grocery,WH-BLR,943.0,91.0,4072.0,254.0,overstock,NO,3839896.0
SKU00778,Grass-roots 3rdgeneration core,Toys,WH-HYD,1775.0,49.0,4853.3,214.0,overstock,NO,8614607.5
SKU00779,Programmable methodical model,Home & Kitchen,WH-CHE,785.0,43.0,5230.9,186.0,overstock,NO,4106256.5
SKU00780,Adaptive multi-tasking installation,Home & Kitchen,WH-HYD,170.0,46.0,889.54,181.0,overstock,NO,151221.8
SKU00781,Fully-configurable bandwidth-monitored functionali,Beauty,WH-HYD,432.0,47.0,11689.48,237.0,overstock,NO,5049855.36
SKU00782,Realigned encompassing system engine,Beauty,WH-MUM,1839.0,40.0,1439.09,230.0,overstock,NO,2646486.51
SKU00783,Enhanced even-keeled open architecture,Books,WH-HYD,1616.0,60.0,13032.55,185.0,overstock,NO,21060600.8
SKU00784,Cloned logistical framework,Grocery,WH-HYD,235.0,10.0,5720.84,210.0,overstock,NO,1344397.4
SKU00785,Distributed homogeneous help-desk,Beauty,WH-DEL,1570.0,68.0,5185.4,156.0,overstock,NO,8141078.0
SKU00786,Right-sized didactic model,Electronics,WH-BLR,1066.0,88.0,12009.08,144.0,overstock,NO,12801679.28
SKU00787,Enterprise-wide contextually-based projection,Clothing,WH-CHE,1204.0,14.0,4161.74,177.0,overstock,NO,5010734.96
SKU00788,Profit-focused zero-defect model,Electronics,WH-BLR,1678.0,74.0,3211.01,157.0,overstock,NO,5388074.78
SKU00789,Advanced solution-oriented core,Home & Kitchen,WH-BLR,92.0,66.0,4284.46,203.0,healthy,NO,394170.32
SKU00790,Reactive homogeneous orchestration,Sports,WH-CHE,1156.0,83.0,4993.98,203.0,overstock,NO,5773040.88
SKU00791,Ameliorated national initiative,Toys,WH-BLR,529.0,41.0,3176.04,148.0,overstock,NO,1680125.16
SKU00792,Configurable 24hour website,Home & Kitchen,WH-CHE,1508.0,23.0,14611.51,250.0,overstock,NO,22034157.08
SKU00793,Phased national focus group,Clothing,WH-DEL,0.0,99.0,1403.41,229.0,stockout,YES,0.0
SKU00794,Switchable coherent infrastructure,Beauty,WH-DEL,1764.0,78.0,12020.18,235.0,overstock,NO,21203597.52
SKU00795,Face-to-face client-server budgetary management,Toys,WH-CHE,1837.0,88.0,10177.55,224.0,overstock,NO,18696159.35
SKU00796,Function-based reciprocal standardization,Beauty,WH-MUM,1676.0,19.0,8966.99,225.0,overstock,NO,15028675.24
SKU00797,Secured explicit access,Beauty,WH-DEL,843.0,74.0,12409.95,203.0,overstock,NO,10461587.85
SKU00798,Face-to-face bottom-line intranet,Electronics,WH-MUM,929.0,93.0,12290.08,183.0,overstock,NO,11417484.32
SKU00799,Managed mobile database,Electronics,WH-MUM,81.0,28.0,13169.89,225.0,healthy,NO,1066761.09
SKU00800,Multi-lateral web-enabled complexity,Toys,WH-CHE,708.0,73.0,4007.22,174.0,overstock,NO,2837111.76
SKU00801,Operative well-modulated instruction set,Electronics,WH-BLR,679.0,79.0,5057.45,225.0,overstock,NO,3434008.55
SKU00802,Assimilated multi-tasking core,Grocery,WH-DEL,1122.0,88.0,13824.76,241.0,overstock,NO,15511380.72
SKU00803,Enterprise-wide well-modulated solution,Clothing,WH-BLR,1647.0,70.0,12815.28,155.0,overstock,NO,21106766.16
SKU00804,Synchronized even-keeled infrastructure,Sports,WH-DEL,791.0,47.0,6730.5,175.0,overstock,NO,5323825.5
SKU00805,Organic client-driven monitoring,Books,WH-DEL,1962.0,71.0,14035.36,202.0,overstock,NO,27537376.32
SKU00806,Reactive global methodology,Sports,WH-MUM,1626.0,20.0,10248.78,195.0,overstock,NO,16664516.28
SKU00807,Sharable needs-based focus group,Toys,WH-HYD,375.0,53.0,1223.91,219.0,overstock,NO,458966.25
SKU00808,Advanced zero tolerance workforce,Electronics,WH-MUM,704.0,89.0,12139.65,190.0,overstock,NO,8546313.6
SKU00809,Synergistic clear-thinking projection,Toys,WH-HYD,1930.0,89.0,6717.91,188.0,overstock,NO,12965566.3
SKU00810,Enhanced didactic matrix,Grocery,WH-CHE,1109.0,69.0,8865.72,203.0,overstock,NO,9832083.48
SKU00811,Reduced interactive complexity,Beauty,WH-CHE,674.0,43.0,4433.25,219.0,overstock,NO,2988010.5
SKU00812,Phased even-keeled parallelism,Sports,WH-BLR,482.0,10.0,14498.82,170.0,overstock,NO,6988431.24
SKU00813,Distributed high-level core,Home & Kitchen,WH-MUM,1190.0,63.0,10844.55,223.0,overstock,NO,12905014.5
SKU00814,Realigned solution-oriented open system,Beauty,WH-MUM,890.0,99.0,14440.29,147.0,overstock,NO,12851858.1
SKU00815,Open-architected logistical framework,Beauty,WH-CHE,131.0,36.0,9969.15,259.0,overstock,NO,1305958.65
SKU00816,Synergistic optimizing middleware,Toys,WH-CHE,1056.0,13.0,13442.4,156.0,overstock,NO,14195174.4
SKU00817,Pre-emptive uniform implementation,Home & Kitchen,WH-CHE,1723.0,46.0,12612.43,239.0,overstock,NO,21731216.89
SKU00818,Face-to-face interactive model,Grocery,WH-BLR,864.0,62.0,9080.44,200.0,overstock,NO,7845500.16
SKU00819,Pre-emptive user-facing archive,Clothing,WH-CHE,838.0,61.0,14718.77,224.0,overstock,NO,12334329.26
SKU00820,Multi-layered optimizing open system,Home & Kitchen,WH-DEL,491.0,69.0,10533.4,191.0,overstock,NO,5171899.4
SKU00821,Polarized system-worthy collaboration,Toys,WH-CHE,516.0,13.0,5062.55,224.0,overstock,NO,2612275.8
SKU00822,Open-source mobile encoding,Books,WH-MUM,71.0,100.0,1576.96,235.0,below_reorder,YES,111964.16
SKU00823,Profound non-volatile protocol,Grocery,WH-MUM,613.0,41.0,9553.2,273.0,overstock,NO,5856111.6
SKU00824,Robust optimizing throughput,Books,WH-MUM,1966.0,93.0,12563.1,250.0,overstock,NO,24699054.6
SKU00825,Operative system-worthy structure,Clothing,WH-MUM,1301.0,46.0,8076.59,201.0,overstock,NO,10507643.59
SKU00826,Progressive demand-driven capability,Grocery,WH-HYD,0.0,34.0,13089.46,209.0,stockout,YES,0.0
SKU00827,Profound zero administration system engine,Clothing,WH-MUM,156.0,79.0,1994.37,223.0,healthy,NO,311121.72
SKU00828,Face-to-face scalable synergy,Grocery,WH-CHE,380.0,72.0,8190.74,195.0,overstock,NO,3112481.2
SKU00829,Re-contextualized zero administration intranet,Electronics,WH-DEL,852.0,50.0,13597.25,210.0,overstock,NO,11584857.0
SKU00830,Sharable optimal challenge,Beauty,WH-BLR,1045.0,75.0,9357.61,221.0,overstock,NO,9778702.45
SKU00831,Optimized responsive challenge,Toys,WH-BLR,886.0,100.0,3513.12,198.0,overstock,NO,3112624.32
SKU00832,Triple-buffered methodical hub,Clothing,WH-MUM,58.0,90.0,7867.14,301.0,below_reorder,YES,456294.12
SKU00833,Adaptive needs-based application,Home & Kitchen,WH-MUM,155.0,94.0,5111.9,168.0,healthy,NO,792344.5
SKU00834,Sharable 24/7 open system,Toys,WH-BLR,84.0,88.0,6520.23,213.0,below_reorder,YES,547699.32
SKU00835,Versatile content-based parallelism,Toys,WH-CHE,1463.0,77.0,8860.51,212.0,overstock,NO,12962926.13
SKU00836,Assimilated explicit success,Home & Kitchen,WH-MUM,1823.0,98.0,8076.01,236.0,overstock,NO,14722566.23
SKU00837,Adaptive intangible Graphic Interface,Sports,WH-BLR,73.0,29.0,6762.66,207.0,healthy,NO,493674.18
SKU00838,Future-proofed scalable structure,Books,WH-MUM,451.0,88.0,1234.67,183.0,overstock,NO,556836.17
SKU00839,Open-source web-enabled definition,Grocery,WH-MUM,1502.0,36.0,1413.0,216.0,overstock,NO,2122326.0
SKU00840,Configurable content-based hub,Electronics,WH-HYD,885.0,76.0,3159.38,229.0,overstock,NO,2796051.3
SKU00841,Phased regional focus group,Sports,WH-HYD,906.0,79.0,1945.3,287.0,overstock,NO,1762441.8
SKU00842,Future-proofed system-worthy encryption,Home & Kitchen,WH-BLR,1109.0,33.0,6440.76,237.0,overstock,NO,7142802.84
SKU00843,Programmable upward-trending moderator,Home & Kitchen,WH-HYD,1513.0,13.0,7961.31,242.0,overstock,NO,12045462.03
SKU00844,Persevering directional capacity,Home & Kitchen,WH-HYD,1869.0,67.0,144.07,188.0,overstock,NO,269266.83
SKU00845,Profit-focused dynamic capacity,Books,WH-DEL,896.0,10.0,12475.87,225.0,overstock,NO,11178379.52
SKU00846,Digitized empowering database,Home & Kitchen,WH-MUM,466.0,44.0,10004.28,194.0,overstock,NO,4661994.48
SKU00847,Ergonomic upward-trending ability,Beauty,WH-BLR,1544.0,71.0,12208.32,214.0,overstock,NO,18849646.08
SKU00848,Operative multimedia moratorium,Beauty,WH-MUM,355.0,93.0,13366.08,241.0,overstock,NO,4744958.4
SKU00849,Configurable next generation approach,Grocery,WH-DEL,1461.0,17.0,7520.6,180.0,overstock,NO,10987596.6
SKU00850,Monitored composite intranet,Beauty,WH-BLR,1086.0,100.0,3233.83,239.0,overstock,NO,3511939.38
SKU00851,Operative leadingedge strategy,Grocery,WH-MUM,1928.0,69.0,3313.94,192.0,overstock,NO,6389276.32
SKU00852,Expanded static application,Home & Kitchen,WH-HYD,705.0,12.0,2594.72,245.0,overstock,NO,1829277.6
SKU00853,Profit-focused actuating architecture,Home & Kitchen,WH-MUM,85.0,52.0,11840.46,249.0,healthy,NO,1006439.1
SKU00854,Multi-channeled object-oriented core,Beauty,WH-CHE,840.0,87.0,4390.79,202.0,overstock,NO,3688263.6
SKU00855,Profound exuding core,Grocery,WH-DEL,938.0,47.0,13390.98,280.0,overstock,NO,12560739.24
SKU00856,Reduced client-driven access,Clothing,WH-CHE,1988.0,78.0,6262.76,150.0,overstock,NO,12450366.88
SKU00857,Customer-focused value-added process improvement,Beauty,WH-BLR,862.0,61.0,11841.29,188.0,overstock,NO,10207191.98
SKU00858,Fully-configurable user-facing synergy,Grocery,WH-BLR,800.0,58.0,3531.06,182.0,overstock,NO,2824848.0
SKU00859,Profit-focused analyzing software,Electronics,WH-BLR,0.0,75.0,4490.45,238.0,stockout,YES,0.0
SKU00860,Profit-focused tertiary methodology,Toys,WH-MUM,467.0,33.0,7516.94,191.0,overstock,NO,3510410.98
SKU00861,Phased tertiary access,Clothing,WH-BLR,333.0,79.0,14474.4,191.0,overstock,NO,4819975.2
SKU00862,Streamlined intangible capability,Beauty,WH-HYD,952.0,13.0,5316.13,235.0,overstock,NO,5060955.76
SKU00863,Expanded incremental hub,Toys,WH-CHE,489.0,43.0,13372.96,178.0,overstock,NO,6539377.44
SKU00864,Digitized empowering access,Sports,WH-BLR,863.0,14.0,14385.36,222.0,overstock,NO,12414565.68
SKU00865,Seamless context-sensitive application,Toys,WH-CHE,1136.0,51.0,409.24,219.0,overstock,NO,464896.64
SKU00866,Open-source multi-state projection,Electronics,WH-DEL,1933.0,38.0,1322.89,221.0,overstock,NO,2557146.37
SKU00867,Upgradable systematic support,Electronics,WH-CHE,494.0,73.0,10422.45,227.0,overstock,NO,5148690.3
SKU00868,Customer-focused leadingedge focus group,Toys,WH-MUM,458.0,55.0,2199.52,184.0,overstock,NO,1007380.16
SKU00869,Total next generation Graphical User Interface,Electronics,WH-CHE,1817.0,19.0,4841.0,180.0,overstock,NO,8796097.0
SKU00870,De-engineered next generation function,Electronics,WH-MUM,749.0,36.0,14202.35,202.0,overstock,NO,10637560.15
SKU00871,Ameliorated attitude-oriented toolset,Sports,WH-BLR,404.0,61.0,12573.69,143.0,overstock,NO,5079770.76
SKU00872,Phased bifurcated utilization,Electronics,WH-HYD,1343.0,72.0,1983.04,193.0,overstock,NO,2663222.72
SKU00873,Multi-lateral intermediate matrix,Grocery,WH-HYD,652.0,56.0,1109.62,190.0,overstock,NO,723472.24
SKU00874,Realigned local functionalities,Toys,WH-HYD,753.0,99.0,9917.75,263.0,overstock,NO,7468065.75
SKU00875,Universal maximized knowledge user,Sports,WH-BLR,1013.0,82.0,5334.13,263.0,overstock,NO,5403473.69
SKU00876,Enterprise-wide human-resource function,Beauty,WH-BLR,52.0,51.0,14645.13,205.0,healthy,NO,761546.76
SKU00877,Distributed bifurcated synergy,Books,WH-MUM,792.0,82.0,10340.52,92.0,overstock,NO,8189691.84
SKU00878,Operative leadingedge methodology,Clothing,WH-CHE,615.0,56.0,6674.5,272.0,overstock,NO,4104817.5
SKU00879,Synergistic full-range support,Clothing,WH-BLR,1278.0,30.0,8409.3,152.0,overstock,NO,10747085.4
SKU00880,Networked zero administration open architecture,Home & Kitchen,WH-BLR,1357.0,28.0,11099.07,218.0,overstock,NO,15061437.99
SKU00881,Enterprise-wide disintermediate methodology,Grocery,WH-CHE,1584.0,92.0,13418.59,155.0,overstock,NO,21255046.56
SKU00882,Streamlined well-modulated success,Home & Kitchen,WH-HYD,152.0,93.0,11633.89,132.0,healthy,NO,1768351.28
SKU00883,Visionary system-worthy system engine,Clothing,WH-MUM,1249.0,21.0,13111.31,307.0,overstock,NO,16376026.19
SKU00884,Synergistic upward-trending database,Beauty,WH-BLR,1455.0,50.0,7396.82,165.0,overstock,NO,10762373.1
SKU00885,Secured exuding frame,Electronics,WH-MUM,82.0,70.0,12067.27,221.0,healthy,NO,989516.14
SKU00886,Open-source user-facing architecture,Toys,WH-BLR,1805.0,69.0,11487.26,170.0,overstock,NO,20734504.3
SKU00887,Vision-oriented static capacity,Electronics,WH-CHE,1586.0,28.0,7717.72,230.0,overstock,NO,12240303.92
SKU00888,Fundamental object-oriented customer loyalty,Electronics,WH-BLR,1492.0,97.0,2868.87,165.0,overstock,NO,4280354.04
SKU00889,Synergized non-volatile forecast,Home & Kitchen,WH-MUM,187.0,46.0,10866.26,217.0,overstock,NO,2031990.62
SKU00890,Secured optimal attitude,Electronics,WH-CHE,354.0,35.0,11064.93,218.0,overstock,NO,3916985.22
SKU00891,Intuitive bi-directional knowledgebase,Books,WH-DEL,1711.0,83.0,4378.94,200.0,overstock,NO,7492366.34
SKU00892,Adaptive homogeneous contingency,Clothing,WH-DEL,0.0,80.0,2681.61,231.0,stockout,YES,0.0
SKU00893,Synchronized non-volatile productivity,Beauty,WH-MUM,1351.0,55.0,10790.53,165.0,overstock,NO,14578006.03
SKU00894,Networked global infrastructure,Beauty,WH-DEL,125.0,46.0,8765.77,224.0,healthy,NO,1095721.25
SKU00895,Programmable neutral time-frame,Sports,WH-MUM,1639.0,29.0,1373.68,305.0,overstock,NO,2251461.52
SKU00896,Synchronized systemic portal,Sports,WH-CHE,176.0,86.0,6129.21,240.0,healthy,NO,1078740.96
SKU00897,De-engineered zero-defect service-desk,Clothing,WH-MUM,619.0,43.0,3099.0,201.0,overstock,NO,1918281.0
SKU00898,Inverse 3rdgeneration emulation,Beauty,WH-MUM,413.0,86.0,7121.22,182.0,overstock,NO,2941063.86
SKU00899,User-friendly web-enabled strategy,Toys,WH-HYD,1827.0,64.0,10393.97,210.0,overstock,NO,18989783.19
SKU00900,Profound systematic strategy,Toys,WH-MUM,1010.0,47.0,1353.4,207.0,overstock,NO,1366934.0
SKU00901,Cross-group content-based orchestration,Clothing,WH-DEL,308.0,31.0,11531.65,184.0,overstock,NO,3551748.2
SKU00902,Expanded value-added projection,Clothing,WH-MUM,1449.0,74.0,13248.62,192.0,overstock,NO,19197250.38
SKU00903,Future-proofed 4thgeneration Graphical User Interf,Books,WH-CHE,593.0,49.0,639.53,165.0,overstock,NO,379241.29
SKU00904,Future-proofed global model,Electronics,WH-CHE,1076.0,16.0,2483.28,231.0,overstock,NO,2672009.28
SKU00905,Reactive eco-centric pricing structure,Clothing,WH-HYD,1387.0,48.0,8697.02,120.0,overstock,NO,12062766.74
SKU00906,Progressive system-worthy productivity,Home & Kitchen,WH-CHE,1688.0,23.0,2864.43,226.0,overstock,NO,4835157.84
SKU00907,Balanced context-sensitive toolset,Electronics,WH-MUM,143.0,34.0,7721.4,184.0,overstock,NO,1104160.2
SKU00908,Optimized composite emulation,Toys,WH-MUM,1489.0,22.0,14465.17,179.0,overstock,NO,21538638.13
SKU00909,Inverse didactic architecture,Home & Kitchen,WH-HYD,882.0,72.0,3540.89,199.0,overstock,NO,3123064.98
SKU00910,Innovative zero-defect customer loyalty,Sports,WH-DEL,1457.0,71.0,14608.3,165.0,overstock,NO,21284293.1
SKU00911,Cross-platform scalable secured line,Electronics,WH-CHE,445.0,82.0,12880.95,190.0,overstock,NO,5732022.75
SKU00912,Fully-configurable homogeneous project,Clothing,WH-HYD,1624.0,47.0,13323.46,151.0,overstock,NO,21637299.04
SKU00913,Adaptive scalable frame,Beauty,WH-DEL,61.0,40.0,12206.45,151.0,healthy,NO,744593.45
SKU00914,Re-engineered reciprocal model,Home & Kitchen,WH-MUM,1817.0,44.0,392.75,217.0,overstock,NO,713626.75
SKU00915,Advanced tangible Graphical User Interface,Beauty,WH-HYD,1962.0,19.0,6476.37,233.0,overstock,NO,12706637.94
SKU00916,Proactive explicit monitoring,Grocery,WH-DEL,706.0,73.0,11560.7,218.0,overstock,NO,8161854.2
SKU00917,Managed optimizing parallelism,Beauty,WH-BLR,314.0,100.0,11279.38,201.0,overstock,NO,3541725.32
SKU00918,Compatible analyzing superstructure,Grocery,WH-HYD,154.0,36.0,2322.76,237.0,overstock,NO,357705.04
SKU00919,Seamless encompassing policy,Toys,WH-HYD,401.0,92.0,440.16,237.0,overstock,NO,176504.16
SKU00920,Profound tertiary website,Clothing,WH-DEL,1991.0,50.0,1437.69,202.0,overstock,NO,2862440.79
SKU00921,Switchable global projection,Electronics,WH-CHE,1555.0,88.0,14313.89,248.0,overstock,NO,22258098.95
SKU00922,Reactive fault-tolerant architecture,Books,WH-HYD,817.0,12.0,953.38,215.0,overstock,NO,778911.46
SKU00923,Progressive neutral migration,Beauty,WH-HYD,575.0,86.0,8927.43,220.0,overstock,NO,5133272.25
SKU00924,Synergistic cohesive encryption,Toys,WH-MUM,502.0,41.0,10311.96,228.0,overstock,NO,5176603.92
SKU00925,Total full-range help-desk,Grocery,WH-DEL,0.0,97.0,936.01,196.0,stockout,YES,0.0
SKU00926,Versatile eco-centric process improvement,Electronics,WH-HYD,1187.0,18.0,11731.2,317.0,overstock,NO,13924934.4
SKU00927,Streamlined mobile database,Electronics,WH-MUM,405.0,33.0,8413.52,248.0,overstock,NO,3407475.6
SKU00928,Expanded contextually-based leverage,Sports,WH-HYD,62.0,53.0,3271.61,211.0,healthy,NO,202839.82
SKU00929,Synergistic asynchronous website,Grocery,WH-CHE,1805.0,98.0,4432.63,235.0,overstock,NO,8000897.15
SKU00930,Future-proofed demand-driven interface,Books,WH-MUM,1333.0,41.0,9364.62,223.0,overstock,NO,12483038.46
SKU00931,Face-to-face grid-enabled secured line,Beauty,WH-CHE,10.0,73.0,9016.69,267.0,below_reorder,YES,90166.9
SKU00932,Horizontal methodical middleware,Home & Kitchen,WH-BLR,1821.0,79.0,7892.75,193.0,overstock,NO,14372697.75
SKU00933,Persistent homogeneous attitude,Beauty,WH-BLR,691.0,55.0,8278.62,217.0,overstock,NO,5720526.42
SKU00934,Multi-lateral analyzing info-mediaries,Clothing,WH-DEL,1575.0,83.0,3213.02,161.0,overstock,NO,5060506.5
SKU00935,Grass-roots mobile help-desk,Electronics,WH-BLR,1882.0,76.0,14459.64,210.0,overstock,NO,27213042.48
SKU00936,Organic disintermediate functionalities,Books,WH-CHE,1111.0,36.0,6454.07,203.0,overstock,NO,7170471.77
SKU00937,Persevering client-server leverage,Grocery,WH-CHE,1798.0,91.0,2972.01,240.0,overstock,NO,5343673.98
SKU00938,Sharable 4thgeneration attitude,Home & Kitchen,WH-DEL,1089.0,14.0,14295.07,226.0,overstock,NO,15567331.23
SKU00939,Public-key context-sensitive archive,Books,WH-BLR,899.0,76.0,6197.36,187.0,overstock,NO,5571426.64
SKU00940,Profound mobile time-frame,Toys,WH-BLR,1637.0,76.0,6345.32,241.0,overstock,NO,10387288.84
SKU00941,Visionary clear-thinking data-warehouse,Grocery,WH-DEL,544.0,60.0,14158.77,193.0,overstock,NO,7702370.88
SKU00942,Optional 6thgeneration synergy,Grocery,WH-DEL,266.0,61.0,11512.52,184.0,overstock,NO,3062330.32
SKU00943,Diverse value-added application,Clothing,WH-MUM,706.0,83.0,6887.66,121.0,overstock,NO,4862687.96
SKU00944,Reactive transitional moratorium,Grocery,WH-BLR,249.0,55.0,6024.56,237.0,overstock,NO,1500115.44
SKU00945,Enhanced zero-defect superstructure,Sports,WH-DEL,211.0,44.0,122.82,249.0,overstock,NO,25915.02
SKU00946,Open-source non-volatile monitoring,Clothing,WH-CHE,365.0,24.0,5579.58,207.0,overstock,NO,2036546.7
SKU00947,User-centric leadingedge support,Books,WH-DEL,1826.0,19.0,10560.56,237.0,overstock,NO,19283582.56
SKU00948,Exclusive intermediate open system,Toys,WH-HYD,628.0,13.0,1818.03,229.0,overstock,NO,1141722.84
SKU00949,Fundamental radical access,Toys,WH-CHE,1057.0,31.0,1188.11,177.0,overstock,NO,1255832.27
SKU00950,Fundamental even-keeled Internet solution,Electronics,WH-BLR,699.0,100.0,11751.28,179.0,overstock,NO,8214144.72
SKU00951,Profound mobile open system,Sports,WH-BLR,718.0,32.0,5717.3,230.0,overstock,NO,4105021.4
SKU00952,Enterprise-wide solution-oriented Local Area Netwo,Books,WH-BLR,1542.0,39.0,5727.63,302.0,overstock,NO,8832005.46
SKU00953,Innovative well-modulated matrix,Grocery,WH-DEL,546.0,35.0,1388.1,244.0,overstock,NO,757902.6
SKU00954,Phased holistic service-desk,Sports,WH-BLR,644.0,53.0,9496.66,177.0,overstock,NO,6115849.04
SKU00955,Team-oriented client-server time-frame,Beauty,WH-HYD,1613.0,13.0,10134.78,229.0,overstock,NO,16347400.14
SKU00956,Down-sized background task-force,Books,WH-DEL,1743.0,21.0,14887.52,246.0,overstock,NO,25948947.36
SKU00957,Fundamental local capability,Toys,WH-MUM,281.0,73.0,9670.76,228.0,overstock,NO,2717483.56
SKU00958,Optional actuating open architecture,Books,WH-CHE,0.0,70.0,14531.68,222.0,stockout,YES,0.0
SKU00959,Fundamental holistic circuit,Home & Kitchen,WH-HYD,1334.0,36.0,10372.46,271.0,overstock,NO,13836861.64
SKU00960,Ergonomic 24hour challenge,Books,WH-DEL,1347.0,84.0,8049.44,140.0,overstock,NO,10842595.68
SKU00961,Robust upward-trending secured line,Grocery,WH-CHE,1617.0,34.0,371.07,195.0,overstock,NO,600020.19
SKU00962,Optimized bottom-line middleware,Electronics,WH-CHE,1238.0,20.0,11724.34,155.0,overstock,NO,14514732.92
SKU00963,Realigned value-added circuit,Beauty,WH-DEL,232.0,34.0,545.54,222.0,overstock,NO,126565.28
SKU00964,Front-line responsive intranet,Sports,WH-DEL,1543.0,40.0,12849.18,252.0,overstock,NO,19826284.74
SKU00965,Robust client-server circuit,Sports,WH-HYD,386.0,69.0,8451.5,241.0,overstock,NO,3262279.0
SKU00966,User-centric incremental workforce,Electronics,WH-HYD,353.0,83.0,10380.86,206.0,overstock,NO,3664443.58
SKU00967,Public-key actuating protocol,Beauty,WH-BLR,254.0,33.0,13150.28,180.0,overstock,NO,3340171.12
SKU00968,Exclusive intangible support,Beauty,WH-HYD,1255.0,64.0,3863.49,219.0,overstock,NO,4848679.95
SKU00969,Visionary logistical Local Area Network,Beauty,WH-DEL,1710.0,99.0,4440.57,189.0,overstock,NO,7593374.7
SKU00970,Cross-platform 24/7 approach,Beauty,WH-HYD,267.0,53.0,12678.88,228.0,overstock,NO,3385260.96
SKU00971,Centralized 4thgeneration superstructure,Electronics,WH-HYD,229.0,18.0,14510.08,204.0,overstock,NO,3322808.32
SKU00972,Multi-lateral global help-desk,Grocery,WH-HYD,626.0,84.0,3110.17,219.0,overstock,NO,1946966.42
SKU00973,Future-proofed non-volatile solution,Beauty,WH-BLR,479.0,96.0,8796.88,136.0,overstock,NO,4213705.52
SKU00974,Intuitive modular customer loyalty,Toys,WH-MUM,1128.0,30.0,10688.4,260.0,overstock,NO,12056515.2
SKU00975,Customizable discrete framework,Sports,WH-CHE,1053.0,72.0,13646.23,184.0,overstock,NO,14369480.19
SKU00976,Versatile interactive algorithm,Electronics,WH-DEL,911.0,69.0,842.66,255.0,overstock,NO,767663.26
SKU00977,Distributed modular solution,Clothing,WH-CHE,1458.0,46.0,1925.48,209.0,overstock,NO,2807349.84
SKU00978,Quality-focused intermediate migration,Beauty,WH-DEL,1949.0,40.0,6754.65,267.0,overstock,NO,13164812.85
SKU00979,Versatile bifurcated adapter,Sports,WH-CHE,1593.0,48.0,13115.65,249.0,overstock,NO,20893230.45
SKU00980,Digitized asynchronous matrices,Sports,WH-BLR,1886.0,32.0,1393.44,172.0,overstock,NO,2628027.84
SKU00981,Ameliorated logistical instruction set,Books,WH-MUM,718.0,79.0,4735.02,308.0,overstock,NO,3399744.36
SKU00982,Future-proofed incremental paradigm,Books,WH-CHE,1381.0,70.0,7276.73,201.0,overstock,NO,10049164.13
SKU00983,Total client-driven knowledgebase,Toys,WH-CHE,1175.0,25.0,9893.6,196.0,overstock,NO,11624980.0
SKU00984,Down-sized tertiary encryption,Electronics,WH-BLR,849.0,58.0,13778.64,173.0,overstock,NO,11698065.36
SKU00985,Face-to-face responsive product,Grocery,WH-DEL,967.0,20.0,14261.25,233.0,overstock,NO,13790628.75
SKU00986,Centralized actuating solution,Home & Kitchen,WH-DEL,1492.0,77.0,13258.8,238.0,overstock,NO,19782129.6
SKU00987,Digitized asynchronous benchmark,Electronics,WH-CHE,1068.0,45.0,10143.28,200.0,overstock,NO,10833023.04
SKU00988,Proactive multimedia infrastructure,Electronics,WH-DEL,1181.0,24.0,7340.24,222.0,overstock,NO,8668823.44
SKU00989,Persistent discrete circuit,Clothing,WH-HYD,1910.0,42.0,1187.2,157.0,overstock,NO,2267552.0
SKU00990,Universal disintermediate challenge,Toys,WH-DEL,167.0,84.0,10702.83,206.0,healthy,NO,1787372.61
SKU00991,Business-focused 4thgeneration leverage,Books,WH-HYD,0.0,56.0,952.24,192.0,stockout,YES,0.0
SKU00992,Multi-lateral logistical artificial intelligence,Home & Kitchen,WH-HYD,618.0,37.0,10985.24,207.0,overstock,NO,6788878.32
SKU00993,Mandatory systemic artificial intelligence,Beauty,WH-MUM,378.0,73.0,14552.52,213.0,overstock,NO,5500852.56
SKU00994,Multi-channeled intermediate process improvement,Sports,WH-HYD,1717.0,68.0,8415.54,204.0,overstock,NO,14449482.18
SKU00995,Organic bottom-line framework,Electronics,WH-DEL,1147.0,90.0,7057.91,223.0,overstock,NO,8095422.77
SKU00996,Vision-oriented coherent secured line,Beauty,WH-DEL,684.0,30.0,3671.64,245.0,overstock,NO,2511401.76
SKU00997,Decentralized static knowledge user,Electronics,WH-MUM,334.0,61.0,8281.49,244.0,overstock,NO,2766017.66
SKU00998,Digitized didactic customer loyalty,Electronics,WH-HYD,1363.0,62.0,9236.85,221.0,overstock,NO,12589826.55
SKU00999,Assimilated mission-critical complexity,Home & Kitchen,WH-MUM,738.0,80.0,8140.08,203.0,overstock,NO,6007379.04
SKU01000,Implemented mobile data-warehouse,Beauty,WH-BLR,839.0,61.0,6917.64,263.0,overstock,NO,5803899.96
SKU01001,Focused motivating process improvement,Home & Kitchen,WH-DEL,1573.0,11.0,14627.62,191.0,overstock,NO,23009246.26
SKU01002,Virtual responsive complexity,Grocery,WH-CHE,1550.0,12.0,193.91,183.0,overstock,NO,300560.5
SKU01003,Assimilated contextually-based concept,Electronics,WH-CHE,998.0,17.0,12170.6,176.0,overstock,NO,12146258.8
SKU01004,Centralized heuristic model,Toys,WH-HYD,1443.0,84.0,13789.78,181.0,overstock,NO,19898652.54
SKU01005,Integrated intermediate function,Home & Kitchen,WH-DEL,1639.0,83.0,596.94,161.0,overstock,NO,978384.66
SKU01006,User-centric 6thgeneration projection,Books,WH-CHE,555.0,29.0,4130.79,293.0,overstock,NO,2292588.45
SKU01007,Profit-focused empowering firmware,Grocery,WH-HYD,1107.0,62.0,10851.92,199.0,overstock,NO,12013075.44
SKU01008,Decentralized neutral system engine,Toys,WH-HYD,1745.0,46.0,5246.82,218.0,overstock,NO,9155700.9
SKU01009,Adaptive local access,Beauty,WH-MUM,904.0,64.0,5954.77,153.0,overstock,NO,5383112.08
SKU01010,Reduced regional throughput,Toys,WH-DEL,565.0,86.0,5438.74,193.0,overstock,NO,3072888.1
SKU01011,Up-sized real-time task-force,Home & Kitchen,WH-CHE,914.0,44.0,7557.07,205.0,overstock,NO,6907161.98
SKU01012,Cloned multi-tasking emulation,Grocery,WH-DEL,7.0,34.0,8682.05,217.0,below_reorder,YES,60774.35
SKU01013,Inverse value-added budgetary management,Beauty,WH-MUM,1545.0,17.0,11482.48,230.0,overstock,NO,17740431.6
SKU01014,Enhanced maximized budgetary management,Toys,WH-CHE,813.0,38.0,14625.78,325.0,overstock,NO,11890759.14
SKU01015,Self-enabling upward-trending collaboration,Books,WH-HYD,1522.0,94.0,1918.86,259.0,overstock,NO,2920504.92
SKU01016,Expanded coherent service-desk,Beauty,WH-BLR,1897.0,66.0,2618.87,223.0,overstock,NO,4967996.39
SKU01017,Optional tangible model,Books,WH-DEL,1864.0,69.0,201.13,132.0,overstock,NO,374906.32
SKU01018,Enhanced bifurcated contingency,Electronics,WH-BLR,465.0,21.0,10999.99,228.0,overstock,NO,5114995.35
SKU01019,Ergonomic optimal firmware,Beauty,WH-BLR,304.0,69.0,2242.24,244.0,overstock,NO,681640.96
SKU01020,Team-oriented bottom-line success,Grocery,WH-BLR,256.0,100.0,5553.03,182.0,healthy,NO,1421575.68
SKU01021,Enhanced local utilization,Books,WH-CHE,1296.0,85.0,7258.71,206.0,overstock,NO,9407288.16
SKU01022,Automated contextually-based circuit,Electronics,WH-MUM,733.0,61.0,10815.82,232.0,overstock,NO,7927996.06
SKU01023,Reduced 4thgeneration approach,Books,WH-HYD,1008.0,39.0,2952.13,244.0,overstock,NO,2975747.04
SKU01024,Reduced 6thgeneration toolset,Sports,WH-BLR,0.0,99.0,1986.3,237.0,stockout,YES,0.0
SKU01025,Networked national contingency,Home & Kitchen,WH-CHE,1578.0,39.0,11611.29,214.0,overstock,NO,18322615.62
SKU01026,Cross-platform scalable protocol,Home & Kitchen,WH-MUM,1705.0,73.0,13433.38,204.0,overstock,NO,22903912.9
SKU01027,Programmable systemic throughput,Home & Kitchen,WH-MUM,1187.0,23.0,5088.43,178.0,overstock,NO,6039966.41
SKU01028,Streamlined web-enabled customer loyalty,Books,WH-HYD,1469.0,99.0,12158.2,264.0,overstock,NO,17860395.8
SKU01029,User-centric zero-defect knowledgebase,Electronics,WH-BLR,1196.0,28.0,8171.11,215.0,overstock,NO,9772647.56
SKU01030,Optimized static circuit,Books,WH-DEL,1835.0,36.0,3802.2,247.0,overstock,NO,6977037.0
SKU01031,Fully-configurable bandwidth-monitored Graphical U,Electronics,WH-MUM,391.0,35.0,4043.11,209.0,overstock,NO,1580856.01
SKU01032,Visionary encompassing Internet solution,Books,WH-HYD,751.0,91.0,8023.96,199.0,overstock,NO,6025993.96
SKU01033,Multi-lateral multi-tasking paradigm,Home & Kitchen,WH-CHE,997.0,90.0,5432.71,216.0,overstock,NO,5416411.87
SKU01034,Programmable encompassing Local Area Network,Sports,WH-DEL,900.0,85.0,6997.86,220.0,overstock,NO,6298074.0
SKU01035,Stand-alone mobile extranet,Beauty,WH-DEL,1407.0,71.0,11303.48,227.0,overstock,NO,15903996.36
SKU01036,Total intermediate migration,Toys,WH-HYD,1830.0,47.0,8128.29,210.0,overstock,NO,14874770.7
SKU01037,Secured client-server process improvement,Beauty,WH-MUM,1490.0,22.0,4642.09,229.0,overstock,NO,6916714.1
SKU01038,Right-sized well-modulated protocol,Grocery,WH-MUM,1104.0,69.0,10002.03,251.0,overstock,NO,11042241.12
SKU01039,Operative mobile policy,Home & Kitchen,WH-BLR,61.0,36.0,6554.39,196.0,healthy,NO,399817.79
SKU01040,Secured solution-oriented alliance,Grocery,WH-CHE,1985.0,64.0,3013.37,193.0,overstock,NO,5981539.45
SKU01041,Customer-focused disintermediate pricing structure,Beauty,WH-MUM,538.0,77.0,9270.27,229.0,overstock,NO,4987405.26
SKU01042,Persistent high-level access,Books,WH-DEL,1171.0,38.0,9553.11,203.0,overstock,NO,11186691.81
SKU01043,Extended disintermediate orchestration,Grocery,WH-HYD,1243.0,96.0,9223.46,234.0,overstock,NO,11464760.78
SKU01044,Re-contextualized well-modulated success,Books,WH-BLR,164.0,12.0,10181.91,288.0,overstock,NO,1669833.24
SKU01045,Object-based hybrid budgetary management,Home & Kitchen,WH-BLR,1044.0,84.0,1464.32,148.0,overstock,NO,1528750.08
SKU01046,User-centric systemic secured line,Beauty,WH-DEL,1596.0,97.0,11978.12,254.0,overstock,NO,19117079.52
SKU01047,Triple-buffered responsive info-mediaries,Home & Kitchen,WH-HYD,811.0,65.0,5007.75,227.0,overstock,NO,4061285.25
SKU01048,Versatile well-modulated application,Toys,WH-DEL,1571.0,61.0,9586.55,164.0,overstock,NO,15060470.05
SKU01049,Focused solution-oriented complexity,Grocery,WH-HYD,609.0,63.0,3386.15,190.0,overstock,NO,2062165.35
SKU01050,Synchronized leadingedge benchmark,Clothing,WH-CHE,1697.0,83.0,13068.95,191.0,overstock,NO,22178008.15
SKU01051,Ameliorated dynamic capability,Toys,WH-CHE,1145.0,55.0,3736.87,201.0,overstock,NO,4278716.15
SKU01052,Versatile high-level installation,Clothing,WH-MUM,1.0,77.0,13364.13,218.0,below_reorder,YES,13364.13
SKU01053,Secured contextually-based Graphical User Interfac,Home & Kitchen,WH-HYD,1754.0,58.0,4690.77,234.0,overstock,NO,8227610.58
SKU01054,Visionary fault-tolerant Internet solution,Home & Kitchen,WH-CHE,721.0,61.0,1592.29,268.0,overstock,NO,1148041.09
SKU01055,Function-based value-added superstructure,Grocery,WH-HYD,1173.0,39.0,4459.6,202.0,overstock,NO,5231110.8
SKU01056,Triple-buffered maximized structure,Sports,WH-CHE,1877.0,46.0,9245.55,252.0,overstock,NO,17353897.35
SKU01057,Organic stable database,Books,WH-BLR,0.0,46.0,8367.16,230.0,stockout,YES,0.0
SKU01058,Re-contextualized clear-thinking protocol,Beauty,WH-BLR,1356.0,35.0,6560.42,214.0,overstock,NO,8895929.52
SKU01059,Horizontal disintermediate system engine,Grocery,WH-MUM,1004.0,14.0,920.21,246.0,overstock,NO,923890.84
SKU01060,Multi-lateral human-resource protocol,Home & Kitchen,WH-DEL,186.0,94.0,11088.05,241.0,healthy,NO,2062377.3
SKU01061,Right-sized fault-tolerant paradigm,Grocery,WH-HYD,778.0,38.0,14103.22,256.0,overstock,NO,10972305.16
SKU01062,Fully-configurable 6thgeneration secured line,Beauty,WH-HYD,1345.0,36.0,11050.66,194.0,overstock,NO,14863137.7
SKU01063,Stand-alone web-enabled synergy,Home & Kitchen,WH-BLR,418.0,74.0,14208.75,196.0,overstock,NO,5939257.5
SKU01064,Robust transitional circuit,Sports,WH-DEL,1225.0,64.0,8485.99,181.0,overstock,NO,10395337.75
SKU01065,Stand-alone full-range conglomeration,Electronics,WH-DEL,1188.0,14.0,11964.38,286.0,overstock,NO,14213683.44
SKU01066,Persevering real-time model,Electronics,WH-HYD,1063.0,60.0,4570.34,159.0,overstock,NO,4858271.42
SKU01067,Fully-configurable secondary algorithm,Grocery,WH-MUM,1758.0,62.0,3157.7,233.0,overstock,NO,5551236.6
SKU01068,Enhanced solution-oriented emulation,Sports,WH-CHE,916.0,83.0,13863.42,234.0,overstock,NO,12698892.72
SKU01069,Implemented zero-defect success,Books,WH-BLR,1052.0,88.0,9983.88,217.0,overstock,NO,10503041.76
SKU01070,Sharable web-enabled protocol,Sports,WH-DEL,882.0,88.0,1415.92,177.0,overstock,NO,1248841.44
SKU01071,Programmable modular info-mediaries,Books,WH-HYD,1881.0,47.0,7459.95,225.0,overstock,NO,14032165.95
SKU01072,Quality-focused foreground open system,Beauty,WH-DEL,1145.0,11.0,9595.58,183.0,overstock,NO,10986939.1
SKU01073,Quality-focused bifurcated frame,Beauty,WH-MUM,1668.0,44.0,11280.85,158.0,overstock,NO,18816457.8
SKU01074,Ameliorated 5thgeneration capacity,Toys,WH-BLR,1710.0,42.0,14422.42,181.0,overstock,NO,24662338.2
SKU01075,Decentralized non-volatile customer loyalty,Books,WH-MUM,1983.0,79.0,10345.56,199.0,overstock,NO,20515245.48
SKU01076,Cross-group national pricing structure,Electronics,WH-BLR,1610.0,26.0,11175.79,201.0,overstock,NO,17993021.9
SKU01077,Multi-layered empowering artificial intelligence,Electronics,WH-HYD,796.0,54.0,9904.75,166.0,overstock,NO,7884181.0
SKU01078,Mandatory impactful framework,Books,WH-BLR,1636.0,67.0,6665.41,205.0,overstock,NO,10904610.76
SKU01079,Open-architected transitional migration,Clothing,WH-CHE,1888.0,74.0,8921.55,144.0,overstock,NO,16843886.4
SKU01080,Up-sized intermediate definition,Grocery,WH-BLR,1669.0,55.0,4137.91,228.0,overstock,NO,6906171.79
SKU01081,Function-based web-enabled parallelism,Toys,WH-MUM,1267.0,74.0,7646.26,260.0,overstock,NO,9687811.42
SKU01082,Adaptive clear-thinking Graphical User Interface,Toys,WH-DEL,662.0,29.0,2408.25,176.0,overstock,NO,1594261.5
SKU01083,Progressive neutral attitude,Electronics,WH-CHE,1168.0,96.0,7696.98,241.0,overstock,NO,8990072.64
SKU01084,Triple-buffered incremental superstructure,Sports,WH-MUM,1245.0,43.0,5929.55,198.0,overstock,NO,7382289.75
SKU01085,Secured cohesive definition,Sports,WH-BLR,475.0,42.0,11629.2,213.0,overstock,NO,5523870.0
SKU01086,Optional mobile concept,Toys,WH-DEL,362.0,33.0,8943.23,167.0,overstock,NO,3237449.26
SKU01087,Horizontal 5thgeneration budgetary management,Beauty,WH-MUM,1684.0,74.0,5863.69,154.0,overstock,NO,9874453.96
SKU01088,Sharable zero-defect extranet,Clothing,WH-DEL,1118.0,36.0,126.38,208.0,overstock,NO,141292.84
SKU01089,Distributed upward-trending policy,Sports,WH-HYD,595.0,64.0,6323.13,263.0,overstock,NO,3762262.35
SKU01090,Synergized bifurcated policy,Sports,WH-MUM,0.0,71.0,8831.71,247.0,stockout,YES,0.0
SKU01091,Down-sized 24/7 monitoring,Sports,WH-HYD,941.0,84.0,6647.38,189.0,overstock,NO,6255184.58
SKU01092,Progressive static superstructure,Clothing,WH-MUM,381.0,24.0,6419.14,230.0,overstock,NO,2445692.34
SKU01093,Down-sized directional Local Area Network,Electronics,WH-CHE,486.0,97.0,14775.94,144.0,overstock,NO,7181106.84
SKU01094,Re-contextualized value-added emulation,Beauty,WH-HYD,1128.0,100.0,14686.56,326.0,overstock,NO,16566439.68
SKU01095,Mandatory even-keeled monitoring,Clothing,WH-DEL,1849.0,15.0,9595.18,248.0,overstock,NO,17741487.82
SKU01096,Synergized scalable Internet solution,Clothing,WH-MUM,1233.0,37.0,4742.15,245.0,overstock,NO,5847070.95
SKU01097,Managed radical service-desk,Beauty,WH-HYD,1113.0,94.0,2008.78,270.0,overstock,NO,2235772.14
SKU01098,Reduced neutral focus group,Electronics,WH-CHE,457.0,50.0,1551.24,165.0,overstock,NO,708916.68
SKU01099,Front-line dynamic moratorium,Electronics,WH-MUM,53.0,85.0,11507.98,158.0,below_reorder,YES,609922.94
SKU01100,Self-enabling incremental open architecture,Grocery,WH-DEL,1062.0,23.0,2935.69,208.0,overstock,NO,3117702.78
SKU01101,Sharable didactic Graphic Interface,Clothing,WH-BLR,602.0,69.0,2806.17,259.0,overstock,NO,1689314.34
SKU01102,Profit-focused contextually-based structure,Clothing,WH-DEL,1144.0,59.0,13672.75,233.0,overstock,NO,15641626.0
SKU01103,De-engineered analyzing array,Clothing,WH-CHE,1244.0,84.0,8986.17,164.0,overstock,NO,11178795.48
SKU01104,Horizontal dedicated model,Books,WH-BLR,1280.0,14.0,13704.54,213.0,overstock,NO,17541811.2
SKU01105,Digitized even-keeled function,Beauty,WH-CHE,194.0,38.0,1856.17,173.0,overstock,NO,360096.98
SKU01106,Persevering demand-driven analyzer,Toys,WH-CHE,166.0,65.0,8007.21,278.0,healthy,NO,1329196.86
SKU01107,Multi-layered zero administration initiative,Clothing,WH-DEL,1098.0,92.0,7271.26,208.0,overstock,NO,7983843.48
SKU01108,Cross-group multi-state time-frame,Home & Kitchen,WH-MUM,417.0,81.0,8981.81,150.0,overstock,NO,3745414.77
SKU01109,Multi-layered homogeneous capacity,Electronics,WH-DEL,1867.0,86.0,7381.42,252.0,overstock,NO,13781111.14
SKU01110,Universal directional portal,Clothing,WH-MUM,1210.0,36.0,2347.79,232.0,overstock,NO,2840825.9
SKU01111,Synergistic non-volatile approach,Clothing,WH-CHE,572.0,55.0,11447.97,182.0,overstock,NO,6548238.84
SKU01112,Up-sized analyzing synergy,Home & Kitchen,WH-BLR,1784.0,15.0,679.26,273.0,overstock,NO,1211799.84
SKU01113,Progressive clear-thinking Internet solution,Books,WH-DEL,1384.0,70.0,7196.11,248.0,overstock,NO,9959416.24
SKU01114,Open-architected discrete service-desk,Beauty,WH-HYD,714.0,29.0,7856.15,222.0,overstock,NO,5609291.1
SKU01115,Assimilated next generation model,Sports,WH-HYD,795.0,23.0,8136.47,203.0,overstock,NO,6468493.65
SKU01116,Optimized tangible customer loyalty,Home & Kitchen,WH-MUM,1615.0,14.0,13581.48,167.0,overstock,NO,21934090.2
SKU01117,Expanded coherent flexibility,Books,WH-CHE,795.0,57.0,13756.91,178.0,overstock,NO,10936743.45
SKU01118,Programmable holistic challenge,Toys,WH-DEL,1379.0,31.0,4804.11,231.0,overstock,NO,6624867.69
SKU01119,Open-architected client-driven policy,Clothing,WH-DEL,98.0,79.0,8337.79,169.0,healthy,NO,817103.42
SKU01120,Progressive well-modulated complexity,Clothing,WH-MUM,269.0,96.0,10025.02,209.0,healthy,NO,2696730.38
SKU01121,Universal modular time-frame,Books,WH-BLR,372.0,55.0,2975.22,201.0,overstock,NO,1106781.84
SKU01122,Reactive web-enabled Graphical User Interface,Grocery,WH-MUM,1874.0,17.0,8733.1,190.0,overstock,NO,16365829.4
SKU01123,Optional interactive throughput,Home & Kitchen,WH-BLR,0.0,94.0,3356.37,153.0,stockout,YES,0.0
SKU01124,Object-based executive methodology,Toys,WH-CHE,1408.0,99.0,8346.82,199.0,overstock,NO,11752322.56
SKU01125,Secured client-driven model,Clothing,WH-CHE,1805.0,100.0,12694.99,221.0,overstock,NO,22914456.95
SKU01126,Fully-configurable methodical moratorium,Clothing,WH-CHE,828.0,16.0,8582.27,209.0,overstock,NO,7106119.56
SKU01127,Optional attitude-oriented concept,Beauty,WH-DEL,334.0,18.0,511.08,150.0,overstock,NO,170700.72
SKU01128,Digitized exuding secured line,Electronics,WH-HYD,1623.0,10.0,12646.1,267.0,overstock,NO,20524620.3
SKU01129,Versatile intangible secured line,Clothing,WH-DEL,561.0,98.0,6103.98,220.0,overstock,NO,3424332.78
SKU01130,Function-based radical utilization,Electronics,WH-HYD,1530.0,15.0,3834.93,166.0,overstock,NO,5867442.9
SKU01131,Front-line mission-critical synergy,Clothing,WH-DEL,1023.0,42.0,10392.29,203.0,overstock,NO,10631312.67
SKU01132,Total heuristic leverage,Books,WH-BLR,1154.0,43.0,4133.97,226.0,overstock,NO,4770601.38
SKU01133,Synergized human-resource info-mediaries,Beauty,WH-DEL,827.0,85.0,496.06,188.0,overstock,NO,410241.62
SKU01134,Extended attitude-oriented conglomeration,Electronics,WH-HYD,269.0,43.0,6238.87,219.0,overstock,NO,1678256.03
SKU01135,Integrated transitional database,Toys,WH-MUM,1141.0,97.0,6511.37,173.0,overstock,NO,7429473.17
SKU01136,Synergistic content-based solution,Beauty,WH-HYD,83.0,43.0,8593.9,215.0,healthy,NO,713293.7
SKU01137,Diverse solution-oriented model,Sports,WH-CHE,293.0,94.0,1218.7,178.0,overstock,NO,357079.1
SKU01138,Compatible grid-enabled algorithm,Sports,WH-HYD,930.0,65.0,9323.46,225.0,overstock,NO,8670817.8
SKU01139,Open-architected didactic framework,Beauty,WH-CHE,1381.0,46.0,12727.18,183.0,overstock,NO,17576235.58
SKU01140,Horizontal tertiary monitoring,Toys,WH-DEL,1238.0,86.0,11303.6,162.0,overstock,NO,13993856.8
SKU01141,Cross-group disintermediate capacity,Books,WH-BLR,800.0,73.0,721.2,208.0,overstock,NO,576960.0
SKU01142,Future-proofed zero administration throughput,Toys,WH-HYD,601.0,76.0,1895.77,184.0,overstock,NO,1139357.77
SKU01143,Cross-group solution-oriented utilization,Electronics,WH-HYD,1602.0,26.0,2064.52,163.0,overstock,NO,3307361.04
SKU01144,Integrated coherent knowledge user,Grocery,WH-DEL,173.0,59.0,14361.86,195.0,healthy,NO,2484601.78
SKU01145,Switchable 3rdgeneration standardization,Home & Kitchen,WH-HYD,1106.0,65.0,11542.48,222.0,overstock,NO,12765982.88
SKU01146,Down-sized logistical Graphical User Interface,Books,WH-MUM,1069.0,44.0,4661.2,254.0,overstock,NO,4982822.8
SKU01147,Right-sized needs-based conglomeration,Toys,WH-DEL,94.0,60.0,7272.6,280.0,healthy,NO,683624.4
SKU01148,Organic heuristic project,Toys,WH-HYD,1019.0,97.0,2403.15,268.0,overstock,NO,2448809.85
SKU01149,Advanced asynchronous matrices,Electronics,WH-BLR,1836.0,73.0,2414.15,131.0,overstock,NO,4432379.4
SKU01150,Phased regional array,Books,WH-MUM,1920.0,51.0,1346.72,241.0,overstock,NO,2585702.4
SKU01151,Down-sized 5thgeneration functionalities,Sports,WH-BLR,415.0,29.0,2730.71,268.0,overstock,NO,1133244.65
SKU01152,Seamless optimizing benchmark,Toys,WH-CHE,1.0,51.0,12475.58,159.0,below_reorder,YES,12475.58
SKU01153,Programmable modular open system,Sports,WH-DEL,1799.0,67.0,9023.04,233.0,overstock,NO,16232448.96
SKU01154,Visionary stable synergy,Clothing,WH-DEL,1739.0,53.0,5461.38,179.0,overstock,NO,9497339.82
SKU01155,Quality-focused clear-thinking database,Electronics,WH-MUM,1859.0,52.0,9407.76,139.0,overstock,NO,17489025.84
SKU01156,Programmable homogeneous task-force,Clothing,WH-CHE,0.0,44.0,2866.85,238.0,stockout,YES,0.0
SKU01157,Reverse-engineered 6thgeneration capability,Toys,WH-CHE,1254.0,39.0,299.04,170.0,overstock,NO,374996.16
SKU01158,Networked well-modulated adapter,Home & Kitchen,WH-DEL,259.0,10.0,3670.9,177.0,overstock,NO,950763.1
SKU01159,Networked actuating emulation,Clothing,WH-CHE,1886.0,44.0,13253.71,240.0,overstock,NO,24996497.06
SKU01160,Mandatory human-resource Graphic Interface,Books,WH-BLR,1623.0,99.0,10896.79,219.0,overstock,NO,17685490.17
SKU01161,Innovative human-resource artificial intelligence,Clothing,WH-CHE,63.0,72.0,4251.51,163.0,below_reorder,YES,267845.13
SKU01162,Phased bifurcated policy,Books,WH-MUM,1857.0,97.0,4015.33,217.0,overstock,NO,7456467.81
SKU01163,Public-key fresh-thinking ability,Grocery,WH-CHE,986.0,79.0,13145.47,265.0,overstock,NO,12961433.42
SKU01164,Right-sized client-driven system engine,Sports,WH-DEL,304.0,24.0,724.73,217.0,overstock,NO,220317.92
SKU01165,Decentralized asymmetric hub,Home & Kitchen,WH-HYD,444.0,89.0,3459.89,189.0,overstock,NO,1536191.16
SKU01166,Optimized content-based benchmark,Clothing,WH-DEL,1337.0,15.0,7558.61,236.0,overstock,NO,10105861.57
SKU01167,Reduced mobile contingency,Toys,WH-MUM,636.0,62.0,2301.53,231.0,overstock,NO,1463773.08
SKU01168,Cloned motivating portal,Grocery,WH-HYD,1262.0,37.0,7813.81,225.0,overstock,NO,9861028.22
SKU01169,Profit-focused global functionalities,Beauty,WH-BLR,924.0,54.0,7583.83,232.0,overstock,NO,7007458.92
SKU01170,Monitored demand-driven process improvement,Toys,WH-BLR,1438.0,74.0,3237.44,211.0,overstock,NO,4655438.72
SKU01171,Intuitive holistic concept,Home & Kitchen,WH-HYD,1550.0,90.0,2971.55,178.0,overstock,NO,4605902.5
SKU01172,Focused directional Local Area Network,Beauty,WH-MUM,1531.0,26.0,4696.71,181.0,overstock,NO,7190663.01
SKU01173,Operative directional help-desk,Beauty,WH-DEL,239.0,69.0,3078.86,348.0,overstock,NO,735847.54
SKU01174,Versatile attitude-oriented methodology,Home & Kitchen,WH-DEL,678.0,41.0,8325.4,196.0,overstock,NO,5644621.2
SKU01175,Cloned optimal archive,Beauty,WH-CHE,1134.0,33.0,5514.57,238.0,overstock,NO,6253522.38
SKU01176,Synergistic system-worthy hierarchy,Grocery,WH-HYD,536.0,60.0,2424.63,218.0,overstock,NO,1299601.68
SKU01177,Customizable bi-directional intranet,Toys,WH-DEL,775.0,78.0,5726.38,175.0,overstock,NO,4437944.5
SKU01178,Implemented uniform collaboration,Grocery,WH-CHE,1447.0,67.0,4523.46,209.0,overstock,NO,6545446.62
SKU01179,De-engineered national knowledgebase,Home & Kitchen,WH-BLR,967.0,36.0,881.45,226.0,overstock,NO,852362.15
SKU01180,Automated static circuit,Books,WH-CHE,798.0,56.0,10765.9,281.0,overstock,NO,8591188.2
SKU01181,Quality-focused composite frame,Books,WH-MUM,1591.0,60.0,1585.71,237.0,overstock,NO,2522864.61
SKU01182,Managed optimizing website,Clothing,WH-HYD,70.0,47.0,9867.17,205.0,healthy,NO,690701.9
SKU01183,Customer-focused client-driven framework,Sports,WH-MUM,539.0,10.0,11865.77,271.0,overstock,NO,6395650.03
SKU01184,Networked fresh-thinking budgetary management,Clothing,WH-DEL,793.0,45.0,277.62,196.0,overstock,NO,220152.66
SKU01185,Self-enabling multimedia firmware,Beauty,WH-CHE,1614.0,58.0,2177.93,231.0,overstock,NO,3515179.02
SKU01186,Seamless demand-driven analyzer,Beauty,WH-BLR,638.0,36.0,10632.02,183.0,overstock,NO,6783228.76
SKU01187,Switchable optimal attitude,Clothing,WH-HYD,1254.0,22.0,8947.63,184.0,overstock,NO,11220328.02
SKU01188,Optimized methodical Graphical User Interface,Beauty,WH-MUM,1676.0,45.0,3440.39,163.0,overstock,NO,5766093.64
SKU01189,Team-oriented full-range architecture,Grocery,WH-CHE,0.0,69.0,2511.18,196.0,stockout,YES,0.0
SKU01190,Down-sized zero-defect model,Clothing,WH-MUM,93.0,91.0,426.0,145.0,healthy,NO,39618.0
SKU01191,Cloned contextually-based alliance,Books,WH-CHE,1228.0,73.0,4452.67,226.0,overstock,NO,5467878.76
SKU01192,Reduced heuristic productivity,Beauty,WH-HYD,1468.0,90.0,12215.16,222.0,overstock,NO,17931854.88
SKU01193,Re-engineered modular customer loyalty,Clothing,WH-CHE,975.0,61.0,12576.15,235.0,overstock,NO,12261746.25
SKU01194,Streamlined stable data-warehouse,Home & Kitchen,WH-CHE,1172.0,29.0,1778.27,245.0,overstock,NO,2084132.44
SKU01195,Triple-buffered well-modulated open architecture,Sports,WH-MUM,895.0,75.0,3299.39,270.0,overstock,NO,2952954.05
SKU01196,Re-engineered impactful standardization,Grocery,WH-DEL,1194.0,36.0,13550.18,199.0,overstock,NO,16178914.92
SKU01197,Open-architected local interface,Clothing,WH-MUM,381.0,87.0,2444.66,210.0,overstock,NO,931415.46
SKU01198,Horizontal global superstructure,Sports,WH-HYD,1903.0,11.0,8373.38,178.0,overstock,NO,15934542.14
SKU01199,Extended intangible projection,Grocery,WH-BLR,240.0,77.0,3140.76,264.0,overstock,NO,753782.4
SKU01200,Compatible uniform methodology,Toys,WH-HYD,634.0,70.0,8355.85,244.0,overstock,NO,5297608.9
SKU01201,Optional transitional product,Sports,WH-MUM,36.0,61.0,145.35,222.0,below_reorder,YES,5232.6
SKU01202,Phased incremental customer loyalty,Toys,WH-BLR,1561.0,61.0,12901.44,220.0,overstock,NO,20139147.84
SKU01203,Grass-roots well-modulated hub,Electronics,WH-HYD,920.0,27.0,10099.54,168.0,overstock,NO,9291576.8
SKU01204,Customizable radical product,Home & Kitchen,WH-MUM,1980.0,97.0,1846.19,290.0,overstock,NO,3655456.2
SKU01205,User-centric even-keeled instruction set,Home & Kitchen,WH-MUM,1697.0,74.0,1857.79,198.0,overstock,NO,3152669.63
SKU01206,Mandatory bifurcated policy,Home & Kitchen,WH-BLR,1618.0,66.0,7237.38,231.0,overstock,NO,11710080.84
SKU01207,Horizontal intermediate toolset,Toys,WH-MUM,1618.0,86.0,3958.35,149.0,overstock,NO,6404610.3
SKU01208,Front-line directional data-warehouse,Books,WH-BLR,1856.0,56.0,12764.79,219.0,overstock,NO,23691450.24
SKU01209,Focused secondary success,Toys,WH-DEL,1356.0,61.0,8570.31,227.0,overstock,NO,11621340.36
SKU01210,Persistent composite productivity,Toys,WH-CHE,559.0,55.0,535.3,261.0,overstock,NO,299232.7
SKU01211,Integrated holistic throughput,Clothing,WH-BLR,516.0,36.0,2766.47,182.0,overstock,NO,1427498.52
SKU01212,Universal web-enabled definition,Sports,WH-DEL,1151.0,24.0,8695.26,180.0,overstock,NO,10008244.26
SKU01213,Team-oriented directional collaboration,Sports,WH-HYD,1634.0,54.0,14722.63,123.0,overstock,NO,24056777.42
SKU01214,Upgradable composite implementation,Home & Kitchen,WH-DEL,371.0,13.0,14504.73,196.0,overstock,NO,5381254.83
SKU01215,De-engineered bi-directional collaboration,Books,WH-DEL,1397.0,70.0,7041.85,256.0,overstock,NO,9837464.45
SKU01216,Seamless background time-frame,Sports,WH-MUM,1486.0,58.0,8408.71,148.0,overstock,NO,12495343.06
SKU01217,Business-focused asynchronous architecture,Clothing,WH-BLR,841.0,84.0,1293.29,171.0,overstock,NO,1087656.89
SKU01218,Centralized interactive open system,Beauty,WH-CHE,1679.0,90.0,11084.79,155.0,overstock,NO,18611362.41
SKU01219,Stand-alone hybrid standardization,Sports,WH-MUM,1275.0,73.0,2545.45,169.0,overstock,NO,3245448.75
SKU01220,Team-oriented scalable forecast,Books,WH-HYD,427.0,34.0,13824.87,244.0,overstock,NO,5903219.49
SKU01221,Pre-emptive leadingedge flexibility,Beauty,WH-HYD,363.0,61.0,8664.2,193.0,overstock,NO,3145104.6
SKU01222,Monitored motivating conglomeration,Toys,WH-HYD,0.0,56.0,7819.02,299.0,stockout,YES,0.0
SKU01223,Focused intermediate Internet solution,Books,WH-HYD,1144.0,19.0,5445.16,247.0,overstock,NO,6229263.04
SKU01224,Programmable motivating concept,Sports,WH-CHE,526.0,19.0,1385.02,187.0,overstock,NO,728520.52
SKU01225,Decentralized regional extranet,Beauty,WH-CHE,1667.0,13.0,3339.88,179.0,overstock,NO,5567579.96
SKU01226,Polarized bi-directional info-mediaries,Sports,WH-HYD,1611.0,26.0,2728.39,238.0,overstock,NO,4395436.29
SKU01227,Managed fresh-thinking contingency,Books,WH-HYD,26.0,61.0,9136.69,207.0,below_reorder,YES,237553.94
SKU01228,Up-sized context-sensitive infrastructure,Beauty,WH-DEL,67.0,19.0,12995.0,169.0,overstock,NO,870665.0
SKU01229,Quality-focused 24hour service-desk,Books,WH-BLR,684.0,77.0,9166.35,204.0,overstock,NO,6269783.4
SKU01230,Cross-group system-worthy synergy,Sports,WH-MUM,1534.0,62.0,4281.73,211.0,overstock,NO,6568173.82
SKU01231,Multi-layered reciprocal Graphical User Interface,Grocery,WH-DEL,1552.0,43.0,9296.2,200.0,overstock,NO,14427702.4
SKU01232,Open-source directional application,Electronics,WH-CHE,1769.0,60.0,1351.11,193.0,overstock,NO,2390113.59
SKU01233,Automated modular knowledgebase,Toys,WH-BLR,1858.0,68.0,11671.19,229.0,overstock,NO,21685071.02
SKU01234,Integrated hybrid structure,Electronics,WH-CHE,1287.0,83.0,4712.4,270.0,overstock,NO,6064858.8
SKU01235,Cross-group upward-trending hub,Beauty,WH-MUM,985.0,77.0,14719.55,216.0,overstock,NO,14498756.75
SKU01236,Distributed uniform artificial intelligence,Toys,WH-CHE,1922.0,58.0,6840.13,234.0,overstock,NO,13146729.86
SKU01237,Focused incremental protocol,Books,WH-DEL,371.0,84.0,5837.21,242.0,overstock,NO,2165604.91
SKU01238,Multi-tiered dedicated middleware,Clothing,WH-MUM,371.0,68.0,723.57,168.0,overstock,NO,268444.47
SKU01239,Innovative mission-critical artificial intelligenc,Toys,WH-MUM,1381.0,17.0,4618.01,203.0,overstock,NO,6377471.81
SKU01240,Synergistic interactive groupware,Toys,WH-MUM,898.0,44.0,8535.83,213.0,overstock,NO,7665175.34
SKU01241,Programmable value-added strategy,Grocery,WH-BLR,1729.0,56.0,1598.2,195.0,overstock,NO,2763287.8
SKU01242,Focused zero-defect migration,Books,WH-HYD,1794.0,69.0,2396.49,272.0,overstock,NO,4299303.06
SKU01243,De-engineered zero-defect task-force,Clothing,WH-BLR,687.0,96.0,1778.69,158.0,overstock,NO,1221960.03
SKU01244,Secured optimal encryption,Clothing,WH-HYD,955.0,36.0,12511.38,202.0,overstock,NO,11948367.9
SKU01245,Team-oriented global software,Home & Kitchen,WH-HYD,1740.0,10.0,10965.85,213.0,overstock,NO,19080579.0
SKU01246,Digitized well-modulated framework,Toys,WH-CHE,832.0,80.0,7644.25,166.0,overstock,NO,6360016.0
SKU01247,Advanced incremental challenge,Toys,WH-CHE,71.0,53.0,11327.15,194.0,healthy,NO,804227.65
SKU01248,Future-proofed asynchronous data-warehouse,Grocery,WH-CHE,710.0,58.0,3046.98,188.0,overstock,NO,2163355.8
SKU01249,Face-to-face responsive support,Sports,WH-MUM,1943.0,62.0,12447.7,158.0,overstock,NO,24185881.1
SKU01250,Open-source bottom-line flexibility,Sports,WH-MUM,104.0,58.0,13261.44,169.0,healthy,NO,1379189.76
SKU01251,Extended solution-oriented firmware,Home & Kitchen,WH-HYD,1719.0,94.0,7375.53,185.0,overstock,NO,12678536.07
SKU01252,Compatible empowering architecture,Beauty,WH-BLR,1655.0,52.0,8938.19,144.0,overstock,NO,14792704.45
SKU01253,Object-based reciprocal encoding,Grocery,WH-HYD,793.0,89.0,9854.55,263.0,overstock,NO,7814658.15
SKU01254,Adaptive national focus group,Sports,WH-DEL,1524.0,54.0,14588.08,219.0,overstock,NO,22232233.92
SKU01255,Persevering actuating pricing structure,Books,WH-BLR,0.0,50.0,4162.39,182.0,stockout,YES,0.0
SKU01256,Horizontal optimizing open architecture,Electronics,WH-BLR,265.0,13.0,10767.67,282.0,overstock,NO,2853432.55
SKU01257,Persevering tertiary framework,Books,WH-CHE,347.0,92.0,6668.12,182.0,overstock,NO,2313837.64
SKU01258,Secured national process improvement,Sports,WH-CHE,1531.0,88.0,10204.43,205.0,overstock,NO,15622982.33
SKU01259,Horizontal non-volatile conglomeration,Beauty,WH-CHE,1314.0,43.0,13183.5,206.0,overstock,NO,17323119.0
SKU01260,Enterprise-wide real-time data-warehouse,Electronics,WH-BLR,1648.0,45.0,3593.5,202.0,overstock,NO,5922088.0
SKU01261,Cross-platform context-sensitive portal,Electronics,WH-CHE,987.0,10.0,11604.14,152.0,overstock,NO,11453286.18
SKU01262,Phased directional productivity,Books,WH-CHE,406.0,57.0,8004.83,171.0,overstock,NO,3249960.98
SKU01263,Fundamental clear-thinking website,Books,WH-DEL,1243.0,41.0,2838.62,271.0,overstock,NO,3528404.66
SKU01264,Switchable bandwidth-monitored interface,Toys,WH-CHE,1516.0,15.0,4579.01,214.0,overstock,NO,6941779.16
SKU01265,Organic system-worthy infrastructure,Electronics,WH-MUM,939.0,17.0,7147.04,242.0,overstock,NO,6711070.56
SKU01266,Pre-emptive systemic interface,Clothing,WH-HYD,1478.0,37.0,5308.63,183.0,overstock,NO,7846155.14
SKU01267,User-friendly disintermediate challenge,Sports,WH-DEL,643.0,15.0,12584.54,249.0,overstock,NO,8091859.22
SKU01268,Progressive intangible help-desk,Toys,WH-CHE,471.0,67.0,5446.41,187.0,overstock,NO,2565259.11
SKU01269,Business-focused national initiative,Toys,WH-BLR,1824.0,60.0,3129.33,210.0,overstock,NO,5707897.92
SKU01270,Managed zero-defect middleware,Sports,WH-HYD,545.0,65.0,9733.4,267.0,overstock,NO,5304703.0
SKU01271,Compatible content-based contingency,Books,WH-MUM,1755.0,72.0,3315.24,273.0,overstock,NO,5818246.2
SKU01272,Re-contextualized coherent benchmark,Grocery,WH-CHE,687.0,28.0,4003.62,291.0,overstock,NO,2750486.94
SKU01273,Organized multimedia help-desk,Sports,WH-DEL,142.0,21.0,12281.52,247.0,overstock,NO,1743975.84
SKU01274,Optional content-based core,Home & Kitchen,WH-DEL,893.0,71.0,9442.87,216.0,overstock,NO,8432482.91
SKU01275,Realigned modular solution,Clothing,WH-BLR,1221.0,24.0,10246.82,196.0,overstock,NO,12511367.22
SKU01276,Total fresh-thinking policy,Sports,WH-CHE,537.0,69.0,14652.46,148.0,overstock,NO,7868371.02
SKU01277,Front-line 24/7 interface,Grocery,WH-MUM,402.0,12.0,3072.66,216.0,overstock,NO,1235209.32
SKU01278,Proactive content-based complexity,Clothing,WH-BLR,440.0,67.0,3990.61,253.0,overstock,NO,1755868.4
SKU01279,Function-based neutral project,Beauty,WH-HYD,1938.0,77.0,4080.39,257.0,overstock,NO,7907795.82
SKU01280,Grass-roots value-added encoding,Books,WH-BLR,46.0,95.0,12832.44,205.0,below_reorder,YES,590292.24
SKU01281,Compatible intangible projection,Home & Kitchen,WH-HYD,380.0,13.0,6177.92,216.0,overstock,NO,2347609.6
SKU01282,Upgradable object-oriented definition,Grocery,WH-HYD,1548.0,17.0,5045.1,162.0,overstock,NO,7809814.8
SKU01283,Synergistic systemic customer loyalty,Clothing,WH-CHE,1872.0,97.0,9565.81,274.0,overstock,NO,17907196.32
SKU01284,Proactive transitional algorithm,Home & Kitchen,WH-HYD,489.0,22.0,9015.73,218.0,overstock,NO,4408691.97
SKU01285,Devolved zero tolerance Internet solution,Clothing,WH-HYD,1007.0,42.0,1954.27,162.0,overstock,NO,1967949.89
SKU01286,Adaptive hybrid algorithm,Sports,WH-MUM,209.0,41.0,14401.3,233.0,overstock,NO,3009871.7
SKU01287,Digitized encompassing solution,Toys,WH-DEL,913.0,52.0,14030.85,217.0,overstock,NO,12810166.05
SKU01288,Re-contextualized regional help-desk,Electronics,WH-DEL,0.0,90.0,7364.72,193.0,stockout,YES,0.0
SKU01289,Pre-emptive hybrid structure,Beauty,WH-HYD,61.0,44.0,1830.63,176.0,healthy,NO,111668.43
SKU01290,Function-based bifurcated concept,Grocery,WH-CHE,931.0,36.0,585.4,129.0,overstock,NO,545007.4
SKU01291,Managed dynamic matrix,Sports,WH-BLR,1496.0,75.0,6648.44,251.0,overstock,NO,9946066.24
SKU01292,Diverse secondary interface,Electronics,WH-BLR,1059.0,69.0,3458.57,142.0,overstock,NO,3662625.63
SKU01293,Cloned 6thgeneration hub,Toys,WH-BLR,672.0,98.0,13948.96,190.0,overstock,NO,9373701.12
SKU01294,Devolved dedicated leverage,Sports,WH-MUM,1270.0,71.0,13170.73,234.0,overstock,NO,16726827.1
SKU01295,Enterprise-wide incremental analyzer,Electronics,WH-DEL,387.0,67.0,9234.37,189.0,overstock,NO,3573701.19
SKU01296,Centralized eco-centric circuit,Books,WH-HYD,1609.0,42.0,11888.32,183.0,overstock,NO,19128306.88
SKU01297,Implemented impactful matrices,Clothing,WH-CHE,1524.0,51.0,6448.94,276.0,overstock,NO,9828184.56
SKU01298,Diverse transitional extranet,Sports,WH-DEL,547.0,80.0,14225.07,234.0,overstock,NO,7781113.29
SKU01299,Persistent optimizing throughput,Beauty,WH-MUM,1203.0,13.0,14947.91,204.0,overstock,NO,17982335.73
SKU01300,Devolved optimizing attitude,Home & Kitchen,WH-HYD,68.0,90.0,14577.18,182.0,below_reorder,YES,991248.24
SKU01301,Proactive neutral portal,Toys,WH-BLR,1460.0,29.0,125.93,157.0,overstock,NO,183857.8
SKU01302,Distributed responsive hardware,Electronics,WH-MUM,740.0,36.0,1906.76,180.0,overstock,NO,1411002.4
SKU01303,Quality-focused empowering encoding,Electronics,WH-CHE,1243.0,94.0,13489.05,244.0,overstock,NO,16766889.15
SKU01304,Persevering modular project,Toys,WH-DEL,448.0,86.0,5747.41,107.0,overstock,NO,2574839.68
SKU01305,Upgradable leadingedge superstructure,Books,WH-HYD,1974.0,55.0,5405.34,203.0,overstock,NO,10670141.16
SKU01306,Persistent demand-driven algorithm,Electronics,WH-HYD,60.0,86.0,14678.15,177.0,below_reorder,YES,880689.0
SKU01307,Robust intermediate parallelism,Clothing,WH-DEL,563.0,33.0,12058.53,217.0,overstock,NO,6788952.39
SKU01308,Diverse multimedia throughput,Books,WH-DEL,52.0,28.0,13869.65,257.0,healthy,NO,721221.8
SKU01309,Virtual zero-defect implementation,Beauty,WH-BLR,1143.0,10.0,3264.28,229.0,overstock,NO,3731072.04
SKU01310,Cloned national focus group,Sports,WH-CHE,160.0,27.0,1963.94,241.0,overstock,NO,314230.4
SKU01311,Balanced client-driven functionalities,Toys,WH-DEL,258.0,48.0,14002.54,162.0,overstock,NO,3612655.32
SKU01312,De-engineered radical hardware,Clothing,WH-CHE,66.0,40.0,11737.34,316.0,healthy,NO,774664.44
SKU01313,Proactive asymmetric infrastructure,Beauty,WH-HYD,589.0,37.0,4494.96,218.0,overstock,NO,2647531.44
SKU01314,Diverse foreground paradigm,Beauty,WH-HYD,1688.0,86.0,6679.8,242.0,overstock,NO,11275502.4
SKU01315,Persevering cohesive attitude,Books,WH-MUM,1076.0,44.0,8824.35,139.0,overstock,NO,9495000.6
SKU01316,Team-oriented value-added array,Beauty,WH-DEL,1699.0,57.0,3588.7,249.0,overstock,NO,6097201.3
SKU01317,Reactive system-worthy orchestration,Home & Kitchen,WH-MUM,1760.0,75.0,7315.99,246.0,overstock,NO,12876142.4
SKU01318,Monitored foreground knowledgebase,Toys,WH-MUM,1744.0,85.0,13980.37,258.0,overstock,NO,24381765.28
SKU01319,Reduced clear-thinking orchestration,Clothing,WH-BLR,378.0,56.0,7591.43,235.0,overstock,NO,2869560.54
SKU01320,Universal exuding hardware,Grocery,WH-CHE,1585.0,77.0,10299.14,252.0,overstock,NO,16324136.9
SKU01321,Compatible interactive alliance,Beauty,WH-DEL,0.0,41.0,13583.69,258.0,stockout,YES,0.0
SKU01322,Re-contextualized bottom-line Local Area Network,Clothing,WH-CHE,1490.0,52.0,8649.05,200.0,overstock,NO,12887084.5
SKU01323,Multi-layered 24hour capacity,Sports,WH-HYD,928.0,23.0,11139.03,186.0,overstock,NO,10337019.84
SKU01324,Enterprise-wide system-worthy intranet,Electronics,WH-BLR,1560.0,75.0,12377.13,237.0,overstock,NO,19308322.8
SKU01325,Multi-layered intermediate success,Sports,WH-BLR,235.0,13.0,8798.79,252.0,overstock,NO,2067715.65
SKU01326,Multi-layered user-facing implementation,Home & Kitchen,WH-HYD,590.0,47.0,9833.39,189.0,overstock,NO,5801700.1
SKU01327,Innovative impactful Graphical User Interface,Books,WH-HYD,54.0,62.0,13765.88,229.0,below_reorder,YES,743357.52
SKU01328,Grass-roots user-facing orchestration,Beauty,WH-CHE,721.0,99.0,5232.71,250.0,overstock,NO,3772783.91
SKU01329,Optional grid-enabled database,Beauty,WH-CHE,1041.0,19.0,12921.09,165.0,overstock,NO,13450854.69
SKU01330,Profound eco-centric concept,Home & Kitchen,WH-HYD,914.0,52.0,9977.51,226.0,overstock,NO,9119444.14
SKU01331,Optional intangible application,Grocery,WH-HYD,925.0,73.0,11526.21,223.0,overstock,NO,10661744.25
SKU01332,Progressive 24/7 knowledgebase,Beauty,WH-BLR,368.0,46.0,8637.64,229.0,overstock,NO,3178651.52
SKU01333,Reactive clear-thinking interface,Home & Kitchen,WH-MUM,916.0,46.0,3291.54,284.0,overstock,NO,3015050.64
SKU01334,Right-sized stable Internet solution,Books,WH-CHE,962.0,14.0,7263.79,203.0,overstock,NO,6987765.98
SKU01335,Enhanced stable productivity,Grocery,WH-BLR,583.0,56.0,978.76,225.0,overstock,NO,570617.08
SKU01336,Down-sized full-range capacity,Sports,WH-CHE,635.0,98.0,8233.92,193.0,overstock,NO,5228539.2
SKU01337,Down-sized scalable structure,Grocery,WH-DEL,1888.0,65.0,13451.0,209.0,overstock,NO,25395488.0
SKU01338,De-engineered uniform array,Home & Kitchen,WH-BLR,1154.0,63.0,3002.3,254.0,overstock,NO,3464654.2
SKU01339,Optional even-keeled interface,Grocery,WH-BLR,675.0,85.0,1805.32,259.0,overstock,NO,1218591.0
SKU01340,Versatile user-facing access,Beauty,WH-MUM,1904.0,67.0,13529.49,187.0,overstock,NO,25760148.96
SKU01341,Inverse real-time projection,Grocery,WH-DEL,1503.0,58.0,3989.44,236.0,overstock,NO,5996128.32
SKU01342,Managed uniform attitude,Clothing,WH-MUM,1866.0,72.0,11744.46,181.0,overstock,NO,21915162.36
SKU01343,Team-oriented didactic moderator,Grocery,WH-DEL,404.0,46.0,5989.65,301.0,overstock,NO,2419818.6
SKU01344,Up-sized 24/7 open system,Clothing,WH-BLR,413.0,23.0,10416.79,223.0,overstock,NO,4302134.27
SKU01345,Grass-roots bandwidth-monitored solution,Electronics,WH-BLR,579.0,53.0,885.44,202.0,overstock,NO,512669.76
SKU01346,Fundamental systemic knowledge user,Books,WH-BLR,723.0,89.0,11865.07,177.0,overstock,NO,8578445.61
SKU01347,Robust hybrid artificial intelligence,Beauty,WH-MUM,1641.0,25.0,13858.3,246.0,overstock,NO,22741470.3
SKU01348,Ergonomic reciprocal pricing structure,Books,WH-HYD,1626.0,99.0,3092.88,249.0,overstock,NO,5029022.88
SKU01349,Synchronized multimedia software,Toys,WH-CHE,1147.0,55.0,7659.17,272.0,overstock,NO,8785067.99
SKU01350,Future-proofed methodical methodology,Sports,WH-CHE,1523.0,21.0,14828.26,176.0,overstock,NO,22583439.98
SKU01351,Phased national adapter,Toys,WH-BLR,104.0,35.0,11399.03,261.0,healthy,NO,1185499.12
SKU01352,Universal high-level forecast,Grocery,WH-BLR,1865.0,97.0,1377.48,240.0,overstock,NO,2569000.2
SKU01353,Team-oriented fresh-thinking help-desk,Beauty,WH-CHE,191.0,68.0,11501.08,275.0,healthy,NO,2196706.28
SKU01354,Down-sized mission-critical model,Books,WH-HYD,0.0,15.0,3384.86,189.0,stockout,YES,0.0
SKU01355,Managed transitional core,Books,WH-HYD,1368.0,14.0,13061.59,215.0,overstock,NO,17868255.12
SKU01356,Optional exuding software,Beauty,WH-DEL,50.0,14.0,9711.14,234.0,overstock,NO,485557.0
SKU01357,Stand-alone object-oriented customer loyalty,Beauty,WH-MUM,1130.0,86.0,11861.33,274.0,overstock,NO,13403302.9
SKU01358,Extended demand-driven open architecture,Clothing,WH-MUM,1722.0,32.0,1665.0,323.0,overstock,NO,2867130.0
SKU01359,Team-oriented 4thgeneration encryption,Home & Kitchen,WH-DEL,99.0,88.0,6118.16,110.0,healthy,NO,605697.84
SKU01360,Self-enabling tangible service-desk,Books,WH-CHE,1926.0,65.0,10628.84,197.0,overstock,NO,20471145.84
SKU01361,Synchronized analyzing customer loyalty,Grocery,WH-DEL,378.0,95.0,8832.16,246.0,overstock,NO,3338556.48
SKU01362,Innovative disintermediate model,Grocery,WH-DEL,1932.0,81.0,7805.46,288.0,overstock,NO,15080148.72
SKU01363,Ameliorated motivating service-desk,Books,WH-HYD,580.0,76.0,7946.79,257.0,overstock,NO,4609138.2
SKU01364,Intuitive content-based hub,Toys,WH-HYD,885.0,41.0,11605.23,198.0,overstock,NO,10270628.55
SKU01365,Cross-platform actuating task-force,Home & Kitchen,WH-MUM,1113.0,48.0,11100.27,207.0,overstock,NO,12354600.51
SKU01366,Universal methodical benchmark,Clothing,WH-HYD,381.0,65.0,2824.63,141.0,overstock,NO,1076184.03
SKU01367,Robust global initiative,Grocery,WH-HYD,1490.0,49.0,4207.51,239.0,overstock,NO,6269189.9
SKU01368,Organized grid-enabled core,Electronics,WH-CHE,1327.0,34.0,3901.97,195.0,overstock,NO,5177914.19
SKU01369,Secured high-level installation,Grocery,WH-HYD,889.0,40.0,9009.1,234.0,overstock,NO,8009089.9
SKU01370,Compatible foreground hub,Beauty,WH-CHE,1398.0,70.0,7798.33,169.0,overstock,NO,10902065.34
SKU01371,Down-sized regional neural-net,Sports,WH-MUM,1160.0,49.0,4125.76,190.0,overstock,NO,4785881.6
SKU01372,De-engineered uniform methodology,Grocery,WH-BLR,626.0,59.0,9973.08,273.0,overstock,NO,6243148.08
SKU01373,Seamless multi-state function,Books,WH-CHE,1165.0,100.0,14742.23,172.0,overstock,NO,17174697.95
SKU01374,Phased attitude-oriented focus group,Books,WH-BLR,669.0,65.0,1423.18,235.0,overstock,NO,952107.42
SKU01375,Proactive neutral framework,Sports,WH-CHE,401.0,45.0,9821.24,218.0,overstock,NO,3938317.24
SKU01376,Implemented grid-enabled algorithm,Home & Kitchen,WH-CHE,1622.0,11.0,9417.75,172.0,overstock,NO,15275590.5
SKU01377,Business-focused systemic open architecture,Toys,WH-CHE,1956.0,59.0,4060.62,213.0,overstock,NO,7942572.72
SKU01378,Grass-roots tangible functionalities,Toys,WH-CHE,1654.0,18.0,10031.7,209.0,overstock,NO,16592431.8
SKU01379,Total content-based conglomeration,Home & Kitchen,WH-MUM,1180.0,41.0,12604.74,209.0,overstock,NO,14873593.2
SKU01380,Triple-buffered uniform array,Home & Kitchen,WH-HYD,1147.0,27.0,4031.03,171.0,overstock,NO,4623591.41
SKU01381,Persistent dedicated model,Electronics,WH-MUM,425.0,72.0,3437.02,272.0,overstock,NO,1460733.5
SKU01382,Object-based 3rdgeneration firmware,Sports,WH-DEL,792.0,36.0,845.84,152.0,overstock,NO,669905.28
SKU01383,Upgradable content-based data-warehouse,Toys,WH-CHE,616.0,51.0,7404.5,228.0,overstock,NO,4561172.0
SKU01384,Streamlined upward-trending software,Books,WH-BLR,543.0,51.0,819.29,205.0,overstock,NO,444874.47
SKU01385,Future-proofed zero-defect hardware,Toys,WH-BLR,1870.0,96.0,10312.97,180.0,overstock,NO,19285253.9
SKU01386,Integrated context-sensitive Internet solution,Toys,WH-BLR,1364.0,68.0,9793.31,194.0,overstock,NO,13358074.84
SKU01387,Seamless optimal core,Toys,WH-DEL,0.0,55.0,8446.26,209.0,stockout,YES,0.0
SKU01388,Devolved foreground productivity,Clothing,WH-HYD,269.0,91.0,12753.46,197.0,healthy,NO,3430680.74
SKU01389,Focused fresh-thinking success,Toys,WH-CHE,523.0,43.0,3954.02,174.0,overstock,NO,2067952.46
SKU01390,Digitized didactic synergy,Toys,WH-HYD,339.0,14.0,13736.55,273.0,overstock,NO,4656690.45
SKU01391,Reactive full-range leverage,Toys,WH-HYD,1970.0,55.0,1655.2,196.0,overstock,NO,3260744.0
SKU01392,Versatile secondary function,Sports,WH-DEL,363.0,17.0,12004.56,186.0,overstock,NO,4357655.28
SKU01393,Open-architected discrete Graphic Interface,Home & Kitchen,WH-CHE,1402.0,65.0,1362.31,270.0,overstock,NO,1909958.62
SKU01394,Operative tertiary policy,Sports,WH-BLR,204.0,27.0,6865.9,201.0,overstock,NO,1400643.6
SKU01395,Balanced clear-thinking strategy,Books,WH-CHE,1293.0,21.0,4920.67,114.0,overstock,NO,6362426.31
SKU01396,Visionary empowering concept,Beauty,WH-DEL,1346.0,53.0,10076.51,288.0,overstock,NO,13562982.46
SKU01397,User-centric directional matrices,Beauty,WH-MUM,482.0,50.0,9428.88,180.0,overstock,NO,4544720.16
SKU01398,Multi-channeled local alliance,Beauty,WH-BLR,179.0,34.0,792.45,189.0,overstock,NO,141848.55
SKU01399,Reduced analyzing benchmark,Home & Kitchen,WH-HYD,1025.0,64.0,10658.11,185.0,overstock,NO,10924562.75
SKU01400,Seamless systematic attitude,Books,WH-CHE,1003.0,98.0,2833.19,221.0,overstock,NO,2841689.57
SKU01401,Fundamental incremental paradigm,Sports,WH-CHE,418.0,22.0,1976.41,150.0,overstock,NO,826139.38
SKU01402,Upgradable non-volatile website,Toys,WH-CHE,1523.0,88.0,656.33,164.0,overstock,NO,999590.59
SKU01403,Universal non-volatile firmware,Grocery,WH-MUM,744.0,26.0,696.11,233.0,overstock,NO,517905.84
SKU01404,Future-proofed object-oriented core,Clothing,WH-HYD,715.0,93.0,7954.74,238.0,overstock,NO,5687639.1
SKU01405,Re-contextualized foreground architecture,Toys,WH-DEL,1225.0,52.0,5459.65,190.0,overstock,NO,6688071.25
SKU01406,Total high-level firmware,Grocery,WH-BLR,369.0,88.0,333.24,192.0,overstock,NO,122965.56
SKU01407,Pre-emptive didactic contingency,Toys,WH-BLR,231.0,37.0,1480.45,255.0,overstock,NO,341983.95
SKU01408,Organic cohesive capacity,Books,WH-DEL,1929.0,90.0,718.97,260.0,overstock,NO,1386893.13
SKU01409,Digitized logistical moderator,Grocery,WH-BLR,1519.0,25.0,10987.02,135.0,overstock,NO,16689283.38
SKU01410,Business-focused full-range interface,Electronics,WH-CHE,22.0,29.0,6450.2,179.0,below_reorder,YES,141904.4
SKU01411,Seamless mobile approach,Clothing,WH-HYD,1203.0,46.0,6051.73,208.0,overstock,NO,7280231.19
SKU01412,Secured fresh-thinking task-force,Books,WH-BLR,225.0,67.0,12355.44,222.0,overstock,NO,2779974.0
SKU01413,Self-enabling optimal toolset,Home & Kitchen,WH-DEL,503.0,88.0,703.72,223.0,overstock,NO,353971.16
SKU01414,Streamlined uniform function,Grocery,WH-DEL,1638.0,32.0,4265.96,219.0,overstock,NO,6987642.48
SKU01415,Optimized maximized Graphical User Interface,Toys,WH-DEL,815.0,32.0,6197.94,152.0,overstock,NO,5051321.1
SKU01416,Reverse-engineered responsive time-frame,Books,WH-HYD,1852.0,55.0,6055.51,253.0,overstock,NO,11214804.52
SKU01417,Programmable mission-critical hardware,Electronics,WH-BLR,298.0,68.0,6306.87,201.0,overstock,NO,1879447.26
SKU01418,Compatible encompassing productivity,Beauty,WH-HYD,862.0,27.0,5108.66,213.0,overstock,NO,4403664.92
SKU01419,Re-contextualized didactic algorithm,Books,WH-HYD,1826.0,17.0,6107.48,136.0,overstock,NO,11152258.48
SKU01420,Horizontal explicit moderator,Grocery,WH-DEL,0.0,10.0,10874.15,265.0,stockout,YES,0.0
SKU01421,Business-focused dynamic synergy,Toys,WH-HYD,85.0,84.0,8270.39,161.0,healthy,NO,702983.15
SKU01422,Future-proofed value-added hardware,Beauty,WH-DEL,155.0,32.0,6962.29,221.0,overstock,NO,1079154.95
SKU01423,Self-enabling modular open architecture,Clothing,WH-CHE,929.0,35.0,12748.41,198.0,overstock,NO,11843272.89
SKU01424,Total actuating budgetary management,Books,WH-MUM,1629.0,83.0,5506.38,176.0,overstock,NO,8969893.02
SKU01425,Virtual solution-oriented alliance,Books,WH-BLR,1771.0,44.0,299.64,171.0,overstock,NO,530662.44
SKU01426,Cloned bottom-line matrices,Sports,WH-BLR,1435.0,20.0,11024.44,159.0,overstock,NO,15820071.4
SKU01427,Multi-layered value-added database,Beauty,WH-HYD,114.0,84.0,7122.55,205.0,healthy,NO,811970.7
SKU01428,Operative well-modulated synergy,Books,WH-CHE,221.0,39.0,2221.94,192.0,overstock,NO,491048.74
SKU01429,Phased fresh-thinking ability,Home & Kitchen,WH-BLR,810.0,62.0,4107.57,230.0,overstock,NO,3327131.7
SKU01430,Multi-tiered local intranet,Beauty,WH-BLR,1401.0,24.0,9439.8,223.0,overstock,NO,13225159.8
SKU01431,Object-based bandwidth-monitored policy,Electronics,WH-BLR,70.0,18.0,2183.13,278.0,overstock,NO,152819.1
SKU01432,Cloned needs-based contingency,Clothing,WH-CHE,624.0,74.0,4878.76,208.0,overstock,NO,3044346.24
SKU01433,Pre-emptive logistical workforce,Beauty,WH-MUM,1242.0,34.0,1522.97,240.0,overstock,NO,1891528.74
SKU01434,Synergistic non-volatile collaboration,Toys,WH-MUM,1481.0,38.0,11631.61,238.0,overstock,NO,17226414.41
SKU01435,Advanced systemic protocol,Books,WH-BLR,13.0,71.0,11471.1,169.0,below_reorder,YES,149124.3
SKU01436,Multi-tiered 24hour extranet,Sports,WH-DEL,1434.0,10.0,2942.94,287.0,overstock,NO,4220175.96
SKU01437,Reverse-engineered local encryption,Sports,WH-BLR,1579.0,39.0,1836.79,211.0,overstock,NO,2900291.41
SKU01438,Multi-channeled modular algorithm,Grocery,WH-MUM,1324.0,22.0,543.42,219.0,overstock,NO,719488.08
SKU01439,Cross-platform dedicated product,Electronics,WH-BLR,1529.0,66.0,12435.39,194.0,overstock,NO,19013711.31
SKU01440,Monitored object-oriented hub,Clothing,WH-CHE,698.0,31.0,12292.78,262.0,overstock,NO,8580360.44
SKU01441,Profound coherent hardware,Books,WH-CHE,1885.0,70.0,12946.0,223.0,overstock,NO,24403210.0
SKU01442,Stand-alone reciprocal database,Grocery,WH-CHE,1734.0,57.0,9647.06,261.0,overstock,NO,16728002.04
SKU01443,Customer-focused explicit alliance,Clothing,WH-HYD,1239.0,57.0,6837.5,241.0,overstock,NO,8471662.5
SKU01444,Balanced regional projection,Beauty,WH-MUM,1010.0,98.0,9084.38,232.0,overstock,NO,9175223.8
SKU01445,Cross-group high-level core,Books,WH-DEL,1436.0,17.0,506.37,215.0,overstock,NO,727147.32
SKU01446,Implemented analyzing matrices,Beauty,WH-DEL,1207.0,58.0,13392.58,228.0,overstock,NO,16164844.06
SKU01447,Upgradable multi-state productivity,Books,WH-DEL,1332.0,72.0,3747.86,300.0,overstock,NO,4992149.52
SKU01448,Self-enabling full-range help-desk,Books,WH-BLR,769.0,92.0,14925.63,269.0,overstock,NO,11477809.47
SKU01449,User-centric disintermediate functionalities,Electronics,WH-BLR,1461.0,48.0,7811.03,257.0,overstock,NO,11411914.83
SKU01450,Balanced directional monitoring,Toys,WH-BLR,1469.0,55.0,5288.26,209.0,overstock,NO,7768453.94
SKU01451,Decentralized mobile success,Beauty,WH-BLR,1907.0,69.0,8585.46,162.0,overstock,NO,16372472.22
SKU01452,Optional web-enabled attitude,Grocery,WH-BLR,782.0,10.0,12794.75,262.0,overstock,NO,10005494.5
SKU01453,Adaptive tertiary protocol,Sports,WH-DEL,0.0,70.0,5909.77,240.0,stockout,YES,0.0
SKU01454,Open-source dedicated capacity,Beauty,WH-MUM,1336.0,67.0,6409.41,171.0,overstock,NO,8562971.76
SKU01455,Assimilated motivating standardization,Home & Kitchen,WH-MUM,1556.0,90.0,6189.52,155.0,overstock,NO,9630893.12
SKU01456,Quality-focused non-volatile strategy,Toys,WH-DEL,1677.0,25.0,11825.16,213.0,overstock,NO,19830793.32
SKU01457,Secured human-resource website,Toys,WH-DEL,1771.0,25.0,7712.36,222.0,overstock,NO,13658589.56
SKU01458,Assimilated impactful migration,Books,WH-CHE,6.0,93.0,6568.28,180.0,below_reorder,YES,39409.68
SKU01459,Intuitive modular function,Sports,WH-CHE,7.0,18.0,12672.54,147.0,below_reorder,YES,88707.78
SKU01460,Organized empowering interface,Grocery,WH-MUM,1786.0,27.0,781.93,259.0,overstock,NO,1396526.98
SKU01461,Intuitive interactive policy,Toys,WH-DEL,1080.0,54.0,10018.24,204.0,overstock,NO,10819699.2
SKU01462,Ergonomic eco-centric conglomeration,Grocery,WH-HYD,1005.0,16.0,7000.84,181.0,overstock,NO,7035844.2
SKU01463,Programmable neutral info-mediaries,Sports,WH-MUM,950.0,99.0,10081.82,236.0,overstock,NO,9577729.0
SKU01464,Reverse-engineered impactful application,Home & Kitchen,WH-DEL,205.0,82.0,13220.07,183.0,healthy,NO,2710114.35
SKU01465,Reverse-engineered discrete initiative,Toys,WH-CHE,1582.0,61.0,9729.82,207.0,overstock,NO,15392575.24
SKU01466,Innovative empowering array,Toys,WH-HYD,1005.0,35.0,471.16,187.0,overstock,NO,473515.8
SKU01467,Extended interactive standardization,Beauty,WH-HYD,741.0,99.0,14428.24,165.0,overstock,NO,10691325.84
SKU01468,Fully-configurable high-level strategy,Clothing,WH-MUM,1674.0,29.0,14857.81,177.0,overstock,NO,24871973.94
SKU01469,Optimized background budgetary management,Beauty,WH-DEL,1846.0,36.0,12986.54,200.0,overstock,NO,23973152.84
SKU01470,Multi-lateral clear-thinking hierarchy,Toys,WH-CHE,1899.0,94.0,3640.36,243.0,overstock,NO,6913043.64
SKU01471,Synergized multi-state pricing structure,Sports,WH-CHE,1602.0,32.0,10972.57,141.0,overstock,NO,17578057.14
SKU01472,Centralized didactic encryption,Electronics,WH-DEL,730.0,64.0,778.18,235.0,overstock,NO,568071.4
SKU01473,Advanced heuristic process improvement,Sports,WH-CHE,1479.0,63.0,13195.25,237.0,overstock,NO,19515774.75
SKU01474,Persevering value-added service-desk,Grocery,WH-DEL,1108.0,80.0,2877.59,272.0,overstock,NO,3188369.72
SKU01475,Total zero tolerance functionalities,Clothing,WH-BLR,1017.0,75.0,7376.46,174.0,overstock,NO,7501859.82
SKU01476,Progressive encompassing intranet,Sports,WH-MUM,1243.0,57.0,7511.94,238.0,overstock,NO,9337341.42
SKU01477,Polarized multi-state knowledge user,Beauty,WH-MUM,628.0,78.0,9836.35,288.0,overstock,NO,6177227.8
SKU01478,Expanded optimizing open system,Beauty,WH-CHE,1185.0,70.0,5830.1,156.0,overstock,NO,6908668.5
SKU01479,Robust multimedia support,Home & Kitchen,WH-DEL,1583.0,20.0,5292.49,178.0,overstock,NO,8378011.67
SKU01480,Cross-platform optimal archive,Books,WH-BLR,778.0,64.0,970.65,291.0,overstock,NO,755165.7
SKU01481,Compatible 24/7 productivity,Clothing,WH-HYD,1658.0,24.0,2273.12,258.0,overstock,NO,3768832.96
SKU01482,Persistent web-enabled flexibility,Clothing,WH-CHE,1970.0,83.0,8550.53,200.0,overstock,NO,16844544.1
SKU01483,Mandatory bifurcated adapter,Books,WH-DEL,1389.0,37.0,5574.94,191.0,overstock,NO,7743591.66
SKU01484,Optional methodical leverage,Clothing,WH-HYD,1136.0,81.0,3717.47,202.0,overstock,NO,4223045.92
SKU01485,Exclusive logistical task-force,Electronics,WH-CHE,805.0,26.0,4848.0,191.0,overstock,NO,3902640.0
SKU01486,Ameliorated cohesive functionalities,Grocery,WH-BLR,0.0,52.0,5639.97,196.0,stockout,YES,0.0
SKU01487,Assimilated impactful conglomeration,Toys,WH-MUM,109.0,86.0,10358.71,341.0,healthy,NO,1129099.39
SKU01488,Inverse hybrid encryption,Grocery,WH-DEL,1032.0,24.0,3841.04,229.0,overstock,NO,3963953.28
SKU01489,Digitized systematic alliance,Home & Kitchen,WH-CHE,1750.0,35.0,6078.3,134.0,overstock,NO,10637025.0
SKU01490,Versatile cohesive open architecture,Beauty,WH-CHE,472.0,31.0,1877.2,288.0,overstock,NO,886038.4
SKU01491,Optional context-sensitive ability,Home & Kitchen,WH-HYD,169.0,92.0,8706.19,195.0,healthy,NO,1471346.11
SKU01492,Business-focused eco-centric architecture,Toys,WH-DEL,1910.0,41.0,5067.92,162.0,overstock,NO,9679727.2
SKU01493,Optional zero tolerance protocol,Sports,WH-HYD,1661.0,57.0,10300.62,276.0,overstock,NO,17109329.82
SKU01494,Adaptive methodical knowledgebase,Electronics,WH-HYD,1977.0,98.0,4778.17,267.0,overstock,NO,9446442.09
SKU01495,Public-key 3rdgeneration knowledgebase,Grocery,WH-DEL,1152.0,68.0,11725.57,190.0,overstock,NO,13507856.64
SKU01496,Optional heuristic secured line,Books,WH-BLR,257.0,37.0,1158.75,161.0,overstock,NO,297798.75
SKU01497,Proactive 6thgeneration budgetary management,Beauty,WH-CHE,507.0,99.0,3135.62,158.0,overstock,NO,1589759.34
SKU01498,Reduced explicit Graphic Interface,Clothing,WH-BLR,1013.0,14.0,10364.52,199.0,overstock,NO,10499258.76
SKU01499,Synergized fault-tolerant conglomeration,Home & Kitchen,WH-MUM,940.0,16.0,13503.98,216.0,overstock,NO,12693741.2
SKU01500,Team-oriented methodical collaboration,Sports,WH-MUM,1501.0,58.0,7757.76,146.0,overstock,NO,11644397.76
SKU01501,Streamlined non-volatile Graphical User Interface,Beauty,WH-HYD,721.0,33.0,6788.07,157.0,overstock,NO,4894198.47
SKU01502,Team-oriented mobile paradigm,Sports,WH-DEL,1180.0,62.0,2996.33,155.0,overstock,NO,3535669.4
SKU01503,Cross-group clear-thinking support,Toys,WH-HYD,1619.0,10.0,13354.19,191.0,overstock,NO,21620433.61
SKU01504,Team-oriented hybrid algorithm,Beauty,WH-CHE,818.0,44.0,4901.47,205.0,overstock,NO,4009402.46
SKU01505,Cross-platform foreground intranet,Sports,WH-DEL,217.0,18.0,4027.04,187.0,overstock,NO,873867.68
SKU01506,Face-to-face intangible structure,Sports,WH-CHE,996.0,70.0,2231.31,208.0,overstock,NO,2222384.76
SKU01507,Pre-emptive multi-state frame,Books,WH-CHE,1723.0,29.0,5264.68,185.0,overstock,NO,9071043.64
SKU01508,Phased scalable challenge,Electronics,WH-DEL,1074.0,74.0,1646.72,243.0,overstock,NO,1768577.28
SKU01509,Seamless content-based product,Toys,WH-CHE,1921.0,92.0,9188.87,224.0,overstock,NO,17651819.27
SKU01510,Cross-group zero-defect infrastructure,Books,WH-CHE,1561.0,41.0,14392.81,195.0,overstock,NO,22467176.41
SKU01511,Public-key mission-critical instruction set,Grocery,WH-MUM,657.0,77.0,14568.4,216.0,overstock,NO,9571438.8
SKU01512,Team-oriented context-sensitive project,Clothing,WH-HYD,665.0,14.0,1556.14,250.0,overstock,NO,1034833.1
SKU01513,Versatile mobile portal,Sports,WH-DEL,810.0,92.0,6897.93,122.0,overstock,NO,5587323.3
SKU01514,Proactive contextually-based projection,Toys,WH-MUM,1910.0,59.0,4330.07,200.0,overstock,NO,8270433.7
SKU01515,Front-line encompassing structure,Sports,WH-BLR,684.0,46.0,12490.94,166.0,overstock,NO,8543802.96
SKU01516,Triple-buffered executive portal,Home & Kitchen,WH-DEL,364.0,39.0,98.54,245.0,overstock,NO,35868.56
SKU01517,Expanded hybrid archive,Sports,WH-MUM,1275.0,28.0,11906.05,244.0,overstock,NO,15180213.75
SKU01518,Reduced zero-defect circuit,Sports,WH-DEL,1713.0,66.0,109.29,294.0,overstock,NO,187213.77
SKU01519,Balanced disintermediate instruction set,Sports,WH-HYD,0.0,17.0,3474.65,218.0,stockout,YES,0.0
SKU01520,Optional hybrid superstructure,Beauty,WH-HYD,530.0,97.0,12506.34,218.0,overstock,NO,6628360.2
SKU01521,Synchronized bottom-line encryption,Electronics,WH-MUM,1630.0,83.0,6285.95,272.0,overstock,NO,10246098.5
SKU01522,Open-source scalable monitoring,Clothing,WH-BLR,1183.0,23.0,819.5,132.0,overstock,NO,969468.5
SKU01523,Seamless zero tolerance toolset,Books,WH-BLR,152.0,90.0,5092.59,180.0,healthy,NO,774073.68
SKU01524,Phased web-enabled database,Home & Kitchen,WH-MUM,349.0,47.0,56.8,219.0,overstock,NO,19823.2
SKU01525,Open-architected dedicated time-frame,Clothing,WH-DEL,817.0,59.0,7339.69,222.0,overstock,NO,5996526.73
SKU01526,Object-based holistic Graphic Interface,Electronics,WH-HYD,691.0,42.0,13586.42,156.0,overstock,NO,9388216.22
SKU01527,Business-focused national Graphic Interface,Beauty,WH-MUM,392.0,96.0,4083.7,225.0,overstock,NO,1600810.4
SKU01528,Reverse-engineered full-range secured line,Toys,WH-DEL,1496.0,27.0,5911.38,216.0,overstock,NO,8843424.48
SKU01529,Right-sized object-oriented framework,Beauty,WH-DEL,1223.0,52.0,14708.83,248.0,overstock,NO,17988899.09
SKU01530,Intuitive neutral superstructure,Beauty,WH-CHE,899.0,22.0,8301.28,233.0,overstock,NO,7462850.72
SKU01531,Balanced interactive throughput,Grocery,WH-DEL,1158.0,100.0,8254.62,156.0,overstock,NO,9558849.96
SKU01532,Multi-channeled system-worthy utilization,Home & Kitchen,WH-CHE,622.0,32.0,11078.98,191.0,overstock,NO,6891125.56
SKU01533,Managed bifurcated collaboration,Clothing,WH-DEL,1766.0,92.0,12225.88,273.0,overstock,NO,21590904.08
SKU01534,Seamless leadingedge function,Sports,WH-CHE,1193.0,44.0,2442.48,211.0,overstock,NO,2913878.64
SKU01535,Ameliorated 6thgeneration leverage,Clothing,WH-DEL,582.0,20.0,4388.39,198.0,overstock,NO,2554042.98
SKU01536,Cross-group logistical productivity,Beauty,WH-CHE,812.0,84.0,10415.84,150.0,overstock,NO,8457662.08
SKU01537,Devolved transitional project,Clothing,WH-HYD,344.0,51.0,4303.42,208.0,overstock,NO,1480376.48
SKU01538,Virtual full-range matrix,Electronics,WH-MUM,1697.0,100.0,13591.18,218.0,overstock,NO,23064232.46
SKU01539,Versatile maximized concept,Clothing,WH-DEL,1822.0,29.0,6780.86,142.0,overstock,NO,12354726.92
SKU01540,Synergistic clear-thinking open architecture,Sports,WH-CHE,892.0,74.0,10542.52,260.0,overstock,NO,9403927.84
SKU01541,Quality-focused responsive algorithm,Toys,WH-BLR,1278.0,79.0,6078.52,191.0,overstock,NO,7768348.56
SKU01542,Streamlined asymmetric challenge,Home & Kitchen,WH-CHE,1924.0,25.0,6977.1,217.0,overstock,NO,13423940.4
SKU01543,Up-sized client-server capacity,Toys,WH-BLR,1368.0,87.0,6883.08,231.0,overstock,NO,9416053.44
SKU01544,Customizable maximized structure,Toys,WH-CHE,559.0,25.0,4716.96,184.0,overstock,NO,2636780.64
SKU01545,Compatible multi-tasking contingency,Books,WH-DEL,1473.0,81.0,11948.66,151.0,overstock,NO,17600376.18
SKU01546,Universal logistical Internet solution,Electronics,WH-MUM,201.0,17.0,13391.83,134.0,overstock,NO,2691757.83
SKU01547,Grass-roots encompassing strategy,Beauty,WH-DEL,445.0,55.0,13245.9,190.0,overstock,NO,5894425.5
SKU01548,Progressive asynchronous Graphic Interface,Home & Kitchen,WH-BLR,482.0,33.0,13313.81,171.0,overstock,NO,6417256.42
SKU01549,Vision-oriented mission-critical secured line,Sports,WH-DEL,1992.0,26.0,14014.59,295.0,overstock,NO,27917063.28
SKU01550,Team-oriented background complexity,Sports,WH-HYD,1930.0,71.0,5948.31,293.0,overstock,NO,11480238.3
SKU01551,Fully-configurable secondary superstructure,Books,WH-DEL,323.0,27.0,14986.13,255.0,overstock,NO,4840519.99
SKU01552,Grass-roots local circuit,Books,WH-BLR,0.0,30.0,14062.54,213.0,stockout,YES,0.0
SKU01553,Balanced regional moratorium,Toys,WH-HYD,80.0,70.0,6643.12,177.0,healthy,NO,531449.6
SKU01554,Re-engineered intangible frame,Electronics,WH-CHE,275.0,35.0,4698.5,221.0,overstock,NO,1292087.5
SKU01555,Vision-oriented scalable synergy,Grocery,WH-HYD,1863.0,100.0,9614.89,206.0,overstock,NO,17912540.07
SKU01556,Devolved explicit matrices,Grocery,WH-CHE,1989.0,99.0,4570.64,182.0,overstock,NO,9091002.96
SKU01557,Networked high-level hardware,Grocery,WH-DEL,153.0,67.0,12955.71,259.0,healthy,NO,1982223.63
SKU01558,Innovative bandwidth-monitored contingency,Beauty,WH-DEL,598.0,12.0,2718.25,199.0,overstock,NO,1625513.5
SKU01559,Innovative user-facing circuit,Books,WH-BLR,1807.0,19.0,10499.42,160.0,overstock,NO,18972451.94
SKU01560,Right-sized composite throughput,Grocery,WH-BLR,296.0,69.0,14499.61,218.0,overstock,NO,4291884.56
SKU01561,Profound bi-directional product,Beauty,WH-BLR,885.0,47.0,4183.81,191.0,overstock,NO,3702671.85
SKU01562,Seamless foreground capability,Toys,WH-CHE,1364.0,85.0,11186.87,285.0,overstock,NO,15258890.68
SKU01563,Persistent mission-critical complexity,Home & Kitchen,WH-HYD,1728.0,100.0,7306.67,242.0,overstock,NO,12625925.76
SKU01564,Cross-group multi-state structure,Beauty,WH-CHE,449.0,94.0,10504.77,279.0,overstock,NO,4716641.73
SKU01565,Balanced foreground website,Home & Kitchen,WH-CHE,1047.0,34.0,11935.78,162.0,overstock,NO,12496761.66
SKU01566,Organic modular help-desk,Books,WH-MUM,1283.0,68.0,14555.18,153.0,overstock,NO,18674295.94
SKU01567,Networked full-range open system,Toys,WH-DEL,979.0,45.0,7763.79,239.0,overstock,NO,7600750.41
SKU01568,Decentralized next generation budgetary management,Books,WH-HYD,1872.0,93.0,5316.61,182.0,overstock,NO,9952693.92
SKU01569,Innovative encompassing moderator,Clothing,WH-BLR,1233.0,84.0,7839.91,176.0,overstock,NO,9666609.03
SKU01570,Right-sized client-driven knowledgebase,Clothing,WH-HYD,1485.0,97.0,12318.25,191.0,overstock,NO,18292601.25
SKU01571,Monitored neutral Graphic Interface,Home & Kitchen,WH-MUM,1332.0,50.0,10133.21,189.0,overstock,NO,13497435.72
SKU01572,Up-sized intangible function,Sports,WH-DEL,1474.0,54.0,10621.28,250.0,overstock,NO,15655766.72
SKU01573,Decentralized empowering orchestration,Grocery,WH-DEL,1342.0,73.0,14751.91,218.0,overstock,NO,19797063.22
SKU01574,Networked global data-warehouse,Beauty,WH-CHE,1143.0,48.0,141.64,255.0,overstock,NO,161894.52
SKU01575,Grass-roots systemic interface,Sports,WH-CHE,1248.0,61.0,9896.41,244.0,overstock,NO,12350719.68
SKU01576,Future-proofed logistical protocol,Beauty,WH-HYD,1033.0,100.0,6868.23,212.0,overstock,NO,7094881.59
SKU01577,Triple-buffered discrete complexity,Home & Kitchen,WH-CHE,486.0,11.0,11542.02,211.0,overstock,NO,5609421.72
SKU01578,Synergistic next generation standardization,Beauty,WH-BLR,1599.0,80.0,1140.74,178.0,overstock,NO,1824043.26
SKU01579,Fully-configurable multi-tasking definition,Beauty,WH-MUM,350.0,57.0,4204.66,213.0,overstock,NO,1471631.0
SKU01580,Streamlined multi-state database,Beauty,WH-MUM,401.0,100.0,5082.87,262.0,overstock,NO,2038230.87
SKU01581,Expanded secondary groupware,Beauty,WH-BLR,718.0,22.0,9204.39,213.0,overstock,NO,6608752.02
SKU01582,Progressive motivating firmware,Toys,WH-BLR,1410.0,24.0,3162.13,222.0,overstock,NO,4458603.3
SKU01583,Optimized dynamic orchestration,Electronics,WH-BLR,1019.0,53.0,8969.92,153.0,overstock,NO,9140348.48
SKU01584,Compatible optimizing encoding,Books,WH-HYD,1652.0,39.0,14661.04,247.0,overstock,NO,24220038.08
SKU01585,Integrated high-level moderator,Beauty,WH-BLR,0.0,13.0,11025.31,222.0,stockout,YES,0.0
SKU01586,Networked dedicated focus group,Clothing,WH-MUM,1017.0,28.0,7393.98,273.0,overstock,NO,7519677.66
SKU01587,Robust optimizing focus group,Sports,WH-HYD,1773.0,74.0,2057.91,265.0,overstock,NO,3648674.43
SKU01588,Synergized analyzing database,Electronics,WH-MUM,406.0,37.0,14896.05,195.0,overstock,NO,6047796.3
SKU01589,Grass-roots local complexity,Clothing,WH-HYD,164.0,18.0,2141.92,247.0,overstock,NO,351274.88
SKU01590,Open-architected solution-oriented alliance,Books,WH-BLR,1762.0,96.0,5331.91,167.0,overstock,NO,9394825.42
SKU01591,Phased system-worthy website,Beauty,WH-DEL,1954.0,19.0,13166.02,174.0,overstock,NO,25726403.08
SKU01592,Devolved 24hour framework,Grocery,WH-CHE,1941.0,64.0,11250.61,191.0,overstock,NO,21837434.01
SKU01593,Synergistic hybrid contingency,Grocery,WH-DEL,445.0,21.0,13372.66,194.0,overstock,NO,5950833.7
SKU01594,Enhanced attitude-oriented matrices,Books,WH-DEL,215.0,78.0,3617.15,206.0,healthy,NO,777687.25
SKU01595,Face-to-face encompassing leverage,Toys,WH-DEL,493.0,65.0,2471.51,232.0,overstock,NO,1218454.43
SKU01596,Configurable context-sensitive structure,Sports,WH-DEL,53.0,40.0,10116.32,256.0,healthy,NO,536164.96
SKU01597,Sharable responsive matrix,Clothing,WH-MUM,38.0,100.0,7666.0,313.0,below_reorder,YES,291308.0
SKU01598,Compatible asynchronous strategy,Sports,WH-DEL,762.0,96.0,8229.77,195.0,overstock,NO,6271084.74
SKU01599,Innovative high-level analyzer,Electronics,WH-MUM,1025.0,48.0,1978.39,210.0,overstock,NO,2027849.75
SKU01600,Centralized global leverage,Sports,WH-HYD,178.0,15.0,404.85,156.0,overstock,NO,72063.3
SKU01601,Vision-oriented secondary structure,Sports,WH-HYD,128.0,91.0,14589.1,198.0,healthy,NO,1867404.8
SKU01602,Diverse tangible knowledge user,Grocery,WH-MUM,1313.0,33.0,8017.73,190.0,overstock,NO,10527279.49
SKU01603,User-friendly 5thgeneration policy,Sports,WH-HYD,1175.0,11.0,8539.69,250.0,overstock,NO,10034135.75
SKU01604,Vision-oriented regional extranet,Home & Kitchen,WH-MUM,573.0,92.0,14441.55,279.0,overstock,NO,8275008.15
SKU01605,Down-sized eco-centric superstructure,Grocery,WH-MUM,1483.0,49.0,3874.4,223.0,overstock,NO,5745735.2
SKU01606,Assimilated dedicated paradigm,Home & Kitchen,WH-BLR,842.0,18.0,1611.88,209.0,overstock,NO,1357202.96
SKU01607,Visionary methodical service-desk,Electronics,WH-DEL,809.0,18.0,4448.72,225.0,overstock,NO,3599014.48
SKU01608,Pre-emptive high-level collaboration,Sports,WH-MUM,249.0,53.0,1702.35,261.0,overstock,NO,423885.15
SKU01609,Inverse explicit database,Beauty,WH-CHE,932.0,48.0,14402.64,225.0,overstock,NO,13423260.48
SKU01610,Focused composite groupware,Electronics,WH-MUM,1556.0,97.0,10825.24,182.0,overstock,NO,16844073.44
SKU01611,Managed eco-centric Graphical User Interface,Books,WH-HYD,731.0,98.0,8972.1,199.0,overstock,NO,6558605.1
SKU01612,Organized multi-tasking emulation,Home & Kitchen,WH-HYD,1001.0,19.0,9871.2,292.0,overstock,NO,9881071.2
SKU01613,Organic motivating artificial intelligence,Grocery,WH-HYD,1855.0,72.0,10743.95,145.0,overstock,NO,19930027.25
SKU01614,Visionary coherent project,Grocery,WH-BLR,1879.0,18.0,11046.47,192.0,overstock,NO,20756317.13
SKU01615,Decentralized 24/7 policy,Grocery,WH-MUM,156.0,37.0,6997.55,216.0,overstock,NO,1091617.8
SKU01616,Team-oriented multi-tasking moderator,Clothing,WH-MUM,1175.0,88.0,8018.81,203.0,overstock,NO,9422101.75
SKU01617,Organized explicit framework,Home & Kitchen,WH-HYD,1037.0,38.0,673.71,248.0,overstock,NO,698637.27
SKU01618,Adaptive web-enabled architecture,Sports,WH-BLR,0.0,50.0,5450.63,193.0,stockout,YES,0.0
SKU01619,Focused global attitude,Toys,WH-DEL,1655.0,92.0,13944.42,220.0,overstock,NO,23078015.1
SKU01620,Polarized optimal neural-net,Books,WH-CHE,1102.0,97.0,4244.21,152.0,overstock,NO,4677119.42
SKU01621,Versatile methodical support,Grocery,WH-HYD,1185.0,49.0,14429.51,199.0,overstock,NO,17098969.35
SKU01622,Synchronized regional pricing structure,Books,WH-DEL,1628.0,54.0,9414.36,175.0,overstock,NO,15326578.08
SKU01623,Organized upward-trending encoding,Beauty,WH-MUM,1269.0,82.0,7674.48,168.0,overstock,NO,9738915.12
SKU01624,Optional exuding superstructure,Beauty,WH-MUM,801.0,14.0,3614.47,222.0,overstock,NO,2895190.47
SKU01625,Multi-channeled grid-enabled access,Sports,WH-MUM,1230.0,40.0,12417.22,181.0,overstock,NO,15273180.6
SKU01626,Future-proofed 24/7 array,Home & Kitchen,WH-CHE,1380.0,50.0,6748.47,187.0,overstock,NO,9312888.6
SKU01627,Function-based intermediate hardware,Electronics,WH-CHE,466.0,50.0,14150.17,207.0,overstock,NO,6593979.22
SKU01628,Re-contextualized optimal productivity,Grocery,WH-HYD,111.0,91.0,176.08,258.0,healthy,NO,19544.88
SKU01629,Public-key systemic knowledgebase,Beauty,WH-BLR,1144.0,33.0,2998.44,181.0,overstock,NO,3430215.36
SKU01630,Switchable empowering installation,Beauty,WH-BLR,1328.0,53.0,5417.67,159.0,overstock,NO,7194665.76
SKU01631,Function-based systemic interface,Beauty,WH-DEL,1918.0,67.0,4041.35,190.0,overstock,NO,7751309.3
SKU01632,Profit-focused intermediate Graphical User Interfa,Toys,WH-CHE,1430.0,77.0,6867.69,188.0,overstock,NO,9820796.7
SKU01633,Distributed composite artificial intelligence,Home & Kitchen,WH-MUM,1838.0,23.0,9682.95,272.0,overstock,NO,17797262.1
SKU01634,Intuitive methodical productivity,Electronics,WH-DEL,286.0,45.0,6860.2,197.0,overstock,NO,1962017.2
SKU01635,Robust 5thgeneration projection,Sports,WH-DEL,1986.0,25.0,7442.62,249.0,overstock,NO,14781043.32
SKU01636,Advanced systemic ability,Sports,WH-HYD,1409.0,56.0,6067.86,202.0,overstock,NO,8549614.74
SKU01637,Cross-group leadingedge database,Electronics,WH-DEL,572.0,12.0,13392.95,247.0,overstock,NO,7660767.4
SKU01638,Cross-group dedicated archive,Toys,WH-CHE,167.0,63.0,6162.38,235.0,healthy,NO,1029117.46
SKU01639,Diverse transitional knowledgebase,Sports,WH-MUM,887.0,47.0,2276.58,191.0,overstock,NO,2019326.46
SKU01640,Customizable 24/7 initiative,Grocery,WH-CHE,529.0,80.0,936.45,208.0,overstock,NO,495382.05
SKU01641,Decentralized modular contingency,Grocery,WH-DEL,1649.0,25.0,1278.36,136.0,overstock,NO,2108015.64
SKU01642,Configurable well-modulated array,Grocery,WH-MUM,28.0,41.0,7019.71,189.0,below_reorder,YES,196551.88
SKU01643,Reduced systemic firmware,Beauty,WH-BLR,96.0,94.0,6975.5,174.0,healthy,NO,669648.0
SKU01644,Distributed attitude-oriented array,Books,WH-HYD,59.0,41.0,11798.16,276.0,healthy,NO,696091.44
SKU01645,Synergistic background standardization,Sports,WH-HYD,1350.0,77.0,12609.61,202.0,overstock,NO,17022973.5
SKU01646,Pre-emptive tertiary attitude,Grocery,WH-CHE,525.0,96.0,9876.16,246.0,overstock,NO,5184984.0
SKU01647,Innovative intangible open system,Books,WH-BLR,116.0,39.0,9604.35,190.0,healthy,NO,1114104.6
SKU01648,Triple-buffered system-worthy task-force,Clothing,WH-CHE,905.0,86.0,12051.85,222.0,overstock,NO,10906924.25
SKU01649,Up-sized human-resource instruction set,Home & Kitchen,WH-CHE,1723.0,30.0,3953.77,225.0,overstock,NO,6812345.71
SKU01650,Open-architected grid-enabled solution,Grocery,WH-CHE,1751.0,25.0,383.85,197.0,overstock,NO,672121.35
SKU01651,Upgradable multi-state throughput,Books,WH-HYD,0.0,46.0,934.86,221.0,stockout,YES,0.0
SKU01652,Future-proofed 3rdgeneration policy,Home & Kitchen,WH-BLR,1667.0,55.0,3749.54,176.0,overstock,NO,6250483.18
SKU01653,Digitized incremental initiative,Beauty,WH-DEL,1612.0,31.0,1498.62,218.0,overstock,NO,2415775.44
SKU01654,Pre-emptive demand-driven budgetary management,Beauty,WH-HYD,1838.0,17.0,8940.43,280.0,overstock,NO,16432510.34
SKU01655,Enterprise-wide radical project,Books,WH-HYD,1850.0,44.0,4104.85,150.0,overstock,NO,7593972.5
SKU01656,Proactive reciprocal complexity,Home & Kitchen,WH-HYD,780.0,47.0,5343.79,172.0,overstock,NO,4168156.2
SKU01657,Pre-emptive multi-tasking help-desk,Beauty,WH-BLR,282.0,21.0,3189.27,210.0,overstock,NO,899374.14
SKU01658,Enterprise-wide value-added benchmark,Home & Kitchen,WH-BLR,149.0,43.0,3122.3,206.0,overstock,NO,465222.7
SKU01659,Extended client-driven circuit,Clothing,WH-DEL,1712.0,91.0,1747.46,222.0,overstock,NO,2991651.52
SKU01660,Customer-focused system-worthy encryption,Electronics,WH-DEL,1001.0,41.0,5718.75,238.0,overstock,NO,5724468.75
SKU01661,Universal holistic archive,Books,WH-BLR,67.0,26.0,838.73,241.0,healthy,NO,56194.91
SKU01662,Diverse explicit contingency,Clothing,WH-BLR,633.0,30.0,14667.67,205.0,overstock,NO,9284635.11
SKU01663,Operative client-driven complexity,Toys,WH-MUM,896.0,56.0,11773.43,149.0,overstock,NO,10548993.28
SKU01664,Persevering modular archive,Sports,WH-HYD,647.0,25.0,10063.13,165.0,overstock,NO,6510845.11
SKU01665,Horizontal contextually-based superstructure,Toys,WH-BLR,1403.0,95.0,1674.58,222.0,overstock,NO,2349435.74
SKU01666,Business-focused scalable definition,Sports,WH-HYD,290.0,99.0,4088.51,181.0,healthy,NO,1185667.9
SKU01667,Phased coherent hardware,Sports,WH-BLR,674.0,36.0,12772.73,184.0,overstock,NO,8608820.02
SKU01668,Distributed regional strategy,Beauty,WH-HYD,315.0,77.0,8052.96,245.0,overstock,NO,2536682.4
SKU01669,Progressive reciprocal archive,Beauty,WH-BLR,218.0,88.0,947.39,191.0,healthy,NO,206531.02
SKU01670,Diverse dynamic support,Sports,WH-MUM,374.0,27.0,14513.93,180.0,overstock,NO,5428209.82
SKU01671,Visionary leadingedge paradigm,Beauty,WH-MUM,1214.0,54.0,8349.65,194.0,overstock,NO,10136475.1
SKU01672,Multi-tiered secondary initiative,Electronics,WH-BLR,1943.0,92.0,10420.28,198.0,overstock,NO,20246604.04
SKU01673,Adaptive exuding superstructure,Electronics,WH-HYD,1896.0,50.0,5074.15,171.0,overstock,NO,9620588.4
SKU01674,Phased eco-centric standardization,Grocery,WH-DEL,1041.0,84.0,10755.27,199.0,overstock,NO,11196236.07
SKU01675,Realigned fault-tolerant utilization,Grocery,WH-BLR,738.0,47.0,12134.01,254.0,overstock,NO,8954899.38
SKU01676,Upgradable web-enabled matrix,Beauty,WH-HYD,1441.0,73.0,2753.47,209.0,overstock,NO,3967750.27
SKU01677,Adaptive leadingedge complexity,Grocery,WH-BLR,1594.0,82.0,3834.02,225.0,overstock,NO,6111427.88
SKU01678,Up-sized zero-defect access,Sports,WH-DEL,502.0,49.0,11925.14,211.0,overstock,NO,5986420.28
SKU01679,Persevering responsive Graphical User Interface,Sports,WH-HYD,99.0,11.0,12110.65,222.0,overstock,NO,1198954.35
SKU01680,Innovative homogeneous Internet solution,Home & Kitchen,WH-HYD,1118.0,26.0,5883.11,251.0,overstock,NO,6577316.98
SKU01681,Stand-alone 3rdgeneration capacity,Beauty,WH-MUM,1643.0,73.0,12103.1,142.0,overstock,NO,19885393.3
SKU01682,Future-proofed mobile attitude,Books,WH-CHE,1670.0,55.0,11788.1,191.0,overstock,NO,19686127.0
SKU01683,Total fault-tolerant synergy,Sports,WH-DEL,777.0,84.0,9815.71,187.0,overstock,NO,7626806.67
SKU01684,Decentralized tangible functionalities,Home & Kitchen,WH-BLR,0.0,13.0,1863.19,133.0,stockout,YES,0.0
SKU01685,Monitored modular collaboration,Home & Kitchen,WH-BLR,518.0,35.0,12902.64,174.0,overstock,NO,6683567.52
SKU01686,Integrated web-enabled installation,Toys,WH-HYD,1547.0,17.0,700.68,203.0,overstock,NO,1083951.96
SKU01687,Automated high-level secured line,Books,WH-BLR,1294.0,69.0,2162.96,182.0,overstock,NO,2798870.24
SKU01688,Diverse static strategy,Grocery,WH-MUM,813.0,56.0,8476.81,190.0,overstock,NO,6891646.53
SKU01689,Public-key multi-state methodology,Grocery,WH-HYD,254.0,17.0,4484.9,188.0,overstock,NO,1139164.6
SKU01690,Fully-configurable incremental policy,Home & Kitchen,WH-MUM,1329.0,97.0,5607.41,240.0,overstock,NO,7452247.89
SKU01691,Digitized optimal matrices,Sports,WH-CHE,1299.0,75.0,3735.55,184.0,overstock,NO,4852479.45
SKU01692,Centralized fault-tolerant Internet solution,Sports,WH-MUM,1920.0,68.0,14218.64,277.0,overstock,NO,27299788.8
SKU01693,Face-to-face global pricing structure,Beauty,WH-MUM,1893.0,64.0,2371.65,259.0,overstock,NO,4489533.45
SKU01694,Quality-focused analyzing monitoring,Grocery,WH-CHE,541.0,63.0,8893.38,184.0,overstock,NO,4811318.58
SKU01695,Synergistic optimal frame,Beauty,WH-CHE,627.0,99.0,13900.52,202.0,overstock,NO,8715626.04
SKU01696,Secured intermediate algorithm,Beauty,WH-CHE,1501.0,24.0,12648.72,213.0,overstock,NO,18985728.72
SKU01697,Customer-focused secondary service-desk,Grocery,WH-DEL,1486.0,73.0,10890.79,185.0,overstock,NO,16183713.94
SKU01698,Progressive modular encryption,Home & Kitchen,WH-CHE,218.0,39.0,6619.76,179.0,overstock,NO,1443107.68
SKU01699,Robust scalable project,Home & Kitchen,WH-DEL,573.0,30.0,13980.04,181.0,overstock,NO,8010562.92
SKU01700,Business-focused multimedia productivity,Books,WH-MUM,1363.0,70.0,5942.37,210.0,overstock,NO,8099450.31
SKU01701,Enterprise-wide 6thgeneration hierarchy,Clothing,WH-BLR,1880.0,100.0,6951.96,133.0,overstock,NO,13069684.8
SKU01702,Realigned disintermediate flexibility,Sports,WH-HYD,569.0,53.0,14678.49,197.0,overstock,NO,8352060.81
SKU01703,User-friendly reciprocal archive,Clothing,WH-HYD,1131.0,39.0,1257.49,249.0,overstock,NO,1422221.19
SKU01704,Enterprise-wide reciprocal toolset,Clothing,WH-DEL,1975.0,54.0,14357.18,192.0,overstock,NO,28355430.5
SKU01705,Monitored zero tolerance policy,Home & Kitchen,WH-MUM,1647.0,78.0,10624.87,229.0,overstock,NO,17499160.89
SKU01706,Reverse-engineered eco-centric database,Home & Kitchen,WH-BLR,1587.0,96.0,616.02,249.0,overstock,NO,977623.74
SKU01707,Object-based didactic alliance,Beauty,WH-CHE,347.0,27.0,8835.55,208.0,overstock,NO,3065935.85
SKU01708,Adaptive bifurcated model,Toys,WH-BLR,1627.0,33.0,7381.0,221.0,overstock,NO,12008887.0
SKU01709,Streamlined tangible workforce,Books,WH-MUM,542.0,39.0,4809.27,301.0,overstock,NO,2606624.34
SKU01710,Grass-roots 6thgeneration customer loyalty,Grocery,WH-MUM,1612.0,66.0,2943.22,240.0,overstock,NO,4744470.64
SKU01711,Focused object-oriented customer loyalty,Books,WH-CHE,1576.0,33.0,9138.27,199.0,overstock,NO,14401913.52
SKU01712,Robust analyzing adapter,Beauty,WH-MUM,24.0,58.0,1839.42,184.0,below_reorder,YES,44146.08
SKU01713,Stand-alone bottom-line task-force,Grocery,WH-DEL,338.0,42.0,6643.29,150.0,overstock,NO,2245432.02
SKU01714,Focused well-modulated data-warehouse,Sports,WH-CHE,1427.0,59.0,14308.7,246.0,overstock,NO,20418514.9
SKU01715,Multi-tiered needs-based knowledge user,Toys,WH-BLR,1897.0,37.0,14570.2,240.0,overstock,NO,27639669.4
SKU01716,Ameliorated zero-defect infrastructure,Clothing,WH-HYD,730.0,41.0,5449.82,272.0,overstock,NO,3978368.6
SKU01717,Centralized interactive application,Electronics,WH-CHE,0.0,82.0,5373.64,161.0,stockout,YES,0.0
SKU01718,Persistent optimal superstructure,Books,WH-MUM,928.0,13.0,1029.13,135.0,overstock,NO,955032.64
SKU01719,Stand-alone modular methodology,Beauty,WH-MUM,1275.0,39.0,823.51,219.0,overstock,NO,1049975.25
SKU01720,Phased intangible superstructure,Grocery,WH-MUM,1852.0,23.0,12757.37,207.0,overstock,NO,23626649.24
SKU01721,Triple-buffered heuristic migration,Grocery,WH-BLR,1820.0,20.0,14834.12,194.0,overstock,NO,26998098.4
SKU01722,Decentralized 6thgeneration monitoring,Beauty,WH-MUM,1571.0,97.0,822.49,226.0,overstock,NO,1292131.79
SKU01723,Quality-focused empowering support,Beauty,WH-DEL,1698.0,77.0,9117.73,164.0,overstock,NO,15481905.54
SKU01724,Monitored dedicated matrix,Toys,WH-DEL,37.0,87.0,8184.45,124.0,below_reorder,YES,302824.65
SKU01725,Reduced bandwidth-monitored migration,Grocery,WH-CHE,56.0,93.0,2303.61,237.0,below_reorder,YES,129002.16
SKU01726,Centralized next generation initiative,Grocery,WH-DEL,320.0,76.0,1326.6,124.0,overstock,NO,424512.0
SKU01727,User-friendly local extranet,Sports,WH-CHE,502.0,92.0,5240.19,175.0,overstock,NO,2630575.38
SKU01728,Visionary heuristic core,Toys,WH-MUM,269.0,36.0,11597.76,270.0,overstock,NO,3119797.44
SKU01729,Automated systematic hardware,Beauty,WH-CHE,1857.0,76.0,12169.83,154.0,overstock,NO,22599374.31
SKU01730,Networked analyzing hardware,Beauty,WH-HYD,738.0,89.0,1769.07,279.0,overstock,NO,1305573.66
SKU01731,Triple-buffered 24hour ability,Books,WH-CHE,28.0,77.0,2551.88,181.0,below_reorder,YES,71452.64
SKU01732,Multi-lateral context-sensitive flexibility,Electronics,WH-DEL,1768.0,87.0,11925.77,199.0,overstock,NO,21084761.36
SKU01733,Front-line global matrix,Clothing,WH-MUM,24.0,45.0,6999.61,350.0,below_reorder,YES,167990.64
SKU01734,Implemented 5thgeneration workforce,Books,WH-HYD,96.0,75.0,13994.69,216.0,healthy,NO,1343490.24
SKU01735,Fully-configurable directional framework,Toys,WH-CHE,715.0,99.0,7429.69,203.0,overstock,NO,5312228.35
SKU01736,Open-architected multi-state parallelism,Beauty,WH-BLR,1108.0,10.0,5143.09,181.0,overstock,NO,5698543.72
SKU01737,Horizontal heuristic contingency,Beauty,WH-BLR,198.0,52.0,8646.85,196.0,overstock,NO,1712076.3
SKU01738,Organic grid-enabled process improvement,Sports,WH-HYD,1861.0,32.0,9298.26,176.0,overstock,NO,17304061.86
SKU01739,Enhanced methodical Internet solution,Toys,WH-HYD,596.0,26.0,6213.91,194.0,overstock,NO,3703490.36
SKU01740,Polarized coherent archive,Home & Kitchen,WH-BLR,1956.0,23.0,7550.49,219.0,overstock,NO,14768758.44
SKU01741,Integrated impactful protocol,Clothing,WH-MUM,1412.0,15.0,4356.09,245.0,overstock,NO,6150799.08
SKU01742,Enhanced executive support,Books,WH-BLR,553.0,15.0,9786.95,231.0,overstock,NO,5412183.35
SKU01743,Upgradable 24/7 superstructure,Toys,WH-HYD,997.0,43.0,2236.24,258.0,overstock,NO,2229531.28
SKU01744,Advanced impactful time-frame,Sports,WH-CHE,412.0,46.0,9091.37,235.0,overstock,NO,3745644.44
SKU01745,Proactive system-worthy access,Toys,WH-HYD,1887.0,67.0,11772.47,202.0,overstock,NO,22214650.89
SKU01746,Decentralized bi-directional system engine,Electronics,WH-CHE,1831.0,96.0,6652.22,208.0,overstock,NO,12180214.82
SKU01747,Programmable hybrid frame,Beauty,WH-BLR,914.0,89.0,8016.83,246.0,overstock,NO,7327382.62
SKU01748,Universal fault-tolerant software,Clothing,WH-HYD,1322.0,68.0,866.29,248.0,overstock,NO,1145235.38
SKU01749,Polarized demand-driven application,Home & Kitchen,WH-DEL,593.0,74.0,14676.14,215.0,overstock,NO,8702951.02
SKU01750,Organized didactic framework,Books,WH-CHE,0.0,88.0,9814.13,201.0,stockout,YES,0.0
SKU01751,Ameliorated mobile analyzer,Books,WH-DEL,107.0,30.0,6844.99,192.0,overstock,NO,732413.93
SKU01752,Ameliorated interactive definition,Books,WH-HYD,224.0,44.0,13188.28,203.0,overstock,NO,2954174.72
SKU01753,De-engineered logistical hierarchy,Home & Kitchen,WH-MUM,529.0,66.0,13898.22,152.0,overstock,NO,7352158.38
SKU01754,Seamless coherent encryption,Electronics,WH-BLR,5.0,15.0,4092.59,275.0,below_reorder,YES,20462.95
SKU01755,Synchronized encompassing superstructure,Books,WH-CHE,139.0,67.0,5865.23,255.0,healthy,NO,815266.97
SKU01756,Open-source multimedia strategy,Toys,WH-HYD,365.0,99.0,11806.2,200.0,overstock,NO,4309263.0
SKU01757,Total national customer loyalty,Home & Kitchen,WH-MUM,1707.0,95.0,11364.93,185.0,overstock,NO,19399935.51
SKU01758,Distributed homogeneous open system,Grocery,WH-BLR,1974.0,73.0,14294.8,182.0,overstock,NO,28217935.2
SKU01759,Innovative systemic architecture,Home & Kitchen,WH-HYD,1824.0,33.0,5494.88,251.0,overstock,NO,10022661.12
SKU01760,Enhanced systematic secured line,Home & Kitchen,WH-DEL,9.0,80.0,12796.89,191.0,below_reorder,YES,115172.01
SKU01761,Multi-channeled eco-centric concept,Grocery,WH-CHE,1766.0,54.0,9912.99,261.0,overstock,NO,17506340.34
SKU01762,Profit-focused bi-directional system engine,Clothing,WH-BLR,290.0,33.0,5542.78,215.0,overstock,NO,1607406.2
SKU01763,Enterprise-wide foreground knowledge user,Toys,WH-CHE,14.0,79.0,5740.83,200.0,below_reorder,YES,80371.62
SKU01764,Reactive regional open system,Beauty,WH-CHE,1661.0,37.0,13757.26,235.0,overstock,NO,22850808.86
SKU01765,Universal clear-thinking access,Electronics,WH-DEL,420.0,35.0,10481.86,205.0,overstock,NO,4402381.2
SKU01766,Devolved content-based archive,Clothing,WH-MUM,1997.0,91.0,12326.25,320.0,overstock,NO,24615521.25
SKU01767,Front-line intermediate throughput,Beauty,WH-CHE,256.0,75.0,9830.83,209.0,overstock,NO,2516692.48
SKU01768,Reverse-engineered non-volatile monitoring,Toys,WH-BLR,1097.0,88.0,10997.53,236.0,overstock,NO,12064290.41
SKU01769,Programmable tangible structure,Grocery,WH-HYD,1643.0,13.0,12992.86,199.0,overstock,NO,21347268.98
SKU01770,User-friendly stable infrastructure,Electronics,WH-HYD,50.0,44.0,6421.54,228.0,healthy,NO,321077.0
SKU01771,Total contextually-based solution,Clothing,WH-MUM,1612.0,41.0,12481.9,210.0,overstock,NO,20120822.8
SKU01772,Fully-configurable contextually-based groupware,Electronics,WH-BLR,1605.0,85.0,14893.34,205.0,overstock,NO,23903810.7
SKU01773,Up-sized secondary contingency,Grocery,WH-BLR,1826.0,35.0,14877.9,206.0,overstock,NO,27167045.4
SKU01774,Profound background workforce,Grocery,WH-HYD,1491.0,40.0,1282.6,246.0,overstock,NO,1912356.6
SKU01775,Diverse dynamic monitoring,Grocery,WH-DEL,1791.0,55.0,6578.11,267.0,overstock,NO,11781395.01
SKU01776,Distributed well-modulated knowledgebase,Grocery,WH-DEL,1704.0,51.0,12009.86,232.0,overstock,NO,20464801.44
SKU01777,Profound motivating projection,Beauty,WH-HYD,895.0,25.0,12508.43,232.0,overstock,NO,11195044.85
SKU01778,Quality-focused analyzing frame,Home & Kitchen,WH-HYD,1104.0,49.0,4392.53,201.0,overstock,NO,4849353.12
SKU01779,Persevering systematic contingency,Sports,WH-BLR,1036.0,39.0,2596.58,210.0,overstock,NO,2690056.88
SKU01780,Visionary holistic circuit,Clothing,WH-CHE,1486.0,74.0,3797.85,170.0,overstock,NO,5643605.1
SKU01781,Centralized regional capacity,Grocery,WH-BLR,424.0,97.0,2638.16,218.0,overstock,NO,1118579.84
SKU01782,Optional intermediate help-desk,Home & Kitchen,WH-MUM,329.0,36.0,1278.26,164.0,overstock,NO,420547.54
SKU01783,Function-based coherent approach,Home & Kitchen,WH-DEL,0.0,11.0,1883.96,179.0,stockout,YES,0.0
SKU01784,User-friendly discrete pricing structure,Clothing,WH-MUM,1986.0,94.0,3213.75,175.0,overstock,NO,6382507.5
SKU01785,Implemented methodical strategy,Sports,WH-CHE,1941.0,43.0,10789.7,164.0,overstock,NO,20942807.7
SKU01786,Profit-focused homogeneous synergy,Toys,WH-HYD,1628.0,19.0,6828.02,242.0,overstock,NO,11116016.56
SKU01787,Extended web-enabled intranet,Sports,WH-HYD,1946.0,93.0,1701.42,179.0,overstock,NO,3310963.32
SKU01788,Profit-focused cohesive contingency,Toys,WH-HYD,646.0,80.0,155.64,252.0,overstock,NO,100543.44
SKU01789,Horizontal composite Graphical User Interface,Books,WH-DEL,1826.0,61.0,8672.12,175.0,overstock,NO,15835291.12
SKU01790,Compatible local Graphic Interface,Beauty,WH-HYD,820.0,95.0,6630.56,191.0,overstock,NO,5437059.2
SKU01791,Up-sized clear-thinking array,Toys,WH-HYD,1672.0,65.0,13986.59,234.0,overstock,NO,23385578.48
SKU01792,Implemented fresh-thinking workforce,Toys,WH-HYD,984.0,15.0,12926.85,212.0,overstock,NO,12720020.4
SKU01793,Operative directional throughput,Beauty,WH-BLR,1024.0,92.0,1929.55,215.0,overstock,NO,1975859.2
SKU01794,Seamless empowering extranet,Toys,WH-BLR,1803.0,33.0,4697.22,212.0,overstock,NO,8469087.66
SKU01795,Ameliorated methodical productivity,Grocery,WH-CHE,588.0,89.0,5488.16,218.0,overstock,NO,3227038.08
SKU01796,Reactive web-enabled service-desk,Grocery,WH-CHE,1215.0,74.0,7961.84,238.0,overstock,NO,9673635.6
SKU01797,Horizontal next generation portal,Home & Kitchen,WH-BLR,612.0,28.0,7046.89,216.0,overstock,NO,4312696.68
SKU01798,Synergistic stable data-warehouse,Electronics,WH-CHE,1406.0,56.0,6495.31,193.0,overstock,NO,9132405.86
SKU01799,Polarized dedicated extranet,Toys,WH-CHE,348.0,78.0,13361.65,197.0,overstock,NO,4649854.2
SKU01800,Adaptive contextually-based data-warehouse,Books,WH-BLR,884.0,14.0,9698.05,258.0,overstock,NO,8573076.2
SKU01801,Diverse 24hour interface,Toys,WH-BLR,286.0,63.0,12016.08,229.0,overstock,NO,3436598.88
SKU01802,Business-focused well-modulated solution,Books,WH-MUM,503.0,21.0,8783.14,198.0,overstock,NO,4417919.42
SKU01803,Streamlined systematic ability,Books,WH-CHE,182.0,99.0,881.37,188.0,healthy,NO,160409.34
SKU01804,Extended mission-critical service-desk,Books,WH-DEL,40.0,23.0,3665.13,171.0,healthy,NO,146605.2
SKU01805,Triple-buffered interactive customer loyalty,Sports,WH-BLR,820.0,42.0,10045.33,296.0,overstock,NO,8237170.6
SKU01806,Phased neutral portal,Beauty,WH-BLR,1020.0,57.0,5179.92,245.0,overstock,NO,5283518.4
SKU01807,Object-based systemic model,Sports,WH-HYD,1166.0,23.0,5364.41,179.0,overstock,NO,6254902.06
SKU01808,Sharable tertiary flexibility,Clothing,WH-CHE,843.0,68.0,4183.38,167.0,overstock,NO,3526589.34
SKU01809,Inverse object-oriented workforce,Beauty,WH-CHE,1953.0,37.0,6849.6,182.0,overstock,NO,13377268.8
SKU01810,Re-engineered needs-based solution,Clothing,WH-CHE,1961.0,79.0,14065.02,230.0,overstock,NO,27581504.22
SKU01811,Managed impactful migration,Grocery,WH-MUM,182.0,52.0,10703.66,206.0,overstock,NO,1948066.12
SKU01812,Upgradable dynamic emulation,Toys,WH-CHE,1871.0,65.0,14330.84,227.0,overstock,NO,26813001.64
SKU01813,Innovative grid-enabled algorithm,Books,WH-CHE,1111.0,55.0,12127.89,180.0,overstock,NO,13474085.79
SKU01814,Configurable clear-thinking adapter,Toys,WH-HYD,139.0,93.0,9981.2,190.0,healthy,NO,1387386.8
SKU01815,Re-contextualized content-based capability,Home & Kitchen,WH-HYD,1397.0,15.0,4938.96,157.0,overstock,NO,6899727.12
SKU01816,Robust value-added application,Clothing,WH-HYD,0.0,26.0,11634.96,169.0,stockout,YES,0.0
SKU01817,Persevering hybrid protocol,Toys,WH-HYD,627.0,63.0,14017.36,187.0,overstock,NO,8788884.72
SKU01818,Intuitive stable installation,Books,WH-CHE,1813.0,46.0,5930.35,239.0,overstock,NO,10751724.55
SKU01819,Ergonomic systematic focus group,Toys,WH-DEL,741.0,72.0,7901.9,234.0,overstock,NO,5855307.9
SKU01820,Exclusive multi-tasking initiative,Grocery,WH-CHE,985.0,87.0,2909.03,183.0,overstock,NO,2865394.55
SKU01821,Sharable maximized open system,Clothing,WH-MUM,8.0,93.0,12199.16,222.0,below_reorder,YES,97593.28
SKU01822,Operative upward-trending website,Clothing,WH-CHE,119.0,50.0,9120.43,287.0,healthy,NO,1085331.17
SKU01823,Down-sized regional protocol,Electronics,WH-HYD,1956.0,30.0,2858.7,166.0,overstock,NO,5591617.2
SKU01824,Automated regional structure,Home & Kitchen,WH-BLR,1762.0,91.0,1906.79,181.0,overstock,NO,3359763.98
SKU01825,Business-focused dedicated structure,Electronics,WH-BLR,1841.0,58.0,9526.98,240.0,overstock,NO,17539170.18
SKU01826,Multi-layered cohesive intranet,Sports,WH-BLR,1480.0,63.0,12241.86,202.0,overstock,NO,18117952.8
SKU01827,Persistent non-volatile secured line,Home & Kitchen,WH-BLR,800.0,64.0,582.99,217.0,overstock,NO,466392.0
SKU01828,Multi-tiered asymmetric interface,Books,WH-CHE,482.0,37.0,9500.94,214.0,overstock,NO,4579453.08
SKU01829,User-friendly client-server solution,Electronics,WH-MUM,589.0,26.0,7852.76,210.0,overstock,NO,4625275.64
SKU01830,Future-proofed asynchronous array,Home & Kitchen,WH-CHE,1379.0,21.0,4879.34,147.0,overstock,NO,6728609.86
SKU01831,Optional human-resource circuit,Electronics,WH-HYD,1317.0,50.0,3563.51,292.0,overstock,NO,4693142.67
SKU01832,Universal client-server attitude,Sports,WH-MUM,560.0,17.0,1029.91,179.0,overstock,NO,576749.6
SKU01833,Realigned zero-defect installation,Sports,WH-BLR,388.0,16.0,7961.83,194.0,overstock,NO,3089190.04
SKU01834,Open-source responsive benchmark,Sports,WH-CHE,1556.0,37.0,5567.63,203.0,overstock,NO,8663232.28
SKU01835,Pre-emptive actuating core,Home & Kitchen,WH-CHE,1750.0,91.0,7756.6,200.0,overstock,NO,13574050.0
SKU01836,Phased bifurcated concept,Grocery,WH-BLR,542.0,10.0,415.43,181.0,overstock,NO,225163.06
SKU01837,Managed intermediate moratorium,Books,WH-CHE,1858.0,11.0,1336.28,218.0,overstock,NO,2482808.24
SKU01838,Visionary transitional product,Grocery,WH-MUM,1141.0,40.0,1488.08,194.0,overstock,NO,1697899.28
SKU01839,User-friendly executive solution,Books,WH-HYD,264.0,70.0,14083.61,219.0,overstock,NO,3718073.04
SKU01840,Seamless solution-oriented website,Books,WH-BLR,726.0,42.0,7368.31,201.0,overstock,NO,5349393.06
SKU01841,Proactive static monitoring,Toys,WH-HYD,260.0,55.0,1019.83,166.0,overstock,NO,265155.8
SKU01842,Total maximized hardware,Books,WH-CHE,634.0,23.0,5096.42,213.0,overstock,NO,3231130.28
SKU01843,Quality-focused multi-state Graphical User Interfa,Grocery,WH-HYD,368.0,62.0,14067.26,196.0,overstock,NO,5176751.68
SKU01844,Organic content-based database,Clothing,WH-MUM,1399.0,84.0,5126.81,214.0,overstock,NO,7172407.19
SKU01845,Innovative asymmetric customer loyalty,Home & Kitchen,WH-HYD,367.0,100.0,9127.89,182.0,overstock,NO,3349935.63
SKU01846,Reduced intermediate structure,Home & Kitchen,WH-DEL,708.0,92.0,14427.71,253.0,overstock,NO,10214818.68
SKU01847,Extended attitude-oriented Internet solution,Books,WH-MUM,1700.0,91.0,13276.3,213.0,overstock,NO,22569710.0
SKU01848,Virtual modular core,Electronics,WH-CHE,967.0,79.0,6578.13,212.0,overstock,NO,6361051.71
SKU01849,Phased content-based protocol,Beauty,WH-BLR,0.0,67.0,7588.49,233.0,stockout,YES,0.0
SKU01850,Re-engineered asynchronous conglomeration,Books,WH-CHE,1811.0,18.0,3267.51,252.0,overstock,NO,5917460.61
SKU01851,User-friendly local task-force,Electronics,WH-DEL,1882.0,98.0,3354.66,261.0,overstock,NO,6313470.12
SKU01852,Multi-layered context-sensitive firmware,Clothing,WH-BLR,904.0,86.0,2263.17,189.0,overstock,NO,2045905.68
SKU01853,Diverse user-facing matrices,Beauty,WH-DEL,1367.0,46.0,4760.12,254.0,overstock,NO,6507084.04
SKU01854,Fundamental methodical knowledge user,Clothing,WH-HYD,183.0,96.0,11857.07,206.0,healthy,NO,2169843.81
SKU01855,Multi-layered neutral portal,Home & Kitchen,WH-HYD,1896.0,93.0,552.27,221.0,overstock,NO,1047103.92
SKU01856,Persistent multi-tasking product,Clothing,WH-BLR,1468.0,42.0,735.58,189.0,overstock,NO,1079831.44
SKU01857,Stand-alone explicit paradigm,Toys,WH-HYD,441.0,44.0,3805.22,282.0,overstock,NO,1678102.02
SKU01858,Upgradable client-server Graphical User Interface,Sports,WH-CHE,328.0,63.0,3193.47,282.0,overstock,NO,1047458.16
SKU01859,Cross-platform foreground archive,Clothing,WH-DEL,320.0,90.0,3830.59,207.0,overstock,NO,1225788.8
SKU01860,Synchronized system-worthy success,Grocery,WH-HYD,338.0,60.0,9457.31,202.0,overstock,NO,3196570.78
SKU01861,Phased transitional function,Books,WH-CHE,945.0,16.0,4821.14,205.0,overstock,NO,4555977.3
SKU01862,Intuitive upward-trending software,Grocery,WH-HYD,654.0,23.0,13830.02,331.0,overstock,NO,9044833.08
SKU01863,Open-architected bottom-line application,Books,WH-BLR,1537.0,37.0,2865.91,191.0,overstock,NO,4404903.67
SKU01864,Polarized motivating matrix,Electronics,WH-DEL,88.0,95.0,701.79,178.0,below_reorder,YES,61757.52
SKU01865,Team-oriented client-server Local Area Network,Books,WH-BLR,287.0,75.0,9530.34,219.0,overstock,NO,2735207.58
SKU01866,Stand-alone system-worthy function,Grocery,WH-BLR,1811.0,46.0,13980.82,144.0,overstock,NO,25319265.02
SKU01867,Profound homogeneous function,Beauty,WH-HYD,246.0,31.0,8295.36,200.0,overstock,NO,2040658.56
SKU01868,Persistent asynchronous neural-net,Sports,WH-DEL,1339.0,40.0,14460.71,251.0,overstock,NO,19362890.69
SKU01869,Fundamental clear-thinking architecture,Sports,WH-MUM,1306.0,38.0,12061.21,189.0,overstock,NO,15751940.26
SKU01870,Streamlined value-added service-desk,Sports,WH-HYD,724.0,77.0,12309.68,221.0,overstock,NO,8912208.32
SKU01871,Realigned zero administration success,Clothing,WH-HYD,1533.0,35.0,5046.06,155.0,overstock,NO,7735609.98
SKU01872,Profound grid-enabled focus group,Clothing,WH-MUM,1013.0,50.0,7009.81,149.0,overstock,NO,7100937.53
SKU01873,Cloned even-keeled architecture,Beauty,WH-HYD,1493.0,60.0,1667.97,212.0,overstock,NO,2490279.21
SKU01874,Managed maximized matrices,Toys,WH-CHE,1673.0,56.0,5416.68,197.0,overstock,NO,9062105.64
SKU01875,Advanced encompassing flexibility,Toys,WH-DEL,843.0,15.0,4941.77,184.0,overstock,NO,4165912.11
SKU01876,Object-based 6thgeneration monitoring,Books,WH-BLR,916.0,29.0,10594.82,283.0,overstock,NO,9704855.12
SKU01877,Centralized non-volatile conglomeration,Toys,WH-BLR,1056.0,91.0,11064.61,189.0,overstock,NO,11684228.16
SKU01878,Open-source logistical archive,Clothing,WH-MUM,327.0,26.0,180.14,211.0,overstock,NO,58905.78
SKU01879,Extended radical protocol,Clothing,WH-BLR,693.0,71.0,10998.67,219.0,overstock,NO,7622078.31
SKU01880,Persistent 3rdgeneration complexity,Beauty,WH-HYD,405.0,92.0,12595.73,198.0,overstock,NO,5101270.65
SKU01881,Visionary system-worthy migration,Books,WH-DEL,846.0,44.0,7295.86,284.0,overstock,NO,6172297.56
SKU01882,Future-proofed didactic toolset,Sports,WH-BLR,0.0,37.0,2201.63,306.0,stockout,YES,0.0
SKU01883,Stand-alone cohesive contingency,Home & Kitchen,WH-DEL,966.0,79.0,9301.47,215.0,overstock,NO,8985220.02
SKU01884,Sharable attitude-oriented artificial intelligence,Books,WH-MUM,317.0,85.0,11861.62,235.0,overstock,NO,3760133.54
SKU01885,Exclusive mobile budgetary management,Home & Kitchen,WH-MUM,1269.0,56.0,1871.8,232.0,overstock,NO,2375314.2
SKU01886,Multi-layered full-range function,Home & Kitchen,WH-MUM,1374.0,87.0,4705.39,270.0,overstock,NO,6465205.86
SKU01887,Centralized high-level middleware,Home & Kitchen,WH-DEL,756.0,21.0,9129.97,163.0,overstock,NO,6902257.32
SKU01888,Virtual solution-oriented moderator,Toys,WH-BLR,1140.0,13.0,13471.66,217.0,overstock,NO,15357692.4
SKU01889,Compatible methodical function,Toys,WH-CHE,1367.0,52.0,10169.22,191.0,overstock,NO,13901323.74
SKU01890,Grass-roots cohesive Graphical User Interface,Electronics,WH-CHE,958.0,37.0,13821.16,207.0,overstock,NO,13240671.28
SKU01891,Innovative encompassing portal,Sports,WH-HYD,825.0,97.0,11285.29,242.0,overstock,NO,9310364.25
SKU01892,Down-sized transitional collaboration,Electronics,WH-HYD,2000.0,74.0,801.95,176.0,overstock,NO,1603900.0
SKU01893,Self-enabling executive moratorium,Sports,WH-HYD,882.0,58.0,4586.55,214.0,overstock,NO,4045337.1
SKU01894,Reactive web-enabled Graphical User Interface,Sports,WH-HYD,454.0,97.0,10333.1,217.0,overstock,NO,4691227.4
SKU01895,Secured content-based moratorium,Sports,WH-CHE,836.0,30.0,3194.91,259.0,overstock,NO,2670944.76
SKU01896,Upgradable multi-state website,Electronics,WH-CHE,686.0,33.0,7964.19,218.0,overstock,NO,5463434.34
SKU01897,Balanced intangible system engine,Toys,WH-MUM,976.0,58.0,2519.25,199.0,overstock,NO,2458788.0
SKU01898,Stand-alone 24/7 flexibility,Home & Kitchen,WH-MUM,1870.0,51.0,3200.19,266.0,overstock,NO,5984355.3
SKU01899,Multi-tiered secondary encoding,Home & Kitchen,WH-BLR,1294.0,62.0,7343.23,237.0,overstock,NO,9502139.62
SKU01900,Customizable background benchmark,Home & Kitchen,WH-BLR,112.0,69.0,7129.97,207.0,healthy,NO,798556.64
SKU01901,Cloned neutral portal,Books,WH-MUM,1392.0,42.0,11725.31,195.0,overstock,NO,16321631.52
SKU01902,Distributed multimedia model,Sports,WH-HYD,881.0,60.0,13134.82,193.0,overstock,NO,11571776.42
SKU01903,Open-architected holistic synergy,Electronics,WH-BLR,1919.0,86.0,5333.9,157.0,overstock,NO,10235754.1
SKU01904,Programmable user-facing structure,Clothing,WH-CHE,775.0,60.0,8225.35,191.0,overstock,NO,6374646.25
SKU01905,Streamlined modular array,Toys,WH-CHE,1528.0,99.0,11378.38,218.0,overstock,NO,17386164.64
SKU01906,Customizable analyzing throughput,Grocery,WH-MUM,1261.0,44.0,14142.57,120.0,overstock,NO,17833780.77
SKU01907,Cloned cohesive success,Sports,WH-MUM,1544.0,97.0,13347.93,230.0,overstock,NO,20609203.92
SKU01908,Switchable non-volatile open architecture,Beauty,WH-HYD,1960.0,89.0,1296.6,253.0,overstock,NO,2541336.0
SKU01909,Inverse 3rdgeneration benchmark,Toys,WH-BLR,470.0,44.0,12010.03,275.0,overstock,NO,5644714.1
SKU01910,Front-line client-server strategy,Books,WH-DEL,481.0,79.0,10446.28,266.0,overstock,NO,5024660.68
SKU01911,Secured tangible Local Area Network,Electronics,WH-MUM,1186.0,44.0,1863.51,186.0,overstock,NO,2210122.86
SKU01912,Re-engineered local leverage,Toys,WH-MUM,1647.0,92.0,8804.97,233.0,overstock,NO,14501785.59
SKU01913,Synchronized analyzing benchmark,Grocery,WH-MUM,1233.0,90.0,14485.06,239.0,overstock,NO,17860078.98
SKU01914,Re-contextualized optimal software,Electronics,WH-MUM,1379.0,30.0,1411.33,171.0,overstock,NO,1946224.07
SKU01915,Horizontal composite groupware,Clothing,WH-CHE,0.0,56.0,5814.06,210.0,stockout,YES,0.0
SKU01916,Function-based regional methodology,Electronics,WH-MUM,313.0,84.0,138.26,235.0,overstock,NO,43275.38
SKU01917,Focused encompassing utilization,Beauty,WH-MUM,149.0,41.0,2320.94,239.0,overstock,NO,345820.06
SKU01918,Automated transitional functionalities,Books,WH-DEL,596.0,85.0,10199.39,177.0,overstock,NO,6078836.44
SKU01919,Mandatory radical workforce,Home & Kitchen,WH-DEL,993.0,33.0,1239.26,189.0,overstock,NO,1230585.18
SKU01920,Re-contextualized full-range software,Clothing,WH-HYD,1874.0,71.0,8261.5,210.0,overstock,NO,15482051.0
SKU01921,Public-key zero tolerance customer loyalty,Electronics,WH-CHE,374.0,54.0,12514.47,235.0,overstock,NO,4680411.78
SKU01922,Upgradable fault-tolerant capability,Electronics,WH-MUM,1942.0,22.0,13468.61,248.0,overstock,NO,26156040.62
SKU01923,Mandatory multi-tasking focus group,Grocery,WH-CHE,816.0,99.0,9552.28,140.0,overstock,NO,7794660.48
SKU01924,Devolved bandwidth-monitored application,Electronics,WH-DEL,1413.0,93.0,10502.39,192.0,overstock,NO,14839877.07
SKU01925,Adaptive non-volatile approach,Clothing,WH-BLR,770.0,37.0,14270.7,178.0,overstock,NO,10988439.0
SKU01926,Re-engineered tangible ability,Sports,WH-MUM,1084.0,42.0,12756.54,242.0,overstock,NO,13828089.36
SKU01927,Mandatory zero administration groupware,Grocery,WH-DEL,1870.0,50.0,1750.3,269.0,overstock,NO,3273061.0
SKU01928,Innovative value-added encoding,Grocery,WH-DEL,1267.0,24.0,4601.45,193.0,overstock,NO,5830037.15
SKU01929,Programmable zero-defect Local Area Network,Electronics,WH-CHE,1413.0,67.0,13473.74,198.0,overstock,NO,19038394.62
SKU01930,Customer-focused logistical groupware,Home & Kitchen,WH-MUM,1091.0,14.0,7265.36,172.0,overstock,NO,7926507.76
SKU01931,Customer-focused system-worthy groupware,Electronics,WH-CHE,486.0,11.0,746.48,241.0,overstock,NO,362789.28
SKU01932,Versatile bi-directional architecture,Books,WH-CHE,1461.0,92.0,4281.33,158.0,overstock,NO,6255023.13
SKU01933,De-engineered stable workforce,Home & Kitchen,WH-DEL,343.0,58.0,12568.76,139.0,overstock,NO,4311084.68
SKU01934,Down-sized scalable Graphic Interface,Electronics,WH-MUM,1229.0,32.0,5651.14,169.0,overstock,NO,6945251.06
SKU01935,Cross-platform web-enabled contingency,Clothing,WH-BLR,284.0,33.0,8218.45,258.0,overstock,NO,2334039.8
SKU01936,Organized explicit contingency,Toys,WH-DEL,302.0,30.0,2444.65,236.0,overstock,NO,738284.3
SKU01937,Sharable needs-based access,Books,WH-HYD,894.0,82.0,1719.96,220.0,overstock,NO,1537644.24
SKU01938,Synergistic background implementation,Sports,WH-MUM,1954.0,31.0,2526.08,233.0,overstock,NO,4935960.32
SKU01939,Team-oriented regional contingency,Grocery,WH-DEL,207.0,61.0,10210.52,177.0,overstock,NO,2113577.64
SKU01940,Vision-oriented 24hour ability,Clothing,WH-HYD,886.0,78.0,1738.45,247.0,overstock,NO,1540266.7
SKU01941,Total mission-critical help-desk,Home & Kitchen,WH-MUM,14.0,50.0,14298.62,211.0,below_reorder,YES,200180.68
SKU01942,Triple-buffered heuristic array,Beauty,WH-BLR,813.0,31.0,2872.59,246.0,overstock,NO,2335415.67
SKU01943,Optimized intermediate groupware,Grocery,WH-MUM,32.0,31.0,3546.24,193.0,healthy,NO,113479.68
SKU01944,Team-oriented demand-driven customer loyalty,Sports,WH-BLR,1404.0,36.0,1300.86,168.0,overstock,NO,1826407.44
SKU01945,Quality-focused static project,Electronics,WH-DEL,1379.0,56.0,4279.55,234.0,overstock,NO,5901499.45
SKU01946,Reduced dedicated toolset,Clothing,WH-DEL,575.0,17.0,9144.6,227.0,overstock,NO,5258145.0
SKU01947,Virtual fault-tolerant extranet,Electronics,WH-BLR,1628.0,10.0,6738.01,163.0,overstock,NO,10969480.28
SKU01948,Ameliorated system-worthy challenge,Sports,WH-CHE,0.0,47.0,7551.92,172.0,stockout,YES,0.0
SKU01949,Switchable human-resource challenge,Grocery,WH-HYD,476.0,74.0,6726.39,234.0,overstock,NO,3201761.64
SKU01950,Reverse-engineered grid-enabled matrices,Toys,WH-DEL,1007.0,10.0,6808.66,220.0,overstock,NO,6856320.62
SKU01951,Innovative didactic methodology,Books,WH-HYD,1332.0,60.0,14943.02,240.0,overstock,NO,19904102.64
SKU01952,Horizontal hybrid info-mediaries,Sports,WH-CHE,695.0,39.0,12470.13,191.0,overstock,NO,8666740.35
SKU01953,Reduced logistical Graphic Interface,Beauty,WH-DEL,15.0,73.0,10782.4,205.0,below_reorder,YES,161736.0
SKU01954,Customizable 4thgeneration model,Grocery,WH-CHE,1313.0,66.0,2546.62,281.0,overstock,NO,3343712.06
SKU01955,Multi-channeled systemic workforce,Home & Kitchen,WH-DEL,1156.0,25.0,8250.04,230.0,overstock,NO,9537046.24
SKU01956,Self-enabling fault-tolerant framework,Books,WH-DEL,739.0,21.0,2000.02,183.0,overstock,NO,1478014.78
SKU01957,Multi-channeled holistic matrix,Clothing,WH-DEL,523.0,64.0,12404.93,187.0,overstock,NO,6487778.39
SKU01958,Face-to-face encompassing paradigm,Toys,WH-CHE,149.0,86.0,8035.74,159.0,healthy,NO,1197325.26
SKU01959,Innovative upward-trending infrastructure,Beauty,WH-DEL,620.0,61.0,490.58,216.0,overstock,NO,304159.6
SKU01960,Fully-configurable scalable hub,Clothing,WH-BLR,960.0,70.0,1038.84,266.0,overstock,NO,997286.4
SKU01961,Cloned maximized paradigm,Clothing,WH-HYD,1368.0,44.0,6940.28,180.0,overstock,NO,9494303.04
SKU01962,Operative discrete array,Beauty,WH-HYD,1756.0,82.0,14090.45,211.0,overstock,NO,24742830.2
SKU01963,Intuitive 3rdgeneration encoding,Toys,WH-DEL,1291.0,30.0,14284.32,196.0,overstock,NO,18441057.12
SKU01964,Extended zero tolerance parallelism,Electronics,WH-CHE,1352.0,13.0,6745.07,141.0,overstock,NO,9119334.64
SKU01965,User-centric background moderator,Sports,WH-MUM,164.0,79.0,8168.22,175.0,healthy,NO,1339588.08
SKU01966,Multi-channeled reciprocal ability,Clothing,WH-DEL,1871.0,22.0,8684.36,267.0,overstock,NO,16248437.56
SKU01967,Devolved tertiary protocol,Beauty,WH-HYD,1023.0,69.0,10495.58,188.0,overstock,NO,10736978.34
SKU01968,Object-based methodical Graphic Interface,Toys,WH-BLR,1196.0,26.0,13536.68,276.0,overstock,NO,16189869.28
SKU01969,Monitored cohesive process improvement,Toys,WH-HYD,197.0,14.0,11080.01,230.0,overstock,NO,2182761.97
SKU01970,Fundamental bottom-line artificial intelligence,Home & Kitchen,WH-HYD,921.0,49.0,11862.71,160.0,overstock,NO,10925555.91
SKU01971,Down-sized zero administration website,Clothing,WH-HYD,989.0,15.0,13983.19,211.0,overstock,NO,13829374.91
SKU01972,Phased logistical migration,Home & Kitchen,WH-DEL,1136.0,42.0,9998.94,256.0,overstock,NO,11358795.84
SKU01973,Up-sized asynchronous workforce,Books,WH-MUM,1033.0,66.0,4614.74,204.0,overstock,NO,4767026.42
SKU01974,Optimized non-volatile archive,Home & Kitchen,WH-MUM,388.0,17.0,4872.8,219.0,overstock,NO,1890646.4
SKU01975,Versatile uniform intranet,Beauty,WH-MUM,1319.0,78.0,9559.86,231.0,overstock,NO,12609455.34
SKU01976,Pre-emptive systematic budgetary management,Grocery,WH-CHE,738.0,73.0,11768.41,190.0,overstock,NO,8685086.58
SKU01977,Innovative local approach,Grocery,WH-CHE,1268.0,34.0,14361.89,226.0,overstock,NO,18210876.52
SKU01978,Open-architected executive encoding,Beauty,WH-DEL,1826.0,30.0,10523.78,184.0,overstock,NO,19216422.28
SKU01979,Team-oriented executive application,Electronics,WH-MUM,1254.0,83.0,13419.48,222.0,overstock,NO,16828027.92
SKU01980,Compatible composite application,Toys,WH-CHE,400.0,77.0,10006.37,235.0,overstock,NO,4002548.0
SKU01981,Fully-configurable regional flexibility,Toys,WH-BLR,0.0,27.0,4328.42,217.0,stockout,YES,0.0
SKU01982,Distributed 3rdgeneration capability,Books,WH-BLR,476.0,60.0,8803.77,248.0,overstock,NO,4190594.52
SKU01983,Open-architected real-time capability,Home & Kitchen,WH-DEL,1234.0,80.0,10666.19,250.0,overstock,NO,13162078.46
SKU01984,Multi-tiered dedicated array,Toys,WH-MUM,829.0,29.0,9939.63,187.0,overstock,NO,8239953.27
SKU01985,Team-oriented object-oriented matrix,Books,WH-MUM,1774.0,40.0,5035.68,189.0,overstock,NO,8933296.32
SKU01986,Down-sized scalable approach,Electronics,WH-MUM,1291.0,17.0,14089.2,152.0,overstock,NO,18189157.2
SKU01987,Networked clear-thinking challenge,Toys,WH-BLR,503.0,17.0,6390.7,229.0,overstock,NO,3214522.1
SKU01988,Organized holistic methodology,Sports,WH-DEL,272.0,57.0,10382.79,270.0,overstock,NO,2824118.88
SKU01989,Visionary responsive support,Books,WH-BLR,1411.0,32.0,3868.62,184.0,overstock,NO,5458622.82
SKU01990,Extended logistical project,Books,WH-CHE,1637.0,81.0,6047.22,116.0,overstock,NO,9899299.14
SKU01991,Proactive motivating application,Home & Kitchen,WH-BLR,399.0,68.0,13309.07,212.0,overstock,NO,5310318.93
SKU01992,Down-sized responsive orchestration,Sports,WH-BLR,745.0,25.0,4175.27,212.0,overstock,NO,3110576.15
SKU01993,Polarized object-oriented function,Sports,WH-BLR,1784.0,28.0,3090.62,241.0,overstock,NO,5513666.08
SKU01994,Quality-focused cohesive structure,Clothing,WH-BLR,695.0,83.0,1623.53,243.0,overstock,NO,1128353.35
SKU01995,Persevering tangible definition,Sports,WH-HYD,680.0,92.0,14874.82,262.0,overstock,NO,10114877.6
SKU01996,Total discrete archive,Home & Kitchen,WH-CHE,165.0,78.0,11491.37,261.0,healthy,NO,1896076.05
SKU01997,Advanced attitude-oriented synergy,Home & Kitchen,WH-BLR,1573.0,58.0,12851.59,209.0,overstock,NO,20215551.07
SKU01998,Multi-layered solution-oriented project,Clothing,WH-MUM,152.0,89.0,13493.51,239.0,healthy,NO,2051013.52
SKU01999,Programmable didactic customer loyalty,Clothing,WH-BLR,835.0,72.0,14681.6,103.0,overstock,NO,12259136.0
SKU02000,Vision-oriented static productivity,Home & Kitchen,WH-HYD,1352.0,46.0,13536.03,213.0,overstock,NO,18300712.56
SKU02001,Seamless uniform workforce,Grocery,WH-MUM,903.0,51.0,2644.27,220.0,overstock,NO,2387775.81
SKU02002,Cloned 24/7 core,Grocery,WH-CHE,1321.0,25.0,5651.12,194.0,overstock,NO,7465129.52
SKU02003,Fundamental actuating alliance,Books,WH-HYD,125.0,50.0,12818.3,163.0,healthy,NO,1602287.5
SKU02004,Inverse global Internet solution,Sports,WH-DEL,1933.0,77.0,5560.33,211.0,overstock,NO,10748117.89
SKU02005,Assimilated mission-critical secured line,Sports,WH-MUM,1164.0,97.0,7227.6,184.0,overstock,NO,8412926.4
SKU02006,Vision-oriented fresh-thinking Local Area Network,Electronics,WH-CHE,953.0,31.0,5127.08,135.0,overstock,NO,4886107.24
SKU02007,Re-engineered background pricing structure,Beauty,WH-DEL,156.0,74.0,11115.25,153.0,healthy,NO,1733979.0
SKU02008,Upgradable well-modulated support,Home & Kitchen,WH-MUM,614.0,71.0,3802.36,218.0,overstock,NO,2334649.04
SKU02009,Synergized radical open system,Toys,WH-MUM,631.0,16.0,14099.56,234.0,overstock,NO,8896822.36
SKU02010,Streamlined directional archive,Clothing,WH-HYD,1294.0,11.0,13817.7,229.0,overstock,NO,17880103.8
SKU02011,Cross-platform encompassing algorithm,Toys,WH-HYD,1209.0,24.0,11058.9,224.0,overstock,NO,13370210.1
SKU02012,Synergized demand-driven installation,Toys,WH-HYD,1218.0,41.0,12144.59,264.0,overstock,NO,14792110.62
SKU02013,Automated actuating focus group,Sports,WH-MUM,1804.0,18.0,9126.68,264.0,overstock,NO,16464530.72
SKU02014,Multi-tiered dynamic collaboration,Grocery,WH-DEL,0.0,59.0,8985.93,190.0,stockout,YES,0.0
SKU02015,Assimilated multi-state capability,Electronics,WH-BLR,1739.0,66.0,6399.87,238.0,overstock,NO,11129373.93
SKU02016,Organized multi-tasking circuit,Beauty,WH-DEL,209.0,31.0,8740.56,142.0,overstock,NO,1826777.04
SKU02017,Managed 3rdgeneration Graphical User Interface,Electronics,WH-DEL,391.0,63.0,2124.96,268.0,overstock,NO,830859.36
SKU02018,Progressive coherent artificial intelligence,Electronics,WH-DEL,1559.0,33.0,13651.12,197.0,overstock,NO,21282096.08
SKU02019,Phased secondary application,Home & Kitchen,WH-CHE,1661.0,79.0,8390.93,269.0,overstock,NO,13937334.73
SKU02020,Optional asynchronous time-frame,Books,WH-MUM,231.0,17.0,9601.13,266.0,overstock,NO,2217861.03
SKU02021,Inverse holistic interface,Toys,WH-CHE,541.0,80.0,13334.03,188.0,overstock,NO,7213710.23
SKU02022,Re-contextualized national benchmark,Home & Kitchen,WH-HYD,1741.0,89.0,5610.29,187.0,overstock,NO,9767514.89
SKU02023,Multi-channeled discrete process improvement,Toys,WH-HYD,1667.0,74.0,9287.4,178.0,overstock,NO,15482095.8
SKU02024,Ergonomic 4thgeneration project,Home & Kitchen,WH-DEL,126.0,46.0,534.68,177.0,healthy,NO,67369.68
SKU02025,Switchable maximized challenge,Sports,WH-BLR,279.0,60.0,12580.31,166.0,overstock,NO,3509906.49
SKU02026,Seamless holistic ability,Grocery,WH-MUM,1000.0,41.0,3381.43,278.0,overstock,NO,3381430.0
SKU02027,Down-sized mission-critical knowledge user,Toys,WH-CHE,724.0,57.0,1062.56,143.0,overstock,NO,769293.44
SKU02028,De-engineered full-range Local Area Network,Beauty,WH-CHE,1451.0,44.0,11111.02,197.0,overstock,NO,16122090.02
SKU02029,Quality-focused upward-trending Local Area Network,Beauty,WH-HYD,1428.0,37.0,9912.49,264.0,overstock,NO,14155035.72
SKU02030,Triple-buffered global Internet solution,Home & Kitchen,WH-BLR,58.0,50.0,8915.85,208.0,healthy,NO,517119.3
SKU02031,Adaptive systematic capacity,Grocery,WH-CHE,1351.0,92.0,8642.98,261.0,overstock,NO,11676665.98
SKU02032,Profound systemic support,Books,WH-DEL,889.0,70.0,5879.79,215.0,overstock,NO,5227133.31
SKU02033,Multi-layered solution-oriented customer loyalty,Clothing,WH-MUM,1201.0,87.0,653.4,226.0,overstock,NO,784733.4
SKU02034,Pre-emptive intangible instruction set,Clothing,WH-BLR,1580.0,39.0,4781.06,295.0,overstock,NO,7554074.8
SKU02035,Reduced multimedia task-force,Electronics,WH-HYD,698.0,13.0,14629.85,213.0,overstock,NO,10211635.3
SKU02036,Secured holistic system engine,Beauty,WH-HYD,1295.0,89.0,11524.11,238.0,overstock,NO,14923722.45
SKU02037,Reduced background workforce,Toys,WH-CHE,30.0,63.0,6411.75,275.0,below_reorder,YES,192352.5
SKU02038,Inverse web-enabled secured line,Beauty,WH-HYD,958.0,12.0,4643.45,226.0,overstock,NO,4448425.1
SKU02039,Polarized stable productivity,Beauty,WH-MUM,1632.0,21.0,12686.64,215.0,overstock,NO,20704596.48
SKU02040,Business-focused disintermediate complexity,Clothing,WH-HYD,265.0,31.0,7531.11,227.0,overstock,NO,1995744.15
SKU02041,User-centric leadingedge benchmark,Toys,WH-BLR,1342.0,23.0,4696.48,174.0,overstock,NO,6302676.16
SKU02042,Decentralized regional approach,Electronics,WH-BLR,267.0,54.0,13152.91,173.0,overstock,NO,3511826.97
SKU02043,Profound contextually-based policy,Sports,WH-CHE,714.0,91.0,960.24,229.0,overstock,NO,685611.36
SKU02044,Synergized encompassing attitude,Beauty,WH-BLR,492.0,30.0,6108.93,202.0,overstock,NO,3005593.56
SKU02045,Distributed system-worthy portal,Books,WH-CHE,928.0,52.0,7085.91,182.0,overstock,NO,6575724.48
SKU02046,Multi-tiered local hub,Grocery,WH-BLR,854.0,51.0,10854.9,212.0,overstock,NO,9270084.6
SKU02047,Configurable incremental ability,Books,WH-BLR,0.0,81.0,7313.32,230.0,stockout,YES,0.0
SKU02048,Adaptive context-sensitive capability,Home & Kitchen,WH-MUM,349.0,52.0,4987.36,182.0,overstock,NO,1740588.64
SKU02049,Centralized user-facing capability,Sports,WH-CHE,1624.0,91.0,6318.66,252.0,overstock,NO,10261503.84
SKU02050,Right-sized web-enabled flexibility,Clothing,WH-BLR,1649.0,31.0,9912.09,241.0,overstock,NO,16345036.41
SKU02051,Inverse explicit monitoring,Grocery,WH-MUM,1299.0,89.0,8855.38,215.0,overstock,NO,11503138.62
SKU02052,Compatible foreground database,Toys,WH-MUM,331.0,89.0,4949.94,218.0,overstock,NO,1638430.14
SKU02053,Switchable leadingedge project,Grocery,WH-CHE,1788.0,82.0,3859.19,224.0,overstock,NO,6900231.72
SKU02054,Configurable reciprocal core,Electronics,WH-MUM,1679.0,95.0,2176.03,203.0,overstock,NO,3653554.37
SKU02055,Cloned analyzing analyzer,Beauty,WH-DEL,896.0,17.0,4074.61,208.0,overstock,NO,3650850.56
SKU02056,Enhanced user-facing orchestration,Sports,WH-CHE,701.0,20.0,11406.14,232.0,overstock,NO,7995704.14
SKU02057,Multi-channeled 24/7 project,Sports,WH-BLR,1155.0,70.0,2195.36,220.0,overstock,NO,2535640.8
SKU02058,Extended explicit flexibility,Books,WH-BLR,1112.0,18.0,12565.49,179.0,overstock,NO,13972824.88
SKU02059,Distributed stable hierarchy,Grocery,WH-BLR,507.0,30.0,5657.99,221.0,overstock,NO,2868600.93
SKU02060,Operative systemic instruction set,Sports,WH-MUM,639.0,65.0,6287.6,178.0,overstock,NO,4017776.4
SKU02061,Innovative discrete moratorium,Electronics,WH-BLR,1046.0,28.0,4103.24,233.0,overstock,NO,4291989.04
SKU02062,Automated exuding superstructure,Toys,WH-BLR,418.0,62.0,11869.52,283.0,overstock,NO,4961459.36
SKU02063,Fundamental contextually-based process improvement,Clothing,WH-CHE,1020.0,73.0,7931.79,119.0,overstock,NO,8090425.8
SKU02064,Horizontal interactive flexibility,Grocery,WH-HYD,367.0,54.0,2201.65,175.0,overstock,NO,808005.55
SKU02065,Reduced bifurcated circuit,Books,WH-CHE,1416.0,15.0,9902.22,224.0,overstock,NO,14021543.52
SKU02066,Automated grid-enabled instruction set,Clothing,WH-DEL,1255.0,71.0,10692.88,155.0,overstock,NO,13419564.4
SKU02067,Sharable methodical approach,Toys,WH-MUM,502.0,96.0,771.63,227.0,overstock,NO,387358.26
SKU02068,Horizontal disintermediate Internet solution,Electronics,WH-BLR,765.0,46.0,7593.82,200.0,overstock,NO,5809272.3
SKU02069,Optimized empowering protocol,Sports,WH-HYD,1336.0,16.0,3784.53,173.0,overstock,NO,5056132.08
SKU02070,Decentralized fault-tolerant interface,Electronics,WH-MUM,1880.0,21.0,9475.39,183.0,overstock,NO,17813733.2
SKU02071,Right-sized discrete secured line,Grocery,WH-DEL,1106.0,30.0,13663.38,154.0,overstock,NO,15111698.28
SKU02072,Face-to-face motivating approach,Electronics,WH-HYD,1904.0,72.0,8726.26,195.0,overstock,NO,16614799.04
SKU02073,Synergized object-oriented matrix,Grocery,WH-HYD,1603.0,68.0,14096.16,199.0,overstock,NO,22596144.48
SKU02074,Cloned needs-based migration,Toys,WH-HYD,1954.0,58.0,5163.92,206.0,overstock,NO,10090299.68
SKU02075,Extended zero-defect secured line,Beauty,WH-CHE,677.0,17.0,5261.48,189.0,overstock,NO,3562021.96
SKU02076,Vision-oriented explicit Graphic Interface,Sports,WH-DEL,1032.0,88.0,13497.74,129.0,overstock,NO,13929667.68
SKU02077,Horizontal even-keeled application,Sports,WH-DEL,1580.0,23.0,3070.53,207.0,overstock,NO,4851437.4
SKU02078,Re-contextualized national installation,Home & Kitchen,WH-CHE,418.0,50.0,5758.19,133.0,overstock,NO,2406923.42
SKU02079,Horizontal reciprocal toolset,Books,WH-CHE,100.0,89.0,3563.84,188.0,healthy,NO,356384.0
SKU02080,Sharable bifurcated algorithm,Books,WH-DEL,0.0,36.0,10382.65,151.0,stockout,YES,0.0
SKU02081,Front-line optimizing extranet,Clothing,WH-CHE,1341.0,50.0,4704.32,194.0,overstock,NO,6308493.12
SKU02082,Configurable motivating success,Electronics,WH-HYD,293.0,42.0,6994.43,217.0,overstock,NO,2049367.99
SKU02083,Intuitive real-time synergy,Toys,WH-HYD,1629.0,11.0,2122.29,208.0,overstock,NO,3457210.41
SKU02084,Expanded high-level standardization,Grocery,WH-BLR,217.0,90.0,4257.54,236.0,healthy,NO,923886.18
SKU02085,Horizontal bandwidth-monitored ability,Sports,WH-HYD,1038.0,65.0,4620.36,168.0,overstock,NO,4795933.68
SKU02086,Centralized upward-trending interface,Clothing,WH-HYD,1852.0,46.0,13991.55,242.0,overstock,NO,25912350.6
SKU02087,Reduced multi-tasking toolset,Books,WH-MUM,522.0,68.0,11034.67,192.0,overstock,NO,5760097.74
SKU02088,Inverse scalable migration,Grocery,WH-CHE,356.0,46.0,3776.26,204.0,overstock,NO,1344348.56
SKU02089,Exclusive mission-critical portal,Toys,WH-HYD,1689.0,31.0,8523.44,298.0,overstock,NO,14396090.16
SKU02090,Persistent coherent orchestration,Home & Kitchen,WH-MUM,322.0,56.0,10017.11,196.0,overstock,NO,3225509.42
SKU02091,Business-focused tangible initiative,Books,WH-DEL,1573.0,30.0,6836.56,263.0,overstock,NO,10753908.88
SKU02092,Innovative demand-driven process improvement,Home & Kitchen,WH-CHE,1086.0,87.0,8078.34,166.0,overstock,NO,8773077.24
SKU02093,Down-sized didactic strategy,Sports,WH-DEL,733.0,59.0,12460.76,314.0,overstock,NO,9133737.08
SKU02094,Enterprise-wide grid-enabled encoding,Clothing,WH-CHE,1434.0,45.0,11249.64,244.0,overstock,NO,16131983.76
SKU02095,Managed interactive website,Toys,WH-BLR,600.0,65.0,9869.33,169.0,overstock,NO,5921598.0
SKU02096,Profit-focused high-level data-warehouse,Beauty,WH-CHE,1688.0,10.0,2208.48,199.0,overstock,NO,3727914.24
SKU02097,Inverse background emulation,Sports,WH-MUM,758.0,48.0,1134.63,228.0,overstock,NO,860049.54
SKU02098,Object-based bandwidth-monitored intranet,Toys,WH-BLR,748.0,42.0,7457.95,186.0,overstock,NO,5578546.6
SKU02099,Reactive analyzing time-frame,Electronics,WH-CHE,1028.0,70.0,11822.57,246.0,overstock,NO,12153601.96
SKU02100,Ergonomic hybrid support,Beauty,WH-BLR,255.0,58.0,11479.25,243.0,overstock,NO,2927208.75
SKU02101,Universal disintermediate architecture,Electronics,WH-MUM,1261.0,64.0,11241.72,234.0,overstock,NO,14175808.92
SKU02102,Upgradable 24hour knowledge user,Home & Kitchen,WH-BLR,1951.0,15.0,11393.62,234.0,overstock,NO,22228952.62
SKU02103,Profound zero-defect software,Electronics,WH-BLR,1415.0,95.0,906.57,193.0,overstock,NO,1282796.55
SKU02104,Decentralized full-range access,Grocery,WH-DEL,1456.0,91.0,7279.19,265.0,overstock,NO,10598500.64
SKU02105,Function-based hybrid benchmark,Books,WH-HYD,1742.0,15.0,4084.25,147.0,overstock,NO,7114763.5
SKU02106,Synergistic grid-enabled encryption,Clothing,WH-BLR,453.0,11.0,6233.4,192.0,overstock,NO,2823730.2
SKU02107,Reverse-engineered maximized initiative,Home & Kitchen,WH-DEL,1527.0,59.0,12038.28,242.0,overstock,NO,18382453.56
SKU02108,Persistent demand-driven model,Beauty,WH-MUM,1726.0,72.0,7247.4,276.0,overstock,NO,12509012.4
SKU02109,Fundamental uniform structure,Sports,WH-CHE,1469.0,95.0,9731.58,194.0,overstock,NO,14295691.02
SKU02110,Reactive demand-driven projection,Home & Kitchen,WH-HYD,1545.0,72.0,11416.2,162.0,overstock,NO,17638029.0
SKU02111,Future-proofed didactic help-desk,Beauty,WH-BLR,1964.0,97.0,13810.37,201.0,overstock,NO,27123566.68
SKU02112,Quality-focused logistical emulation,Toys,WH-CHE,801.0,75.0,13613.68,301.0,overstock,NO,10904557.68
SKU02113,Cross-platform methodical parallelism,Beauty,WH-DEL,0.0,98.0,5410.68,170.0,stockout,YES,0.0
SKU02114,Versatile encompassing Local Area Network,Beauty,WH-HYD,1387.0,20.0,12545.97,209.0,overstock,NO,17401260.39
SKU02115,Extended foreground process improvement,Toys,WH-BLR,1192.0,15.0,8417.19,213.0,overstock,NO,10033290.48
SKU02116,Front-line demand-driven emulation,Books,WH-MUM,1528.0,59.0,6337.64,284.0,overstock,NO,9683913.92
SKU02117,Total responsive superstructure,Toys,WH-CHE,699.0,57.0,9606.44,222.0,overstock,NO,6714901.56
SKU02118,Stand-alone logistical info-mediaries,Clothing,WH-DEL,238.0,38.0,10449.26,196.0,overstock,NO,2486923.88
SKU02119,Triple-buffered tangible forecast,Beauty,WH-MUM,384.0,26.0,6259.13,268.0,overstock,NO,2403505.92
SKU02120,Secured zero tolerance knowledge user,Beauty,WH-MUM,1046.0,57.0,13970.04,165.0,overstock,NO,14612661.84
SKU02121,Implemented multimedia circuit,Toys,WH-DEL,263.0,28.0,1057.27,191.0,overstock,NO,278062.01
SKU02122,Programmable reciprocal analyzer,Toys,WH-BLR,923.0,81.0,13557.93,200.0,overstock,NO,12513969.39
SKU02123,Up-sized demand-driven project,Grocery,WH-HYD,1076.0,83.0,8324.02,255.0,overstock,NO,8956645.52
SKU02124,Down-sized solution-oriented Graphical User Interf,Toys,WH-CHE,174.0,64.0,11105.91,243.0,healthy,NO,1932428.34
SKU02125,Stand-alone leadingedge implementation,Electronics,WH-DEL,1013.0,43.0,5245.19,261.0,overstock,NO,5313377.47
SKU02126,Public-key user-facing Local Area Network,Toys,WH-MUM,1701.0,33.0,8582.02,264.0,overstock,NO,14598016.02
SKU02127,Progressive mission-critical instruction set,Clothing,WH-MUM,272.0,10.0,6358.25,175.0,overstock,NO,1729444.0
SKU02128,User-friendly non-volatile leverage,Home & Kitchen,WH-CHE,830.0,11.0,7266.02,188.0,overstock,NO,6030796.6
SKU02129,Upgradable heuristic access,Grocery,WH-DEL,1992.0,87.0,5887.27,232.0,overstock,NO,11727441.84
SKU02130,Front-line 24/7 orchestration,Toys,WH-DEL,1397.0,77.0,3693.57,158.0,overstock,NO,5159917.29
SKU02131,Enhanced responsive circuit,Beauty,WH-DEL,795.0,63.0,3432.02,207.0,overstock,NO,2728455.9
SKU02132,Horizontal well-modulated system engine,Home & Kitchen,WH-MUM,846.0,54.0,2930.09,151.0,overstock,NO,2478856.14
SKU02133,Robust didactic parallelism,Grocery,WH-BLR,1509.0,72.0,3130.97,244.0,overstock,NO,4724633.73
SKU02134,Versatile bifurcated system engine,Beauty,WH-BLR,1497.0,31.0,5904.31,190.0,overstock,NO,8838752.07
SKU02135,Multi-lateral motivating support,Sports,WH-BLR,3.0,11.0,12015.8,143.0,below_reorder,YES,36047.4
SKU02136,Multi-channeled 5thgeneration moratorium,Books,WH-HYD,326.0,36.0,12834.42,210.0,overstock,NO,4184020.92
SKU02137,Fully-configurable even-keeled standardization,Books,WH-CHE,631.0,32.0,11298.34,216.0,overstock,NO,7129252.54
SKU02138,Team-oriented intermediate circuit,Sports,WH-MUM,780.0,51.0,12979.86,160.0,overstock,NO,10124290.8
SKU02139,Distributed system-worthy analyzer,Books,WH-HYD,1718.0,20.0,11816.35,215.0,overstock,NO,20300489.3
SKU02140,Total exuding artificial intelligence,Home & Kitchen,WH-CHE,497.0,10.0,242.36,141.0,overstock,NO,120452.92
SKU02141,Persistent well-modulated parallelism,Beauty,WH-MUM,845.0,94.0,7608.36,233.0,overstock,NO,6429064.2
SKU02142,Re-engineered solution-oriented matrices,Beauty,WH-DEL,1330.0,100.0,3038.07,224.0,overstock,NO,4040633.1
SKU02143,Fundamental encompassing workforce,Clothing,WH-CHE,335.0,20.0,9855.13,207.0,overstock,NO,3301468.55
SKU02144,Reactive context-sensitive policy,Grocery,WH-MUM,61.0,91.0,11937.77,207.0,below_reorder,YES,728203.97
SKU02145,Monitored bandwidth-monitored Graphic Interface,Toys,WH-HYD,468.0,93.0,5804.82,205.0,overstock,NO,2716655.76
SKU02146,Multi-channeled analyzing core,Sports,WH-DEL,0.0,93.0,7228.41,202.0,stockout,YES,0.0
SKU02147,Reverse-engineered mission-critical system engine,Home & Kitchen,WH-BLR,1738.0,84.0,6241.48,264.0,overstock,NO,10847692.24
SKU02148,User-centric modular pricing structure,Sports,WH-MUM,394.0,97.0,5077.5,153.0,overstock,NO,2000535.0
SKU02149,Sharable context-sensitive support,Electronics,WH-CHE,1367.0,45.0,10771.02,220.0,overstock,NO,14723984.34
SKU02150,Multi-tiered object-oriented installation,Books,WH-BLR,447.0,91.0,7383.99,259.0,overstock,NO,3300643.53
SKU02151,Sharable national array,Clothing,WH-BLR,318.0,53.0,9919.25,272.0,overstock,NO,3154321.5
SKU02152,Cloned uniform alliance,Grocery,WH-HYD,675.0,67.0,14295.17,241.0,overstock,NO,9649239.75
SKU02153,Down-sized 5thgeneration time-frame,Beauty,WH-MUM,1651.0,16.0,759.17,221.0,overstock,NO,1253389.67
SKU02154,Customer-focused intermediate ability,Toys,WH-DEL,1137.0,68.0,7544.81,226.0,overstock,NO,8578448.97
SKU02155,Public-key object-oriented adapter,Home & Kitchen,WH-HYD,1582.0,52.0,10530.08,194.0,overstock,NO,16658586.56
SKU02156,Expanded bi-directional emulation,Sports,WH-BLR,1275.0,79.0,12745.77,169.0,overstock,NO,16250856.75
SKU02157,Object-based mobile alliance,Clothing,WH-CHE,327.0,74.0,7532.44,291.0,overstock,NO,2463107.88
SKU02158,Devolved intermediate secured line,Home & Kitchen,WH-DEL,1857.0,51.0,13644.38,255.0,overstock,NO,25337613.66
SKU02159,Streamlined high-level archive,Sports,WH-HYD,904.0,62.0,8827.16,283.0,overstock,NO,7979752.64
SKU02160,Organized zero-defect architecture,Clothing,WH-DEL,1486.0,62.0,3729.07,178.0,overstock,NO,5541398.02
SKU02161,Open-architected web-enabled approach,Grocery,WH-MUM,709.0,75.0,6238.27,151.0,overstock,NO,4422933.43
SKU02162,Diverse actuating access,Home & Kitchen,WH-HYD,1648.0,23.0,10561.92,223.0,overstock,NO,17406044.16
SKU02163,Organic mission-critical hierarchy,Beauty,WH-CHE,1450.0,95.0,9865.41,211.0,overstock,NO,14304844.5
SKU02164,Decentralized motivating flexibility,Home & Kitchen,WH-BLR,1150.0,84.0,8462.71,171.0,overstock,NO,9732116.5
SKU02165,Sharable impactful hierarchy,Books,WH-BLR,1525.0,50.0,10080.0,264.0,overstock,NO,15372000.0
SKU02166,Upgradable dedicated toolset,Grocery,WH-HYD,838.0,19.0,12513.15,230.0,overstock,NO,10486019.7
SKU02167,Enterprise-wide content-based info-mediaries,Toys,WH-DEL,696.0,14.0,5181.76,197.0,overstock,NO,3606504.96
SKU02168,Synergistic 5thgeneration encryption,Clothing,WH-BLR,1217.0,61.0,10476.72,208.0,overstock,NO,12750168.24
SKU02169,Down-sized systematic implementation,Books,WH-CHE,426.0,99.0,2167.62,186.0,overstock,NO,923406.12
SKU02170,Digitized reciprocal leverage,Beauty,WH-CHE,1549.0,34.0,14391.14,194.0,overstock,NO,22291875.86
SKU02171,Sharable neutral hardware,Electronics,WH-BLR,1186.0,21.0,13859.05,211.0,overstock,NO,16436833.3
SKU02172,Pre-emptive multimedia success,Grocery,WH-DEL,784.0,81.0,508.83,186.0,overstock,NO,398922.72
SKU02173,Expanded real-time challenge,Books,WH-CHE,1444.0,73.0,6175.95,235.0,overstock,NO,8918071.8
SKU02174,Assimilated dedicated framework,Electronics,WH-MUM,897.0,10.0,14928.93,182.0,overstock,NO,13391250.21
SKU02175,Extended heuristic neural-net,Electronics,WH-MUM,1849.0,91.0,13540.6,253.0,overstock,NO,25036569.4
SKU02176,Decentralized scalable capability,Clothing,WH-DEL,323.0,83.0,14155.37,193.0,overstock,NO,4572184.51
SKU02177,Function-based cohesive extranet,Toys,WH-HYD,976.0,38.0,5970.47,199.0,overstock,NO,5827178.72
SKU02178,Sharable multimedia groupware,Home & Kitchen,WH-HYD,408.0,38.0,14166.66,205.0,overstock,NO,5779997.28
SKU02179,Networked bandwidth-monitored workforce,Sports,WH-HYD,0.0,56.0,7574.14,154.0,stockout,YES,0.0
SKU02180,Monitored systematic success,Grocery,WH-DEL,1311.0,84.0,64.37,174.0,overstock,NO,84389.07
SKU02181,Stand-alone zero tolerance data-warehouse,Electronics,WH-BLR,1350.0,72.0,5245.23,232.0,overstock,NO,7081060.5
SKU02182,Configurable foreground Local Area Network,Books,WH-HYD,1001.0,14.0,8854.85,205.0,overstock,NO,8863704.85
SKU02183,Team-oriented well-modulated moderator,Sports,WH-MUM,922.0,86.0,5896.85,191.0,overstock,NO,5436895.7
SKU02184,Profound incremental migration,Clothing,WH-CHE,1486.0,10.0,5917.43,214.0,overstock,NO,8793300.98
SKU02185,Integrated object-oriented archive,Beauty,WH-CHE,871.0,93.0,4094.66,240.0,overstock,NO,3566448.86
SKU02186,Ergonomic didactic application,Grocery,WH-DEL,493.0,55.0,11206.64,222.0,overstock,NO,5524873.52
SKU02187,Multi-tiered tertiary emulation,Toys,WH-MUM,119.0,52.0,8030.31,236.0,healthy,NO,955606.89
SKU02188,Horizontal demand-driven moratorium,Clothing,WH-MUM,1207.0,64.0,2092.15,137.0,overstock,NO,2525225.05
SKU02189,Stand-alone logistical flexibility,Home & Kitchen,WH-CHE,1014.0,16.0,4777.74,241.0,overstock,NO,4844628.36
SKU02190,Virtual homogeneous array,Beauty,WH-DEL,626.0,21.0,7759.42,213.0,overstock,NO,4857396.92
SKU02191,Digitized secondary data-warehouse,Toys,WH-CHE,646.0,69.0,1876.15,263.0,overstock,NO,1211992.9
SKU02192,Organic full-range frame,Electronics,WH-CHE,1876.0,95.0,432.35,192.0,overstock,NO,811088.6
SKU02193,Distributed needs-based alliance,Electronics,WH-CHE,1063.0,50.0,6788.63,178.0,overstock,NO,7216313.69
SKU02194,Upgradable exuding array,Toys,WH-MUM,1552.0,90.0,6643.37,295.0,overstock,NO,10310510.24
SKU02195,Open-architected optimizing hub,Grocery,WH-HYD,1729.0,83.0,4281.71,253.0,overstock,NO,7403076.59
SKU02196,Proactive 6thgeneration hardware,Electronics,WH-DEL,565.0,36.0,8339.36,262.0,overstock,NO,4711738.4
SKU02197,Mandatory eco-centric hub,Beauty,WH-HYD,774.0,18.0,14197.42,252.0,overstock,NO,10988803.08
SKU02198,Managed impactful projection,Books,WH-DEL,411.0,54.0,2194.6,190.0,overstock,NO,901980.6
SKU02199,Object-based leadingedge focus group,Home & Kitchen,WH-BLR,1109.0,93.0,13991.09,249.0,overstock,NO,15516118.81
SKU02200,Re-contextualized non-volatile monitoring,Beauty,WH-DEL,212.0,84.0,9472.37,211.0,healthy,NO,2008142.44
SKU02201,Optimized content-based software,Electronics,WH-CHE,723.0,48.0,2984.97,154.0,overstock,NO,2158133.31
SKU02202,Synergized responsive architecture,Sports,WH-BLR,1182.0,18.0,2532.48,156.0,overstock,NO,2993391.36
SKU02203,Face-to-face next generation concept,Beauty,WH-CHE,1272.0,85.0,8492.52,155.0,overstock,NO,10802485.44
SKU02204,Mandatory multimedia model,Books,WH-MUM,285.0,81.0,11416.97,209.0,overstock,NO,3253836.45
SKU02205,Business-focused mission-critical adapter,Grocery,WH-HYD,958.0,65.0,10206.75,184.0,overstock,NO,9778066.5
SKU02206,Devolved directional artificial intelligence,Toys,WH-CHE,1723.0,83.0,12479.29,192.0,overstock,NO,21501816.67
SKU02207,Focused scalable artificial intelligence,Clothing,WH-BLR,1599.0,12.0,13418.94,156.0,overstock,NO,21456885.06
SKU02208,Balanced systematic core,Books,WH-HYD,1675.0,80.0,8484.42,342.0,overstock,NO,14211403.5
SKU02209,Monitored solution-oriented service-desk,Grocery,WH-MUM,1370.0,12.0,4337.21,226.0,overstock,NO,5941977.7
SKU02210,Seamless radical implementation,Clothing,WH-MUM,834.0,30.0,7682.48,211.0,overstock,NO,6407188.32
SKU02211,Centralized fresh-thinking neural-net,Books,WH-HYD,1787.0,100.0,9522.9,229.0,overstock,NO,17017422.3
SKU02212,Multi-tiered discrete product,Home & Kitchen,WH-MUM,0.0,75.0,5803.19,153.0,stockout,YES,0.0
SKU02213,Re-contextualized encompassing portal,Electronics,WH-BLR,713.0,81.0,7105.26,194.0,overstock,NO,5066050.38
SKU02214,Synergized composite approach,Beauty,WH-DEL,457.0,19.0,1802.44,162.0,overstock,NO,823715.08
SKU02215,Decentralized impactful throughput,Toys,WH-HYD,896.0,61.0,894.38,190.0,overstock,NO,801364.48
SKU02216,Secured didactic workforce,Grocery,WH-CHE,279.0,80.0,1118.57,216.0,overstock,NO,312081.03
SKU02217,Seamless multi-tasking artificial intelligence,Home & Kitchen,WH-MUM,1791.0,17.0,11460.43,289.0,overstock,NO,20525630.13
SKU02218,Persevering even-keeled complexity,Grocery,WH-BLR,896.0,14.0,4827.87,237.0,overstock,NO,4325771.52
SKU02219,Managed explicit structure,Home & Kitchen,WH-DEL,1712.0,36.0,3611.49,195.0,overstock,NO,6182870.88
SKU02220,Multi-channeled logistical workforce,Electronics,WH-CHE,1001.0,71.0,5702.17,209.0,overstock,NO,5707872.17
SKU02221,Diverse multi-state hub,Home & Kitchen,WH-HYD,1222.0,94.0,4031.01,152.0,overstock,NO,4925894.22
SKU02222,Secured tertiary hub,Toys,WH-HYD,1537.0,18.0,4888.26,176.0,overstock,NO,7513255.62
SKU02223,Vision-oriented contextually-based attitude,Toys,WH-HYD,1723.0,71.0,4262.97,280.0,overstock,NO,7345097.31
SKU02224,Optional hybrid definition,Beauty,WH-BLR,1525.0,50.0,1466.43,174.0,overstock,NO,2236305.75
SKU02225,Intuitive radical open system,Grocery,WH-BLR,363.0,66.0,5378.17,242.0,overstock,NO,1952275.71
SKU02226,Stand-alone local approach,Sports,WH-CHE,1943.0,78.0,10184.95,253.0,overstock,NO,19789357.85
SKU02227,Stand-alone dedicated hub,Beauty,WH-CHE,858.0,83.0,2135.46,147.0,overstock,NO,1832224.68
SKU02228,Realigned modular moderator,Clothing,WH-DEL,748.0,23.0,12254.76,270.0,overstock,NO,9166560.48
SKU02229,Business-focused grid-enabled definition,Beauty,WH-MUM,975.0,39.0,11050.41,228.0,overstock,NO,10774149.75
SKU02230,Profit-focused incremental circuit,Beauty,WH-HYD,941.0,46.0,1164.79,219.0,overstock,NO,1096067.39
SKU02231,Advanced encompassing flexibility,Grocery,WH-BLR,1329.0,17.0,14898.14,239.0,overstock,NO,19799628.06
SKU02232,De-engineered national migration,Electronics,WH-MUM,1115.0,74.0,14559.8,218.0,overstock,NO,16234177.0
SKU02233,Future-proofed bandwidth-monitored encryption,Clothing,WH-BLR,457.0,65.0,12899.24,247.0,overstock,NO,5894952.68
SKU02234,Self-enabling leadingedge toolset,Electronics,WH-BLR,993.0,75.0,2703.29,205.0,overstock,NO,2684366.97
SKU02235,Triple-buffered local approach,Electronics,WH-BLR,1281.0,54.0,3766.93,214.0,overstock,NO,4825437.33
SKU02236,De-engineered homogeneous interface,Books,WH-MUM,1749.0,79.0,10337.85,226.0,overstock,NO,18080899.65
SKU02237,Cross-platform attitude-oriented knowledgebase,Home & Kitchen,WH-BLR,1277.0,27.0,3700.94,242.0,overstock,NO,4726100.38
SKU02238,Re-contextualized next generation algorithm,Beauty,WH-DEL,694.0,50.0,6808.45,203.0,overstock,NO,4725064.3
SKU02239,Virtual local interface,Grocery,WH-MUM,1922.0,61.0,12805.79,220.0,overstock,NO,24612728.38
SKU02240,Customer-focused user-facing standardization,Electronics,WH-MUM,414.0,44.0,12367.12,185.0,overstock,NO,5119987.68
SKU02241,Digitized zero-defect standardization,Grocery,WH-CHE,225.0,95.0,1375.66,243.0,healthy,NO,309523.5
SKU02242,Virtual leadingedge middleware,Home & Kitchen,WH-CHE,1409.0,90.0,10743.09,287.0,overstock,NO,15137013.81
SKU02243,Enhanced multi-tasking array,Grocery,WH-HYD,513.0,63.0,14380.82,194.0,overstock,NO,7377360.66
SKU02244,Devolved interactive alliance,Books,WH-MUM,50.0,97.0,9507.3,233.0,below_reorder,YES,475365.0
SKU02245,Profit-focused radical installation,Beauty,WH-HYD,0.0,81.0,9789.21,244.0,stockout,YES,0.0
SKU02246,Cloned directional process improvement,Home & Kitchen,WH-CHE,196.0,34.0,6227.46,146.0,overstock,NO,1220582.16
SKU02247,Exclusive directional initiative,Home & Kitchen,WH-BLR,1171.0,21.0,2723.85,285.0,overstock,NO,3189628.35
SKU02248,Face-to-face optimizing open architecture,Books,WH-DEL,1543.0,60.0,2135.49,148.0,overstock,NO,3295061.07
SKU02249,Upgradable directional task-force,Beauty,WH-BLR,1187.0,22.0,3647.76,169.0,overstock,NO,4329891.12
SKU02250,Multi-channeled clear-thinking archive,Beauty,WH-BLR,753.0,18.0,4154.89,219.0,overstock,NO,3128632.17
SKU02251,User-friendly object-oriented website,Home & Kitchen,WH-CHE,1838.0,40.0,4808.55,296.0,overstock,NO,8838114.9
SKU02252,Decentralized 3rdgeneration data-warehouse,Sports,WH-MUM,104.0,54.0,11499.05,170.0,healthy,NO,1195901.2
SKU02253,Distributed modular architecture,Books,WH-MUM,1852.0,74.0,468.45,247.0,overstock,NO,867569.4
SKU02254,Profound contextually-based support,Toys,WH-BLR,668.0,88.0,7148.91,235.0,overstock,NO,4775471.88
SKU02255,Optional neutral implementation,Sports,WH-CHE,1186.0,58.0,14758.62,286.0,overstock,NO,17503723.32
SKU02256,Expanded even-keeled leverage,Grocery,WH-CHE,1696.0,84.0,1548.91,244.0,overstock,NO,2626951.36
SKU02257,Cross-group intermediate time-frame,Home & Kitchen,WH-BLR,302.0,17.0,1431.06,163.0,overstock,NO,432180.12
SKU02258,Future-proofed solution-oriented application,Toys,WH-HYD,1105.0,78.0,2630.66,166.0,overstock,NO,2906879.3
SKU02259,Intuitive object-oriented parallelism,Toys,WH-MUM,1280.0,48.0,4417.97,224.0,overstock,NO,5655001.6
SKU02260,User-centric bandwidth-monitored challenge,Toys,WH-CHE,1392.0,78.0,805.56,183.0,overstock,NO,1121339.52
SKU02261,Customer-focused multi-state access,Books,WH-BLR,348.0,79.0,353.26,234.0,overstock,NO,122934.48
SKU02262,Open-source neutral help-desk,Home & Kitchen,WH-BLR,1620.0,60.0,7833.95,228.0,overstock,NO,12690999.0
SKU02263,Object-based homogeneous application,Books,WH-HYD,159.0,35.0,5924.33,155.0,overstock,NO,941968.47
SKU02264,Horizontal demand-driven access,Electronics,WH-HYD,601.0,15.0,12786.36,189.0,overstock,NO,7684602.36
SKU02265,Switchable national help-desk,Grocery,WH-MUM,807.0,75.0,2407.58,232.0,overstock,NO,1942917.06
SKU02266,Adaptive value-added open architecture,Books,WH-HYD,1435.0,49.0,14173.0,207.0,overstock,NO,20338255.0
SKU02267,Organized incremental model,Electronics,WH-BLR,1658.0,95.0,7757.72,186.0,overstock,NO,12862299.76
SKU02268,Balanced bandwidth-monitored infrastructure,Sports,WH-DEL,1293.0,65.0,8585.9,160.0,overstock,NO,11101568.7
SKU02269,Visionary foreground hierarchy,Sports,WH-MUM,1448.0,97.0,12805.84,194.0,overstock,NO,18542856.32
SKU02270,Extended tangible knowledgebase,Books,WH-DEL,125.0,59.0,14144.64,243.0,healthy,NO,1768080.0
SKU02271,Innovative asynchronous open architecture,Books,WH-MUM,883.0,28.0,11540.62,201.0,overstock,NO,10190367.46
SKU02272,Advanced system-worthy strategy,Sports,WH-BLR,651.0,19.0,5474.36,95.0,overstock,NO,3563808.36
SKU02273,Extended web-enabled encoding,Electronics,WH-HYD,678.0,88.0,8024.66,233.0,overstock,NO,5440719.48
SKU02274,Face-to-face discrete leverage,Home & Kitchen,WH-BLR,1177.0,19.0,2484.48,205.0,overstock,NO,2924232.96
SKU02275,Distributed discrete knowledge user,Electronics,WH-HYD,1079.0,20.0,7696.18,218.0,overstock,NO,8304178.22
SKU02276,Profit-focused actuating circuit,Toys,WH-HYD,1585.0,15.0,10980.16,320.0,overstock,NO,17403553.6
SKU02277,Multi-tiered 5thgeneration parallelism,Home & Kitchen,WH-DEL,1824.0,47.0,13001.26,224.0,overstock,NO,23714298.24
SKU02278,Right-sized stable complexity,Electronics,WH-BLR,0.0,88.0,9575.28,270.0,stockout,YES,0.0
SKU02279,Ergonomic stable focus group,Books,WH-CHE,1298.0,23.0,7691.13,183.0,overstock,NO,9983086.74
SKU02280,Self-enabling zero-defect moratorium,Home & Kitchen,WH-DEL,568.0,13.0,13527.79,220.0,overstock,NO,7683784.72
SKU02281,Synergized bifurcated help-desk,Toys,WH-CHE,1117.0,46.0,9415.97,153.0,overstock,NO,10517638.49
SKU02282,Future-proofed user-facing moratorium,Grocery,WH-MUM,452.0,19.0,13110.92,211.0,overstock,NO,5926135.84
SKU02283,Persistent static framework,Beauty,WH-BLR,363.0,29.0,886.88,257.0,overstock,NO,321937.44
SKU02284,Expanded upward-trending paradigm,Books,WH-BLR,1520.0,11.0,5230.85,149.0,overstock,NO,7950892.0
SKU02285,Advanced user-facing core,Clothing,WH-DEL,1315.0,97.0,12013.78,298.0,overstock,NO,15798120.7
SKU02286,Virtual local policy,Home & Kitchen,WH-DEL,767.0,31.0,9267.35,197.0,overstock,NO,7108057.45
SKU02287,Grass-roots client-server instruction set,Electronics,WH-DEL,1308.0,64.0,14857.52,246.0,overstock,NO,19433636.16
SKU02288,Cross-platform homogeneous approach,Grocery,WH-BLR,1107.0,39.0,1459.57,228.0,overstock,NO,1615743.99
SKU02289,Sharable attitude-oriented groupware,Books,WH-DEL,1023.0,42.0,11654.24,179.0,overstock,NO,11922287.52
SKU02290,Digitized user-facing time-frame,Beauty,WH-DEL,1506.0,31.0,5384.63,189.0,overstock,NO,8109252.78
SKU02291,Robust heuristic alliance,Home & Kitchen,WH-CHE,1553.0,32.0,4425.97,168.0,overstock,NO,6873531.41
SKU02292,Seamless optimal secured line,Electronics,WH-CHE,368.0,95.0,12319.31,225.0,overstock,NO,4533506.08
SKU02293,Operative bandwidth-monitored circuit,Clothing,WH-MUM,1338.0,16.0,5380.24,198.0,overstock,NO,7198761.12
SKU02294,Down-sized transitional Graphical User Interface,Beauty,WH-HYD,1730.0,60.0,2123.44,137.0,overstock,NO,3673551.2
SKU02295,Sharable dedicated extranet,Electronics,WH-MUM,1669.0,63.0,1846.96,216.0,overstock,NO,3082576.24
SKU02296,Ergonomic multimedia hardware,Toys,WH-DEL,1976.0,51.0,2535.36,252.0,overstock,NO,5009871.36
SKU02297,Integrated tangible open system,Grocery,WH-MUM,1459.0,45.0,11063.21,146.0,overstock,NO,16141223.39
SKU02298,Proactive 24hour focus group,Clothing,WH-BLR,1230.0,40.0,3513.67,268.0,overstock,NO,4321814.1
SKU02299,Digitized high-level encoding,Books,WH-MUM,1409.0,56.0,12284.12,178.0,overstock,NO,17308325.08
SKU02300,Multi-layered explicit strategy,Home & Kitchen,WH-HYD,1229.0,29.0,7320.84,147.0,overstock,NO,8997312.36
SKU02301,Synchronized holistic implementation,Books,WH-BLR,576.0,16.0,7612.13,215.0,overstock,NO,4384586.88
SKU02302,Intuitive asymmetric moderator,Grocery,WH-BLR,726.0,36.0,9653.26,225.0,overstock,NO,7008266.76
SKU02303,Open-source logistical collaboration,Sports,WH-CHE,1497.0,55.0,2357.68,257.0,overstock,NO,3529446.96
SKU02304,Distributed hybrid initiative,Electronics,WH-CHE,53.0,62.0,2906.61,174.0,below_reorder,YES,154050.33
SKU02305,Optional even-keeled Graphic Interface,Sports,WH-CHE,588.0,62.0,12325.91,162.0,overstock,NO,7247635.08
SKU02306,Polarized intangible challenge,Books,WH-DEL,1209.0,75.0,12450.85,205.0,overstock,NO,15053077.65
SKU02307,Balanced context-sensitive hub,Electronics,WH-BLR,117.0,95.0,5023.86,170.0,healthy,NO,587791.62
SKU02308,Cross-group global pricing structure,Grocery,WH-CHE,685.0,13.0,9928.82,217.0,overstock,NO,6801241.7
SKU02309,Sharable composite implementation,Clothing,WH-MUM,1866.0,69.0,8378.55,148.0,overstock,NO,15634374.3
SKU02310,Phased tangible strategy,Home & Kitchen,WH-DEL,1258.0,71.0,1616.35,313.0,overstock,NO,2033368.3
SKU02311,Reduced executive ability,Sports,WH-MUM,0.0,82.0,3894.48,204.0,stockout,YES,0.0
SKU02312,Devolved zero administration Internet solution,Clothing,WH-BLR,992.0,11.0,7101.4,229.0,overstock,NO,7044588.8
SKU02313,Grass-roots bandwidth-monitored ability,Books,WH-HYD,730.0,77.0,10664.88,196.0,overstock,NO,7785362.4
SKU02314,Reactive impactful product,Sports,WH-HYD,1085.0,52.0,13734.58,146.0,overstock,NO,14902019.3
SKU02315,Cross-platform executive concept,Books,WH-BLR,1598.0,86.0,7209.0,201.0,overstock,NO,11519982.0
SKU02316,Optimized scalable framework,Toys,WH-HYD,10.0,27.0,5686.7,180.0,below_reorder,YES,56867.0
SKU02317,Networked full-range info-mediaries,Toys,WH-BLR,118.0,70.0,5707.76,260.0,healthy,NO,673515.68
SKU02318,Enterprise-wide background hub,Clothing,WH-DEL,1143.0,79.0,2262.3,308.0,overstock,NO,2585808.9
SKU02319,Open-source systematic archive,Books,WH-MUM,1216.0,74.0,6573.53,232.0,overstock,NO,7993412.48
SKU02320,Total tertiary methodology,Home & Kitchen,WH-MUM,1756.0,78.0,5366.07,226.0,overstock,NO,9422818.92
SKU02321,Optional background synergy,Sports,WH-CHE,442.0,41.0,120.97,183.0,overstock,NO,53468.74
SKU02322,Diverse explicit frame,Clothing,WH-HYD,280.0,87.0,6062.2,187.0,overstock,NO,1697416.0
SKU02323,Phased cohesive Internet solution,Grocery,WH-MUM,764.0,98.0,14615.39,253.0,overstock,NO,11166157.96
SKU02324,Implemented multimedia middleware,Toys,WH-CHE,1939.0,16.0,8431.55,201.0,overstock,NO,16348775.45
SKU02325,Configurable content-based matrix,Clothing,WH-HYD,819.0,76.0,6438.94,148.0,overstock,NO,5273491.86
SKU02326,Business-focused scalable frame,Grocery,WH-CHE,535.0,18.0,4760.73,242.0,overstock,NO,2546990.55
SKU02327,Grass-roots even-keeled function,Beauty,WH-BLR,789.0,30.0,3699.36,178.0,overstock,NO,2918795.04
SKU02328,Open-architected intermediate success,Books,WH-DEL,450.0,36.0,11350.19,308.0,overstock,NO,5107585.5
SKU02329,Multi-lateral full-range product,Beauty,WH-MUM,750.0,99.0,3642.92,245.0,overstock,NO,2732190.0
SKU02330,Seamless hybrid portal,Electronics,WH-BLR,1100.0,34.0,7852.68,160.0,overstock,NO,8637948.0
SKU02331,Public-key clear-thinking workforce,Grocery,WH-DEL,594.0,21.0,13200.98,266.0,overstock,NO,7841382.12
SKU02332,Diverse high-level adapter,Sports,WH-HYD,1233.0,48.0,9310.05,217.0,overstock,NO,11479291.65
SKU02333,Advanced bifurcated encoding,Beauty,WH-MUM,1002.0,96.0,4121.4,243.0,overstock,NO,4129642.8
SKU02334,Sharable responsive monitoring,Grocery,WH-BLR,75.0,85.0,12850.4,248.0,below_reorder,YES,963780.0
SKU02335,Future-proofed full-range focus group,Electronics,WH-HYD,854.0,78.0,8660.06,212.0,overstock,NO,7395691.24
SKU02336,Horizontal fault-tolerant budgetary management,Sports,WH-HYD,1621.0,53.0,5500.68,260.0,overstock,NO,8916602.28
SKU02337,Cross-group high-level firmware,Grocery,WH-CHE,477.0,59.0,14189.83,202.0,overstock,NO,6768548.91
SKU02338,Virtual systematic intranet,Electronics,WH-BLR,1583.0,12.0,9966.69,198.0,overstock,NO,15777270.27
SKU02339,Organized dynamic collaboration,Grocery,WH-HYD,1837.0,79.0,3123.63,222.0,overstock,NO,5738108.31
SKU02340,Re-contextualized tangible access,Clothing,WH-DEL,1062.0,47.0,13841.57,304.0,overstock,NO,14699747.34
SKU02341,Down-sized clear-thinking approach,Grocery,WH-HYD,642.0,89.0,14497.32,280.0,overstock,NO,9307279.44
SKU02342,Grass-roots optimizing workforce,Sports,WH-HYD,64.0,30.0,13361.59,219.0,healthy,NO,855141.76
SKU02343,Enterprise-wide responsive secured line,Grocery,WH-DEL,1642.0,96.0,9943.25,192.0,overstock,NO,16326816.5
SKU02344,Phased dedicated methodology,Clothing,WH-HYD,0.0,33.0,5838.72,217.0,stockout,YES,0.0
SKU02345,Universal 24/7 knowledgebase,Toys,WH-DEL,1563.0,25.0,3746.34,231.0,overstock,NO,5855529.42
SKU02346,Universal 4thgeneration emulation,Sports,WH-HYD,679.0,81.0,8093.53,254.0,overstock,NO,5495506.87
SKU02347,Programmable asynchronous middleware,Grocery,WH-MUM,226.0,59.0,13999.02,213.0,overstock,NO,3163778.52
SKU02348,Up-sized content-based Local Area Network,Grocery,WH-DEL,1124.0,80.0,10428.87,179.0,overstock,NO,11722049.88
SKU02349,Re-contextualized tangible ability,Clothing,WH-CHE,1004.0,89.0,2535.38,227.0,overstock,NO,2545521.52
SKU02350,Assimilated discrete groupware,Beauty,WH-BLR,337.0,83.0,13681.35,142.0,overstock,NO,4610614.95
SKU02351,Implemented fault-tolerant Graphical User Interfac,Clothing,WH-DEL,828.0,91.0,9386.58,235.0,overstock,NO,7772088.24
SKU02352,Implemented next generation conglomeration,Sports,WH-BLR,1424.0,96.0,1543.81,241.0,overstock,NO,2198385.44
SKU02353,Business-focused client-server forecast,Beauty,WH-HYD,395.0,39.0,13141.23,188.0,overstock,NO,5190785.85
SKU02354,Right-sized clear-thinking structure,Sports,WH-HYD,1841.0,36.0,3256.84,232.0,overstock,NO,5995842.44
SKU02355,Polarized cohesive synergy,Beauty,WH-HYD,826.0,12.0,5557.73,239.0,overstock,NO,4590684.98
SKU02356,Down-sized executive access,Clothing,WH-BLR,1274.0,42.0,6556.35,280.0,overstock,NO,8352789.9
SKU02357,Automated global orchestration,Clothing,WH-DEL,625.0,10.0,4101.2,240.0,overstock,NO,2563250.0
SKU02358,Decentralized systematic middleware,Sports,WH-BLR,910.0,62.0,591.33,257.0,overstock,NO,538110.3
SKU02359,Open-source national synergy,Home & Kitchen,WH-DEL,1764.0,16.0,3614.7,169.0,overstock,NO,6376330.8
SKU02360,Future-proofed 5thgeneration alliance,Sports,WH-HYD,82.0,87.0,14536.42,257.0,below_reorder,YES,1191986.44
SKU02361,Distributed maximized info-mediaries,Home & Kitchen,WH-MUM,1073.0,32.0,8785.47,273.0,overstock,NO,9426809.31
SKU02362,Fundamental incremental migration,Beauty,WH-MUM,625.0,68.0,11249.91,198.0,overstock,NO,7031193.75
SKU02363,Realigned bottom-line hierarchy,Sports,WH-HYD,1205.0,83.0,3916.42,153.0,overstock,NO,4719286.1
SKU02364,Programmable secondary middleware,Home & Kitchen,WH-DEL,767.0,92.0,13447.14,220.0,overstock,NO,10313956.38
SKU02365,Reactive tangible Local Area Network,Grocery,WH-HYD,1663.0,62.0,10360.32,350.0,overstock,NO,17229212.16
SKU02366,Realigned multimedia extranet,Beauty,WH-BLR,912.0,75.0,14877.23,160.0,overstock,NO,13568033.76
SKU02367,Reverse-engineered bottom-line contingency,Books,WH-DEL,991.0,17.0,14323.51,186.0,overstock,NO,14194598.41
SKU02368,Re-engineered didactic forecast,Books,WH-MUM,1525.0,55.0,14610.09,249.0,overstock,NO,22280387.25
SKU02369,Ergonomic zero administration time-frame,Electronics,WH-HYD,1419.0,68.0,11951.62,260.0,overstock,NO,16959348.78
SKU02370,Ameliorated transitional success,Beauty,WH-DEL,821.0,91.0,2965.84,219.0,overstock,NO,2434954.64
SKU02371,Organic clear-thinking matrices,Grocery,WH-DEL,459.0,42.0,4377.66,229.0,overstock,NO,2009345.94
SKU02372,Object-based fresh-thinking initiative,Home & Kitchen,WH-DEL,1953.0,15.0,5285.4,225.0,overstock,NO,10322386.2
SKU02373,Diverse attitude-oriented product,Clothing,WH-HYD,203.0,97.0,3054.62,188.0,healthy,NO,620087.86
SKU02374,Organized real-time Local Area Network,Grocery,WH-HYD,302.0,10.0,6999.48,240.0,overstock,NO,2113842.96
SKU02375,Advanced optimal approach,Clothing,WH-HYD,1804.0,83.0,14859.66,209.0,overstock,NO,26806826.64
SKU02376,Front-line 24/7 capability,Clothing,WH-BLR,436.0,11.0,6614.22,176.0,overstock,NO,2883799.92
SKU02377,Up-sized attitude-oriented framework,Sports,WH-HYD,0.0,30.0,2717.8,224.0,stockout,YES,0.0
SKU02378,Decentralized asymmetric methodology,Electronics,WH-CHE,431.0,80.0,10328.93,270.0,overstock,NO,4451768.83
SKU02379,Quality-focused optimal hardware,Clothing,WH-HYD,1473.0,69.0,7331.86,206.0,overstock,NO,10799829.78
SKU02380,Compatible solution-oriented standardization,Home & Kitchen,WH-HYD,343.0,14.0,13997.19,262.0,overstock,NO,4801036.17
SKU02381,Proactive interactive open system,Beauty,WH-DEL,1947.0,60.0,4714.56,221.0,overstock,NO,9179248.32
SKU02382,Focused 24hour alliance,Books,WH-CHE,652.0,49.0,8639.58,157.0,overstock,NO,5633006.16
SKU02383,Pre-emptive 5thgeneration intranet,Sports,WH-BLR,258.0,63.0,13292.56,247.0,overstock,NO,3429480.48
SKU02384,Open-source uniform product,Sports,WH-CHE,957.0,30.0,5790.05,165.0,overstock,NO,5541077.85
SKU02385,Inverse context-sensitive benchmark,Electronics,WH-CHE,892.0,12.0,10246.7,228.0,overstock,NO,9140056.4
SKU02386,De-engineered local capacity,Clothing,WH-BLR,1629.0,14.0,4838.07,193.0,overstock,NO,7881216.03
SKU02387,Fundamental foreground contingency,Toys,WH-BLR,486.0,13.0,13658.78,190.0,overstock,NO,6638167.08
SKU02388,Total non-volatile orchestration,Grocery,WH-MUM,1771.0,29.0,3435.2,261.0,overstock,NO,6083739.2
SKU02389,Multi-lateral zero administration policy,Toys,WH-HYD,891.0,51.0,5788.98,175.0,overstock,NO,5157981.18
SKU02390,Diverse systemic budgetary management,Electronics,WH-MUM,1507.0,45.0,4898.61,224.0,overstock,NO,7382205.27
SKU02391,Cloned empowering installation,Clothing,WH-CHE,843.0,45.0,10389.51,252.0,overstock,NO,8758356.93
SKU02392,Focused systematic attitude,Beauty,WH-CHE,341.0,65.0,3393.77,211.0,overstock,NO,1157275.57
SKU02393,Digitized non-volatile emulation,Grocery,WH-BLR,24.0,80.0,8274.74,189.0,below_reorder,YES,198593.76
SKU02394,Down-sized content-based project,Books,WH-DEL,1063.0,52.0,14641.17,268.0,overstock,NO,15563563.71
SKU02395,User-centric web-enabled archive,Books,WH-HYD,457.0,66.0,2842.52,239.0,overstock,NO,1299031.64
SKU02396,Future-proofed grid-enabled conglomeration,Toys,WH-BLR,680.0,27.0,4484.36,183.0,overstock,NO,3049364.8
SKU02397,Re-engineered optimal matrix,Clothing,WH-HYD,61.0,11.0,4763.78,181.0,overstock,NO,290590.58
SKU02398,Profit-focused object-oriented support,Beauty,WH-BLR,17.0,30.0,14727.57,216.0,below_reorder,YES,250368.69
SKU02399,Profound stable functionalities,Beauty,WH-CHE,816.0,73.0,589.96,228.0,overstock,NO,481407.36
SKU02400,Ergonomic value-added open architecture,Sports,WH-MUM,1581.0,53.0,1434.52,230.0,overstock,NO,2267976.12
SKU02401,Profit-focused reciprocal success,Toys,WH-BLR,1910.0,81.0,9854.22,199.0,overstock,NO,18821560.2
SKU02402,Configurable exuding neural-net,Home & Kitchen,WH-BLR,504.0,65.0,13120.13,213.0,overstock,NO,6612545.52
SKU02403,Configurable hybrid firmware,Electronics,WH-BLR,383.0,95.0,5773.99,236.0,overstock,NO,2211438.17
SKU02404,Re-engineered local firmware,Clothing,WH-CHE,988.0,67.0,5524.76,190.0,overstock,NO,5458462.88
SKU02405,Up-sized eco-centric matrix,Clothing,WH-HYD,411.0,76.0,12996.69,228.0,overstock,NO,5341639.59
SKU02406,Multi-lateral composite Graphic Interface,Beauty,WH-MUM,1710.0,68.0,3307.3,171.0,overstock,NO,5655483.0
SKU02407,Cross-group modular firmware,Sports,WH-BLR,514.0,77.0,11490.21,206.0,overstock,NO,5905967.94
SKU02408,Organized mobile data-warehouse,Electronics,WH-HYD,1278.0,64.0,10052.12,248.0,overstock,NO,12846609.36
SKU02409,Multi-channeled radical encoding,Clothing,WH-HYD,550.0,21.0,3000.53,236.0,overstock,NO,1650291.5
SKU02410,Function-based explicit knowledgebase,Sports,WH-BLR,0.0,29.0,10264.49,209.0,stockout,YES,0.0
SKU02411,Reactive incremental neural-net,Beauty,WH-MUM,1663.0,26.0,3761.5,178.0,overstock,NO,6255374.5
SKU02412,Assimilated eco-centric frame,Grocery,WH-CHE,1385.0,22.0,634.94,209.0,overstock,NO,879391.9
SKU02413,Adaptive directional info-mediaries,Clothing,WH-DEL,1415.0,31.0,4083.09,243.0,overstock,NO,5777572.35
SKU02414,Horizontal contextually-based open system,Grocery,WH-CHE,1143.0,44.0,1130.91,248.0,overstock,NO,1292630.13
SKU02415,Synchronized encompassing capacity,Sports,WH-BLR,1572.0,80.0,3731.57,270.0,overstock,NO,5866028.04
SKU02416,Extended global pricing structure,Clothing,WH-HYD,1831.0,75.0,12151.99,176.0,overstock,NO,22250293.69
SKU02417,Decentralized upward-trending knowledgebase,Grocery,WH-MUM,1231.0,11.0,11323.44,195.0,overstock,NO,13939154.64
SKU02418,De-engineered zero administration solution,Electronics,WH-CHE,1109.0,87.0,4888.28,224.0,overstock,NO,5421102.52
SKU02419,Multi-channeled modular initiative,Beauty,WH-CHE,1861.0,15.0,12798.82,263.0,overstock,NO,23818604.02
SKU02420,Innovative executive interface,Clothing,WH-MUM,394.0,46.0,4053.17,205.0,overstock,NO,1596948.98
SKU02421,Object-based holistic time-frame,Beauty,WH-DEL,1132.0,98.0,14909.84,191.0,overstock,NO,16877938.88
SKU02422,Seamless national forecast,Beauty,WH-MUM,1943.0,53.0,5680.99,231.0,overstock,NO,11038163.57
SKU02423,Ergonomic interactive firmware,Toys,WH-CHE,1211.0,14.0,12164.86,235.0,overstock,NO,14731645.46
SKU02424,Seamless optimal challenge,Home & Kitchen,WH-MUM,1593.0,18.0,14423.39,218.0,overstock,NO,22976460.27
SKU02425,Compatible secondary policy,Toys,WH-BLR,1164.0,63.0,10539.75,221.0,overstock,NO,12268269.0
SKU02426,Function-based zero-defect strategy,Home & Kitchen,WH-MUM,153.0,47.0,14413.99,152.0,overstock,NO,2205340.47
SKU02427,Advanced value-added help-desk,Grocery,WH-BLR,1588.0,28.0,12450.43,194.0,overstock,NO,19771282.84
SKU02428,Visionary optimizing architecture,Clothing,WH-BLR,1403.0,82.0,2278.03,238.0,overstock,NO,3196076.09
SKU02429,Advanced homogeneous hierarchy,Books,WH-DEL,325.0,68.0,5978.26,172.0,overstock,NO,1942934.5
SKU02430,Multi-tiered empowering ability,Sports,WH-BLR,1413.0,86.0,8792.58,175.0,overstock,NO,12423915.54
SKU02431,Object-based full-range matrix,Home & Kitchen,WH-CHE,1765.0,29.0,5862.45,234.0,overstock,NO,10347224.25
SKU02432,Innovative logistical access,Books,WH-BLR,1482.0,65.0,3400.17,217.0,overstock,NO,5039051.94
SKU02433,Reduced tertiary system engine,Toys,WH-HYD,724.0,25.0,14530.84,186.0,overstock,NO,10520328.16
SKU02434,Decentralized 4thgeneration support,Toys,WH-CHE,1742.0,90.0,5348.62,273.0,overstock,NO,9317296.04
SKU02435,Enterprise-wide client-driven ability,Books,WH-CHE,1176.0,54.0,389.36,237.0,overstock,NO,457887.36
SKU02436,Focused contextually-based methodology,Sports,WH-CHE,1026.0,96.0,3565.06,292.0,overstock,NO,3657751.56
SKU02437,Face-to-face zero tolerance software,Sports,WH-BLR,814.0,55.0,9756.22,203.0,overstock,NO,7941563.08
SKU02438,Reduced 6thgeneration open architecture,Toys,WH-CHE,1482.0,51.0,2205.31,215.0,overstock,NO,3268269.42
SKU02439,Ameliorated motivating paradigm,Home & Kitchen,WH-MUM,1734.0,12.0,11544.51,219.0,overstock,NO,20018180.34
SKU02440,Robust value-added process improvement,Home & Kitchen,WH-CHE,1829.0,72.0,14898.6,204.0,overstock,NO,27249539.4
SKU02441,Advanced upward-trending hierarchy,Sports,WH-HYD,381.0,22.0,1455.68,259.0,overstock,NO,554614.08
SKU02442,Implemented 6thgeneration core,Beauty,WH-BLR,1909.0,72.0,12230.41,148.0,overstock,NO,23347852.69
SKU02443,Ergonomic full-range open system,Beauty,WH-CHE,0.0,11.0,8184.12,217.0,stockout,YES,0.0
SKU02444,Profit-focused tangible artificial intelligence,Books,WH-DEL,639.0,76.0,8670.3,246.0,overstock,NO,5540321.7
SKU02445,Configurable contextually-based Graphical User Int,Beauty,WH-BLR,1670.0,28.0,4105.86,271.0,overstock,NO,6856786.2
SKU02446,Customer-focused fresh-thinking function,Grocery,WH-CHE,722.0,79.0,7748.62,213.0,overstock,NO,5594503.64
SKU02447,Assimilated fault-tolerant synergy,Clothing,WH-HYD,31.0,88.0,8863.19,190.0,below_reorder,YES,274758.89
SKU02448,Pre-emptive local forecast,Beauty,WH-MUM,401.0,57.0,5744.31,219.0,overstock,NO,2303468.31
SKU02449,Object-based multi-state Internet solution,Toys,WH-HYD,1949.0,65.0,12163.02,120.0,overstock,NO,23705725.98
SKU02450,Enhanced grid-enabled software,Home & Kitchen,WH-MUM,1103.0,20.0,3637.89,255.0,overstock,NO,4012592.67
SKU02451,Team-oriented zero administration approach,Grocery,WH-BLR,1855.0,25.0,5139.82,205.0,overstock,NO,9534366.1
SKU02452,Up-sized asynchronous application,Books,WH-BLR,1243.0,53.0,9214.68,257.0,overstock,NO,11453847.24
SKU02453,Customizable asynchronous utilization,Grocery,WH-DEL,1681.0,30.0,12533.66,145.0,overstock,NO,21069082.46
SKU02454,Decentralized neutral adapter,Electronics,WH-HYD,930.0,20.0,1364.56,203.0,overstock,NO,1269040.8
SKU02455,Mandatory multi-state extranet,Toys,WH-BLR,606.0,12.0,1992.67,330.0,overstock,NO,1207558.02
SKU02456,Programmable static flexibility,Toys,WH-BLR,1170.0,44.0,9925.08,260.0,overstock,NO,11612343.6
SKU02457,Phased exuding encryption,Books,WH-MUM,1365.0,45.0,11665.33,275.0,overstock,NO,15923175.45
SKU02458,Optimized 5thgeneration process improvement,Sports,WH-DEL,1272.0,13.0,10462.93,206.0,overstock,NO,13308846.96
SKU02459,Compatible grid-enabled firmware,Home & Kitchen,WH-DEL,1507.0,77.0,14249.22,189.0,overstock,NO,21473574.54
SKU02460,Automated multimedia success,Toys,WH-CHE,1754.0,91.0,14496.67,242.0,overstock,NO,25427159.18
SKU02461,Phased hybrid definition,Toys,WH-BLR,996.0,70.0,6359.33,169.0,overstock,NO,6333892.68
SKU02462,Future-proofed stable pricing structure,Home & Kitchen,WH-DEL,1459.0,20.0,11279.78,283.0,overstock,NO,16457199.02
SKU02463,Polarized secondary focus group,Sports,WH-CHE,471.0,42.0,72.98,202.0,overstock,NO,34373.58
SKU02464,Polarized 24/7 success,Grocery,WH-HYD,355.0,12.0,12700.46,187.0,overstock,NO,4508663.3
SKU02465,Monitored disintermediate projection,Grocery,WH-CHE,974.0,54.0,7058.19,192.0,overstock,NO,6874677.06
SKU02466,Ergonomic context-sensitive algorithm,Books,WH-BLR,1911.0,28.0,2866.42,173.0,overstock,NO,5477728.62
SKU02467,Cloned context-sensitive capacity,Beauty,WH-CHE,462.0,26.0,3215.56,188.0,overstock,NO,1485588.72
SKU02468,Cloned fault-tolerant concept,Sports,WH-HYD,1812.0,71.0,1965.82,250.0,overstock,NO,3562065.84
SKU02469,Compatible next generation implementation,Home & Kitchen,WH-BLR,516.0,67.0,6867.02,207.0,overstock,NO,3543382.32
SKU02470,Ameliorated coherent concept,Electronics,WH-CHE,218.0,77.0,2514.59,196.0,healthy,NO,548180.62
SKU02471,Implemented heuristic encryption,Home & Kitchen,WH-BLR,1916.0,77.0,1443.86,286.0,overstock,NO,2766435.76
SKU02472,Decentralized optimal moderator,Toys,WH-HYD,465.0,34.0,14929.45,223.0,overstock,NO,6942194.25
SKU02473,Configurable mission-critical complexity,Books,WH-CHE,811.0,72.0,8757.42,217.0,overstock,NO,7102267.62
SKU02474,Quality-focused content-based knowledgebase,Sports,WH-DEL,1605.0,95.0,2686.37,260.0,overstock,NO,4311623.85
SKU02475,Multi-tiered attitude-oriented initiative,Grocery,WH-CHE,1409.0,81.0,5001.82,231.0,overstock,NO,7047564.38
SKU02476,Team-oriented analyzing synergy,Beauty,WH-CHE,0.0,49.0,9967.63,176.0,stockout,YES,0.0
SKU02477,Mandatory systemic contingency,Grocery,WH-CHE,785.0,99.0,886.87,252.0,overstock,NO,696192.95
SKU02478,Balanced national instruction set,Home & Kitchen,WH-MUM,494.0,92.0,7917.06,248.0,overstock,NO,3911027.64
SKU02479,Proactive directional capacity,Electronics,WH-BLR,1993.0,49.0,2295.69,238.0,overstock,NO,4575310.17
SKU02480,Ergonomic stable monitoring,Clothing,WH-HYD,1459.0,85.0,12790.0,227.0,overstock,NO,18660610.0
SKU02481,Up-sized clear-thinking attitude,Toys,WH-HYD,911.0,77.0,11204.65,157.0,overstock,NO,10207436.15
SKU02482,Persistent needs-based system engine,Toys,WH-DEL,848.0,38.0,3267.98,263.0,overstock,NO,2771247.04
SKU02483,Programmable even-keeled encoding,Beauty,WH-BLR,595.0,84.0,9295.08,273.0,overstock,NO,5530572.6
SKU02484,Balanced 4thgeneration workforce,Clothing,WH-BLR,1147.0,66.0,1765.75,217.0,overstock,NO,2025315.25
SKU02485,Synchronized bifurcated archive,Books,WH-DEL,680.0,21.0,14295.17,171.0,overstock,NO,9720715.6
SKU02486,Stand-alone homogeneous framework,Sports,WH-HYD,1012.0,83.0,6936.36,223.0,overstock,NO,7019596.32
SKU02487,Object-based radical Graphical User Interface,Home & Kitchen,WH-CHE,402.0,84.0,6045.37,199.0,overstock,NO,2430238.74
SKU02488,Open-architected logistical analyzer,Beauty,WH-CHE,1965.0,89.0,4416.29,201.0,overstock,NO,8678009.85
SKU02489,Public-key attitude-oriented functionalities,Grocery,WH-HYD,1449.0,80.0,8574.38,182.0,overstock,NO,12424276.62
SKU02490,Automated mobile capacity,Home & Kitchen,WH-MUM,1626.0,12.0,12160.86,221.0,overstock,NO,19773558.36
SKU02491,Advanced neutral access,Clothing,WH-DEL,61.0,42.0,397.46,174.0,healthy,NO,24245.06
SKU02492,Seamless background Graphical User Interface,Toys,WH-DEL,1220.0,60.0,10033.68,219.0,overstock,NO,12241089.6
SKU02493,Pre-emptive background algorithm,Beauty,WH-BLR,1000.0,85.0,1332.81,188.0,overstock,NO,1332810.0
SKU02494,Optional 24/7 help-desk,Clothing,WH-DEL,1193.0,82.0,3837.7,253.0,overstock,NO,4578376.1
SKU02495,Object-based disintermediate Internet solution,Grocery,WH-DEL,1428.0,94.0,1517.42,213.0,overstock,NO,2166875.76
SKU02496,Ameliorated responsive support,Electronics,WH-BLR,543.0,75.0,73.4,213.0,overstock,NO,39856.2
SKU02497,Mandatory intangible process improvement,Home & Kitchen,WH-MUM,1349.0,71.0,4129.81,259.0,overstock,NO,5571113.69
SKU02498,Synergized incremental throughput,Sports,WH-CHE,1475.0,60.0,13154.72,219.0,overstock,NO,19403212.0
SKU02499,Polarized composite Local Area Network,Beauty,WH-CHE,263.0,48.0,10571.37,173.0,overstock,NO,2780270.31
SKU02500,Switchable hybrid challenge,Books,WH-BLR,1945.0,24.0,12809.54,240.0,overstock,NO,24914555.3
SKU02501,Adaptive content-based secured line,Clothing,WH-BLR,318.0,18.0,8815.54,215.0,overstock,NO,2803341.72
SKU02502,Decentralized demand-driven synergy,Books,WH-MUM,524.0,40.0,12976.44,298.0,overstock,NO,6799654.56
SKU02503,Fundamental demand-driven throughput,Books,WH-BLR,948.0,96.0,14170.98,174.0,overstock,NO,13434089.04
SKU02504,Quality-focused impactful service-desk,Grocery,WH-BLR,435.0,26.0,7490.71,226.0,overstock,NO,3258458.85
SKU02505,Fully-configurable well-modulated time-frame,Beauty,WH-BLR,987.0,16.0,8003.89,198.0,overstock,NO,7899839.43
SKU02506,Ameliorated encompassing utilization,Clothing,WH-CHE,1451.0,66.0,185.67,277.0,overstock,NO,269407.17
SKU02507,Innovative motivating attitude,Clothing,WH-HYD,963.0,19.0,3888.57,162.0,overstock,NO,3744692.91
SKU02508,Business-focused leadingedge projection,Home & Kitchen,WH-HYD,61.0,20.0,13018.4,280.0,overstock,NO,794122.4
SKU02509,Progressive directional product,Electronics,WH-HYD,0.0,60.0,7246.47,250.0,stockout,YES,0.0
SKU02510,Organic neutral extranet,Grocery,WH-HYD,559.0,29.0,12496.25,211.0,overstock,NO,6985403.75
SKU02511,Fundamental 24hour protocol,Grocery,WH-MUM,1916.0,47.0,1839.62,171.0,overstock,NO,3524711.92
SKU02512,Re-contextualized asynchronous hardware,Beauty,WH-MUM,1024.0,16.0,5881.22,175.0,overstock,NO,6022369.28
SKU02513,Face-to-face incremental toolset,Home & Kitchen,WH-HYD,403.0,83.0,5256.56,225.0,overstock,NO,2118393.68
SKU02514,Ameliorated systematic ability,Home & Kitchen,WH-CHE,667.0,67.0,13259.48,254.0,overstock,NO,8844073.16
SKU02515,Balanced clear-thinking superstructure,Grocery,WH-DEL,1493.0,70.0,3142.86,240.0,overstock,NO,4692289.98
SKU02516,Virtual incremental info-mediaries,Clothing,WH-HYD,1354.0,32.0,11204.46,237.0,overstock,NO,15170838.84
SKU02517,Networked analyzing service-desk,Books,WH-HYD,609.0,59.0,9804.26,178.0,overstock,NO,5970794.34
SKU02518,Stand-alone eco-centric toolset,Toys,WH-DEL,1976.0,33.0,11250.01,223.0,overstock,NO,22230019.76
SKU02519,Organic multi-tasking approach,Clothing,WH-CHE,1428.0,36.0,3941.61,166.0,overstock,NO,5628619.08
SKU02520,Future-proofed logistical array,Toys,WH-DEL,484.0,83.0,10069.18,177.0,overstock,NO,4873483.12
SKU02521,Upgradable mission-critical benchmark,Home & Kitchen,WH-HYD,1877.0,52.0,12916.47,208.0,overstock,NO,24244214.19
SKU02522,Function-based dedicated definition,Sports,WH-DEL,1188.0,84.0,3872.22,172.0,overstock,NO,4600197.36
SKU02523,Distributed background circuit,Clothing,WH-BLR,1713.0,60.0,9461.73,270.0,overstock,NO,16207943.49
SKU02524,Automated exuding utilization,Books,WH-HYD,126.0,35.0,14982.62,235.0,overstock,NO,1887810.12
SKU02525,Integrated high-level utilization,Home & Kitchen,WH-DEL,241.0,55.0,10679.55,222.0,overstock,NO,2573771.55
SKU02526,Fundamental interactive conglomeration,Toys,WH-CHE,912.0,69.0,3921.7,263.0,overstock,NO,3576590.4
SKU02527,Optional impactful project,Electronics,WH-CHE,1718.0,23.0,13072.87,205.0,overstock,NO,22459190.66
SKU02528,Exclusive disintermediate access,Books,WH-MUM,745.0,98.0,11126.39,237.0,overstock,NO,8289160.55
SKU02529,Networked optimal encoding,Books,WH-MUM,747.0,71.0,9085.06,201.0,overstock,NO,6786539.82
SKU02530,Innovative cohesive support,Home & Kitchen,WH-BLR,1219.0,84.0,11493.05,148.0,overstock,NO,14010027.95
SKU02531,Visionary foreground project,Toys,WH-DEL,960.0,52.0,6637.97,203.0,overstock,NO,6372451.2
SKU02532,Secured multimedia extranet,Sports,WH-DEL,1197.0,70.0,7776.59,182.0,overstock,NO,9308578.23
SKU02533,Re-engineered motivating approach,Home & Kitchen,WH-CHE,1884.0,59.0,10416.26,232.0,overstock,NO,19624233.84
SKU02534,Expanded full-range ability,Clothing,WH-CHE,1441.0,33.0,4918.59,230.0,overstock,NO,7087688.19
SKU02535,Enhanced cohesive solution,Electronics,WH-CHE,260.0,41.0,791.91,182.0,overstock,NO,205896.6
SKU02536,Robust composite conglomeration,Clothing,WH-HYD,263.0,75.0,3221.56,217.0,overstock,NO,847270.28
SKU02537,Versatile zero tolerance throughput,Books,WH-HYD,536.0,12.0,7090.93,208.0,overstock,NO,3800738.48
SKU02538,Down-sized leadingedge encoding,Clothing,WH-CHE,1552.0,78.0,3783.22,275.0,overstock,NO,5871557.44
SKU02539,Pre-emptive client-driven analyzer,Clothing,WH-DEL,987.0,98.0,5427.61,248.0,overstock,NO,5357051.07
SKU02540,Down-sized 5thgeneration encryption,Clothing,WH-BLR,353.0,18.0,7918.2,204.0,overstock,NO,2795124.6
SKU02541,Stand-alone contextually-based matrix,Beauty,WH-DEL,1541.0,70.0,11957.63,291.0,overstock,NO,18426707.83
SKU02542,Total incremental adapter,Beauty,WH-MUM,0.0,29.0,5073.15,199.0,stockout,YES,0.0
SKU02543,Virtual logistical definition,Beauty,WH-CHE,265.0,51.0,5454.89,183.0,overstock,NO,1445545.85
SKU02544,Networked 4thgeneration Graphic Interface,Grocery,WH-HYD,1780.0,34.0,10039.3,165.0,overstock,NO,17869954.0
SKU02545,Managed modular Internet solution,Home & Kitchen,WH-MUM,1120.0,87.0,11528.29,184.0,overstock,NO,12911684.8
SKU02546,Triple-buffered eco-centric circuit,Books,WH-CHE,294.0,66.0,5384.38,209.0,overstock,NO,1583007.72
SKU02547,Assimilated mission-critical workforce,Grocery,WH-MUM,1487.0,54.0,1602.86,227.0,overstock,NO,2383452.82
SKU02548,Business-focused regional capacity,Toys,WH-MUM,1931.0,62.0,4539.8,242.0,overstock,NO,8766353.8
SKU02549,Customer-focused logistical hardware,Sports,WH-BLR,1021.0,62.0,12764.86,241.0,overstock,NO,13032922.06
SKU02550,User-centric systematic task-force,Beauty,WH-MUM,931.0,76.0,4848.33,287.0,overstock,NO,4513795.23
SKU02551,Reactive homogeneous alliance,Clothing,WH-DEL,1890.0,80.0,11384.96,254.0,overstock,NO,21517574.4
SKU02552,Enterprise-wide exuding strategy,Electronics,WH-CHE,100.0,71.0,7918.71,308.0,healthy,NO,791871.0
SKU02553,Robust client-server help-desk,Toys,WH-BLR,1676.0,13.0,11113.52,234.0,overstock,NO,18626259.52
SKU02554,Multi-lateral static open architecture,Clothing,WH-CHE,655.0,11.0,9775.13,229.0,overstock,NO,6402710.15
SKU02555,Switchable incremental analyzer,Electronics,WH-CHE,1314.0,97.0,8452.08,232.0,overstock,NO,11106033.12
SKU02556,Optional 6thgeneration firmware,Grocery,WH-BLR,1646.0,42.0,8938.38,317.0,overstock,NO,14712573.48
SKU02557,Stand-alone methodical concept,Toys,WH-HYD,434.0,78.0,1236.72,244.0,overstock,NO,536736.48
SKU02558,Fully-configurable radical implementation,Toys,WH-HYD,1699.0,91.0,5685.07,220.0,overstock,NO,9658933.93
SKU02559,User-centric background function,Toys,WH-MUM,496.0,39.0,11453.77,162.0,overstock,NO,5681069.92
SKU02560,Visionary radical knowledge user,Grocery,WH-CHE,1523.0,62.0,6668.15,132.0,overstock,NO,10155592.45
SKU02561,Quality-focused bottom-line policy,Books,WH-MUM,1182.0,29.0,14292.46,248.0,overstock,NO,16893687.72
SKU02562,Operative attitude-oriented capability,Home & Kitchen,WH-DEL,1261.0,54.0,7554.88,271.0,overstock,NO,9526703.68
SKU02563,Versatile bifurcated hub,Home & Kitchen,WH-MUM,594.0,80.0,3317.73,198.0,overstock,NO,1970731.62
SKU02564,Enterprise-wide grid-enabled software,Grocery,WH-DEL,641.0,51.0,3710.86,192.0,overstock,NO,2378661.26
SKU02565,Secured real-time frame,Clothing,WH-BLR,17.0,91.0,9024.28,237.0,below_reorder,YES,153412.76
SKU02566,Compatible client-driven data-warehouse,Sports,WH-HYD,1539.0,13.0,7124.91,162.0,overstock,NO,10965236.49
SKU02567,Reverse-engineered clear-thinking toolset,Grocery,WH-CHE,1313.0,64.0,12971.25,176.0,overstock,NO,17031251.25
SKU02568,Secured non-volatile array,Clothing,WH-CHE,1944.0,72.0,4081.73,198.0,overstock,NO,7934883.12
SKU02569,Multi-lateral logistical challenge,Books,WH-HYD,839.0,12.0,14648.77,229.0,overstock,NO,12290318.03
SKU02570,Monitored methodical hub,Beauty,WH-CHE,1242.0,21.0,8729.97,271.0,overstock,NO,10842622.74
SKU02571,Monitored explicit concept,Sports,WH-MUM,1475.0,59.0,7296.11,293.0,overstock,NO,10761762.25
SKU02572,Implemented national array,Beauty,WH-CHE,903.0,77.0,3114.54,183.0,overstock,NO,2812429.62
SKU02573,Face-to-face directional productivity,Grocery,WH-CHE,1036.0,97.0,12103.27,213.0,overstock,NO,12538987.72
SKU02574,Universal optimizing superstructure,Beauty,WH-DEL,501.0,90.0,6817.62,217.0,overstock,NO,3415627.62
SKU02575,Optional exuding core,Sports,WH-CHE,0.0,59.0,14389.89,227.0,stockout,YES,0.0
SKU02576,Synchronized homogeneous groupware,Toys,WH-BLR,1156.0,33.0,3685.22,261.0,overstock,NO,4260114.32
SKU02577,Object-based empowering moderator,Grocery,WH-HYD,976.0,45.0,3802.07,218.0,overstock,NO,3710820.32
SKU02578,Inverse high-level challenge,Grocery,WH-MUM,162.0,38.0,9621.14,216.0,overstock,NO,1558624.68
SKU02579,Monitored multimedia benchmark,Sports,WH-BLR,910.0,59.0,7752.44,244.0,overstock,NO,7054720.4
SKU02580,Enterprise-wide stable middleware,Clothing,WH-CHE,1548.0,76.0,13920.21,212.0,overstock,NO,21548485.08
SKU02581,De-engineered zero-defect challenge,Beauty,WH-CHE,1213.0,38.0,5631.03,179.0,overstock,NO,6830439.39
SKU02582,Fundamental bi-directional capability,Home & Kitchen,WH-DEL,82.0,17.0,12218.94,205.0,overstock,NO,1001953.08
SKU02583,Multi-tiered exuding challenge,Electronics,WH-DEL,718.0,66.0,4829.35,180.0,overstock,NO,3467473.3
SKU02584,Grass-roots leadingedge leverage,Toys,WH-BLR,746.0,14.0,4865.16,232.0,overstock,NO,3629409.36
SKU02585,User-centric web-enabled encryption,Clothing,WH-BLR,567.0,33.0,8596.21,259.0,overstock,NO,4874051.07
SKU02586,Multi-layered 5thgeneration infrastructure,Toys,WH-HYD,1346.0,23.0,1928.99,198.0,overstock,NO,2596420.54
SKU02587,Virtual responsive firmware,Books,WH-DEL,505.0,62.0,9170.51,239.0,overstock,NO,4631107.55
SKU02588,Persevering stable encoding,Books,WH-MUM,1796.0,57.0,3072.57,190.0,overstock,NO,5518335.72
SKU02589,Self-enabling leadingedge monitoring,Grocery,WH-CHE,1857.0,95.0,4740.84,189.0,overstock,NO,8803739.88
SKU02590,Distributed zero tolerance benchmark,Electronics,WH-MUM,1660.0,74.0,8576.31,216.0,overstock,NO,14236674.6
SKU02591,Face-to-face maximized customer loyalty,Clothing,WH-DEL,1876.0,77.0,8936.45,259.0,overstock,NO,16764780.2
SKU02592,Persevering 24hour challenge,Grocery,WH-HYD,666.0,74.0,11470.41,271.0,overstock,NO,7639293.06
SKU02593,Persevering discrete workforce,Home & Kitchen,WH-HYD,1611.0,34.0,11685.1,185.0,overstock,NO,18824696.1
SKU02594,Cross-group incremental alliance,Toys,WH-HYD,1204.0,68.0,3750.89,221.0,overstock,NO,4516071.56
SKU02595,Decentralized demand-driven implementation,Books,WH-HYD,1731.0,62.0,13021.21,233.0,overstock,NO,22539714.51
SKU02596,Enhanced holistic complexity,Grocery,WH-CHE,1021.0,51.0,9877.33,225.0,overstock,NO,10084753.93
SKU02597,Monitored fresh-thinking instruction set,Electronics,WH-DEL,1544.0,97.0,11874.9,183.0,overstock,NO,18334845.6
SKU02598,Multi-lateral actuating flexibility,Sports,WH-DEL,745.0,66.0,4197.75,190.0,overstock,NO,3127323.75
SKU02599,Synergistic content-based service-desk,Toys,WH-DEL,1248.0,97.0,2398.32,271.0,overstock,NO,2993103.36
SKU02600,Cross-group homogeneous array,Electronics,WH-MUM,1253.0,100.0,13939.74,239.0,overstock,NO,17466494.22
SKU02601,Devolved hybrid archive,Home & Kitchen,WH-HYD,302.0,76.0,6101.18,209.0,overstock,NO,1842556.36
SKU02602,Vision-oriented impactful core,Beauty,WH-DEL,486.0,52.0,4380.25,276.0,overstock,NO,2128801.5
SKU02603,Profit-focused composite parallelism,Sports,WH-BLR,1511.0,64.0,10077.13,241.0,overstock,NO,15226543.43
SKU02604,Extended non-volatile artificial intelligence,Clothing,WH-BLR,905.0,36.0,1061.93,284.0,overstock,NO,961046.65
SKU02605,Open-architected clear-thinking ability,Grocery,WH-BLR,1641.0,80.0,2510.63,286.0,overstock,NO,4119943.83
SKU02606,Front-line exuding standardization,Grocery,WH-CHE,1036.0,48.0,10075.41,209.0,overstock,NO,10438124.76
SKU02607,Ergonomic national moratorium,Grocery,WH-MUM,645.0,98.0,4973.5,202.0,overstock,NO,3207907.5
SKU02608,Reverse-engineered 24/7 budgetary management,Electronics,WH-HYD,0.0,53.0,5500.27,164.0,stockout,YES,0.0
SKU02609,Synergized web-enabled open system,Grocery,WH-MUM,1068.0,89.0,2171.93,268.0,overstock,NO,2319621.24
SKU02610,Organic fresh-thinking core,Electronics,WH-DEL,1517.0,54.0,11552.88,219.0,overstock,NO,17525718.96
SKU02611,Ergonomic motivating focus group,Books,WH-CHE,837.0,63.0,12788.23,166.0,overstock,NO,10703748.51
SKU02612,Digitized uniform orchestration,Home & Kitchen,WH-CHE,263.0,23.0,1019.15,329.0,overstock,NO,268036.45
SKU02613,Multi-layered background toolset,Toys,WH-HYD,1132.0,13.0,8235.27,161.0,overstock,NO,9322325.64
SKU02614,Switchable zero-defect paradigm,Grocery,WH-BLR,1066.0,38.0,12982.54,299.0,overstock,NO,13839387.64
SKU02615,Face-to-face client-driven help-desk,Home & Kitchen,WH-CHE,1966.0,31.0,1719.0,122.0,overstock,NO,3379554.0
SKU02616,Operative reciprocal hardware,Clothing,WH-HYD,211.0,40.0,3379.29,263.0,overstock,NO,713030.19
SKU02617,Switchable intangible instruction set,Toys,WH-DEL,1159.0,77.0,10342.92,220.0,overstock,NO,11987444.28
SKU02618,Customer-focused systemic workforce,Books,WH-BLR,1145.0,97.0,548.42,134.0,overstock,NO,627940.9
SKU02619,Customer-focused encompassing leverage,Books,WH-CHE,870.0,25.0,14667.77,198.0,overstock,NO,12760959.9
SKU02620,Versatile local website,Grocery,WH-HYD,1097.0,64.0,2470.15,241.0,overstock,NO,2709754.55
SKU02621,Enhanced disintermediate knowledge user,Toys,WH-HYD,817.0,71.0,736.62,207.0,overstock,NO,601818.54
SKU02622,Ergonomic system-worthy protocol,Beauty,WH-MUM,919.0,51.0,8483.62,207.0,overstock,NO,7796446.78
SKU02623,Monitored exuding model,Clothing,WH-HYD,652.0,71.0,12172.71,191.0,overstock,NO,7936606.92
SKU02624,User-friendly explicit ability,Home & Kitchen,WH-BLR,24.0,15.0,5339.18,246.0,healthy,NO,128140.32
SKU02625,Extended high-level collaboration,Beauty,WH-CHE,1644.0,93.0,10342.26,214.0,overstock,NO,17002675.44
SKU02626,Ergonomic user-facing open architecture,Clothing,WH-BLR,1107.0,51.0,435.57,266.0,overstock,NO,482175.99
SKU02627,Re-engineered heuristic framework,Grocery,WH-HYD,701.0,74.0,2311.17,186.0,overstock,NO,1620130.17
SKU02628,Intuitive human-resource collaboration,Beauty,WH-MUM,1288.0,15.0,11773.59,157.0,overstock,NO,15164383.92
SKU02629,Ergonomic well-modulated hardware,Electronics,WH-DEL,1927.0,12.0,2336.09,177.0,overstock,NO,4501645.43
SKU02630,Multi-tiered coherent orchestration,Clothing,WH-HYD,1616.0,48.0,5579.24,214.0,overstock,NO,9016051.84
SKU02631,Face-to-face holistic encoding,Books,WH-DEL,776.0,76.0,1798.29,172.0,overstock,NO,1395473.04
SKU02632,Centralized radical circuit,Toys,WH-DEL,1683.0,21.0,11509.57,202.0,overstock,NO,19370606.31
SKU02633,Re-contextualized stable policy,Beauty,WH-HYD,1984.0,21.0,9463.81,222.0,overstock,NO,18776199.04
SKU02634,Centralized motivating conglomeration,Sports,WH-HYD,564.0,94.0,298.86,169.0,overstock,NO,168557.04
SKU02635,Focused asynchronous budgetary management,Beauty,WH-BLR,84.0,52.0,723.33,246.0,healthy,NO,60759.72
SKU02636,Integrated global access,Sports,WH-CHE,1312.0,85.0,557.06,231.0,overstock,NO,730862.72
SKU02637,Secured web-enabled open architecture,Home & Kitchen,WH-HYD,47.0,83.0,9411.59,312.0,below_reorder,YES,442344.73
SKU02638,Diverse zero-defect project,Electronics,WH-BLR,787.0,87.0,13906.45,233.0,overstock,NO,10944376.15
SKU02639,Public-key holistic initiative,Books,WH-BLR,1329.0,99.0,5013.9,163.0,overstock,NO,6663473.1
SKU02640,Down-sized tertiary archive,Electronics,WH-HYD,461.0,37.0,13808.7,201.0,overstock,NO,6365810.7
SKU02641,Expanded local array,Books,WH-MUM,0.0,31.0,6081.58,190.0,stockout,YES,0.0
SKU02642,Re-contextualized systematic ability,Beauty,WH-DEL,1044.0,72.0,4911.85,266.0,overstock,NO,5127971.4
SKU02643,Networked uniform software,Books,WH-BLR,132.0,92.0,3573.9,132.0,healthy,NO,471754.8
SKU02644,Progressive uniform circuit,Sports,WH-CHE,1302.0,90.0,4118.6,222.0,overstock,NO,5362417.2
SKU02645,Operative high-level interface,Toys,WH-CHE,1374.0,14.0,10550.1,220.0,overstock,NO,14495837.4
SKU02646,Configurable impactful projection,Electronics,WH-CHE,433.0,100.0,3934.76,202.0,overstock,NO,1703751.08
SKU02647,Exclusive intermediate success,Electronics,WH-CHE,1992.0,79.0,4134.72,164.0,overstock,NO,8236362.24
SKU02648,Ergonomic methodical neural-net,Grocery,WH-BLR,1724.0,23.0,9497.9,191.0,overstock,NO,16374379.6
SKU02649,Team-oriented clear-thinking help-desk,Electronics,WH-DEL,771.0,66.0,10327.0,182.0,overstock,NO,7962117.0
SKU02650,Self-enabling user-facing service-desk,Grocery,WH-DEL,1019.0,85.0,3200.81,145.0,overstock,NO,3261625.39
SKU02651,Universal mobile process improvement,Clothing,WH-HYD,1985.0,78.0,13318.72,160.0,overstock,NO,26437659.2
SKU02652,Front-line optimal application,Clothing,WH-MUM,36.0,90.0,3382.03,214.0,below_reorder,YES,121753.08
SKU02653,Seamless 5thgeneration adapter,Sports,WH-MUM,222.0,80.0,5726.93,118.0,healthy,NO,1271378.46
SKU02654,Multi-tiered maximized superstructure,Beauty,WH-BLR,780.0,51.0,867.0,206.0,overstock,NO,676260.0
SKU02655,Realigned optimal interface,Toys,WH-BLR,314.0,66.0,5806.58,178.0,overstock,NO,1823266.12
SKU02656,Cross-group intangible instruction set,Clothing,WH-MUM,715.0,63.0,2364.07,193.0,overstock,NO,1690310.05
SKU02657,Focused discrete structure,Home & Kitchen,WH-CHE,1215.0,67.0,6648.56,214.0,overstock,NO,8078000.4
SKU02658,Inverse stable array,Home & Kitchen,WH-CHE,331.0,55.0,11565.64,300.0,overstock,NO,3828226.84
SKU02659,Implemented impactful analyzer,Sports,WH-DEL,745.0,81.0,7349.82,205.0,overstock,NO,5475615.9
SKU02660,Fully-configurable hybrid process improvement,Grocery,WH-MUM,1850.0,93.0,1840.01,199.0,overstock,NO,3404018.5
SKU02661,Enhanced logistical moderator,Clothing,WH-HYD,1585.0,22.0,11388.75,251.0,overstock,NO,18051168.75
SKU02662,Phased radical function,Electronics,WH-HYD,353.0,20.0,13412.4,235.0,overstock,NO,4734577.2
SKU02663,Polarized high-level process improvement,Sports,WH-HYD,1836.0,52.0,6744.57,195.0,overstock,NO,12383030.52
SKU02664,Business-focused web-enabled success,Sports,WH-BLR,214.0,33.0,3974.26,235.0,overstock,NO,850491.64
SKU02665,Pre-emptive heuristic superstructure,Sports,WH-CHE,706.0,91.0,4294.74,299.0,overstock,NO,3032086.44
SKU02666,Phased motivating challenge,Toys,WH-BLR,585.0,42.0,11091.18,210.0,overstock,NO,6488340.3
SKU02667,Multi-layered responsive access,Clothing,WH-HYD,1908.0,81.0,12536.6,166.0,overstock,NO,23919832.8
SKU02668,Integrated high-level parallelism,Sports,WH-HYD,993.0,27.0,8944.31,202.0,overstock,NO,8881699.83
SKU02669,Public-key full-range analyzer,Books,WH-MUM,1654.0,66.0,12168.24,166.0,overstock,NO,20126268.96
SKU02670,Grass-roots radical function,Toys,WH-MUM,1507.0,49.0,13967.07,231.0,overstock,NO,21048374.49
SKU02671,Reactive systematic throughput,Grocery,WH-HYD,4.0,46.0,10068.25,223.0,below_reorder,YES,40273.0
SKU02672,Secured mobile challenge,Sports,WH-BLR,1730.0,10.0,6576.55,280.0,overstock,NO,11377431.5
SKU02673,Innovative bifurcated circuit,Toys,WH-BLR,389.0,34.0,10422.18,201.0,overstock,NO,4054228.02
SKU02674,Up-sized bi-directional emulation,Home & Kitchen,WH-HYD,0.0,21.0,4916.97,227.0,stockout,YES,0.0
SKU02675,Proactive optimizing capacity,Books,WH-HYD,1934.0,29.0,2193.51,165.0,overstock,NO,4242248.34
SKU02676,Streamlined 5thgeneration methodology,Books,WH-DEL,1922.0,98.0,8023.77,213.0,overstock,NO,15421685.94
SKU02677,Customer-focused hybrid pricing structure,Beauty,WH-CHE,18.0,95.0,1132.29,252.0,below_reorder,YES,20381.22
SKU02678,Cloned motivating infrastructure,Sports,WH-BLR,1783.0,28.0,13949.51,252.0,overstock,NO,24871976.33
SKU02679,Multi-tiered even-keeled encryption,Beauty,WH-CHE,823.0,74.0,149.09,153.0,overstock,NO,122701.07
SKU02680,Mandatory fault-tolerant instruction set,Electronics,WH-CHE,560.0,32.0,7682.78,270.0,overstock,NO,4302356.8
SKU02681,Configurable exuding database,Grocery,WH-MUM,147.0,60.0,2387.5,318.0,healthy,NO,350962.5
SKU02682,Multi-layered human-resource functionalities,Books,WH-MUM,1417.0,94.0,4637.45,203.0,overstock,NO,6571266.65
SKU02683,Virtual empowering pricing structure,Books,WH-DEL,1917.0,41.0,7356.26,225.0,overstock,NO,14101950.42
SKU02684,Object-based high-level artificial intelligence,Toys,WH-MUM,924.0,41.0,7074.44,126.0,overstock,NO,6536782.56
SKU02685,Networked upward-trending framework,Toys,WH-HYD,915.0,66.0,1924.34,213.0,overstock,NO,1760771.1
SKU02686,Profit-focused multi-tasking open system,Toys,WH-CHE,687.0,75.0,13237.22,225.0,overstock,NO,9093970.14
SKU02687,Exclusive hybrid secured line,Sports,WH-HYD,1100.0,91.0,11446.63,224.0,overstock,NO,12591293.0
SKU02688,Multi-tiered web-enabled algorithm,Sports,WH-CHE,309.0,47.0,8774.37,290.0,overstock,NO,2711280.33
SKU02689,Triple-buffered dynamic matrices,Books,WH-HYD,412.0,72.0,11821.11,187.0,overstock,NO,4870297.32
SKU02690,Decentralized bi-directional customer loyalty,Grocery,WH-HYD,1774.0,62.0,2396.9,237.0,overstock,NO,4252100.6
SKU02691,Horizontal intangible encryption,Sports,WH-DEL,1236.0,97.0,10654.29,189.0,overstock,NO,13168702.44
SKU02692,Automated encompassing implementation,Books,WH-HYD,865.0,92.0,6094.85,262.0,overstock,NO,5272045.25
SKU02693,Future-proofed coherent portal,Books,WH-MUM,65.0,19.0,11460.68,325.0,overstock,NO,744944.2
SKU02694,Profit-focused grid-enabled neural-net,Clothing,WH-MUM,1456.0,23.0,13534.03,207.0,overstock,NO,19705547.68
SKU02695,Devolved holistic neural-net,Grocery,WH-MUM,699.0,48.0,8973.25,204.0,overstock,NO,6272301.75
SKU02696,Horizontal client-server toolset,Books,WH-MUM,1093.0,34.0,8340.94,177.0,overstock,NO,9116647.42
SKU02697,Assimilated directional process improvement,Clothing,WH-DEL,1629.0,75.0,9830.07,227.0,overstock,NO,16013184.03
SKU02698,Cloned systematic database,Clothing,WH-CHE,572.0,11.0,6000.3,180.0,overstock,NO,3432171.6
SKU02699,Future-proofed 3rdgeneration concept,Books,WH-DEL,1101.0,25.0,6379.45,288.0,overstock,NO,7023774.45
SKU02700,Cross-platform full-range process improvement,Books,WH-CHE,1713.0,92.0,7535.96,214.0,overstock,NO,12909099.48
SKU02701,Adaptive eco-centric capability,Books,WH-BLR,724.0,95.0,1125.84,265.0,overstock,NO,815108.16
SKU02702,Automated homogeneous interface,Grocery,WH-BLR,193.0,72.0,8185.45,221.0,healthy,NO,1579791.85
SKU02703,Pre-emptive bi-directional leverage,Sports,WH-BLR,1761.0,84.0,12146.34,223.0,overstock,NO,21389704.74
SKU02704,Front-line non-volatile throughput,Electronics,WH-HYD,1586.0,11.0,10122.56,204.0,overstock,NO,16054380.16
SKU02705,Team-oriented heuristic core,Toys,WH-HYD,482.0,55.0,12698.18,226.0,overstock,NO,6120522.76
SKU02706,Upgradable hybrid instruction set,Sports,WH-MUM,1946.0,62.0,5987.81,231.0,overstock,NO,11652278.26
SKU02707,Open-source actuating extranet,Home & Kitchen,WH-HYD,0.0,80.0,12155.6,160.0,stockout,YES,0.0
SKU02708,Integrated needs-based contingency,Home & Kitchen,WH-BLR,1891.0,23.0,2211.88,191.0,overstock,NO,4182665.08
SKU02709,Organized maximized functionalities,Home & Kitchen,WH-HYD,1830.0,92.0,13038.93,210.0,overstock,NO,23861241.9
SKU02710,Virtual zero-defect extranet,Books,WH-HYD,1956.0,26.0,5093.39,154.0,overstock,NO,9962670.84
SKU02711,Cloned optimal circuit,Electronics,WH-DEL,67.0,51.0,7964.02,149.0,healthy,NO,533589.34
SKU02712,Polarized 5thgeneration strategy,Grocery,WH-HYD,36.0,27.0,13852.28,181.0,healthy,NO,498682.08
SKU02713,Business-focused incremental instruction set,Clothing,WH-HYD,1252.0,92.0,605.7,169.0,overstock,NO,758336.4
SKU02714,Intuitive global moderator,Home & Kitchen,WH-CHE,865.0,60.0,13015.52,210.0,overstock,NO,11258424.8
SKU02715,Expanded next generation encoding,Beauty,WH-MUM,1092.0,63.0,791.78,239.0,overstock,NO,864623.76
SKU02716,Upgradable methodical orchestration,Clothing,WH-MUM,1141.0,24.0,11453.86,231.0,overstock,NO,13068854.26
SKU02717,Devolved radical solution,Electronics,WH-HYD,462.0,35.0,6665.74,138.0,overstock,NO,3079571.88
SKU02718,Quality-focused web-enabled workforce,Grocery,WH-MUM,574.0,84.0,1287.22,235.0,overstock,NO,738864.28
SKU02719,Reverse-engineered logistical Graphical User Inter,Books,WH-MUM,1234.0,13.0,9305.86,155.0,overstock,NO,11483431.24
SKU02720,Networked tangible focus group,Beauty,WH-HYD,1513.0,32.0,12690.51,204.0,overstock,NO,19200741.63
SKU02721,Future-proofed leadingedge help-desk,Electronics,WH-MUM,1295.0,93.0,7261.52,198.0,overstock,NO,9403668.4
SKU02722,Robust needs-based algorithm,Grocery,WH-BLR,1690.0,93.0,4316.98,217.0,overstock,NO,7295696.2
SKU02723,Programmable motivating application,Home & Kitchen,WH-HYD,344.0,39.0,993.51,192.0,overstock,NO,341767.44
SKU02724,Organized bi-directional Graphical User Interface,Clothing,WH-MUM,1923.0,29.0,13351.88,184.0,overstock,NO,25675665.24
SKU02725,Extended explicit orchestration,Books,WH-HYD,1177.0,95.0,2635.16,222.0,overstock,NO,3101583.32
SKU02726,Organized global emulation,Beauty,WH-BLR,229.0,85.0,3876.04,203.0,healthy,NO,887613.16
SKU02727,Decentralized dynamic parallelism,Sports,WH-BLR,1809.0,47.0,7365.08,179.0,overstock,NO,13323429.72
SKU02728,Total mission-critical workforce,Clothing,WH-BLR,822.0,56.0,7612.61,229.0,overstock,NO,6257565.42
SKU02729,Virtual heuristic artificial intelligence,Sports,WH-DEL,106.0,70.0,6845.1,230.0,healthy,NO,725580.6
SKU02730,Face-to-face bifurcated workforce,Home & Kitchen,WH-HYD,552.0,37.0,11059.86,256.0,overstock,NO,6105042.72
SKU02731,Profit-focused exuding contingency,Toys,WH-CHE,1711.0,40.0,14805.5,228.0,overstock,NO,25332210.5
SKU02732,Secured grid-enabled implementation,Beauty,WH-BLR,1307.0,92.0,5424.16,221.0,overstock,NO,7089377.12
SKU02733,Streamlined mobile intranet,Sports,WH-CHE,688.0,41.0,12482.11,172.0,overstock,NO,8587691.68
SKU02734,Public-key explicit productivity,Grocery,WH-HYD,27.0,69.0,5445.01,227.0,below_reorder,YES,147015.27
SKU02735,Centralized asymmetric functionalities,Electronics,WH-HYD,236.0,28.0,10989.6,244.0,overstock,NO,2593545.6
SKU02736,Enhanced reciprocal service-desk,Clothing,WH-BLR,1568.0,85.0,11914.32,225.0,overstock,NO,18681653.76
SKU02737,Phased analyzing data-warehouse,Electronics,WH-MUM,429.0,24.0,4277.16,190.0,overstock,NO,1834901.64
SKU02738,User-centric logistical artificial intelligence,Toys,WH-DEL,541.0,24.0,8731.26,220.0,overstock,NO,4723611.66
SKU02739,Pre-emptive logistical function,Clothing,WH-DEL,63.0,89.0,4720.12,255.0,below_reorder,YES,297367.56
SKU02740,Reactive fresh-thinking Local Area Network,Books,WH-HYD,0.0,31.0,4936.79,175.0,stockout,YES,0.0
SKU02741,Managed client-driven open architecture,Toys,WH-MUM,1161.0,19.0,865.65,207.0,overstock,NO,1005019.65
SKU02742,Business-focused content-based function,Sports,WH-HYD,791.0,39.0,2000.27,185.0,overstock,NO,1582213.57
SKU02743,Synchronized homogeneous support,Clothing,WH-DEL,599.0,80.0,5718.15,247.0,overstock,NO,3425171.85
SKU02744,Managed maximized analyzer,Books,WH-HYD,130.0,20.0,1625.79,250.0,overstock,NO,211352.7
SKU02745,Team-oriented intermediate archive,Clothing,WH-BLR,1192.0,50.0,9050.88,231.0,overstock,NO,10788648.96
SKU02746,Enhanced real-time Graphic Interface,Sports,WH-DEL,1561.0,87.0,740.71,186.0,overstock,NO,1156248.31
SKU02747,Advanced national data-warehouse,Beauty,WH-CHE,150.0,100.0,481.18,217.0,healthy,NO,72177.0
SKU02748,Innovative modular framework,Electronics,WH-BLR,1550.0,62.0,12630.5,170.0,overstock,NO,19577275.0
SKU02749,Cloned asynchronous Internet solution,Books,WH-HYD,322.0,38.0,9583.43,306.0,overstock,NO,3085864.46
SKU02750,Versatile systematic utilization,Beauty,WH-HYD,1637.0,40.0,1351.07,286.0,overstock,NO,2211701.59
SKU02751,Pre-emptive cohesive benchmark,Home & Kitchen,WH-DEL,491.0,29.0,3992.81,258.0,overstock,NO,1960469.71
SKU02752,Reactive maximized knowledge user,Toys,WH-DEL,200.0,60.0,7210.11,218.0,overstock,NO,1442022.0
SKU02753,Cross-group fault-tolerant forecast,Beauty,WH-MUM,44.0,47.0,11150.24,168.0,below_reorder,YES,490610.56
SKU02754,Mandatory intangible customer loyalty,Home & Kitchen,WH-HYD,750.0,66.0,14504.58,312.0,overstock,NO,10878435.0
SKU02755,Front-line local focus group,Sports,WH-CHE,616.0,15.0,1263.24,205.0,overstock,NO,778155.84
SKU02756,Open-source contextually-based forecast,Grocery,WH-MUM,690.0,29.0,1327.48,132.0,overstock,NO,915961.2
SKU02757,Persevering 6thgeneration emulation,Grocery,WH-CHE,1278.0,73.0,12962.96,255.0,overstock,NO,16566662.88
SKU02758,Triple-buffered dedicated flexibility,Home & Kitchen,WH-BLR,249.0,77.0,5936.79,202.0,overstock,NO,1478260.71
SKU02759,Polarized full-range emulation,Clothing,WH-CHE,1492.0,41.0,6045.61,190.0,overstock,NO,9020050.12
SKU02760,Exclusive context-sensitive synergy,Grocery,WH-DEL,649.0,21.0,14563.53,189.0,overstock,NO,9451730.97
SKU02761,Customer-focused asymmetric parallelism,Sports,WH-DEL,538.0,30.0,2479.11,235.0,overstock,NO,1333761.18
SKU02762,Distributed discrete frame,Sports,WH-BLR,1816.0,63.0,14910.31,196.0,overstock,NO,27077122.96
SKU02763,Horizontal even-keeled help-desk,Books,WH-MUM,1377.0,66.0,1161.73,151.0,overstock,NO,1599702.21
SKU02764,Persistent systemic workforce,Grocery,WH-BLR,1812.0,21.0,13440.74,225.0,overstock,NO,24354620.88
SKU02765,Universal attitude-oriented productivity,Electronics,WH-CHE,823.0,51.0,10251.78,215.0,overstock,NO,8437214.94
SKU02766,Multi-channeled fault-tolerant adapter,Beauty,WH-BLR,1111.0,70.0,9837.08,296.0,overstock,NO,10928995.88
SKU02767,Versatile human-resource throughput,Books,WH-DEL,1828.0,93.0,3849.79,194.0,overstock,NO,7037416.12
SKU02768,Robust 3rdgeneration structure,Grocery,WH-DEL,1856.0,69.0,6079.59,186.0,overstock,NO,11283719.04
SKU02769,Self-enabling holistic policy,Toys,WH-DEL,1331.0,24.0,1608.78,171.0,overstock,NO,2141286.18
SKU02770,Managed even-keeled definition,Home & Kitchen,WH-MUM,1090.0,21.0,6806.43,138.0,overstock,NO,7419008.7
SKU02771,Function-based impactful process improvement,Clothing,WH-MUM,60.0,50.0,6853.4,222.0,healthy,NO,411204.0
SKU02772,Secured contextually-based task-force,Toys,WH-HYD,1717.0,43.0,5396.96,205.0,overstock,NO,9266580.32
SKU02773,Compatible interactive support,Electronics,WH-BLR,0.0,47.0,1001.59,161.0,stockout,YES,0.0
SKU02774,Cloned multimedia productivity,Toys,WH-HYD,1453.0,80.0,10855.84,245.0,overstock,NO,15773535.52
SKU02775,Future-proofed actuating capacity,Sports,WH-BLR,862.0,36.0,1173.05,243.0,overstock,NO,1011169.1
SKU02776,Customizable bi-directional hierarchy,Home & Kitchen,WH-DEL,1353.0,25.0,4579.21,283.0,overstock,NO,6195671.13
SKU02777,Multi-layered radical website,Grocery,WH-HYD,597.0,65.0,4790.7,169.0,overstock,NO,2860047.9
SKU02778,Progressive holistic system engine,Sports,WH-MUM,1081.0,26.0,13648.13,282.0,overstock,NO,14753628.53
SKU02779,Diverse well-modulated help-desk,Electronics,WH-BLR,1832.0,26.0,9681.1,198.0,overstock,NO,17735775.2
SKU02780,Organic grid-enabled Graphical User Interface,Clothing,WH-BLR,1046.0,61.0,6369.8,190.0,overstock,NO,6662810.8
SKU02781,Up-sized bi-directional portal,Books,WH-CHE,1944.0,54.0,7801.87,198.0,overstock,NO,15166835.28
SKU02782,Networked leadingedge capability,Beauty,WH-BLR,487.0,98.0,9220.06,179.0,overstock,NO,4490169.22
SKU02783,Adaptive background function,Toys,WH-HYD,132.0,46.0,4813.1,250.0,healthy,NO,635329.2
SKU02784,Mandatory empowering artificial intelligence,Sports,WH-MUM,1559.0,22.0,4905.04,213.0,overstock,NO,7646957.36
SKU02785,Switchable motivating matrices,Sports,WH-DEL,644.0,65.0,8728.3,199.0,overstock,NO,5621025.2
SKU02786,Persevering client-server forecast,Beauty,WH-DEL,589.0,22.0,9701.33,164.0,overstock,NO,5714083.37
SKU02787,Secured analyzing moderator,Grocery,WH-DEL,1901.0,38.0,14706.98,171.0,overstock,NO,27957968.98
SKU02788,Assimilated local function,Sports,WH-MUM,1521.0,90.0,9629.47,213.0,overstock,NO,14646423.87
SKU02789,Function-based zero-defect collaboration,Electronics,WH-CHE,1112.0,97.0,14199.86,226.0,overstock,NO,15790244.32
SKU02790,Pre-emptive background Internet solution,Grocery,WH-BLR,1180.0,67.0,8056.15,205.0,overstock,NO,9506257.0
SKU02791,Operative analyzing project,Electronics,WH-CHE,1639.0,39.0,1716.56,232.0,overstock,NO,2813441.84
SKU02792,Grass-roots 6thgeneration groupware,Sports,WH-BLR,1379.0,91.0,1641.84,256.0,overstock,NO,2264097.36
SKU02793,Versatile system-worthy monitoring,Sports,WH-HYD,1715.0,40.0,7352.38,196.0,overstock,NO,12609331.7
SKU02794,Versatile disintermediate productivity,Sports,WH-CHE,760.0,70.0,10546.91,262.0,overstock,NO,8015651.6
SKU02795,Phased modular flexibility,Toys,WH-DEL,978.0,22.0,11397.89,234.0,overstock,NO,11147136.42
SKU02796,Networked multimedia collaboration,Beauty,WH-BLR,1947.0,40.0,2385.74,202.0,overstock,NO,4645035.78
SKU02797,Decentralized zero-defect collaboration,Grocery,WH-DEL,654.0,42.0,11965.43,137.0,overstock,NO,7825391.22
SKU02798,Self-enabling clear-thinking synergy,Books,WH-DEL,169.0,76.0,7132.84,228.0,healthy,NO,1205449.96
SKU02799,Multi-tiered bi-directional moderator,Toys,WH-HYD,1426.0,44.0,8377.28,242.0,overstock,NO,11946001.28
SKU02800,Open-source non-volatile capability,Electronics,WH-MUM,734.0,82.0,11079.39,256.0,overstock,NO,8132272.26
SKU02801,Reactive local projection,Beauty,WH-BLR,1345.0,14.0,10877.68,177.0,overstock,NO,14630479.6
SKU02802,Focused maximized moderator,Beauty,WH-MUM,1168.0,74.0,7272.23,248.0,overstock,NO,8493964.64
SKU02803,Streamlined grid-enabled process improvement,Sports,WH-HYD,313.0,60.0,6731.34,166.0,overstock,NO,2106909.42
SKU02804,Reactive coherent core,Electronics,WH-CHE,420.0,87.0,5981.09,156.0,overstock,NO,2512057.8
SKU02805,Innovative mobile functionalities,Home & Kitchen,WH-DEL,872.0,21.0,4355.9,214.0,overstock,NO,3798344.8
SKU02806,Phased radical infrastructure,Beauty,WH-HYD,0.0,32.0,12934.44,184.0,stockout,YES,0.0
SKU02807,Up-sized zero-defect hierarchy,Electronics,WH-DEL,1091.0,60.0,7682.31,213.0,overstock,NO,8381400.21
SKU02808,Compatible fresh-thinking strategy,Books,WH-MUM,251.0,95.0,1381.0,189.0,healthy,NO,346631.0
SKU02809,Down-sized motivating open system,Grocery,WH-CHE,680.0,27.0,14051.44,225.0,overstock,NO,9554979.2
SKU02810,Face-to-face secondary encoding,Home & Kitchen,WH-MUM,1803.0,36.0,11688.68,198.0,overstock,NO,21074690.04
SKU02811,Down-sized tangible service-desk,Clothing,WH-HYD,799.0,73.0,2821.39,219.0,overstock,NO,2254290.61
SKU02812,Upgradable uniform help-desk,Beauty,WH-MUM,1413.0,76.0,84.52,189.0,overstock,NO,119426.76
SKU02813,Open-architected didactic neural-net,Toys,WH-HYD,358.0,99.0,1893.13,146.0,overstock,NO,677740.54
SKU02814,Future-proofed exuding approach,Sports,WH-MUM,571.0,73.0,1424.34,207.0,overstock,NO,813298.14
SKU02815,Reverse-engineered bi-directional superstructure,Grocery,WH-BLR,412.0,93.0,2870.0,292.0,overstock,NO,1182440.0
SKU02816,Synergized bi-directional help-desk,Books,WH-BLR,1767.0,33.0,10508.09,155.0,overstock,NO,18567795.03
SKU02817,Polarized exuding alliance,Sports,WH-CHE,24.0,42.0,10850.32,235.0,below_reorder,YES,260407.68
SKU02818,Object-based scalable access,Electronics,WH-HYD,488.0,43.0,6617.34,171.0,overstock,NO,3229261.92
SKU02819,Re-contextualized local collaboration,Beauty,WH-DEL,932.0,89.0,9759.77,160.0,overstock,NO,9096105.64
SKU02820,Right-sized systemic instruction set,Sports,WH-BLR,103.0,82.0,2194.94,197.0,healthy,NO,226078.82
SKU02821,Ameliorated 5thgeneration knowledgebase,Beauty,WH-DEL,1781.0,83.0,3432.06,228.0,overstock,NO,6112498.86
SKU02822,Organized coherent database,Beauty,WH-CHE,1513.0,72.0,10351.85,236.0,overstock,NO,15662349.05
SKU02823,Inverse explicit algorithm,Books,WH-MUM,1375.0,72.0,5960.95,208.0,overstock,NO,8196306.25
SKU02824,Pre-emptive value-added Internet solution,Grocery,WH-MUM,929.0,38.0,8795.32,267.0,overstock,NO,8170852.28
SKU02825,Visionary national paradigm,Clothing,WH-DEL,1394.0,26.0,6363.02,161.0,overstock,NO,8870049.88
SKU02826,Open-source uniform standardization,Home & Kitchen,WH-DEL,656.0,23.0,1321.76,163.0,overstock,NO,867074.56
SKU02827,Universal impactful function,Clothing,WH-DEL,424.0,23.0,3628.73,231.0,overstock,NO,1538581.52
SKU02828,Reduced executive matrices,Grocery,WH-DEL,763.0,32.0,4956.19,187.0,overstock,NO,3781572.97
SKU02829,Multi-lateral dynamic middleware,Toys,WH-CHE,571.0,46.0,14616.47,216.0,overstock,NO,8346004.37
SKU02830,Virtual non-volatile Graphical User Interface,Home & Kitchen,WH-MUM,1685.0,33.0,3206.38,232.0,overstock,NO,5402750.3
SKU02831,Fundamental actuating extranet,Home & Kitchen,WH-HYD,1142.0,41.0,13599.91,253.0,overstock,NO,15531097.22
SKU02832,Quality-focused regional utilization,Beauty,WH-HYD,1761.0,17.0,13302.94,186.0,overstock,NO,23426477.34
SKU02833,Customer-focused 3rdgeneration intranet,Sports,WH-DEL,1701.0,41.0,3147.63,170.0,overstock,NO,5354118.63
SKU02834,Switchable real-time analyzer,Electronics,WH-BLR,1996.0,81.0,14760.51,198.0,overstock,NO,29461977.96
SKU02835,Polarized dedicated Internet solution,Books,WH-DEL,347.0,38.0,7221.89,214.0,overstock,NO,2505995.83
SKU02836,Reverse-engineered fault-tolerant database,Toys,WH-CHE,1516.0,33.0,12245.58,279.0,overstock,NO,18564299.28
SKU02837,Organized client-server task-force,Toys,WH-DEL,1056.0,89.0,9760.06,187.0,overstock,NO,10306623.36
SKU02838,Focused encompassing capacity,Books,WH-DEL,762.0,89.0,6723.28,245.0,overstock,NO,5123139.36
SKU02839,Synergistic regional protocol,Clothing,WH-CHE,0.0,48.0,13884.85,254.0,stockout,YES,0.0
SKU02840,Reactive static knowledge user,Books,WH-HYD,404.0,91.0,8127.67,216.0,overstock,NO,3283578.68
SKU02841,Versatile exuding firmware,Grocery,WH-MUM,1646.0,79.0,13324.06,236.0,overstock,NO,21931402.76
SKU02842,Diverse full-range utilization,Clothing,WH-HYD,427.0,17.0,3388.81,185.0,overstock,NO,1447021.87
SKU02843,Enhanced 5thgeneration alliance,Sports,WH-BLR,627.0,50.0,5965.54,167.0,overstock,NO,3740393.58
SKU02844,Progressive upward-trending customer loyalty,Electronics,WH-DEL,999.0,11.0,6622.34,202.0,overstock,NO,6615717.66
SKU02845,Grass-roots foreground info-mediaries,Books,WH-CHE,659.0,76.0,13777.36,208.0,overstock,NO,9079280.24
SKU02846,Proactive actuating challenge,Books,WH-DEL,1130.0,95.0,13762.43,214.0,overstock,NO,15551545.9
SKU02847,Exclusive global budgetary management,Electronics,WH-MUM,1661.0,82.0,10032.86,278.0,overstock,NO,16664580.46
SKU02848,Distributed explicit focus group,Books,WH-DEL,659.0,27.0,7786.24,225.0,overstock,NO,5131132.16
SKU02849,Realigned high-level attitude,Sports,WH-CHE,1211.0,31.0,7407.71,220.0,overstock,NO,8970736.81
SKU02850,Digitized explicit approach,Grocery,WH-HYD,448.0,18.0,11058.0,139.0,overstock,NO,4953984.0
SKU02851,Implemented upward-trending workforce,Toys,WH-BLR,205.0,40.0,11563.66,212.0,overstock,NO,2370550.3
SKU02852,Seamless human-resource array,Electronics,WH-HYD,33.0,62.0,6721.41,237.0,below_reorder,YES,221806.53
SKU02853,Decentralized maximized hierarchy,Grocery,WH-HYD,1823.0,37.0,959.77,193.0,overstock,NO,1749660.71
SKU02854,Cloned tertiary alliance,Clothing,WH-DEL,1615.0,65.0,1543.04,268.0,overstock,NO,2492009.6
SKU02855,Focused reciprocal pricing structure,Clothing,WH-BLR,1208.0,53.0,14838.67,152.0,overstock,NO,17925113.36
SKU02856,Right-sized multi-state algorithm,Electronics,WH-MUM,1003.0,24.0,8944.8,272.0,overstock,NO,8971634.4
SKU02857,Business-focused bottom-line ability,Sports,WH-HYD,471.0,73.0,10293.42,215.0,overstock,NO,4848200.82
SKU02858,Open-architected object-oriented installation,Clothing,WH-MUM,17.0,72.0,14589.32,247.0,below_reorder,YES,248018.44
SKU02859,Organic 6thgeneration protocol,Books,WH-CHE,199.0,84.0,460.85,150.0,healthy,NO,91709.15
SKU02860,Front-line optimizing array,Electronics,WH-BLR,587.0,76.0,13447.53,219.0,overstock,NO,7893700.11
SKU02861,Operative background moratorium,Electronics,WH-DEL,1651.0,60.0,7178.43,232.0,overstock,NO,11851587.93
SKU02862,Programmable zero tolerance middleware,Sports,WH-BLR,1418.0,26.0,6759.05,234.0,overstock,NO,9584332.9
SKU02863,Horizontal hybrid collaboration,Toys,WH-HYD,1908.0,41.0,8405.26,217.0,overstock,NO,16037236.08
SKU02864,Vision-oriented directional capacity,Beauty,WH-BLR,1886.0,17.0,13192.22,233.0,overstock,NO,24880526.92
SKU02865,Innovative homogeneous workforce,Beauty,WH-CHE,1178.0,13.0,12525.45,168.0,overstock,NO,14754980.1
SKU02866,Progressive encompassing flexibility,Books,WH-HYD,1874.0,89.0,5799.62,235.0,overstock,NO,10868487.88
SKU02867,Reduced secondary knowledgebase,Clothing,WH-HYD,1667.0,30.0,1984.31,195.0,overstock,NO,3307844.77
SKU02868,Function-based incremental Internet solution,Beauty,WH-CHE,1664.0,12.0,7176.45,262.0,overstock,NO,11941612.8
SKU02869,Synchronized clear-thinking capability,Beauty,WH-BLR,1437.0,11.0,10445.08,187.0,overstock,NO,15009579.96
SKU02870,Decentralized actuating hierarchy,Clothing,WH-HYD,1543.0,79.0,8547.13,195.0,overstock,NO,13188221.59
SKU02871,Stand-alone global info-mediaries,Sports,WH-HYD,668.0,99.0,4861.41,211.0,overstock,NO,3247421.88
SKU02872,Polarized uniform matrices,Clothing,WH-BLR,0.0,47.0,12374.36,205.0,stockout,YES,0.0
SKU02873,Enterprise-wide analyzing access,Electronics,WH-DEL,533.0,91.0,14547.51,284.0,overstock,NO,7753822.83
SKU02874,Robust mission-critical protocol,Clothing,WH-BLR,1886.0,98.0,14607.49,184.0,overstock,NO,27549726.14
SKU02875,Compatible intermediate infrastructure,Toys,WH-DEL,574.0,82.0,7290.96,249.0,overstock,NO,4185011.04
SKU02876,Vision-oriented neutral Graphical User Interface,Electronics,WH-HYD,806.0,50.0,1799.8,206.0,overstock,NO,1450638.8
SKU02877,Multi-channeled secondary array,Books,WH-DEL,49.0,38.0,579.75,206.0,healthy,NO,28407.75
SKU02878,Advanced zero tolerance product,Clothing,WH-BLR,68.0,90.0,4583.16,197.0,below_reorder,YES,311654.88
SKU02879,Upgradable fault-tolerant array,Electronics,WH-DEL,980.0,83.0,5844.6,229.0,overstock,NO,5727708.0
SKU02880,Integrated zero-defect throughput,Sports,WH-HYD,556.0,55.0,11762.25,202.0,overstock,NO,6539811.0
SKU02881,Managed zero tolerance neural-net,Sports,WH-DEL,100.0,15.0,133.08,207.0,overstock,NO,13308.0
SKU02882,Profit-focused secondary concept,Electronics,WH-HYD,1460.0,42.0,386.35,246.0,overstock,NO,564071.0
SKU02883,Compatible exuding success,Sports,WH-CHE,788.0,37.0,9367.89,188.0,overstock,NO,7381897.32
SKU02884,Profound next generation intranet,Grocery,WH-HYD,739.0,12.0,5297.55,181.0,overstock,NO,3914889.45
SKU02885,Fundamental high-level task-force,Home & Kitchen,WH-HYD,811.0,27.0,12902.18,235.0,overstock,NO,10463667.98
SKU02886,Business-focused 24/7 Internet solution,Grocery,WH-MUM,170.0,77.0,6359.67,278.0,healthy,NO,1081143.9
SKU02887,Focused contextually-based budgetary management,Grocery,WH-DEL,1512.0,21.0,9056.45,277.0,overstock,NO,13693352.4
SKU02888,Inverse 4thgeneration migration,Clothing,WH-DEL,1827.0,59.0,2601.04,206.0,overstock,NO,4752100.08
SKU02889,User-friendly encompassing matrix,Home & Kitchen,WH-DEL,763.0,81.0,10234.9,180.0,overstock,NO,7809228.7
SKU02890,Optimized 24/7 benchmark,Beauty,WH-DEL,1232.0,49.0,8513.86,139.0,overstock,NO,10489075.52
SKU02891,Networked directional system engine,Clothing,WH-HYD,44.0,19.0,5106.06,150.0,healthy,NO,224666.64
SKU02892,Face-to-face transitional hardware,Sports,WH-BLR,886.0,71.0,1113.78,170.0,overstock,NO,986809.08
SKU02893,Advanced optimizing open architecture,Toys,WH-DEL,1676.0,90.0,13177.51,246.0,overstock,NO,22085506.76
SKU02894,Stand-alone radical process improvement,Books,WH-MUM,320.0,25.0,11664.56,211.0,overstock,NO,3732659.2
SKU02895,Enterprise-wide value-added info-mediaries,Grocery,WH-MUM,118.0,56.0,6059.91,221.0,healthy,NO,715069.38
SKU02896,Optional cohesive core,Toys,WH-BLR,1044.0,47.0,1539.62,322.0,overstock,NO,1607363.28
SKU02897,Down-sized modular infrastructure,Toys,WH-BLR,579.0,92.0,8926.03,246.0,overstock,NO,5168171.37
SKU02898,Stand-alone regional analyzer,Home & Kitchen,WH-DEL,631.0,95.0,3806.86,220.0,overstock,NO,2402128.66
SKU02899,Realigned dynamic portal,Books,WH-DEL,1832.0,21.0,2819.04,198.0,overstock,NO,5164481.28
SKU02900,Balanced methodical policy,Grocery,WH-BLR,556.0,73.0,9509.09,199.0,overstock,NO,5287054.04
SKU02901,Open-source bi-directional Local Area Network,Home & Kitchen,WH-BLR,937.0,83.0,11728.05,203.0,overstock,NO,10989182.85
SKU02902,Advanced client-server policy,Sports,WH-CHE,613.0,83.0,13735.96,223.0,overstock,NO,8420143.48
SKU02903,Focused analyzing forecast,Electronics,WH-BLR,1176.0,59.0,13341.6,242.0,overstock,NO,15689721.6
SKU02904,Triple-buffered intermediate help-desk,Sports,WH-CHE,480.0,29.0,13460.76,207.0,overstock,NO,6461164.8
SKU02905,Operative systematic website,Sports,WH-CHE,0.0,73.0,8427.23,239.0,stockout,YES,0.0
SKU02906,Enhanced high-level moderator,Electronics,WH-MUM,976.0,71.0,9678.1,242.0,overstock,NO,9445825.6
SKU02907,Persevering even-keeled customer loyalty,Grocery,WH-CHE,521.0,70.0,6300.03,248.0,overstock,NO,3282315.63
SKU02908,Stand-alone intangible leverage,Grocery,WH-MUM,658.0,45.0,7990.41,201.0,overstock,NO,5257689.78
SKU02909,Quality-focused stable array,Beauty,WH-CHE,204.0,68.0,1717.15,225.0,healthy,NO,350298.6
SKU02910,Sharable leadingedge middleware,Toys,WH-CHE,1102.0,67.0,1945.61,260.0,overstock,NO,2144062.22
SKU02911,Ergonomic local core,Grocery,WH-HYD,937.0,64.0,6556.5,188.0,overstock,NO,6143440.5
SKU02912,Devolved composite analyzer,Electronics,WH-CHE,167.0,25.0,10396.48,138.0,overstock,NO,1736212.16
SKU02913,Managed local project,Books,WH-HYD,335.0,42.0,13417.21,212.0,overstock,NO,4494765.35
SKU02914,Vision-oriented logistical project,Beauty,WH-CHE,1328.0,36.0,8674.14,210.0,overstock,NO,11519257.92
SKU02915,Operative intangible strategy,Grocery,WH-HYD,1186.0,11.0,6556.67,157.0,overstock,NO,7776210.62
SKU02916,Automated even-keeled adapter,Beauty,WH-HYD,1755.0,50.0,6335.88,162.0,overstock,NO,11119469.4
SKU02917,Secured bandwidth-monitored matrices,Clothing,WH-HYD,767.0,37.0,441.06,155.0,overstock,NO,338293.02
SKU02918,Self-enabling scalable analyzer,Toys,WH-BLR,1354.0,45.0,7299.8,243.0,overstock,NO,9883929.2
SKU02919,Programmable actuating focus group,Grocery,WH-DEL,1877.0,44.0,14491.29,252.0,overstock,NO,27200151.33
SKU02920,Stand-alone dedicated groupware,Beauty,WH-HYD,1732.0,17.0,12084.13,241.0,overstock,NO,20929713.16
SKU02921,Implemented optimizing encryption,Beauty,WH-DEL,1535.0,99.0,14940.53,232.0,overstock,NO,22933713.55
SKU02922,Persistent attitude-oriented success,Beauty,WH-BLR,577.0,89.0,5559.49,252.0,overstock,NO,3207825.73
SKU02923,Intuitive homogeneous challenge,Electronics,WH-CHE,1606.0,98.0,9616.5,250.0,overstock,NO,15444099.0
SKU02924,Public-key zero-defect extranet,Beauty,WH-MUM,663.0,57.0,6901.45,233.0,overstock,NO,4575661.35
SKU02925,Multi-channeled actuating leverage,Books,WH-BLR,1945.0,80.0,7384.64,217.0,overstock,NO,14363124.8
SKU02926,Exclusive attitude-oriented implementation,Beauty,WH-HYD,689.0,59.0,5082.65,170.0,overstock,NO,3501945.85
SKU02927,Public-key 5thgeneration intranet,Books,WH-BLR,692.0,33.0,3668.29,212.0,overstock,NO,2538456.68
SKU02928,Implemented next generation neural-net,Beauty,WH-BLR,1157.0,37.0,444.45,297.0,overstock,NO,514228.65
SKU02929,Stand-alone next generation concept,Grocery,WH-HYD,1901.0,26.0,2450.2,236.0,overstock,NO,4657830.2
SKU02930,Realigned zero administration function,Home & Kitchen,WH-BLR,1171.0,96.0,7148.3,221.0,overstock,NO,8370659.3
SKU02931,Business-focused attitude-oriented matrix,Grocery,WH-CHE,1469.0,84.0,949.86,202.0,overstock,NO,1395344.34
SKU02932,Quality-focused zero tolerance groupware,Home & Kitchen,WH-HYD,1321.0,61.0,11043.95,191.0,overstock,NO,14589057.95
SKU02933,Function-based system-worthy forecast,Books,WH-CHE,867.0,79.0,6175.74,220.0,overstock,NO,5354366.58
SKU02934,Pre-emptive object-oriented moratorium,Home & Kitchen,WH-BLR,891.0,43.0,11679.13,252.0,overstock,NO,10406104.83
SKU02935,Object-based contextually-based concept,Home & Kitchen,WH-CHE,1577.0,46.0,9639.3,312.0,overstock,NO,15201176.1
SKU02936,Seamless leadingedge definition,Beauty,WH-HYD,1967.0,87.0,740.44,182.0,overstock,NO,1456445.48
SKU02937,Configurable zero administration support,Clothing,WH-HYD,458.0,73.0,6513.66,196.0,overstock,NO,2983256.28
SKU02938,Open-source optimal policy,Sports,WH-DEL,0.0,63.0,2136.52,194.0,stockout,YES,0.0
SKU02939,Diverse directional throughput,Clothing,WH-MUM,797.0,97.0,8816.96,229.0,overstock,NO,7027117.12
SKU02940,Open-architected 4thgeneration structure,Beauty,WH-HYD,1712.0,32.0,374.52,206.0,overstock,NO,641178.24
SKU02941,Upgradable zero administration attitude,Home & Kitchen,WH-HYD,202.0,87.0,5196.81,205.0,healthy,NO,1049755.62
SKU02942,Cross-group background system engine,Beauty,WH-CHE,975.0,17.0,6435.02,189.0,overstock,NO,6274144.5
SKU02943,Object-based bottom-line knowledgebase,Home & Kitchen,WH-DEL,979.0,12.0,3161.99,243.0,overstock,NO,3095588.21
SKU02944,Ameliorated demand-driven database,Clothing,WH-BLR,1544.0,84.0,2990.31,207.0,overstock,NO,4617038.64
SKU02945,Synergistic static framework,Home & Kitchen,WH-HYD,1578.0,48.0,3167.08,157.0,overstock,NO,4997652.24
SKU02946,Re-engineered intangible contingency,Home & Kitchen,WH-CHE,885.0,32.0,12476.47,261.0,overstock,NO,11041675.95
SKU02947,Open-architected asynchronous model,Sports,WH-DEL,7.0,99.0,1510.15,225.0,below_reorder,YES,10571.05
SKU02948,Reduced 4thgeneration groupware,Beauty,WH-DEL,1255.0,25.0,13619.02,227.0,overstock,NO,17091870.1
SKU02949,Future-proofed value-added groupware,Home & Kitchen,WH-HYD,615.0,43.0,8606.83,230.0,overstock,NO,5293200.45
SKU02950,Versatile stable firmware,Books,WH-CHE,219.0,29.0,1069.16,212.0,overstock,NO,234146.04
SKU02951,Operative motivating secured line,Grocery,WH-DEL,1854.0,43.0,14902.77,204.0,overstock,NO,27629735.58
SKU02952,Organic multi-state matrix,Beauty,WH-DEL,196.0,93.0,8872.35,266.0,healthy,NO,1738980.6
SKU02953,Extended web-enabled success,Electronics,WH-MUM,1692.0,82.0,12155.32,253.0,overstock,NO,20566801.44
SKU02954,Stand-alone bottom-line installation,Beauty,WH-HYD,788.0,97.0,9060.93,160.0,overstock,NO,7140012.84
SKU02955,Realigned secondary analyzer,Sports,WH-BLR,1175.0,34.0,2355.04,194.0,overstock,NO,2767172.0
SKU02956,Multi-channeled 24/7 archive,Books,WH-BLR,731.0,30.0,10829.11,203.0,overstock,NO,7916079.41
SKU02957,Mandatory intangible customer loyalty,Sports,WH-HYD,970.0,40.0,5804.36,93.0,overstock,NO,5630229.2
SKU02958,Extended mobile access,Beauty,WH-DEL,498.0,32.0,852.98,199.0,overstock,NO,424784.04
SKU02959,Innovative foreground success,Grocery,WH-DEL,1400.0,68.0,11865.62,215.0,overstock,NO,16611868.0
SKU02960,User-centric clear-thinking throughput,Books,WH-MUM,821.0,55.0,12219.62,221.0,overstock,NO,10032308.02
SKU02961,Object-based maximized parallelism,Beauty,WH-HYD,323.0,66.0,5319.88,202.0,overstock,NO,1718321.24
SKU02962,Multi-layered upward-trending algorithm,Home & Kitchen,WH-BLR,1724.0,96.0,4204.92,224.0,overstock,NO,7249282.08
SKU02963,Advanced value-added product,Books,WH-HYD,294.0,81.0,10380.06,231.0,overstock,NO,3051737.64
SKU02964,Versatile exuding collaboration,Grocery,WH-CHE,492.0,95.0,8858.3,222.0,overstock,NO,4358283.6
SKU02965,Universal mobile database,Sports,WH-MUM,162.0,77.0,12916.19,225.0,healthy,NO,2092422.78
SKU02966,Mandatory even-keeled success,Grocery,WH-HYD,998.0,42.0,2527.84,186.0,overstock,NO,2522784.32
SKU02967,Ameliorated client-server toolset,Toys,WH-DEL,170.0,47.0,13793.89,203.0,overstock,NO,2344961.3
SKU02968,Innovative global solution,Grocery,WH-MUM,1785.0,86.0,5722.03,247.0,overstock,NO,10213823.55
SKU02969,Innovative optimizing access,Toys,WH-BLR,1709.0,22.0,4736.77,238.0,overstock,NO,8095139.93
SKU02970,Managed executive encoding,Grocery,WH-CHE,1363.0,16.0,3345.01,228.0,overstock,NO,4559248.63
SKU02971,Inverse zero administration encryption,Electronics,WH-DEL,0.0,100.0,4320.63,205.0,stockout,YES,0.0
SKU02972,Object-based zero administration analyzer,Grocery,WH-DEL,1160.0,27.0,12094.82,256.0,overstock,NO,14029991.2
SKU02973,Universal scalable adapter,Sports,WH-MUM,1409.0,68.0,3777.81,235.0,overstock,NO,5322934.29
SKU02974,Synchronized coherent archive,Home & Kitchen,WH-CHE,896.0,22.0,6363.88,142.0,overstock,NO,5702036.48
SKU02975,Re-engineered leadingedge task-force,Toys,WH-BLR,732.0,13.0,3369.16,172.0,overstock,NO,2466225.12
SKU02976,Streamlined directional definition,Books,WH-DEL,1848.0,94.0,5581.97,171.0,overstock,NO,10315480.56
SKU02977,Seamless zero administration artificial intelligen,Electronics,WH-BLR,1473.0,75.0,13239.78,190.0,overstock,NO,19502195.94
SKU02978,Intuitive client-driven help-desk,Beauty,WH-MUM,1727.0,21.0,5965.22,177.0,overstock,NO,10301934.94
SKU02979,Up-sized 24/7 model,Grocery,WH-DEL,94.0,95.0,910.18,194.0,below_reorder,YES,85556.92
SKU02980,Focused holistic application,Sports,WH-HYD,188.0,56.0,8530.05,273.0,overstock,NO,1603649.4
SKU02981,Triple-buffered upward-trending info-mediaries,Electronics,WH-DEL,477.0,33.0,12038.55,172.0,overstock,NO,5742388.35
SKU02982,Expanded clear-thinking hardware,Grocery,WH-MUM,436.0,86.0,3235.99,205.0,overstock,NO,1410891.64
SKU02983,Programmable zero-defect alliance,Electronics,WH-DEL,1813.0,22.0,1297.24,198.0,overstock,NO,2351896.12
SKU02984,Proactive optimizing parallelism,Home & Kitchen,WH-CHE,157.0,88.0,6235.29,225.0,healthy,NO,978940.53
SKU02985,Reverse-engineered well-modulated info-mediaries,Home & Kitchen,WH-BLR,1387.0,11.0,14241.99,170.0,overstock,NO,19753640.13
SKU02986,User-friendly clear-thinking frame,Toys,WH-HYD,1073.0,52.0,1206.32,292.0,overstock,NO,1294381.36
SKU02987,Face-to-face solution-oriented benchmark,Toys,WH-MUM,108.0,93.0,13901.75,190.0,healthy,NO,1501389.0
SKU02988,Multi-lateral uniform pricing structure,Clothing,WH-MUM,554.0,53.0,14638.95,232.0,overstock,NO,8109978.3
SKU02989,Extended mobile intranet,Electronics,WH-HYD,1697.0,20.0,12526.37,196.0,overstock,NO,21257249.89
SKU02990,Implemented bottom-line function,Electronics,WH-BLR,66.0,53.0,14908.84,211.0,healthy,NO,983983.44
SKU02991,Synergistic responsive paradigm,Clothing,WH-MUM,1528.0,18.0,13418.07,264.0,overstock,NO,20502810.96
SKU02992,Streamlined human-resource moratorium,Beauty,WH-HYD,1866.0,17.0,9188.14,251.0,overstock,NO,17145069.24
SKU02993,Persistent context-sensitive process improvement,Grocery,WH-MUM,1598.0,99.0,6123.21,247.0,overstock,NO,9784889.58
SKU02994,Expanded directional analyzer,Grocery,WH-HYD,1243.0,63.0,14950.51,210.0,overstock,NO,18583483.93
SKU02995,Universal empowering definition,Beauty,WH-BLR,1028.0,58.0,3887.19,275.0,overstock,NO,3996031.32
SKU02996,Adaptive holistic standardization,Beauty,WH-BLR,16.0,31.0,7109.32,247.0,below_reorder,YES,113749.12
SKU02997,Reactive homogeneous frame,Sports,WH-DEL,534.0,59.0,6040.63,292.0,overstock,NO,3225696.42
SKU02998,Balanced multi-tasking success,Sports,WH-CHE,1417.0,63.0,9960.73,212.0,overstock,NO,14114354.41
SKU02999,Universal human-resource ability,Grocery,WH-DEL,528.0,76.0,5095.77,177.0,overstock,NO,2690566.56
SKU03000,Switchable mobile task-force,Grocery,WH-DEL,223.0,48.0,11668.77,177.0,overstock,NO,2602135.71
SKU03001,Re-engineered web-enabled concept,Clothing,WH-CHE,755.0,12.0,5771.1,234.0,overstock,NO,4357180.5
SKU03002,Synchronized didactic process improvement,Grocery,WH-BLR,1767.0,55.0,10083.91,248.0,overstock,NO,17818268.97
SKU03003,Devolved asynchronous capacity,Electronics,WH-HYD,822.0,80.0,8372.03,255.0,overstock,NO,6881808.66
SKU03004,Profit-focused executive help-desk,Beauty,WH-BLR,0.0,47.0,13319.4,192.0,stockout,YES,0.0
SKU03005,Face-to-face reciprocal Internet solution,Sports,WH-MUM,571.0,89.0,13596.75,184.0,overstock,NO,7763744.25
SKU03006,Organized 5thgeneration support,Home & Kitchen,WH-DEL,1011.0,77.0,11243.36,175.0,overstock,NO,11367036.96
SKU03007,Multi-lateral holistic array,Electronics,WH-DEL,1736.0,18.0,10514.67,205.0,overstock,NO,18253467.12
SKU03008,Cloned zero tolerance alliance,Clothing,WH-CHE,1370.0,94.0,3448.59,155.0,overstock,NO,4724568.3
SKU03009,Diverse asynchronous adapter,Home & Kitchen,WH-CHE,516.0,66.0,6190.07,280.0,overstock,NO,3194076.12
SKU03010,Centralized solution-oriented structure,Sports,WH-HYD,128.0,82.0,2187.54,107.0,healthy,NO,280005.12
SKU03011,Decentralized holistic utilization,Clothing,WH-DEL,1790.0,66.0,4457.45,275.0,overstock,NO,7978835.5
SKU03012,Expanded background Graphical User Interface,Clothing,WH-DEL,21.0,64.0,6615.12,173.0,below_reorder,YES,138917.52
SKU03013,Pre-emptive context-sensitive forecast,Clothing,WH-HYD,450.0,56.0,13530.02,208.0,overstock,NO,6088509.0
SKU03014,Configurable uniform workforce,Grocery,WH-MUM,1908.0,86.0,2354.71,179.0,overstock,NO,4492786.68
SKU03015,Automated neutral matrices,Grocery,WH-DEL,1509.0,97.0,5901.94,189.0,overstock,NO,8906027.46
SKU03016,Seamless coherent website,Beauty,WH-HYD,1772.0,20.0,3811.05,162.0,overstock,NO,6753180.6
SKU03017,Diverse interactive encryption,Electronics,WH-HYD,1012.0,11.0,487.98,219.0,overstock,NO,493835.76
SKU03018,Adaptive non-volatile Local Area Network,Grocery,WH-DEL,1969.0,100.0,5250.56,217.0,overstock,NO,10338352.64
SKU03019,Persevering 5thgeneration application,Electronics,WH-HYD,919.0,80.0,131.39,233.0,overstock,NO,120747.41
SKU03020,Fully-configurable clear-thinking policy,Home & Kitchen,WH-BLR,1994.0,56.0,7628.21,179.0,overstock,NO,15210650.74
SKU03021,Robust bifurcated system engine,Toys,WH-HYD,1280.0,71.0,1584.56,220.0,overstock,NO,2028236.8
SKU03022,Organic bi-directional focus group,Electronics,WH-MUM,999.0,98.0,6530.36,203.0,overstock,NO,6523829.64
SKU03023,Quality-focused dynamic project,Home & Kitchen,WH-CHE,362.0,39.0,11985.79,140.0,overstock,NO,4338855.98
SKU03024,Adaptive demand-driven hierarchy,Clothing,WH-CHE,21.0,29.0,3921.23,198.0,below_reorder,YES,82345.83
SKU03025,Upgradable impactful benchmark,Beauty,WH-MUM,1949.0,56.0,2418.68,197.0,overstock,NO,4714007.32
SKU03026,Proactive global strategy,Grocery,WH-HYD,401.0,69.0,8044.31,208.0,overstock,NO,3225768.31
SKU03027,Managed stable open system,Electronics,WH-CHE,1388.0,23.0,13434.84,239.0,overstock,NO,18647557.92
SKU03028,Programmable leadingedge artificial intelligence,Electronics,WH-BLR,1196.0,46.0,5212.12,227.0,overstock,NO,6233695.52
SKU03029,Robust local paradigm,Toys,WH-CHE,1735.0,79.0,8883.92,239.0,overstock,NO,15413601.2
SKU03030,Pre-emptive system-worthy capacity,Clothing,WH-MUM,1585.0,53.0,2686.67,210.0,overstock,NO,4258371.95
SKU03031,Reduced logistical frame,Home & Kitchen,WH-HYD,442.0,22.0,959.38,204.0,overstock,NO,424045.96
SKU03032,Optional methodical archive,Electronics,WH-DEL,1005.0,18.0,2273.39,163.0,overstock,NO,2284756.95
SKU03033,Reverse-engineered directional algorithm,Home & Kitchen,WH-HYD,1505.0,40.0,10779.37,204.0,overstock,NO,16222951.85
SKU03034,Reduced exuding moratorium,Electronics,WH-BLR,761.0,89.0,3435.95,282.0,overstock,NO,2614757.95
SKU03035,Open-source foreground moratorium,Clothing,WH-HYD,801.0,58.0,4804.69,234.0,overstock,NO,3848556.69
SKU03036,Focused asynchronous encoding,Toys,WH-CHE,310.0,61.0,10593.97,200.0,overstock,NO,3284130.7
SKU03037,Automated attitude-oriented hierarchy,Toys,WH-MUM,0.0,59.0,13859.19,242.0,stockout,YES,0.0
SKU03038,Stand-alone composite flexibility,Home & Kitchen,WH-HYD,498.0,75.0,11719.2,245.0,overstock,NO,5836161.6
SKU03039,Seamless dedicated monitoring,Books,WH-DEL,1657.0,89.0,13895.63,259.0,overstock,NO,23025058.91
SKU03040,Function-based exuding projection,Home & Kitchen,WH-BLR,565.0,15.0,4927.09,167.0,overstock,NO,2783805.85
SKU03041,Universal homogeneous architecture,Electronics,WH-DEL,549.0,88.0,5838.79,226.0,overstock,NO,3205495.71
SKU03042,Profit-focused object-oriented task-force,Grocery,WH-CHE,1684.0,73.0,12299.74,194.0,overstock,NO,20712762.16
SKU03043,Face-to-face asymmetric installation,Books,WH-DEL,588.0,17.0,9558.19,237.0,overstock,NO,5620215.72
SKU03044,Cross-platform homogeneous service-desk,Electronics,WH-CHE,660.0,47.0,6583.41,229.0,overstock,NO,4345050.6
SKU03045,Extended 24hour matrices,Sports,WH-MUM,1981.0,82.0,14884.91,228.0,overstock,NO,29487006.71
SKU03046,Robust human-resource process improvement,Electronics,WH-HYD,566.0,17.0,11359.19,249.0,overstock,NO,6429301.54
SKU03047,Object-based systematic matrix,Beauty,WH-HYD,1463.0,10.0,12556.3,232.0,overstock,NO,18369866.9
SKU03048,Front-line homogeneous encoding,Grocery,WH-BLR,786.0,82.0,13319.38,209.0,overstock,NO,10469032.68
SKU03049,Cloned attitude-oriented artificial intelligence,Grocery,WH-DEL,1631.0,46.0,5625.8,217.0,overstock,NO,9175679.8
SKU03050,Polarized asynchronous circuit,Grocery,WH-BLR,104.0,80.0,13259.49,220.0,healthy,NO,1378986.96
SKU03051,Assimilated exuding moderator,Electronics,WH-MUM,30.0,72.0,3978.93,128.0,below_reorder,YES,119367.9
SKU03052,Face-to-face cohesive Internet solution,Electronics,WH-HYD,932.0,43.0,2439.1,263.0,overstock,NO,2273241.2
SKU03053,Configurable local middleware,Clothing,WH-DEL,8.0,51.0,14966.92,271.0,below_reorder,YES,119735.36
SKU03054,Seamless demand-driven approach,Electronics,WH-CHE,242.0,79.0,13461.73,247.0,overstock,NO,3257738.66
SKU03055,Managed systemic conglomeration,Grocery,WH-MUM,987.0,79.0,4959.63,248.0,overstock,NO,4895154.81
SKU03056,Multi-lateral reciprocal budgetary management,Electronics,WH-HYD,368.0,49.0,8151.99,208.0,overstock,NO,2999932.32
SKU03057,Ergonomic object-oriented Local Area Network,Toys,WH-CHE,337.0,51.0,2440.71,175.0,overstock,NO,822519.27
SKU03058,Upgradable background application,Grocery,WH-MUM,644.0,33.0,2498.76,166.0,overstock,NO,1609201.44
SKU03059,Innovative background ability,Beauty,WH-CHE,1970.0,56.0,10417.35,211.0,overstock,NO,20522179.5
SKU03060,Synchronized upward-trending conglomeration,Beauty,WH-DEL,1839.0,24.0,12641.07,246.0,overstock,NO,23246927.73
SKU03061,Vision-oriented modular hub,Beauty,WH-DEL,958.0,21.0,2397.17,207.0,overstock,NO,2296488.86
SKU03062,Inverse impactful definition,Grocery,WH-BLR,1586.0,11.0,10103.68,202.0,overstock,NO,16024436.48
SKU03063,Cross-platform motivating utilization,Clothing,WH-CHE,1772.0,98.0,3163.55,193.0,overstock,NO,5605810.6
SKU03064,Profit-focused 6thgeneration instruction set,Sports,WH-BLR,50.0,21.0,1362.51,269.0,healthy,NO,68125.5
SKU03065,Polarized empowering matrices,Clothing,WH-DEL,1982.0,73.0,1951.27,224.0,overstock,NO,3867417.14
SKU03066,Up-sized systemic time-frame,Electronics,WH-BLR,1505.0,18.0,14664.15,165.0,overstock,NO,22069545.75
SKU03067,Re-contextualized discrete emulation,Toys,WH-MUM,1872.0,37.0,8728.13,293.0,overstock,NO,16339059.36
SKU03068,Distributed client-server Graphical User Interface,Grocery,WH-MUM,1279.0,58.0,6137.13,214.0,overstock,NO,7849389.27
SKU03069,Automated intangible structure,Sports,WH-HYD,1046.0,88.0,6748.7,241.0,overstock,NO,7059140.2
SKU03070,Assimilated local emulation,Electronics,WH-BLR,0.0,32.0,8531.9,237.0,stockout,YES,0.0
SKU03071,Synergistic responsive implementation,Electronics,WH-BLR,104.0,62.0,5663.33,161.0,healthy,NO,588986.32
SKU03072,Optimized context-sensitive emulation,Toys,WH-DEL,898.0,29.0,12177.42,164.0,overstock,NO,10935323.16
SKU03073,Ameliorated user-facing matrix,Clothing,WH-CHE,420.0,48.0,3093.61,256.0,overstock,NO,1299316.2
SKU03074,Stand-alone 5thgeneration paradigm,Clothing,WH-CHE,640.0,18.0,2096.71,296.0,overstock,NO,1341894.4
SKU03075,Multi-channeled static migration,Books,WH-CHE,797.0,46.0,13409.12,215.0,overstock,NO,10687068.64
SKU03076,Reactive intangible hierarchy,Toys,WH-HYD,1982.0,54.0,4497.33,332.0,overstock,NO,8913708.06
SKU03077,Mandatory hybrid circuit,Clothing,WH-BLR,1845.0,98.0,9883.92,333.0,overstock,NO,18235832.4
SKU03078,Extended 6thgeneration middleware,Sports,WH-CHE,861.0,25.0,5623.85,220.0,overstock,NO,4842134.85
SKU03079,Compatible system-worthy collaboration,Electronics,WH-BLR,1195.0,23.0,11324.51,183.0,overstock,NO,13532789.45
SKU03080,Devolved holistic extranet,Toys,WH-DEL,1617.0,78.0,10533.54,262.0,overstock,NO,17032734.18
SKU03081,Universal holistic leverage,Grocery,WH-MUM,1599.0,40.0,13167.24,182.0,overstock,NO,21054416.76
SKU03082,Re-contextualized 6thgeneration encoding,Home & Kitchen,WH-MUM,575.0,36.0,3017.21,246.0,overstock,NO,1734895.75
SKU03083,Mandatory systemic benchmark,Books,WH-MUM,1075.0,23.0,10387.95,225.0,overstock,NO,11167046.25
SKU03084,Customer-focused 24/7 leverage,Toys,WH-BLR,297.0,13.0,110.81,278.0,overstock,NO,32910.57
SKU03085,Business-focused secondary contingency,Home & Kitchen,WH-DEL,529.0,13.0,7460.11,193.0,overstock,NO,3946398.19
SKU03086,Diverse modular portal,Books,WH-HYD,1118.0,58.0,11633.0,310.0,overstock,NO,13005694.0
SKU03087,Grass-roots fresh-thinking circuit,Sports,WH-HYD,1662.0,93.0,7036.17,158.0,overstock,NO,11694114.54
SKU03088,Ergonomic bandwidth-monitored approach,Toys,WH-HYD,328.0,50.0,690.22,218.0,overstock,NO,226392.16
SKU03089,Upgradable dynamic hierarchy,Toys,WH-HYD,414.0,74.0,14287.84,191.0,overstock,NO,5915165.76
SKU03090,Triple-buffered foreground productivity,Beauty,WH-MUM,994.0,77.0,3117.12,195.0,overstock,NO,3098417.28
SKU03091,Re-contextualized 3rdgeneration superstructure,Home & Kitchen,WH-DEL,1808.0,82.0,3058.65,244.0,overstock,NO,5530039.2
SKU03092,Profound multi-state architecture,Electronics,WH-CHE,1632.0,79.0,1445.85,224.0,overstock,NO,2359627.2
SKU03093,Cloned static superstructure,Sports,WH-HYD,103.0,56.0,6988.92,217.0,healthy,NO,719858.76
SKU03094,Enterprise-wide next generation architecture,Toys,WH-CHE,6.0,74.0,2122.2,230.0,below_reorder,YES,12733.2
SKU03095,Customizable eco-centric capacity,Toys,WH-HYD,826.0,77.0,12600.46,263.0,overstock,NO,10407979.96
SKU03096,Realigned neutral algorithm,Clothing,WH-CHE,1115.0,59.0,13196.42,209.0,overstock,NO,14714008.3
SKU03097,Diverse zero tolerance challenge,Electronics,WH-HYD,1810.0,74.0,5707.1,261.0,overstock,NO,10329851.0
SKU03098,Realigned eco-centric emulation,Clothing,WH-HYD,326.0,85.0,13134.89,257.0,overstock,NO,4281974.14
SKU03099,Programmable maximized toolset,Sports,WH-BLR,334.0,31.0,10917.34,211.0,overstock,NO,3646391.56
SKU03100,Devolved next generation initiative,Sports,WH-DEL,1031.0,64.0,5692.62,303.0,overstock,NO,5869091.22
SKU03101,Switchable encompassing task-force,Clothing,WH-MUM,1222.0,30.0,10180.35,249.0,overstock,NO,12440387.7
SKU03102,Down-sized dynamic info-mediaries,Sports,WH-CHE,1251.0,68.0,1557.9,203.0,overstock,NO,1948932.9
SKU03103,Reverse-engineered bi-directional definition,Grocery,WH-DEL,0.0,81.0,175.4,199.0,stockout,YES,0.0
SKU03104,Total 6thgeneration installation,Books,WH-DEL,1484.0,89.0,4002.84,219.0,overstock,NO,5940214.56
SKU03105,Robust solution-oriented time-frame,Beauty,WH-BLR,529.0,77.0,13281.22,223.0,overstock,NO,7025765.38
SKU03106,Secured optimizing encryption,Electronics,WH-BLR,1634.0,78.0,14164.64,197.0,overstock,NO,23145021.76
SKU03107,Synergistic system-worthy synergy,Books,WH-BLR,1843.0,79.0,3861.92,227.0,overstock,NO,7117518.56
SKU03108,Re-contextualized clear-thinking analyzer,Grocery,WH-MUM,1299.0,59.0,13743.99,170.0,overstock,NO,17853443.01
SKU03109,Business-focused transitional array,Home & Kitchen,WH-CHE,143.0,98.0,1544.38,291.0,healthy,NO,220846.34
SKU03110,Open-source cohesive challenge,Toys,WH-HYD,1531.0,48.0,10563.33,194.0,overstock,NO,16172458.23
SKU03111,Customer-focused dynamic functionalities,Beauty,WH-CHE,1240.0,70.0,13832.41,245.0,overstock,NO,17152188.4
SKU03112,Organized zero-defect budgetary management,Sports,WH-CHE,49.0,73.0,3377.43,195.0,below_reorder,YES,165494.07
SKU03113,Synchronized transitional budgetary management,Electronics,WH-HYD,433.0,77.0,12635.87,188.0,overstock,NO,5471331.71
SKU03114,De-engineered hybrid attitude,Beauty,WH-MUM,1722.0,66.0,10605.28,210.0,overstock,NO,18262292.16
SKU03115,Networked web-enabled product,Home & Kitchen,WH-CHE,1795.0,77.0,6303.11,192.0,overstock,NO,11314082.45
SKU03116,User-centric static core,Electronics,WH-DEL,1833.0,52.0,4345.6,267.0,overstock,NO,7965484.8
SKU03117,Upgradable neutral framework,Grocery,WH-DEL,1303.0,40.0,8130.66,225.0,overstock,NO,10594249.98
SKU03118,Progressive modular budgetary management,Grocery,WH-BLR,159.0,31.0,3044.28,200.0,overstock,NO,484040.52
SKU03119,Total dedicated framework,Grocery,WH-MUM,794.0,44.0,10046.4,292.0,overstock,NO,7976841.6
SKU03120,Exclusive context-sensitive knowledge user,Sports,WH-MUM,516.0,35.0,14483.89,208.0,overstock,NO,7473687.24
SKU03121,Optional multimedia knowledgebase,Grocery,WH-HYD,325.0,38.0,14641.68,200.0,overstock,NO,4758546.0
SKU03122,Decentralized fresh-thinking hub,Beauty,WH-HYD,1262.0,62.0,9756.74,255.0,overstock,NO,12313005.88
SKU03123,Proactive next generation productivity,Home & Kitchen,WH-DEL,632.0,66.0,528.79,213.0,overstock,NO,334195.28
SKU03124,Digitized value-added encoding,Sports,WH-BLR,821.0,11.0,10738.99,172.0,overstock,NO,8816710.79
SKU03125,Vision-oriented interactive projection,Beauty,WH-HYD,602.0,59.0,6661.16,123.0,overstock,NO,4010018.32
SKU03126,Monitored zero tolerance moratorium,Clothing,WH-HYD,1429.0,75.0,9018.49,172.0,overstock,NO,12887422.21
SKU03127,Assimilated even-keeled focus group,Toys,WH-BLR,256.0,53.0,5177.02,212.0,overstock,NO,1325317.12
SKU03128,Self-enabling uniform encoding,Home & Kitchen,WH-HYD,1151.0,61.0,3982.77,270.0,overstock,NO,4584168.27
SKU03129,Versatile 5thgeneration budgetary management,Home & Kitchen,WH-CHE,1172.0,17.0,9171.48,192.0,overstock,NO,10748974.56
SKU03130,Phased intangible help-desk,Home & Kitchen,WH-HYD,1471.0,70.0,2072.3,285.0,overstock,NO,3048353.3
SKU03131,Future-proofed holistic projection,Sports,WH-DEL,1364.0,22.0,702.89,139.0,overstock,NO,958741.96
SKU03132,Integrated secondary hardware,Sports,WH-MUM,1058.0,66.0,1607.99,252.0,overstock,NO,1701253.42
SKU03133,Devolved neutral hierarchy,Toys,WH-MUM,1076.0,40.0,10080.25,199.0,overstock,NO,10846349.0
SKU03134,Cloned didactic hardware,Home & Kitchen,WH-CHE,1708.0,95.0,12062.1,221.0,overstock,NO,20602066.8
SKU03135,Total 3rdgeneration customer loyalty,Toys,WH-BLR,733.0,64.0,2110.51,179.0,overstock,NO,1547003.83
SKU03136,Enhanced non-volatile product,Toys,WH-HYD,0.0,21.0,2841.4,290.0,stockout,YES,0.0
SKU03137,Distributed leadingedge algorithm,Books,WH-HYD,763.0,44.0,5438.01,217.0,overstock,NO,4149201.63
SKU03138,Integrated 4thgeneration contingency,Electronics,WH-MUM,639.0,72.0,8415.43,232.0,overstock,NO,5377459.77
SKU03139,Persistent motivating core,Clothing,WH-CHE,1704.0,30.0,10605.2,231.0,overstock,NO,18071260.8
SKU03140,Triple-buffered systematic installation,Home & Kitchen,WH-BLR,1283.0,10.0,7241.55,204.0,overstock,NO,9290908.65
SKU03141,Enterprise-wide maximized moderator,Toys,WH-DEL,1494.0,29.0,520.25,241.0,overstock,NO,777253.5
SKU03142,Diverse non-volatile artificial intelligence,Toys,WH-HYD,1751.0,91.0,12933.53,151.0,overstock,NO,22646611.03
SKU03143,Optimized regional capacity,Toys,WH-DEL,1238.0,82.0,1178.26,228.0,overstock,NO,1458685.88
SKU03144,Profound eco-centric alliance,Electronics,WH-HYD,217.0,60.0,752.0,198.0,overstock,NO,163184.0
SKU03145,Organized scalable process improvement,Beauty,WH-BLR,1930.0,41.0,4668.14,172.0,overstock,NO,9009510.2
SKU03146,Ameliorated tertiary firmware,Electronics,WH-CHE,1812.0,44.0,1486.49,220.0,overstock,NO,2693519.88
SKU03147,Self-enabling motivating model,Home & Kitchen,WH-HYD,1780.0,48.0,9835.14,203.0,overstock,NO,17506549.2
SKU03148,Seamless user-facing system engine,Home & Kitchen,WH-BLR,8.0,33.0,12075.7,231.0,below_reorder,YES,96605.6
SKU03149,Compatible multi-state utilization,Beauty,WH-CHE,1126.0,74.0,9994.95,266.0,overstock,NO,11254313.7
SKU03150,Focused holistic Graphic Interface,Books,WH-MUM,1584.0,30.0,894.66,167.0,overstock,NO,1417141.44
SKU03151,Organized object-oriented challenge,Toys,WH-HYD,764.0,82.0,14878.23,226.0,overstock,NO,11366967.72
SKU03152,Automated client-driven customer loyalty,Electronics,WH-CHE,121.0,96.0,11254.78,154.0,healthy,NO,1361828.38
SKU03153,Exclusive actuating methodology,Clothing,WH-HYD,1666.0,21.0,12974.73,201.0,overstock,NO,21615900.18
SKU03154,Configurable real-time flexibility,Sports,WH-BLR,300.0,14.0,63.89,192.0,overstock,NO,19167.0
SKU03155,Cross-group zero tolerance product,Toys,WH-HYD,302.0,63.0,4082.53,219.0,overstock,NO,1232924.06
SKU03156,Fully-configurable 24/7 service-desk,Books,WH-BLR,1178.0,95.0,4686.17,197.0,overstock,NO,5520308.26
SKU03157,Visionary responsive access,Beauty,WH-BLR,882.0,17.0,2145.22,188.0,overstock,NO,1892084.04
SKU03158,Open-source responsive synergy,Books,WH-HYD,1820.0,96.0,4302.5,149.0,overstock,NO,7830550.0
SKU03159,Virtual attitude-oriented middleware,Clothing,WH-DEL,842.0,30.0,1271.32,200.0,overstock,NO,1070451.44
SKU03160,Optional discrete pricing structure,Beauty,WH-BLR,1796.0,34.0,10531.73,241.0,overstock,NO,18914987.08
SKU03161,Universal transitional application,Grocery,WH-CHE,1227.0,73.0,5183.26,228.0,overstock,NO,6359860.02
SKU03162,Quality-focused optimal monitoring,Home & Kitchen,WH-DEL,1482.0,96.0,937.05,254.0,overstock,NO,1388708.1
SKU03163,Switchable heuristic groupware,Beauty,WH-CHE,1616.0,31.0,2496.58,121.0,overstock,NO,4034473.28
SKU03164,Front-line contextually-based firmware,Electronics,WH-HYD,202.0,45.0,12097.06,214.0,overstock,NO,2443606.12
SKU03165,Cloned value-added circuit,Electronics,WH-MUM,504.0,87.0,13658.83,228.0,overstock,NO,6884050.32
SKU03166,Multi-lateral real-time intranet,Grocery,WH-BLR,603.0,39.0,10588.37,258.0,overstock,NO,6384787.11
SKU03167,Balanced actuating encryption,Home & Kitchen,WH-BLR,633.0,96.0,8917.49,242.0,overstock,NO,5644771.17
SKU03168,Ergonomic 24hour superstructure,Toys,WH-HYD,1874.0,98.0,14233.06,265.0,overstock,NO,26672754.44
SKU03169,Cross-platform demand-driven collaboration,Sports,WH-BLR,0.0,70.0,13178.42,162.0,stockout,YES,0.0
SKU03170,Horizontal regional help-desk,Home & Kitchen,WH-HYD,1303.0,45.0,3964.33,248.0,overstock,NO,5165521.99
SKU03171,Organized 24hour database,Grocery,WH-CHE,1777.0,37.0,2297.58,205.0,overstock,NO,4082799.66
SKU03172,Object-based hybrid collaboration,Clothing,WH-HYD,20.0,67.0,8465.66,204.0,below_reorder,YES,169313.2
SKU03173,Pre-emptive coherent product,Clothing,WH-CHE,1221.0,66.0,375.66,233.0,overstock,NO,458680.86
SKU03174,Right-sized upward-trending projection,Sports,WH-CHE,355.0,75.0,4408.93,240.0,overstock,NO,1565170.15
SKU03175,Vision-oriented real-time success,Books,WH-BLR,1302.0,26.0,1037.12,180.0,overstock,NO,1350330.24
SKU03176,Distributed leadingedge definition,Home & Kitchen,WH-BLR,867.0,74.0,7566.31,285.0,overstock,NO,6559990.77
SKU03177,Profit-focused mobile frame,Grocery,WH-MUM,103.0,46.0,14545.68,237.0,healthy,NO,1498205.04
SKU03178,Decentralized optimizing system engine,Clothing,WH-BLR,1317.0,70.0,76.39,232.0,overstock,NO,100605.63
SKU03179,Digitized demand-driven application,Clothing,WH-CHE,1737.0,43.0,5456.83,255.0,overstock,NO,9478513.71
SKU03180,Ergonomic well-modulated function,Sports,WH-HYD,718.0,54.0,10194.27,212.0,overstock,NO,7319485.86
SKU03181,Reactive asynchronous policy,Home & Kitchen,WH-BLR,456.0,36.0,14908.81,260.0,overstock,NO,6798417.36
SKU03182,Cross-group motivating core,Sports,WH-HYD,1780.0,98.0,885.31,221.0,overstock,NO,1575851.8
SKU03183,Focused tertiary collaboration,Electronics,WH-MUM,1335.0,19.0,6245.34,192.0,overstock,NO,8337528.9
SKU03184,User-centric modular initiative,Beauty,WH-MUM,598.0,51.0,9174.75,189.0,overstock,NO,5486500.5
SKU03185,Diverse bi-directional artificial intelligence,Sports,WH-DEL,1268.0,70.0,12860.4,170.0,overstock,NO,16306987.2
SKU03186,Pre-emptive attitude-oriented architecture,Clothing,WH-DEL,334.0,91.0,2382.9,305.0,overstock,NO,795888.6
SKU03187,Horizontal fault-tolerant function,Clothing,WH-MUM,631.0,22.0,2778.2,210.0,overstock,NO,1753044.2
SKU03188,Balanced cohesive definition,Clothing,WH-HYD,537.0,80.0,4824.07,141.0,overstock,NO,2590525.59
SKU03189,Cloned fault-tolerant solution,Books,WH-HYD,1301.0,16.0,11519.86,254.0,overstock,NO,14987337.86
SKU03190,Optional holistic product,Electronics,WH-HYD,57.0,13.0,5580.33,257.0,overstock,NO,318078.81
SKU03191,Implemented fault-tolerant implementation,Beauty,WH-DEL,1477.0,91.0,14207.68,150.0,overstock,NO,20984743.36
SKU03192,Self-enabling asymmetric productivity,Home & Kitchen,WH-MUM,445.0,66.0,5803.21,228.0,overstock,NO,2582428.45
SKU03193,Phased mobile intranet,Home & Kitchen,WH-MUM,1461.0,26.0,13978.54,222.0,overstock,NO,20422646.94
SKU03194,Polarized didactic encoding,Beauty,WH-HYD,6.0,87.0,6822.41,171.0,below_reorder,YES,40934.46
SKU03195,Decentralized well-modulated workforce,Electronics,WH-DEL,1005.0,71.0,3867.25,269.0,overstock,NO,3886586.25
SKU03196,Multi-channeled coherent infrastructure,Books,WH-CHE,1893.0,73.0,6641.89,265.0,overstock,NO,12573097.77
SKU03197,Upgradable directional projection,Beauty,WH-MUM,1987.0,89.0,2488.08,216.0,overstock,NO,4943814.96
SKU03198,Business-focused attitude-oriented help-desk,Toys,WH-HYD,399.0,82.0,12545.25,248.0,overstock,NO,5005554.75
SKU03199,Visionary background interface,Sports,WH-DEL,548.0,96.0,5461.13,188.0,overstock,NO,2992699.24
SKU03200,Decentralized holistic capacity,Books,WH-BLR,1872.0,67.0,14727.92,217.0,overstock,NO,27570666.24
SKU03201,Upgradable even-keeled process improvement,Home & Kitchen,WH-MUM,818.0,87.0,7933.25,221.0,overstock,NO,6489398.5
SKU03202,Open-source tangible secured line,Clothing,WH-BLR,0.0,23.0,6320.17,196.0,stockout,YES,0.0
SKU03203,Synchronized 5thgeneration interface,Beauty,WH-BLR,1901.0,67.0,2530.91,225.0,overstock,NO,4811259.91
SKU03204,Universal regional Local Area Network,Grocery,WH-BLR,739.0,38.0,14368.24,222.0,overstock,NO,10618129.36
SKU03205,Diverse client-driven budgetary management,Books,WH-HYD,1326.0,83.0,1106.62,208.0,overstock,NO,1467378.12
SKU03206,Persistent web-enabled hub,Clothing,WH-BLR,436.0,73.0,11905.03,190.0,overstock,NO,5190593.08
SKU03207,Cross-platform mission-critical encryption,Toys,WH-HYD,1262.0,22.0,13203.89,215.0,overstock,NO,16663309.18
SKU03208,Optimized secondary moderator,Toys,WH-MUM,103.0,24.0,5443.59,174.0,overstock,NO,560689.77
SKU03209,De-engineered methodical archive,Electronics,WH-HYD,351.0,77.0,11799.14,139.0,overstock,NO,4141498.14
SKU03210,Robust heuristic portal,Sports,WH-CHE,1579.0,55.0,9960.53,237.0,overstock,NO,15727676.87
SKU03211,Automated solution-oriented archive,Grocery,WH-BLR,10.0,25.0,893.2,245.0,below_reorder,YES,8932.0
SKU03212,Programmable discrete knowledge user,Home & Kitchen,WH-CHE,465.0,93.0,14137.35,264.0,overstock,NO,6573867.75
SKU03213,Optimized bi-directional conglomeration,Toys,WH-DEL,1257.0,52.0,2939.55,166.0,overstock,NO,3695014.35
SKU03214,Pre-emptive multi-tasking firmware,Grocery,WH-CHE,784.0,36.0,12528.54,219.0,overstock,NO,9822375.36
SKU03215,Enterprise-wide attitude-oriented algorithm,Grocery,WH-MUM,1857.0,100.0,9523.77,205.0,overstock,NO,17685640.89
SKU03216,Down-sized asymmetric groupware,Sports,WH-HYD,1624.0,33.0,10149.07,218.0,overstock,NO,16482089.68
SKU03217,Implemented methodical process improvement,Toys,WH-CHE,1385.0,70.0,13666.88,243.0,overstock,NO,18928628.8
SKU03218,Multi-channeled bi-directional service-desk,Books,WH-BLR,1529.0,30.0,1378.28,203.0,overstock,NO,2107390.12
SKU03219,Customizable incremental challenge,Books,WH-DEL,274.0,66.0,8108.94,123.0,overstock,NO,2221849.56
SKU03220,Innovative bottom-line product,Grocery,WH-DEL,1500.0,49.0,9058.75,155.0,overstock,NO,13588125.0
SKU03221,Configurable neutral encoding,Sports,WH-BLR,1246.0,24.0,3803.88,164.0,overstock,NO,4739634.48
SKU03222,Managed high-level attitude,Toys,WH-CHE,646.0,93.0,9913.41,161.0,overstock,NO,6404062.86
SKU03223,Digitized optimal flexibility,Home & Kitchen,WH-MUM,1370.0,80.0,9513.27,230.0,overstock,NO,13033179.9
SKU03224,Diverse bottom-line moratorium,Electronics,WH-MUM,1941.0,73.0,14489.53,218.0,overstock,NO,28124177.73
SKU03225,Customer-focused clear-thinking open system,Clothing,WH-MUM,922.0,95.0,12664.76,257.0,overstock,NO,11676908.72
SKU03226,Inverse directional software,Toys,WH-HYD,11.0,17.0,7942.74,168.0,below_reorder,YES,87370.14
SKU03227,Fully-configurable bottom-line paradigm,Clothing,WH-BLR,319.0,21.0,13440.7,141.0,overstock,NO,4287583.3
SKU03228,Pre-emptive 4thgeneration parallelism,Clothing,WH-MUM,1920.0,21.0,11865.1,173.0,overstock,NO,22780992.0
SKU03229,Grass-roots object-oriented benchmark,Toys,WH-HYD,38.0,55.0,6821.32,241.0,below_reorder,YES,259210.16
SKU03230,Virtual 4thgeneration instruction set,Clothing,WH-BLR,1697.0,63.0,4144.64,202.0,overstock,NO,7033454.08
SKU03231,Team-oriented human-resource migration,Clothing,WH-HYD,1650.0,68.0,9307.65,243.0,overstock,NO,15357622.5
SKU03232,Organic well-modulated array,Electronics,WH-BLR,1474.0,16.0,14531.01,226.0,overstock,NO,21418708.74
SKU03233,Profit-focused bi-directional help-desk,Books,WH-DEL,3.0,10.0,4118.06,234.0,below_reorder,YES,12354.18
SKU03234,Versatile multi-tasking conglomeration,Toys,WH-HYD,700.0,58.0,9828.0,173.0,overstock,NO,6879600.0
SKU03235,Mandatory 5thgeneration contingency,Grocery,WH-HYD,0.0,56.0,5583.62,223.0,stockout,YES,0.0
SKU03236,Open-architected zero tolerance extranet,Books,WH-HYD,1204.0,71.0,10890.51,216.0,overstock,NO,13112174.04
SKU03237,Universal needs-based paradigm,Clothing,WH-DEL,691.0,65.0,11479.49,276.0,overstock,NO,7932327.59
SKU03238,Ameliorated directional groupware,Beauty,WH-MUM,1622.0,40.0,9233.9,221.0,overstock,NO,14977385.8
SKU03239,Optional exuding pricing structure,Electronics,WH-HYD,608.0,99.0,9198.77,213.0,overstock,NO,5592852.16
SKU03240,Synergistic 24hour attitude,Clothing,WH-DEL,993.0,63.0,4693.75,246.0,overstock,NO,4660893.75
SKU03241,Cloned multimedia info-mediaries,Toys,WH-MUM,684.0,69.0,14264.05,184.0,overstock,NO,9756610.2
SKU03242,Stand-alone high-level budgetary management,Electronics,WH-BLR,1589.0,31.0,4863.57,212.0,overstock,NO,7728212.73
SKU03243,Innovative dedicated application,Electronics,WH-CHE,1452.0,18.0,14266.54,241.0,overstock,NO,20715016.08
SKU03244,Synergized static middleware,Toys,WH-DEL,414.0,83.0,2276.55,200.0,overstock,NO,942491.7
SKU03245,Organic attitude-oriented budgetary management,Toys,WH-DEL,1776.0,71.0,1715.91,222.0,overstock,NO,3047456.16
SKU03246,Fully-configurable global hardware,Electronics,WH-HYD,249.0,87.0,6505.87,190.0,healthy,NO,1619961.63
SKU03247,Stand-alone solution-oriented info-mediaries,Books,WH-HYD,1781.0,17.0,6530.3,141.0,overstock,NO,11630464.3
SKU03248,Polarized real-time software,Electronics,WH-HYD,244.0,94.0,4074.45,274.0,healthy,NO,994165.8
SKU03249,De-engineered bi-directional website,Grocery,WH-MUM,882.0,23.0,6673.82,204.0,overstock,NO,5886309.24
SKU03250,Realigned content-based policy,Sports,WH-CHE,66.0,89.0,6215.51,271.0,below_reorder,YES,410223.66
SKU03251,Phased optimal groupware,Electronics,WH-CHE,555.0,63.0,8265.09,252.0,overstock,NO,4587124.95
SKU03252,Public-key global synergy,Home & Kitchen,WH-CHE,1767.0,38.0,2286.14,218.0,overstock,NO,4039609.38
SKU03253,Total logistical task-force,Grocery,WH-HYD,636.0,67.0,8138.78,263.0,overstock,NO,5176264.08
SKU03254,Horizontal bandwidth-monitored knowledge user,Home & Kitchen,WH-HYD,443.0,54.0,3876.68,128.0,overstock,NO,1717369.24
SKU03255,Centralized bottom-line middleware,Toys,WH-HYD,1517.0,78.0,14793.83,242.0,overstock,NO,22442240.11
SKU03256,Focused exuding moderator,Home & Kitchen,WH-CHE,519.0,33.0,6732.52,148.0,overstock,NO,3494177.88
SKU03257,Seamless stable project,Electronics,WH-DEL,1935.0,82.0,13097.0,196.0,overstock,NO,25342695.0
SKU03258,Adaptive static intranet,Clothing,WH-HYD,527.0,52.0,13495.76,245.0,overstock,NO,7112265.52
SKU03259,Open-source disintermediate toolset,Beauty,WH-MUM,1663.0,37.0,288.53,200.0,overstock,NO,479825.39
SKU03260,Enterprise-wide national synergy,Grocery,WH-DEL,1488.0,18.0,12875.54,269.0,overstock,NO,19158803.52
SKU03261,Extended context-sensitive capacity,Toys,WH-CHE,1498.0,18.0,6718.86,237.0,overstock,NO,10064852.28
SKU03262,Balanced optimal encryption,Electronics,WH-CHE,1856.0,33.0,8058.74,193.0,overstock,NO,14957021.44
SKU03263,Ergonomic optimizing analyzer,Toys,WH-DEL,1247.0,92.0,4663.35,182.0,overstock,NO,5815197.45
SKU03264,Right-sized actuating protocol,Grocery,WH-BLR,1622.0,17.0,1241.95,196.0,overstock,NO,2014442.9
SKU03265,Cross-group empowering functionalities,Sports,WH-MUM,343.0,94.0,10068.11,265.0,overstock,NO,3453361.73
SKU03266,Vision-oriented 3rdgeneration algorithm,Beauty,WH-MUM,836.0,70.0,13599.46,245.0,overstock,NO,11369148.56
SKU03267,Fully-configurable well-modulated emulation,Clothing,WH-CHE,241.0,18.0,11954.79,165.0,overstock,NO,2881104.39
SKU03268,Innovative upward-trending solution,Clothing,WH-MUM,0.0,58.0,7714.23,201.0,stockout,YES,0.0
SKU03269,Adaptive object-oriented encryption,Electronics,WH-HYD,1848.0,86.0,443.68,187.0,overstock,NO,819920.64
SKU03270,Universal user-facing portal,Sports,WH-BLR,625.0,86.0,6511.52,273.0,overstock,NO,4069700.0
SKU03271,Persevering bi-directional productivity,Electronics,WH-CHE,1397.0,18.0,11561.31,262.0,overstock,NO,16151150.07
SKU03272,Mandatory client-driven customer loyalty,Clothing,WH-CHE,456.0,42.0,9092.48,196.0,overstock,NO,4146170.88
SKU03273,Proactive grid-enabled database,Grocery,WH-DEL,1815.0,100.0,8417.88,199.0,overstock,NO,15278452.2
SKU03274,Extended bandwidth-monitored application,Clothing,WH-MUM,1404.0,65.0,9352.64,228.0,overstock,NO,13131106.56
SKU03275,Monitored static Internet solution,Electronics,WH-HYD,1025.0,96.0,365.57,285.0,overstock,NO,374709.25
SKU03276,Diverse context-sensitive architecture,Toys,WH-DEL,1070.0,47.0,12411.63,208.0,overstock,NO,13280444.1
SKU03277,Up-sized 24hour pricing structure,Clothing,WH-HYD,1308.0,59.0,6462.05,267.0,overstock,NO,8452361.4
SKU03278,Universal static definition,Clothing,WH-MUM,955.0,87.0,7179.76,195.0,overstock,NO,6856670.8
SKU03279,Team-oriented client-server process improvement,Home & Kitchen,WH-HYD,838.0,16.0,14556.72,194.0,overstock,NO,12198531.36
SKU03280,Assimilated modular extranet,Electronics,WH-BLR,1062.0,80.0,5167.18,199.0,overstock,NO,5487545.16
SKU03281,Phased mobile firmware,Sports,WH-BLR,23.0,89.0,14983.99,252.0,below_reorder,YES,344631.77
SKU03282,Mandatory stable leverage,Grocery,WH-CHE,1401.0,99.0,7293.69,215.0,overstock,NO,10218459.69
SKU03283,Operative exuding data-warehouse,Grocery,WH-DEL,13.0,39.0,2690.76,204.0,below_reorder,YES,34979.88
SKU03284,Implemented dedicated workforce,Books,WH-CHE,132.0,62.0,1298.52,234.0,healthy,NO,171404.64
SKU03285,Right-sized client-server framework,Grocery,WH-CHE,1143.0,65.0,5245.86,167.0,overstock,NO,5996017.98
SKU03286,Networked real-time hardware,Home & Kitchen,WH-BLR,1250.0,91.0,10309.58,251.0,overstock,NO,12886975.0
SKU03287,Monitored radical standardization,Toys,WH-DEL,1965.0,88.0,3996.33,174.0,overstock,NO,7852788.45
SKU03288,Digitized directional initiative,Beauty,WH-MUM,1909.0,33.0,12964.48,168.0,overstock,NO,24749192.32
SKU03289,Multi-channeled local portal,Clothing,WH-DEL,77.0,11.0,9006.3,184.0,overstock,NO,693485.1
SKU03290,Triple-buffered local artificial intelligence,Toys,WH-CHE,537.0,27.0,3524.46,201.0,overstock,NO,1892635.02
SKU03291,De-engineered upward-trending conglomeration,Grocery,WH-HYD,995.0,17.0,13794.2,189.0,overstock,NO,13725229.0
SKU03292,Expanded mission-critical archive,Beauty,WH-MUM,1741.0,64.0,8679.97,235.0,overstock,NO,15111827.77
SKU03293,Universal logistical frame,Home & Kitchen,WH-BLR,1349.0,57.0,3560.08,184.0,overstock,NO,4802547.92
SKU03294,Business-focused real-time secured line,Books,WH-CHE,524.0,33.0,10427.17,166.0,overstock,NO,5463837.08
SKU03295,Programmable web-enabled orchestration,Books,WH-DEL,8.0,25.0,7862.68,192.0,below_reorder,YES,62901.44
SKU03296,De-engineered web-enabled hardware,Beauty,WH-BLR,1232.0,22.0,7185.46,284.0,overstock,NO,8852486.72
SKU03297,Reactive regional Internet solution,Clothing,WH-BLR,1117.0,57.0,3200.28,187.0,overstock,NO,3574712.76
SKU03298,Monitored 4thgeneration neural-net,Home & Kitchen,WH-HYD,419.0,56.0,13589.65,188.0,overstock,NO,5694063.35
SKU03299,Function-based motivating benchmark,Books,WH-DEL,496.0,69.0,9166.41,239.0,overstock,NO,4546539.36
SKU03300,Persevering high-level workforce,Home & Kitchen,WH-MUM,306.0,28.0,12246.37,169.0,overstock,NO,3747389.22
SKU03301,Extended uniform software,Books,WH-DEL,0.0,36.0,3804.17,211.0,stockout,YES,0.0
SKU03302,Right-sized contextually-based application,Beauty,WH-CHE,988.0,65.0,11975.33,171.0,overstock,NO,11831626.04
SKU03303,Synergistic hybrid approach,Toys,WH-HYD,13.0,35.0,2528.42,237.0,below_reorder,YES,32869.46
SKU03304,Enterprise-wide impactful hardware,Beauty,WH-BLR,860.0,98.0,334.13,207.0,overstock,NO,287351.8
SKU03305,Reverse-engineered intermediate forecast,Beauty,WH-BLR,90.0,76.0,10820.45,246.0,healthy,NO,973840.5
SKU03306,Pre-emptive maximized matrix,Sports,WH-CHE,1757.0,30.0,672.92,235.0,overstock,NO,1182320.44
SKU03307,Reverse-engineered fresh-thinking artificial intel,Toys,WH-BLR,1504.0,76.0,2848.37,228.0,overstock,NO,4283948.48
SKU03308,Virtual empowering application,Home & Kitchen,WH-HYD,1776.0,12.0,8669.28,234.0,overstock,NO,15396641.28
SKU03309,Seamless scalable implementation,Home & Kitchen,WH-CHE,739.0,69.0,9469.05,190.0,overstock,NO,6997627.95
SKU03310,Cross-group regional installation,Toys,WH-BLR,123.0,55.0,341.07,189.0,healthy,NO,41951.61
SKU03311,Ergonomic object-oriented pricing structure,Home & Kitchen,WH-HYD,278.0,28.0,12404.98,276.0,overstock,NO,3448584.44
SKU03312,Fully-configurable global initiative,Clothing,WH-BLR,942.0,12.0,14580.8,299.0,overstock,NO,13735113.6
SKU03313,Customer-focused 24/7 algorithm,Clothing,WH-MUM,1741.0,91.0,5582.88,211.0,overstock,NO,9719794.08
SKU03314,Down-sized hybrid parallelism,Electronics,WH-BLR,440.0,22.0,14823.67,161.0,overstock,NO,6522414.8
SKU03315,Robust heuristic data-warehouse,Grocery,WH-HYD,691.0,99.0,7178.15,238.0,overstock,NO,4960101.65
SKU03316,Inverse heuristic analyzer,Toys,WH-DEL,998.0,40.0,3212.58,284.0,overstock,NO,3206154.84
SKU03317,Down-sized systemic artificial intelligence,Grocery,WH-BLR,63.0,41.0,168.13,210.0,healthy,NO,10592.19
SKU03318,Mandatory 24/7 adapter,Home & Kitchen,WH-CHE,1194.0,19.0,8117.38,223.0,overstock,NO,9692151.72
SKU03319,Intuitive holistic circuit,Home & Kitchen,WH-MUM,1590.0,94.0,9838.02,271.0,overstock,NO,15642451.8
SKU03320,Reactive motivating project,Toys,WH-HYD,676.0,98.0,12025.73,157.0,overstock,NO,8129393.48
SKU03321,Profound clear-thinking time-frame,Books,WH-HYD,996.0,44.0,11404.03,230.0,overstock,NO,11358413.88
SKU03322,Front-line attitude-oriented structure,Beauty,WH-BLR,1282.0,59.0,1750.9,176.0,overstock,NO,2244653.8
SKU03323,Multi-channeled system-worthy time-frame,Home & Kitchen,WH-MUM,1109.0,45.0,2340.22,184.0,overstock,NO,2595303.98
SKU03324,Multi-layered full-range Local Area Network,Sports,WH-MUM,1638.0,85.0,10165.28,226.0,overstock,NO,16650728.64
SKU03325,Right-sized even-keeled implementation,Toys,WH-DEL,1060.0,67.0,1874.26,164.0,overstock,NO,1986715.6
SKU03326,Fully-configurable context-sensitive paradigm,Toys,WH-HYD,1492.0,82.0,713.25,191.0,overstock,NO,1064169.0
SKU03327,Upgradable leadingedge approach,Books,WH-BLR,538.0,19.0,9097.93,232.0,overstock,NO,4894686.34
SKU03328,Profound bi-directional ability,Toys,WH-MUM,1083.0,76.0,9887.45,153.0,overstock,NO,10708108.35
SKU03329,Customer-focused multi-state solution,Home & Kitchen,WH-CHE,298.0,76.0,1105.52,155.0,overstock,NO,329444.96
SKU03330,Reverse-engineered heuristic database,Electronics,WH-HYD,379.0,74.0,4626.63,293.0,overstock,NO,1753492.77
SKU03331,Cross-platform directional portal,Grocery,WH-DEL,216.0,41.0,11935.14,147.0,overstock,NO,2577990.24
SKU03332,Front-line analyzing product,Books,WH-HYD,737.0,86.0,9527.96,191.0,overstock,NO,7022106.52
SKU03333,Horizontal interactive framework,Toys,WH-DEL,647.0,97.0,13698.09,207.0,overstock,NO,8862664.23
SKU03334,Organized 5thgeneration pricing structure,Toys,WH-MUM,0.0,37.0,9221.84,213.0,stockout,YES,0.0
SKU03335,Digitized systematic product,Home & Kitchen,WH-CHE,1118.0,84.0,8229.39,198.0,overstock,NO,9200458.02
SKU03336,Focused 5thgeneration database,Toys,WH-DEL,1075.0,21.0,11449.77,221.0,overstock,NO,12308502.75
SKU03337,Re-engineered national project,Grocery,WH-MUM,1220.0,36.0,1536.96,242.0,overstock,NO,1875091.2
SKU03338,Universal context-sensitive Local Area Network,Electronics,WH-HYD,1993.0,75.0,3705.08,164.0,overstock,NO,7384224.44
SKU03339,Customer-focused incremental capacity,Beauty,WH-CHE,1356.0,46.0,14724.31,152.0,overstock,NO,19966164.36
SKU03340,Reduced interactive matrix,Sports,WH-HYD,1705.0,27.0,3180.83,213.0,overstock,NO,5423315.15
SKU03341,Polarized national flexibility,Books,WH-HYD,1758.0,73.0,2648.1,263.0,overstock,NO,4655359.8
SKU03342,Diverse client-server functionalities,Books,WH-MUM,1600.0,19.0,12966.66,229.0,overstock,NO,20746656.0
SKU03343,Proactive dedicated task-force,Clothing,WH-DEL,1032.0,48.0,10275.03,246.0,overstock,NO,10603830.96
SKU03344,Streamlined discrete budgetary management,Sports,WH-CHE,95.0,70.0,10491.51,154.0,healthy,NO,996693.45
SKU03345,Right-sized zero administration forecast,Grocery,WH-HYD,1579.0,75.0,4975.28,241.0,overstock,NO,7855967.12
SKU03346,Optimized multi-state strategy,Home & Kitchen,WH-CHE,248.0,14.0,1802.81,162.0,overstock,NO,447096.88
SKU03347,Multi-tiered fresh-thinking help-desk,Grocery,WH-CHE,340.0,21.0,4225.14,166.0,overstock,NO,1436547.6
SKU03348,Phased bandwidth-monitored emulation,Clothing,WH-HYD,1975.0,55.0,1889.49,256.0,overstock,NO,3731742.75
SKU03349,Multi-layered intermediate knowledgebase,Grocery,WH-MUM,15.0,17.0,4672.08,237.0,below_reorder,YES,70081.2
SKU03350,Vision-oriented composite concept,Books,WH-HYD,147.0,77.0,1647.98,256.0,healthy,NO,242253.06
SKU03351,Ergonomic explicit emulation,Grocery,WH-BLR,34.0,32.0,11808.94,182.0,healthy,NO,401503.96
SKU03352,Automated coherent emulation,Home & Kitchen,WH-CHE,644.0,79.0,7434.25,135.0,overstock,NO,4787657.0
SKU03353,Universal system-worthy secured line,Clothing,WH-BLR,1091.0,88.0,13099.66,171.0,overstock,NO,14291729.06
SKU03354,Synergized intangible encryption,Electronics,WH-BLR,49.0,24.0,6246.85,171.0,healthy,NO,306095.65
SKU03355,Seamless static encryption,Beauty,WH-MUM,928.0,60.0,1997.81,245.0,overstock,NO,1853967.68
SKU03356,Mandatory motivating budgetary management,Clothing,WH-MUM,704.0,22.0,194.78,292.0,overstock,NO,137125.12
SKU03357,Exclusive system-worthy circuit,Electronics,WH-DEL,1690.0,68.0,14604.91,268.0,overstock,NO,24682297.9
SKU03358,Devolved upward-trending paradigm,Home & Kitchen,WH-MUM,131.0,60.0,11378.18,188.0,healthy,NO,1490541.58
SKU03359,Reverse-engineered radical database,Home & Kitchen,WH-DEL,1112.0,19.0,2383.71,175.0,overstock,NO,2650685.52
SKU03360,Networked interactive strategy,Grocery,WH-DEL,361.0,82.0,14327.1,210.0,overstock,NO,5172083.1
SKU03361,Monitored grid-enabled workforce,Clothing,WH-DEL,638.0,19.0,12496.18,180.0,overstock,NO,7972562.84
SKU03362,Total methodical website,Toys,WH-MUM,168.0,61.0,9261.15,146.0,healthy,NO,1555873.2
SKU03363,Persevering national array,Grocery,WH-HYD,1831.0,30.0,7455.2,143.0,overstock,NO,13650471.2
SKU03364,Total tangible installation,Sports,WH-CHE,1425.0,80.0,5498.7,205.0,overstock,NO,7835647.5
SKU03365,Balanced encompassing extranet,Toys,WH-MUM,1835.0,98.0,11050.53,167.0,overstock,NO,20277722.55
SKU03366,Customer-focused local array,Books,WH-BLR,423.0,13.0,3652.61,208.0,overstock,NO,1545054.03
SKU03367,Operative exuding initiative,Toys,WH-MUM,0.0,51.0,10668.34,206.0,stockout,YES,0.0
SKU03368,Up-sized 24/7 standardization,Electronics,WH-CHE,1707.0,44.0,4719.02,207.0,overstock,NO,8055367.14
SKU03369,Expanded asynchronous focus group,Clothing,WH-BLR,72.0,95.0,7305.98,282.0,below_reorder,YES,526030.56
SKU03370,Multi-lateral 24hour circuit,Beauty,WH-MUM,453.0,13.0,1552.4,210.0,overstock,NO,703237.2
SKU03371,Reactive dynamic orchestration,Toys,WH-CHE,112.0,29.0,6674.79,158.0,overstock,NO,747576.48
SKU03372,Reduced secondary projection,Electronics,WH-MUM,191.0,53.0,7192.49,242.0,overstock,NO,1373765.59
SKU03373,Focused dedicated model,Toys,WH-MUM,489.0,82.0,6252.35,155.0,overstock,NO,3057399.15
SKU03374,Grass-roots grid-enabled installation,Books,WH-CHE,461.0,56.0,11940.59,175.0,overstock,NO,5504611.99
SKU03375,Front-line client-driven contingency,Sports,WH-DEL,1239.0,85.0,3049.16,167.0,overstock,NO,3777909.24
SKU03376,Phased impactful contingency,Electronics,WH-CHE,56.0,48.0,10553.43,238.0,healthy,NO,590992.08
SKU03377,Virtual well-modulated hub,Toys,WH-HYD,772.0,56.0,2167.11,233.0,overstock,NO,1673008.92
SKU03378,Vision-oriented interactive time-frame,Clothing,WH-CHE,881.0,40.0,10714.85,233.0,overstock,NO,9439782.85
SKU03379,Centralized fresh-thinking paradigm,Clothing,WH-DEL,742.0,12.0,4056.45,182.0,overstock,NO,3009885.9
SKU03380,Reactive coherent moratorium,Sports,WH-BLR,1851.0,56.0,11539.64,230.0,overstock,NO,21359873.64
SKU03381,Centralized disintermediate success,Sports,WH-BLR,1521.0,92.0,5858.23,187.0,overstock,NO,8910367.83
SKU03382,Reactive disintermediate extranet,Electronics,WH-CHE,216.0,12.0,1510.32,265.0,overstock,NO,326229.12
SKU03383,Right-sized logistical circuit,Books,WH-HYD,194.0,54.0,2579.28,130.0,overstock,NO,500380.32
SKU03384,Object-based systematic hub,Electronics,WH-CHE,32.0,24.0,6119.22,153.0,healthy,NO,195815.04
SKU03385,Networked multi-tasking orchestration,Beauty,WH-BLR,1984.0,25.0,533.54,239.0,overstock,NO,1058543.36
SKU03386,Advanced responsive paradigm,Home & Kitchen,WH-HYD,1850.0,70.0,5878.75,184.0,overstock,NO,10875687.5
SKU03387,Re-engineered grid-enabled moderator,Beauty,WH-HYD,574.0,22.0,12046.08,187.0,overstock,NO,6914449.92
SKU03388,Upgradable bandwidth-monitored middleware,Home & Kitchen,WH-CHE,1379.0,90.0,9945.06,163.0,overstock,NO,13714237.74
SKU03389,Organic object-oriented challenge,Books,WH-HYD,1380.0,54.0,11013.86,176.0,overstock,NO,15199126.8
SKU03390,Business-focused incremental approach,Grocery,WH-DEL,337.0,28.0,11779.53,298.0,overstock,NO,3969701.61
SKU03391,Multi-lateral modular groupware,Sports,WH-CHE,1936.0,72.0,12687.48,214.0,overstock,NO,24562961.28
SKU03392,Managed uniform initiative,Electronics,WH-BLR,785.0,39.0,12434.65,192.0,overstock,NO,9761200.25
SKU03393,Function-based 5thgeneration circuit,Grocery,WH-DEL,604.0,42.0,5680.09,149.0,overstock,NO,3430774.36
SKU03394,Assimilated 24hour infrastructure,Home & Kitchen,WH-HYD,1455.0,24.0,10852.6,215.0,overstock,NO,15790533.0
SKU03395,Self-enabling modular hub,Grocery,WH-MUM,690.0,18.0,14068.05,244.0,overstock,NO,9706954.5
SKU03396,Synchronized holistic customer loyalty,Beauty,WH-DEL,727.0,81.0,8728.0,231.0,overstock,NO,6345256.0
SKU03397,Future-proofed incremental service-desk,Electronics,WH-DEL,1264.0,64.0,2219.95,284.0,overstock,NO,2806016.8
SKU03398,Ergonomic maximized artificial intelligence,Beauty,WH-BLR,400.0,64.0,4609.9,163.0,overstock,NO,1843960.0
SKU03399,Multi-tiered encompassing productivity,Home & Kitchen,WH-MUM,1408.0,85.0,12181.18,234.0,overstock,NO,17151101.44
SKU03400,Adaptive systemic core,Books,WH-DEL,0.0,88.0,6221.83,131.0,stockout,YES,0.0
SKU03401,Extended static benchmark,Home & Kitchen,WH-CHE,116.0,24.0,3953.01,240.0,overstock,NO,458549.16
SKU03402,Reactive grid-enabled hierarchy,Toys,WH-DEL,905.0,29.0,9991.96,172.0,overstock,NO,9042723.8
SKU03403,Intuitive tangible software,Toys,WH-DEL,605.0,72.0,140.16,228.0,overstock,NO,84796.8
SKU03404,Object-based web-enabled success,Toys,WH-BLR,355.0,31.0,240.67,244.0,overstock,NO,85437.85
SKU03405,Centralized heuristic groupware,Beauty,WH-DEL,414.0,34.0,13625.59,177.0,overstock,NO,5640994.26
SKU03406,Progressive value-added solution,Clothing,WH-MUM,381.0,79.0,6779.1,198.0,overstock,NO,2582837.1
SKU03407,User-centric transitional ability,Beauty,WH-HYD,141.0,57.0,4522.57,194.0,healthy,NO,637682.37
SKU03408,Exclusive responsive Local Area Network,Electronics,WH-HYD,506.0,88.0,1488.41,205.0,overstock,NO,753135.46
SKU03409,Balanced optimizing forecast,Beauty,WH-CHE,549.0,31.0,11581.82,235.0,overstock,NO,6358419.18
SKU03410,Robust motivating focus group,Clothing,WH-MUM,1256.0,37.0,6711.89,193.0,overstock,NO,8430133.84
SKU03411,Grass-roots 24hour monitoring,Toys,WH-DEL,1850.0,13.0,9295.63,206.0,overstock,NO,17196915.5
SKU03412,Universal secondary help-desk,Home & Kitchen,WH-BLR,866.0,65.0,12030.23,220.0,overstock,NO,10418179.18
SKU03413,Up-sized demand-driven implementation,Home & Kitchen,WH-HYD,1600.0,46.0,12192.19,230.0,overstock,NO,19507504.0
SKU03414,Fundamental systemic capability,Sports,WH-HYD,1713.0,58.0,10826.75,178.0,overstock,NO,18546222.75
SKU03415,Balanced zero administration access,Grocery,WH-HYD,728.0,31.0,8347.31,272.0,overstock,NO,6076841.68
SKU03416,Universal disintermediate service-desk,Electronics,WH-BLR,1887.0,17.0,8348.45,132.0,overstock,NO,15753525.15
SKU03417,Pre-emptive zero-defect standardization,Sports,WH-CHE,1696.0,84.0,3754.81,263.0,overstock,NO,6368157.76
SKU03418,Vision-oriented next generation budgetary manageme,Home & Kitchen,WH-DEL,1807.0,84.0,5374.92,238.0,overstock,NO,9712480.44
SKU03419,Sharable client-driven parallelism,Home & Kitchen,WH-DEL,245.0,28.0,7743.89,164.0,overstock,NO,1897253.05
SKU03420,Profound directional matrix,Beauty,WH-DEL,1566.0,42.0,9448.21,233.0,overstock,NO,14795896.86
SKU03421,Multi-tiered optimal portal,Home & Kitchen,WH-MUM,683.0,11.0,4868.9,328.0,overstock,NO,3325458.7
SKU03422,Organic clear-thinking access,Home & Kitchen,WH-CHE,1377.0,62.0,14085.52,190.0,overstock,NO,19395761.04
SKU03423,Inverse even-keeled moratorium,Clothing,WH-DEL,1975.0,82.0,8074.0,204.0,overstock,NO,15946150.0
SKU03424,Balanced bi-directional product,Electronics,WH-CHE,380.0,36.0,11695.34,264.0,overstock,NO,4444229.2
SKU03425,Open-source exuding focus group,Electronics,WH-MUM,693.0,11.0,12760.5,237.0,overstock,NO,8843026.5
SKU03426,Monitored user-facing help-desk,Grocery,WH-CHE,30.0,38.0,3328.74,168.0,below_reorder,YES,99862.2
SKU03427,Reduced clear-thinking migration,Books,WH-BLR,1079.0,12.0,8452.09,214.0,overstock,NO,9119805.11
SKU03428,Managed multi-tasking throughput,Toys,WH-HYD,950.0,85.0,9578.33,220.0,overstock,NO,9099413.5
SKU03429,Self-enabling analyzing parallelism,Clothing,WH-DEL,1324.0,12.0,8746.05,152.0,overstock,NO,11579770.2
SKU03430,Organic human-resource infrastructure,Electronics,WH-DEL,1804.0,84.0,12676.75,230.0,overstock,NO,22868857.0
SKU03431,Diverse eco-centric alliance,Electronics,WH-BLR,993.0,49.0,9048.06,315.0,overstock,NO,8984723.58
SKU03432,Secured value-added projection,Sports,WH-CHE,893.0,24.0,416.26,137.0,overstock,NO,371720.18
SKU03433,Public-key well-modulated analyzer,Books,WH-HYD,0.0,70.0,7672.03,191.0,stockout,YES,0.0
SKU03434,Function-based optimizing circuit,Sports,WH-BLR,1580.0,57.0,3722.96,192.0,overstock,NO,5882276.8
SKU03435,Automated needs-based structure,Grocery,WH-CHE,644.0,69.0,6397.93,268.0,overstock,NO,4120266.92
SKU03436,Visionary foreground parallelism,Home & Kitchen,WH-HYD,368.0,39.0,8469.78,184.0,overstock,NO,3116879.04
SKU03437,Function-based intangible complexity,Grocery,WH-BLR,1972.0,39.0,3315.68,203.0,overstock,NO,6538520.96
SKU03438,Implemented systemic utilization,Electronics,WH-CHE,1764.0,20.0,2900.29,211.0,overstock,NO,5116111.56
SKU03439,Versatile executive Local Area Network,Electronics,WH-BLR,830.0,97.0,4930.65,190.0,overstock,NO,4092439.5
SKU03440,Assimilated heuristic core,Sports,WH-BLR,478.0,34.0,990.23,183.0,overstock,NO,473329.94
SKU03441,Grass-roots asymmetric customer loyalty,Grocery,WH-MUM,1335.0,29.0,5987.78,255.0,overstock,NO,7993686.3
SKU03442,User-centric exuding array,Grocery,WH-CHE,1423.0,20.0,5800.52,221.0,overstock,NO,8254139.96
SKU03443,Programmable user-facing instruction set,Toys,WH-DEL,725.0,84.0,549.23,209.0,overstock,NO,398191.75
SKU03444,Ameliorated didactic adapter,Grocery,WH-BLR,327.0,33.0,11896.98,183.0,overstock,NO,3890312.46
SKU03445,Integrated high-level toolset,Toys,WH-BLR,904.0,94.0,11252.82,242.0,overstock,NO,10172549.28
SKU03446,Networked fault-tolerant productivity,Grocery,WH-DEL,92.0,37.0,3778.29,166.0,healthy,NO,347602.68
SKU03447,Phased full-range encryption,Sports,WH-MUM,153.0,54.0,2932.04,247.0,healthy,NO,448602.12
SKU03448,Function-based interactive extranet,Clothing,WH-CHE,1535.0,28.0,12081.65,216.0,overstock,NO,18545332.75
SKU03449,Ameliorated leadingedge toolset,Clothing,WH-BLR,1516.0,69.0,1027.42,188.0,overstock,NO,1557568.72
SKU03450,Public-key empowering definition,Home & Kitchen,WH-BLR,419.0,69.0,426.33,235.0,overstock,NO,178632.27
SKU03451,Sharable holistic groupware,Grocery,WH-MUM,1536.0,54.0,13293.1,227.0,overstock,NO,20418201.6
SKU03452,Synergized 3rdgeneration process improvement,Clothing,WH-BLR,1974.0,54.0,4244.53,220.0,overstock,NO,8378702.22
SKU03453,Face-to-face executive concept,Sports,WH-MUM,1919.0,18.0,6808.36,213.0,overstock,NO,13065242.84
SKU03454,Pre-emptive multi-tasking product,Clothing,WH-CHE,1048.0,51.0,11687.68,172.0,overstock,NO,12248688.64
SKU03455,Realigned exuding monitoring,Home & Kitchen,WH-HYD,473.0,91.0,6097.65,182.0,overstock,NO,2884188.45
SKU03456,Robust tangible structure,Electronics,WH-CHE,1325.0,87.0,8204.29,178.0,overstock,NO,10870684.25
SKU03457,Managed coherent matrices,Books,WH-DEL,92.0,48.0,8254.84,170.0,healthy,NO,759445.28
SKU03458,Exclusive national system engine,Beauty,WH-DEL,1506.0,61.0,7135.14,206.0,overstock,NO,10745520.84
SKU03459,Polarized even-keeled system engine,Toys,WH-DEL,1084.0,96.0,196.12,195.0,overstock,NO,212594.08
SKU03460,Decentralized well-modulated infrastructure,Clothing,WH-DEL,1271.0,95.0,7648.42,311.0,overstock,NO,9721141.82
SKU03461,Multi-channeled disintermediate intranet,Sports,WH-MUM,823.0,81.0,4300.78,248.0,overstock,NO,3539541.94
SKU03462,Universal impactful array,Home & Kitchen,WH-MUM,957.0,43.0,6511.84,192.0,overstock,NO,6231830.88
SKU03463,Organic bi-directional superstructure,Electronics,WH-CHE,1662.0,68.0,13916.2,146.0,overstock,NO,23128724.4
SKU03464,Reduced national capacity,Toys,WH-BLR,160.0,82.0,12525.76,218.0,healthy,NO,2004121.6
SKU03465,Phased 6thgeneration Internet solution,Clothing,WH-HYD,389.0,27.0,7768.38,176.0,overstock,NO,3021899.82
SKU03466,Self-enabling needs-based methodology,Books,WH-BLR,0.0,53.0,7825.46,220.0,stockout,YES,0.0
SKU03467,Decentralized multi-tasking process improvement,Books,WH-CHE,1839.0,39.0,99.11,229.0,overstock,NO,182263.29
SKU03468,Object-based 24hour service-desk,Clothing,WH-BLR,822.0,72.0,9835.25,155.0,overstock,NO,8084575.5
SKU03469,Grass-roots real-time circuit,Sports,WH-HYD,1485.0,35.0,8730.43,227.0,overstock,NO,12964688.55
SKU03470,Right-sized impactful structure,Toys,WH-MUM,196.0,39.0,8347.0,171.0,overstock,NO,1636012.0
SKU03471,Organized homogeneous instruction set,Home & Kitchen,WH-HYD,330.0,99.0,13326.37,207.0,overstock,NO,4397702.1
SKU03472,Configurable full-range process improvement,Clothing,WH-BLR,745.0,36.0,8396.07,167.0,overstock,NO,6255072.15
SKU03473,Programmable next generation budgetary management,Home & Kitchen,WH-CHE,1031.0,41.0,5507.4,219.0,overstock,NO,5678129.4
SKU03474,Realigned global functionalities,Home & Kitchen,WH-HYD,814.0,18.0,1371.17,121.0,overstock,NO,1116132.38
SKU03475,Phased explicit instruction set,Electronics,WH-CHE,500.0,49.0,9792.37,220.0,overstock,NO,4896185.0
SKU03476,Configurable regional productivity,Grocery,WH-HYD,931.0,11.0,11400.43,328.0,overstock,NO,10613800.33
SKU03477,Proactive dedicated model,Grocery,WH-HYD,29.0,30.0,4681.08,249.0,below_reorder,YES,135751.32
SKU03478,Virtual bifurcated installation,Sports,WH-DEL,145.0,53.0,7984.77,168.0,healthy,NO,1157791.65
SKU03479,Distributed global projection,Books,WH-HYD,854.0,78.0,8835.52,206.0,overstock,NO,7545534.08
SKU03480,User-centric fresh-thinking Internet solution,Home & Kitchen,WH-MUM,1370.0,66.0,7989.73,183.0,overstock,NO,10945930.1
SKU03481,Profound grid-enabled orchestration,Books,WH-BLR,1106.0,91.0,9045.97,207.0,overstock,NO,10004842.82
SKU03482,Managed foreground Local Area Network,Books,WH-CHE,118.0,29.0,14129.43,200.0,overstock,NO,1667272.74
SKU03483,Profound multi-tasking projection,Grocery,WH-DEL,1058.0,45.0,9711.41,187.0,overstock,NO,10274671.78
SKU03484,Managed 3rdgeneration project,Beauty,WH-MUM,648.0,63.0,3786.42,207.0,overstock,NO,2453600.16
SKU03485,Quality-focused asymmetric superstructure,Home & Kitchen,WH-MUM,1979.0,15.0,3682.43,142.0,overstock,NO,7287528.97
SKU03486,Horizontal asynchronous conglomeration,Home & Kitchen,WH-CHE,1667.0,63.0,9503.47,241.0,overstock,NO,15842284.49
SKU03487,Monitored high-level pricing structure,Clothing,WH-MUM,1637.0,39.0,5142.87,163.0,overstock,NO,8418878.19
SKU03488,Open-architected explicit infrastructure,Toys,WH-DEL,60.0,96.0,7499.55,227.0,below_reorder,YES,449973.0
SKU03489,Reactive fault-tolerant superstructure,Sports,WH-DEL,76.0,45.0,5816.45,214.0,healthy,NO,442050.2
SKU03490,Re-engineered motivating benchmark,Home & Kitchen,WH-BLR,1.0,47.0,8442.33,222.0,below_reorder,YES,8442.33
SKU03491,Visionary asymmetric product,Clothing,WH-MUM,1816.0,14.0,14878.71,153.0,overstock,NO,27019737.36
SKU03492,Reactive discrete groupware,Books,WH-BLR,262.0,80.0,11371.36,275.0,overstock,NO,2979296.32
SKU03493,Devolved grid-enabled extranet,Sports,WH-MUM,824.0,37.0,7581.67,239.0,overstock,NO,6247296.08
SKU03494,Customizable motivating standardization,Toys,WH-MUM,982.0,26.0,10554.4,157.0,overstock,NO,10364420.8
SKU03495,Decentralized 24hour superstructure,Grocery,WH-HYD,51.0,34.0,14534.49,265.0,healthy,NO,741258.99
SKU03496,Grass-roots multi-tasking firmware,Beauty,WH-MUM,1445.0,62.0,9627.3,230.0,overstock,NO,13911448.5
SKU03497,Inverse global Internet solution,Electronics,WH-HYD,1582.0,47.0,6428.32,143.0,overstock,NO,10169602.24
SKU03498,Synergistic radical project,Toys,WH-MUM,514.0,63.0,8925.27,179.0,overstock,NO,4587588.78
SKU03499,Upgradable analyzing algorithm,Books,WH-BLR,0.0,63.0,10148.07,221.0,stockout,YES,0.0
SKU03500,Focused reciprocal Local Area Network,Sports,WH-HYD,701.0,67.0,5335.51,220.0,overstock,NO,3740192.51
SKU03501,Sharable regional implementation,Grocery,WH-CHE,741.0,27.0,13343.48,274.0,overstock,NO,9887518.68
SKU03502,Pre-emptive neutral approach,Sports,WH-MUM,1034.0,62.0,14469.85,214.0,overstock,NO,14961824.9
SKU03503,Cloned bottom-line approach,Books,WH-CHE,639.0,82.0,6625.18,189.0,overstock,NO,4233490.02
SKU03504,Multi-channeled coherent orchestration,Books,WH-HYD,1815.0,14.0,11390.82,225.0,overstock,NO,20674338.3
SKU03505,Re-contextualized web-enabled projection,Home & Kitchen,WH-DEL,664.0,33.0,4066.66,227.0,overstock,NO,2700262.24
SKU03506,User-centric composite middleware,Toys,WH-MUM,127.0,25.0,7473.15,239.0,overstock,NO,949090.05
SKU03507,Innovative background function,Home & Kitchen,WH-CHE,1616.0,81.0,9286.84,214.0,overstock,NO,15007533.44
SKU03508,Multi-lateral content-based firmware,Clothing,WH-DEL,1554.0,10.0,13701.42,178.0,overstock,NO,21292006.68
SKU03509,Stand-alone radical database,Grocery,WH-MUM,426.0,85.0,10825.49,268.0,overstock,NO,4611658.74
SKU03510,Organic even-keeled Graphical User Interface,Electronics,WH-CHE,1622.0,13.0,3380.76,184.0,overstock,NO,5483592.72
SKU03511,Function-based real-time challenge,Books,WH-MUM,184.0,65.0,7388.16,241.0,healthy,NO,1359421.44
SKU03512,Open-source didactic methodology,Electronics,WH-BLR,768.0,50.0,7711.99,255.0,overstock,NO,5922808.32
SKU03513,Public-key bi-directional moderator,Electronics,WH-DEL,1590.0,88.0,7883.94,189.0,overstock,NO,12535464.6
SKU03514,Public-key modular policy,Grocery,WH-HYD,6.0,74.0,13773.23,205.0,below_reorder,YES,82639.38
SKU03515,Object-based regional superstructure,Books,WH-MUM,481.0,89.0,10192.34,293.0,overstock,NO,4902515.54
SKU03516,Innovative needs-based algorithm,Electronics,WH-BLR,964.0,85.0,2538.7,211.0,overstock,NO,2447306.8
SKU03517,Object-based web-enabled adapter,Home & Kitchen,WH-DEL,87.0,61.0,5416.54,197.0,healthy,NO,471238.98
SKU03518,Business-focused static portal,Grocery,WH-HYD,654.0,48.0,5498.4,268.0,overstock,NO,3595953.6
SKU03519,Up-sized optimal artificial intelligence,Toys,WH-CHE,304.0,19.0,3222.22,273.0,overstock,NO,979554.88
SKU03520,Reverse-engineered tangible neural-net,Grocery,WH-DEL,1545.0,53.0,10061.09,179.0,overstock,NO,15544384.05
SKU03521,Customer-focused context-sensitive open architectu,Electronics,WH-BLR,690.0,71.0,13078.16,158.0,overstock,NO,9023930.4
SKU03522,Advanced system-worthy framework,Sports,WH-HYD,1171.0,10.0,1781.18,204.0,overstock,NO,2085761.78
SKU03523,Horizontal dedicated capacity,Toys,WH-DEL,1695.0,62.0,13925.21,198.0,overstock,NO,23603230.95
SKU03524,Cloned motivating info-mediaries,Beauty,WH-HYD,162.0,58.0,2945.5,197.0,healthy,NO,477171.0
SKU03525,Switchable executive initiative,Electronics,WH-BLR,336.0,47.0,12077.37,210.0,overstock,NO,4057996.32
SKU03526,Optimized even-keeled infrastructure,Toys,WH-CHE,1438.0,21.0,9032.35,268.0,overstock,NO,12988519.3
SKU03527,Centralized disintermediate open architecture,Clothing,WH-HYD,471.0,89.0,4435.61,221.0,overstock,NO,2089172.31
SKU03528,Stand-alone bandwidth-monitored focus group,Beauty,WH-BLR,1734.0,43.0,6899.65,112.0,overstock,NO,11963993.1
SKU03529,Automated disintermediate capability,Electronics,WH-BLR,390.0,33.0,5798.36,182.0,overstock,NO,2261360.4
SKU03530,Expanded leadingedge pricing structure,Electronics,WH-CHE,482.0,79.0,5622.19,197.0,overstock,NO,2709895.58
SKU03531,Fundamental demand-driven hub,Sports,WH-HYD,1205.0,85.0,9139.61,253.0,overstock,NO,11013230.05
SKU03532,Customer-focused encompassing website,Toys,WH-DEL,0.0,75.0,10902.72,196.0,stockout,YES,0.0
SKU03533,Cross-group actuating artificial intelligence,Beauty,WH-BLR,74.0,23.0,7787.05,190.0,overstock,NO,576241.7
SKU03534,Right-sized system-worthy budgetary management,Electronics,WH-BLR,456.0,77.0,2934.8,240.0,overstock,NO,1338268.8
SKU03535,Diverse asymmetric flexibility,Sports,WH-HYD,282.0,25.0,5037.98,264.0,overstock,NO,1420710.36
SKU03536,Enhanced optimal implementation,Books,WH-DEL,1254.0,31.0,13005.35,176.0,overstock,NO,16308708.9
SKU03537,Centralized systemic leverage,Books,WH-BLR,1230.0,47.0,13193.65,235.0,overstock,NO,16228189.5
SKU03538,Assimilated zero administration concept,Clothing,WH-MUM,173.0,45.0,10313.29,200.0,overstock,NO,1784199.17
SKU03539,User-friendly modular knowledge user,Beauty,WH-CHE,1242.0,86.0,12479.42,165.0,overstock,NO,15499439.64
SKU03540,Versatile secondary groupware,Electronics,WH-HYD,701.0,59.0,7158.16,201.0,overstock,NO,5017870.16
SKU03541,Managed regional infrastructure,Grocery,WH-DEL,511.0,58.0,2010.24,232.0,overstock,NO,1027232.64
SKU03542,Compatible local throughput,Books,WH-HYD,713.0,77.0,14120.2,268.0,overstock,NO,10067702.6
SKU03543,Monitored well-modulated software,Grocery,WH-BLR,1325.0,23.0,10481.98,305.0,overstock,NO,13888623.5
SKU03544,Implemented responsive function,Sports,WH-HYD,817.0,68.0,1530.7,216.0,overstock,NO,1250581.9
SKU03545,Balanced cohesive migration,Toys,WH-BLR,1241.0,84.0,14951.71,202.0,overstock,NO,18555072.11
SKU03546,Business-focused 3rdgeneration adapter,Books,WH-MUM,1473.0,44.0,11163.57,219.0,overstock,NO,16443938.61
SKU03547,Front-line high-level structure,Toys,WH-DEL,958.0,85.0,7217.63,255.0,overstock,NO,6914489.54
SKU03548,Diverse asymmetric contingency,Grocery,WH-HYD,1596.0,84.0,4738.44,207.0,overstock,NO,7562550.24
SKU03549,Innovative multimedia knowledge user,Home & Kitchen,WH-BLR,1238.0,52.0,500.11,146.0,overstock,NO,619136.18
SKU03550,Synchronized maximized methodology,Electronics,WH-CHE,1102.0,98.0,13842.59,199.0,overstock,NO,15254534.18
SKU03551,Re-engineered demand-driven hub,Sports,WH-CHE,1895.0,27.0,3090.5,175.0,overstock,NO,5856497.5
SKU03552,Cross-platform mission-critical functionalities,Grocery,WH-DEL,571.0,40.0,6085.05,214.0,overstock,NO,3474563.55
SKU03553,Versatile bi-directional synergy,Toys,WH-CHE,1569.0,76.0,7329.22,192.0,overstock,NO,11499546.18
SKU03554,Enhanced demand-driven utilization,Toys,WH-CHE,16.0,71.0,9057.73,202.0,below_reorder,YES,144923.68
SKU03555,Versatile user-facing initiative,Toys,WH-DEL,1869.0,48.0,3517.58,207.0,overstock,NO,6574357.02
SKU03556,Ameliorated client-server contingency,Books,WH-CHE,78.0,46.0,4887.1,250.0,healthy,NO,381193.8
SKU03557,Integrated human-resource definition,Electronics,WH-BLR,1617.0,43.0,10320.63,268.0,overstock,NO,16688458.71
SKU03558,Grass-roots exuding benchmark,Sports,WH-HYD,109.0,27.0,2834.55,243.0,overstock,NO,308965.95
SKU03559,Object-based interactive application,Sports,WH-MUM,1487.0,71.0,4126.78,202.0,overstock,NO,6136521.86
SKU03560,Up-sized zero-defect model,Toys,WH-BLR,1232.0,42.0,1002.97,314.0,overstock,NO,1235659.04
SKU03561,Robust empowering solution,Home & Kitchen,WH-DEL,567.0,68.0,8266.63,217.0,overstock,NO,4687179.21
SKU03562,Synergized attitude-oriented emulation,Clothing,WH-CHE,503.0,25.0,13087.65,178.0,overstock,NO,6583087.95
SKU03563,Advanced regional installation,Toys,WH-HYD,489.0,79.0,11977.81,172.0,overstock,NO,5857149.09
SKU03564,Visionary transitional Internet solution,Electronics,WH-CHE,847.0,86.0,3464.4,236.0,overstock,NO,2934346.8
SKU03565,Pre-emptive logistical hierarchy,Clothing,WH-CHE,0.0,93.0,10155.67,226.0,stockout,YES,0.0
SKU03566,Horizontal zero-defect success,Beauty,WH-HYD,983.0,10.0,8047.36,167.0,overstock,NO,7910554.88
SKU03567,Progressive zero-defect projection,Beauty,WH-CHE,391.0,93.0,489.57,207.0,overstock,NO,191421.87
SKU03568,Future-proofed modular toolset,Books,WH-MUM,1230.0,51.0,12578.68,196.0,overstock,NO,15471776.4
SKU03569,Right-sized 3rdgeneration secured line,Grocery,WH-HYD,1905.0,98.0,12570.98,200.0,overstock,NO,23947716.9
SKU03570,Optional real-time help-desk,Toys,WH-HYD,188.0,71.0,12226.36,217.0,healthy,NO,2298555.68
SKU03571,Future-proofed multi-tasking intranet,Toys,WH-HYD,832.0,77.0,2760.38,232.0,overstock,NO,2296636.16
SKU03572,Organic optimizing standardization,Clothing,WH-MUM,476.0,81.0,6086.13,207.0,overstock,NO,2896997.88
SKU03573,Robust clear-thinking concept,Books,WH-MUM,244.0,11.0,11877.25,285.0,overstock,NO,2898049.0
SKU03574,Self-enabling cohesive throughput,Home & Kitchen,WH-MUM,839.0,48.0,11176.13,199.0,overstock,NO,9376773.07
SKU03575,De-engineered cohesive open architecture,Toys,WH-BLR,1249.0,61.0,4582.23,209.0,overstock,NO,5723205.27
SKU03576,Optimized static frame,Beauty,WH-CHE,566.0,72.0,12146.95,250.0,overstock,NO,6875173.7
SKU03577,Progressive dedicated encoding,Electronics,WH-HYD,460.0,48.0,11677.09,172.0,overstock,NO,5371461.4
SKU03578,Customer-focused value-added concept,Books,WH-CHE,1977.0,93.0,12266.03,155.0,overstock,NO,24249941.31
SKU03579,Ameliorated mission-critical array,Sports,WH-HYD,223.0,58.0,1592.62,296.0,overstock,NO,355154.26
SKU03580,Cross-platform multimedia website,Electronics,WH-DEL,1335.0,19.0,13580.56,153.0,overstock,NO,18130047.6
SKU03581,Mandatory exuding architecture,Books,WH-CHE,1879.0,30.0,13456.16,182.0,overstock,NO,25284124.64
SKU03582,User-centric demand-driven parallelism,Electronics,WH-CHE,1617.0,30.0,13760.99,261.0,overstock,NO,22251520.83
SKU03583,Cloned systemic solution,Beauty,WH-BLR,789.0,13.0,3729.12,201.0,overstock,NO,2942275.68
SKU03584,Polarized contextually-based array,Beauty,WH-CHE,873.0,63.0,6020.83,192.0,overstock,NO,5256184.59
SKU03585,Phased multi-tasking protocol,Electronics,WH-CHE,163.0,31.0,623.3,205.0,overstock,NO,101597.9
SKU03586,Secured cohesive hardware,Books,WH-BLR,1855.0,27.0,1387.64,226.0,overstock,NO,2574072.2
SKU03587,Intuitive tertiary synergy,Electronics,WH-DEL,1827.0,50.0,14246.45,245.0,overstock,NO,26028264.15
SKU03588,Right-sized attitude-oriented synergy,Grocery,WH-BLR,1412.0,98.0,4939.46,209.0,overstock,NO,6974517.52
SKU03589,Horizontal zero-defect migration,Grocery,WH-DEL,854.0,93.0,6376.17,228.0,overstock,NO,5445249.18
SKU03590,Enhanced eco-centric utilization,Grocery,WH-CHE,1878.0,35.0,6763.52,297.0,overstock,NO,12701890.56
SKU03591,Profound heuristic complexity,Books,WH-HYD,673.0,88.0,3623.39,248.0,overstock,NO,2438541.47
SKU03592,Realigned zero-defect access,Home & Kitchen,WH-BLR,1129.0,42.0,347.85,191.0,overstock,NO,392722.65
SKU03593,Configurable 24hour help-desk,Grocery,WH-DEL,774.0,63.0,5936.39,226.0,overstock,NO,4594765.86
SKU03594,Secured fault-tolerant standardization,Beauty,WH-BLR,848.0,18.0,843.09,133.0,overstock,NO,714940.32
SKU03595,Balanced global time-frame,Books,WH-DEL,628.0,91.0,1213.31,180.0,overstock,NO,761958.68
SKU03596,Advanced exuding circuit,Grocery,WH-MUM,1368.0,91.0,13321.78,181.0,overstock,NO,18224195.04
SKU03597,Cross-group incremental artificial intelligence,Beauty,WH-BLR,434.0,91.0,12404.44,226.0,overstock,NO,5383526.96
SKU03598,Team-oriented 24hour migration,Beauty,WH-BLR,0.0,46.0,10532.05,220.0,stockout,YES,0.0
SKU03599,Cloned system-worthy leverage,Clothing,WH-DEL,1349.0,38.0,1955.74,210.0,overstock,NO,2638293.26
SKU03600,Triple-buffered solution-oriented circuit,Sports,WH-HYD,842.0,96.0,11074.54,199.0,overstock,NO,9324762.68
SKU03601,Business-focused fresh-thinking moderator,Toys,WH-DEL,1382.0,19.0,3941.62,252.0,overstock,NO,5447318.84
SKU03602,Reactive impactful forecast,Home & Kitchen,WH-CHE,1044.0,24.0,10595.14,267.0,overstock,NO,11061326.16
SKU03603,Open-architected client-driven flexibility,Books,WH-BLR,434.0,91.0,12418.95,217.0,overstock,NO,5389824.3
SKU03604,Secured cohesive attitude,Home & Kitchen,WH-HYD,1464.0,26.0,5175.63,226.0,overstock,NO,7577122.32
SKU03605,Customizable hybrid software,Toys,WH-DEL,1324.0,73.0,12101.25,172.0,overstock,NO,16022055.0
SKU03606,Reduced asynchronous open architecture,Clothing,WH-CHE,508.0,46.0,12543.54,178.0,overstock,NO,6372118.32
SKU03607,Optional static analyzer,Beauty,WH-BLR,501.0,15.0,12709.86,179.0,overstock,NO,6367639.86
SKU03608,Implemented human-resource encoding,Sports,WH-BLR,1030.0,12.0,9295.64,197.0,overstock,NO,9574509.2
SKU03609,Assimilated holistic standardization,Home & Kitchen,WH-BLR,106.0,95.0,10064.66,172.0,healthy,NO,1066853.96
SKU03610,Managed system-worthy function,Sports,WH-DEL,719.0,26.0,6294.14,202.0,overstock,NO,4525486.66
SKU03611,Proactive encompassing matrices,Toys,WH-HYD,1355.0,23.0,9271.49,243.0,overstock,NO,12562868.95
SKU03612,Optimized empowering application,Beauty,WH-MUM,930.0,91.0,11580.93,219.0,overstock,NO,10770264.9
SKU03613,Mandatory transitional capability,Home & Kitchen,WH-DEL,1619.0,39.0,4956.53,195.0,overstock,NO,8024622.07
SKU03614,Ergonomic system-worthy focus group,Beauty,WH-BLR,775.0,39.0,8050.42,215.0,overstock,NO,6239075.5
SKU03615,Synergized well-modulated paradigm,Sports,WH-MUM,1707.0,80.0,4108.41,163.0,overstock,NO,7013055.87
SKU03616,Expanded hybrid task-force,Beauty,WH-DEL,34.0,84.0,3849.92,192.0,below_reorder,YES,130897.28
SKU03617,Ergonomic static groupware,Books,WH-DEL,726.0,70.0,1656.62,228.0,overstock,NO,1202706.12
SKU03618,Future-proofed empowering projection,Grocery,WH-BLR,1803.0,97.0,3681.9,239.0,overstock,NO,6638465.7
SKU03619,Ameliorated coherent core,Electronics,WH-BLR,491.0,91.0,12744.53,180.0,overstock,NO,6257564.23
SKU03620,Visionary 5thgeneration interface,Books,WH-CHE,1527.0,30.0,14186.62,238.0,overstock,NO,21662968.74
SKU03621,Synergized 24hour open architecture,Home & Kitchen,WH-BLR,677.0,100.0,425.37,221.0,overstock,NO,287975.49
SKU03622,Persevering mission-critical groupware,Beauty,WH-HYD,1484.0,28.0,14093.28,231.0,overstock,NO,20914427.52
SKU03623,User-friendly didactic flexibility,Sports,WH-HYD,760.0,54.0,9124.64,269.0,overstock,NO,6934726.4
SKU03624,Horizontal web-enabled implementation,Books,WH-MUM,1659.0,86.0,12522.8,321.0,overstock,NO,20775325.2
SKU03625,Customizable user-facing encryption,Sports,WH-CHE,60.0,97.0,3152.44,209.0,below_reorder,YES,189146.4
SKU03626,Optimized content-based process improvement,Clothing,WH-CHE,1033.0,55.0,14567.83,161.0,overstock,NO,15048568.39
SKU03627,Enterprise-wide directional extranet,Grocery,WH-CHE,382.0,11.0,7984.78,187.0,overstock,NO,3050185.96
SKU03628,Multi-channeled static methodology,Beauty,WH-CHE,1486.0,41.0,7260.34,214.0,overstock,NO,10788865.24
SKU03629,Adaptive client-driven data-warehouse,Grocery,WH-DEL,24.0,81.0,7800.56,305.0,below_reorder,YES,187213.44
SKU03630,Triple-buffered static service-desk,Toys,WH-CHE,1292.0,97.0,12213.67,193.0,overstock,NO,15780061.64
SKU03631,Persistent analyzing software,Sports,WH-DEL,0.0,67.0,6092.97,252.0,stockout,YES,0.0
SKU03632,Up-sized disintermediate standardization,Beauty,WH-BLR,322.0,96.0,13043.14,177.0,overstock,NO,4199891.08
SKU03633,Public-key analyzing data-warehouse,Grocery,WH-MUM,428.0,67.0,102.99,214.0,overstock,NO,44079.72
SKU03634,Centralized foreground frame,Grocery,WH-BLR,925.0,16.0,5382.38,253.0,overstock,NO,4978701.5
SKU03635,Seamless impactful protocol,Electronics,WH-HYD,70.0,53.0,9984.74,172.0,healthy,NO,698931.8
SKU03636,Innovative tangible archive,Electronics,WH-CHE,1624.0,16.0,3818.64,195.0,overstock,NO,6201471.36
SKU03637,Monitored tangible support,Sports,WH-HYD,42.0,43.0,3161.95,191.0,below_reorder,YES,132801.9
SKU03638,Implemented asymmetric algorithm,Sports,WH-MUM,1013.0,88.0,7226.16,193.0,overstock,NO,7320100.08
SKU03639,Cross-platform radical help-desk,Electronics,WH-BLR,1288.0,44.0,2278.23,225.0,overstock,NO,2934360.24
SKU03640,Upgradable cohesive secured line,Grocery,WH-CHE,207.0,71.0,3571.13,239.0,healthy,NO,739223.91
SKU03641,Secured uniform circuit,Electronics,WH-DEL,370.0,35.0,1855.85,227.0,overstock,NO,686664.5
SKU03642,Team-oriented exuding open system,Grocery,WH-DEL,1250.0,60.0,13651.24,205.0,overstock,NO,17064050.0
SKU03643,Synergistic exuding info-mediaries,Sports,WH-HYD,1829.0,20.0,13920.78,227.0,overstock,NO,25461106.62
SKU03644,Self-enabling exuding archive,Toys,WH-BLR,860.0,71.0,6255.88,237.0,overstock,NO,5380056.8
SKU03645,Proactive methodical software,Electronics,WH-MUM,1173.0,54.0,7356.27,195.0,overstock,NO,8628904.71
SKU03646,Right-sized bi-directional access,Grocery,WH-MUM,750.0,99.0,5157.69,227.0,overstock,NO,3868267.5
SKU03647,Organic tertiary moderator,Books,WH-MUM,1402.0,11.0,1640.63,154.0,overstock,NO,2300163.26
SKU03648,Upgradable next generation superstructure,Electronics,WH-DEL,791.0,91.0,1174.77,214.0,overstock,NO,929243.07
SKU03649,Balanced global complexity,Books,WH-MUM,676.0,82.0,2718.18,237.0,overstock,NO,1837489.68
SKU03650,Multi-layered tangible encryption,Electronics,WH-BLR,1008.0,18.0,12594.88,157.0,overstock,NO,12695639.04
SKU03651,Mandatory real-time implementation,Toys,WH-MUM,548.0,14.0,10684.56,232.0,overstock,NO,5855138.88
SKU03652,Profit-focused asymmetric database,Toys,WH-MUM,607.0,81.0,411.8,232.0,overstock,NO,249962.6
SKU03653,Universal user-facing initiative,Clothing,WH-MUM,287.0,26.0,5997.43,130.0,overstock,NO,1721262.41
SKU03654,Organic incremental structure,Toys,WH-BLR,516.0,70.0,12559.8,202.0,overstock,NO,6480856.8
SKU03655,Polarized well-modulated workforce,Electronics,WH-HYD,1619.0,17.0,5742.66,213.0,overstock,NO,9297366.54
SKU03656,Persevering intangible firmware,Grocery,WH-HYD,485.0,68.0,14392.9,217.0,overstock,NO,6980556.5
SKU03657,Integrated neutral utilization,Home & Kitchen,WH-CHE,250.0,25.0,1132.38,261.0,overstock,NO,283095.0
SKU03658,Upgradable incremental complexity,Electronics,WH-CHE,1651.0,13.0,6914.02,179.0,overstock,NO,11415047.02
SKU03659,Quality-focused systemic moratorium,Sports,WH-CHE,1658.0,15.0,7090.31,165.0,overstock,NO,11755733.98
SKU03660,Quality-focused bandwidth-monitored Local Area Net,Clothing,WH-BLR,1504.0,60.0,6868.7,125.0,overstock,NO,10330524.8
SKU03661,Secured grid-enabled synergy,Grocery,WH-HYD,1388.0,52.0,9583.88,254.0,overstock,NO,13302425.44
SKU03662,Self-enabling motivating hardware,Beauty,WH-HYD,746.0,85.0,6845.42,191.0,overstock,NO,5106683.32
SKU03663,Enhanced demand-driven project,Books,WH-HYD,460.0,90.0,12093.06,208.0,overstock,NO,5562807.6
SKU03664,Pre-emptive high-level collaboration,Beauty,WH-BLR,0.0,72.0,9516.8,196.0,stockout,YES,0.0
SKU03665,Universal discrete encryption,Clothing,WH-CHE,42.0,89.0,12510.19,246.0,below_reorder,YES,525427.98
SKU03666,Ergonomic reciprocal protocol,Books,WH-HYD,1928.0,77.0,11147.15,220.0,overstock,NO,21491705.2
SKU03667,Synergized fault-tolerant focus group,Toys,WH-DEL,444.0,78.0,4751.6,266.0,overstock,NO,2109710.4
SKU03668,Managed directional time-frame,Sports,WH-MUM,438.0,43.0,4771.46,250.0,overstock,NO,2089899.48
SKU03669,Business-focused context-sensitive methodology,Electronics,WH-CHE,1674.0,32.0,3992.89,170.0,overstock,NO,6684097.86
SKU03670,Integrated object-oriented infrastructure,Grocery,WH-DEL,4.0,29.0,12737.44,228.0,below_reorder,YES,50949.76
SKU03671,Function-based even-keeled superstructure,Grocery,WH-HYD,536.0,54.0,5275.23,240.0,overstock,NO,2827523.28
SKU03672,Configurable global strategy,Toys,WH-DEL,1617.0,64.0,12083.9,203.0,overstock,NO,19539666.3
SKU03673,Centralized reciprocal paradigm,Home & Kitchen,WH-HYD,213.0,28.0,5155.41,262.0,overstock,NO,1098102.33
SKU03674,Realigned optimizing core,Books,WH-BLR,1725.0,74.0,837.84,213.0,overstock,NO,1445274.0
SKU03675,Optimized logistical info-mediaries,Clothing,WH-MUM,1961.0,59.0,7146.77,118.0,overstock,NO,14014815.97
SKU03676,Diverse zero tolerance infrastructure,Books,WH-DEL,1114.0,43.0,12990.35,238.0,overstock,NO,14471249.9
SKU03677,Ergonomic content-based budgetary management,Electronics,WH-CHE,1415.0,64.0,8052.23,249.0,overstock,NO,11393905.45
SKU03678,Configurable cohesive frame,Clothing,WH-CHE,752.0,12.0,2535.68,259.0,overstock,NO,1906831.36
SKU03679,Seamless transitional architecture,Sports,WH-DEL,474.0,60.0,10546.21,256.0,overstock,NO,4998903.54
SKU03680,Public-key homogeneous encryption,Grocery,WH-DEL,259.0,22.0,13842.76,152.0,overstock,NO,3585274.84
SKU03681,Organic transitional emulation,Grocery,WH-CHE,828.0,23.0,1649.91,191.0,overstock,NO,1366125.48
SKU03682,Versatile national help-desk,Clothing,WH-HYD,1742.0,63.0,14470.08,320.0,overstock,NO,25206879.36
SKU03683,Innovative multi-tasking structure,Books,WH-DEL,263.0,52.0,13697.25,215.0,overstock,NO,3602376.75
SKU03684,De-engineered directional Graphic Interface,Toys,WH-HYD,1695.0,24.0,7285.71,175.0,overstock,NO,12349278.45
SKU03685,Digitized homogeneous array,Electronics,WH-HYD,13.0,78.0,6807.4,172.0,below_reorder,YES,88496.2
SKU03686,Fully-configurable heuristic groupware,Toys,WH-BLR,1511.0,22.0,4147.68,161.0,overstock,NO,6267144.48
SKU03687,Extended radical paradigm,Grocery,WH-CHE,716.0,49.0,13301.27,117.0,overstock,NO,9523709.32
SKU03688,Face-to-face contextually-based installation,Beauty,WH-BLR,955.0,33.0,2911.89,214.0,overstock,NO,2780854.95
SKU03689,Re-engineered context-sensitive intranet,Home & Kitchen,WH-HYD,909.0,78.0,4796.75,243.0,overstock,NO,4360245.75
SKU03690,Implemented well-modulated database,Grocery,WH-MUM,1661.0,97.0,10775.87,248.0,overstock,NO,17898720.07
SKU03691,Managed coherent leverage,Beauty,WH-HYD,1283.0,14.0,1372.14,229.0,overstock,NO,1760455.62
SKU03692,Front-line upward-trending productivity,Home & Kitchen,WH-MUM,1332.0,94.0,14613.76,152.0,overstock,NO,19465528.32
SKU03693,Compatible web-enabled core,Electronics,WH-DEL,1385.0,88.0,1542.74,204.0,overstock,NO,2136694.9
SKU03694,Universal actuating middleware,Electronics,WH-DEL,1630.0,54.0,10199.34,206.0,overstock,NO,16624924.2
SKU03695,Phased zero-defect Internet solution,Clothing,WH-HYD,1937.0,95.0,9333.73,178.0,overstock,NO,18079435.01
SKU03696,User-friendly non-volatile hub,Books,WH-BLR,118.0,72.0,2155.46,275.0,healthy,NO,254344.28
SKU03697,Universal secondary service-desk,Home & Kitchen,WH-HYD,0.0,19.0,5084.99,199.0,stockout,YES,0.0
SKU03698,Adaptive analyzing installation,Beauty,WH-CHE,1315.0,100.0,9597.56,278.0,overstock,NO,12620791.4
SKU03699,Open-source even-keeled frame,Books,WH-CHE,1592.0,47.0,3490.05,191.0,overstock,NO,5556159.6
SKU03700,Organic leadingedge knowledge user,Toys,WH-CHE,1549.0,97.0,1929.29,215.0,overstock,NO,2988470.21
SKU03701,Adaptive human-resource frame,Toys,WH-CHE,1505.0,21.0,2818.5,232.0,overstock,NO,4241842.5
SKU03702,Persistent multi-state capability,Toys,WH-MUM,1355.0,13.0,5994.2,162.0,overstock,NO,8122141.0
SKU03703,Open-architected bottom-line orchestration,Electronics,WH-CHE,171.0,37.0,5302.82,235.0,overstock,NO,906782.22
SKU03704,Synchronized grid-enabled structure,Books,WH-MUM,1162.0,62.0,4147.97,167.0,overstock,NO,4819941.14
SKU03705,Optional encompassing support,Beauty,WH-CHE,125.0,73.0,6555.02,254.0,healthy,NO,819377.5
SKU03706,Customer-focused encompassing hierarchy,Books,WH-BLR,296.0,99.0,4301.4,267.0,healthy,NO,1273214.4
SKU03707,Automated bandwidth-monitored methodology,Clothing,WH-HYD,949.0,28.0,10572.29,205.0,overstock,NO,10033103.21
SKU03708,Team-oriented 24hour open system,Grocery,WH-DEL,494.0,89.0,11190.58,200.0,overstock,NO,5528146.52
SKU03709,Reactive bi-directional emulation,Sports,WH-CHE,267.0,91.0,7521.65,225.0,healthy,NO,2008280.55
SKU03710,Quality-focused incremental collaboration,Home & Kitchen,WH-BLR,483.0,76.0,5893.05,209.0,overstock,NO,2846343.15
SKU03711,Total non-volatile installation,Electronics,WH-MUM,1945.0,84.0,9080.32,219.0,overstock,NO,17661222.4
SKU03712,Team-oriented responsive framework,Clothing,WH-CHE,345.0,100.0,6338.34,214.0,overstock,NO,2186727.3
SKU03713,Reverse-engineered multimedia matrices,Electronics,WH-BLR,713.0,77.0,8369.49,324.0,overstock,NO,5967446.37
SKU03714,Reactive needs-based time-frame,Toys,WH-MUM,976.0,38.0,2140.84,207.0,overstock,NO,2089459.84
SKU03715,Cross-group empowering ability,Home & Kitchen,WH-MUM,196.0,95.0,5097.4,228.0,healthy,NO,999090.4
SKU03716,Exclusive disintermediate collaboration,Grocery,WH-MUM,824.0,44.0,5930.57,163.0,overstock,NO,4886789.68
SKU03717,Profit-focused real-time Local Area Network,Sports,WH-HYD,1275.0,42.0,11972.03,146.0,overstock,NO,15264338.25
SKU03718,User-friendly interactive ability,Grocery,WH-MUM,1464.0,26.0,6408.62,210.0,overstock,NO,9382219.68
SKU03719,Devolved reciprocal portal,Toys,WH-CHE,821.0,52.0,12679.81,237.0,overstock,NO,10410124.01
SKU03720,Down-sized cohesive definition,Toys,WH-HYD,136.0,57.0,8911.14,188.0,healthy,NO,1211915.04
SKU03721,Profound scalable knowledgebase,Grocery,WH-MUM,760.0,90.0,1609.47,269.0,overstock,NO,1223197.2
SKU03722,Enhanced executive customer loyalty,Sports,WH-HYD,1315.0,13.0,4949.18,166.0,overstock,NO,6508171.7
SKU03723,Innovative well-modulated emulation,Beauty,WH-BLR,47.0,66.0,156.22,117.0,below_reorder,YES,7342.34
SKU03724,Enhanced fresh-thinking analyzer,Beauty,WH-DEL,1955.0,72.0,10652.93,194.0,overstock,NO,20826478.15
SKU03725,Enterprise-wide tangible capacity,Toys,WH-CHE,941.0,48.0,4720.43,165.0,overstock,NO,4441924.63
SKU03726,Distributed object-oriented workforce,Books,WH-DEL,511.0,32.0,8207.08,209.0,overstock,NO,4193817.88
SKU03727,Re-contextualized client-driven orchestration,Toys,WH-MUM,1097.0,35.0,744.62,208.0,overstock,NO,816848.14
SKU03728,Horizontal multi-tasking archive,Sports,WH-MUM,1304.0,42.0,8132.84,200.0,overstock,NO,10605223.36
SKU03729,Customizable scalable methodology,Home & Kitchen,WH-CHE,1952.0,78.0,4339.72,221.0,overstock,NO,8471133.44
SKU03730,User-centric static focus group,Toys,WH-MUM,0.0,56.0,13096.14,208.0,stockout,YES,0.0
SKU03731,Optimized empowering ability,Sports,WH-BLR,868.0,49.0,1662.86,253.0,overstock,NO,1443362.48
SKU03732,Upgradable 24/7 concept,Clothing,WH-DEL,202.0,92.0,12120.8,224.0,healthy,NO,2448401.6
SKU03733,Robust dedicated budgetary management,Clothing,WH-BLR,204.0,96.0,537.42,205.0,healthy,NO,109633.68
SKU03734,Right-sized asynchronous support,Books,WH-DEL,1352.0,90.0,8544.18,157.0,overstock,NO,11551731.36
SKU03735,De-engineered optimizing architecture,Books,WH-CHE,641.0,42.0,14112.78,176.0,overstock,NO,9046291.98
SKU03736,Ameliorated 5thgeneration installation,Electronics,WH-HYD,275.0,70.0,10129.3,157.0,overstock,NO,2785557.5
SKU03737,Switchable executive strategy,Home & Kitchen,WH-DEL,1003.0,51.0,13305.31,246.0,overstock,NO,13345225.93
SKU03738,Programmable heuristic archive,Beauty,WH-CHE,1707.0,10.0,2959.8,186.0,overstock,NO,5052378.6
SKU03739,Multi-channeled coherent protocol,Clothing,WH-BLR,577.0,72.0,10233.17,219.0,overstock,NO,5904539.09
SKU03740,Innovative interactive task-force,Sports,WH-DEL,1077.0,94.0,259.44,199.0,overstock,NO,279416.88
SKU03741,Cross-group mission-critical benchmark,Electronics,WH-CHE,1988.0,86.0,11910.31,262.0,overstock,NO,23677696.28
SKU03742,Inverse analyzing product,Home & Kitchen,WH-HYD,91.0,43.0,8514.32,164.0,healthy,NO,774803.12
SKU03743,Managed interactive ability,Toys,WH-BLR,1533.0,14.0,4920.6,117.0,overstock,NO,7543279.8
SKU03744,Secured holistic benchmark,Books,WH-BLR,515.0,26.0,6995.52,272.0,overstock,NO,3602692.8
SKU03745,Compatible zero tolerance open system,Beauty,WH-MUM,1978.0,77.0,8348.71,184.0,overstock,NO,16513748.38
SKU03746,Intuitive neutral Graphic Interface,Home & Kitchen,WH-HYD,1799.0,50.0,3608.14,250.0,overstock,NO,6491043.86
SKU03747,User-friendly contextually-based support,Home & Kitchen,WH-DEL,89.0,80.0,14860.84,265.0,healthy,NO,1322614.76
SKU03748,Fundamental zero tolerance capacity,Beauty,WH-DEL,52.0,77.0,8715.24,228.0,below_reorder,YES,453192.48
SKU03749,Quality-focused bottom-line benchmark,Electronics,WH-DEL,506.0,10.0,153.56,221.0,overstock,NO,77701.36
SKU03750,Expanded neutral architecture,Books,WH-CHE,314.0,60.0,6868.17,228.0,overstock,NO,2156605.38
SKU03751,Face-to-face asynchronous strategy,Grocery,WH-MUM,1609.0,16.0,9462.95,153.0,overstock,NO,15225886.55
SKU03752,Quality-focused systematic extranet,Electronics,WH-CHE,125.0,18.0,6841.84,162.0,overstock,NO,855230.0
SKU03753,Open-source mission-critical throughput,Home & Kitchen,WH-CHE,419.0,69.0,14096.09,246.0,overstock,NO,5906261.71
SKU03754,Streamlined holistic encryption,Toys,WH-BLR,750.0,18.0,2551.66,178.0,overstock,NO,1913745.0
SKU03755,Re-engineered 3rdgeneration groupware,Clothing,WH-DEL,1149.0,67.0,14634.31,197.0,overstock,NO,16814822.19
SKU03756,Sharable foreground matrices,Home & Kitchen,WH-CHE,274.0,94.0,6842.43,251.0,healthy,NO,1874825.82
SKU03757,Front-line didactic challenge,Sports,WH-MUM,1909.0,94.0,12740.82,144.0,overstock,NO,24322225.38
SKU03758,Profit-focused upward-trending contingency,Toys,WH-MUM,1101.0,49.0,3289.07,113.0,overstock,NO,3621266.07
SKU03759,Up-sized asymmetric website,Home & Kitchen,WH-MUM,799.0,81.0,10567.16,289.0,overstock,NO,8443160.84
SKU03760,Versatile upward-trending benchmark,Grocery,WH-CHE,551.0,51.0,9690.74,159.0,overstock,NO,5339597.74
SKU03761,Fundamental multi-tasking help-desk,Clothing,WH-MUM,288.0,40.0,842.6,158.0,overstock,NO,242668.8
SKU03762,Centralized next generation implementation,Beauty,WH-BLR,1032.0,68.0,12745.25,177.0,overstock,NO,13153098.0
SKU03763,Reverse-engineered local benchmark,Books,WH-MUM,0.0,92.0,3975.04,226.0,stockout,YES,0.0
SKU03764,Fundamental clear-thinking matrix,Clothing,WH-CHE,167.0,13.0,13317.91,221.0,overstock,NO,2224090.97
SKU03765,Progressive full-range Graphic Interface,Beauty,WH-HYD,1136.0,56.0,14402.38,217.0,overstock,NO,16361103.68
SKU03766,Upgradable impactful artificial intelligence,Electronics,WH-CHE,306.0,62.0,10488.1,242.0,overstock,NO,3209358.6
SKU03767,Customer-focused bi-directional firmware,Sports,WH-DEL,1231.0,96.0,10807.65,237.0,overstock,NO,13304217.15
SKU03768,User-friendly non-volatile database,Sports,WH-CHE,958.0,51.0,1014.04,207.0,overstock,NO,971450.32
SKU03769,Centralized radical data-warehouse,Home & Kitchen,WH-HYD,383.0,86.0,9798.64,266.0,overstock,NO,3752879.12
SKU03770,Progressive scalable secured line,Clothing,WH-BLR,1742.0,79.0,4158.84,193.0,overstock,NO,7244699.28
SKU03771,Profit-focused zero tolerance interface,Clothing,WH-DEL,1261.0,70.0,8458.24,192.0,overstock,NO,10665840.64
SKU03772,Phased 24/7 synergy,Home & Kitchen,WH-CHE,690.0,48.0,7724.18,180.0,overstock,NO,5329684.2
SKU03773,Implemented local pricing structure,Grocery,WH-DEL,527.0,15.0,4093.22,219.0,overstock,NO,2157126.94
SKU03774,Up-sized hybrid ability,Home & Kitchen,WH-CHE,1131.0,60.0,6342.28,218.0,overstock,NO,7173118.68
SKU03775,Customer-focused methodical policy,Electronics,WH-MUM,1010.0,12.0,14701.76,211.0,overstock,NO,14848777.6
SKU03776,Organic composite website,Electronics,WH-DEL,1642.0,20.0,5364.62,218.0,overstock,NO,8808706.04
SKU03777,Proactive disintermediate paradigm,Grocery,WH-BLR,430.0,67.0,4314.11,250.0,overstock,NO,1855067.3
SKU03778,Re-contextualized next generation monitoring,Home & Kitchen,WH-MUM,1263.0,52.0,9881.06,153.0,overstock,NO,12479778.78
SKU03779,Multi-channeled analyzing intranet,Beauty,WH-CHE,863.0,13.0,13104.99,199.0,overstock,NO,11309606.37
SKU03780,Face-to-face radical hierarchy,Sports,WH-DEL,1228.0,10.0,6393.99,227.0,overstock,NO,7851819.72
SKU03781,Ergonomic national circuit,Beauty,WH-DEL,1151.0,26.0,10433.7,183.0,overstock,NO,12009188.7
SKU03782,Streamlined fresh-thinking software,Toys,WH-MUM,559.0,47.0,12864.97,259.0,overstock,NO,7191518.23
SKU03783,Visionary asynchronous concept,Sports,WH-DEL,1389.0,10.0,11781.59,249.0,overstock,NO,16364628.51
SKU03784,Horizontal maximized approach,Beauty,WH-DEL,1418.0,60.0,1785.53,281.0,overstock,NO,2531881.54
SKU03785,Horizontal methodical circuit,Grocery,WH-BLR,631.0,64.0,13567.0,227.0,overstock,NO,8560777.0
SKU03786,Universal systemic capability,Beauty,WH-HYD,968.0,30.0,12141.84,186.0,overstock,NO,11753301.12
SKU03787,Synchronized encompassing migration,Grocery,WH-HYD,938.0,41.0,7291.75,299.0,overstock,NO,6839661.5
SKU03788,Distributed national complexity,Books,WH-CHE,270.0,87.0,5032.84,254.0,overstock,NO,1358866.8
SKU03789,Open-architected modular firmware,Clothing,WH-DEL,1381.0,14.0,12886.88,163.0,overstock,NO,17796781.28
SKU03790,Cross-group analyzing open system,Books,WH-BLR,942.0,90.0,4042.17,245.0,overstock,NO,3807724.14
SKU03791,Synergistic client-server project,Electronics,WH-MUM,1821.0,15.0,12308.58,209.0,overstock,NO,22413924.18
SKU03792,Reduced modular contingency,Home & Kitchen,WH-CHE,647.0,71.0,2961.6,266.0,overstock,NO,1916155.2
SKU03793,Versatile content-based monitoring,Grocery,WH-HYD,1591.0,81.0,3775.43,250.0,overstock,NO,6006709.13
SKU03794,Profit-focused dynamic help-desk,Home & Kitchen,WH-HYD,1738.0,58.0,13964.89,121.0,overstock,NO,24270978.82
SKU03795,Multi-tiered directional complexity,Grocery,WH-BLR,731.0,27.0,5430.8,162.0,overstock,NO,3969914.8
SKU03796,Persistent even-keeled flexibility,Toys,WH-HYD,0.0,79.0,8383.86,181.0,stockout,YES,0.0
SKU03797,Profit-focused eco-centric frame,Electronics,WH-HYD,872.0,44.0,10884.53,178.0,overstock,NO,9491310.16
SKU03798,Digitized dedicated architecture,Grocery,WH-HYD,1347.0,49.0,7900.89,240.0,overstock,NO,10642498.83
SKU03799,Optimized responsive contingency,Grocery,WH-DEL,92.0,16.0,1717.92,207.0,overstock,NO,158048.64
SKU03800,Decentralized next generation paradigm,Beauty,WH-BLR,829.0,53.0,5317.64,164.0,overstock,NO,4408323.56
SKU03801,Reactive context-sensitive superstructure,Books,WH-CHE,1273.0,54.0,4321.43,197.0,overstock,NO,5501180.39
SKU03802,Assimilated eco-centric analyzer,Sports,WH-CHE,1998.0,46.0,9549.75,122.0,overstock,NO,19080400.5
SKU03803,Multi-layered mobile circuit,Grocery,WH-DEL,1675.0,98.0,140.49,287.0,overstock,NO,235320.75
SKU03804,User-friendly mission-critical groupware,Beauty,WH-HYD,1364.0,37.0,576.63,156.0,overstock,NO,786523.32
SKU03805,Assimilated clear-thinking website,Grocery,WH-BLR,1235.0,93.0,653.56,196.0,overstock,NO,807146.6
SKU03806,Decentralized responsive project,Clothing,WH-HYD,1209.0,92.0,7862.5,247.0,overstock,NO,9505762.5
SKU03807,Customer-focused systemic productivity,Books,WH-BLR,902.0,93.0,8045.51,202.0,overstock,NO,7257050.02
SKU03808,Versatile scalable algorithm,Beauty,WH-MUM,572.0,32.0,4919.1,173.0,overstock,NO,2813725.2
SKU03809,Managed explicit process improvement,Clothing,WH-MUM,504.0,46.0,9994.31,173.0,overstock,NO,5037132.24
SKU03810,Enhanced holistic structure,Grocery,WH-HYD,1823.0,21.0,12714.83,281.0,overstock,NO,23179135.09
SKU03811,Optimized mission-critical intranet,Electronics,WH-HYD,1461.0,66.0,12918.27,109.0,overstock,NO,18873592.47
SKU03812,Fundamental homogeneous ability,Sports,WH-HYD,396.0,16.0,14115.47,206.0,overstock,NO,5589726.12
SKU03813,Universal high-level flexibility,Electronics,WH-BLR,1064.0,87.0,12997.72,196.0,overstock,NO,13829574.08
SKU03814,Up-sized maximized matrices,Grocery,WH-MUM,528.0,97.0,1535.46,250.0,overstock,NO,810722.88
SKU03815,Grass-roots secondary frame,Sports,WH-MUM,1237.0,91.0,7081.42,213.0,overstock,NO,8759716.54
SKU03816,Horizontal optimizing Graphic Interface,Grocery,WH-CHE,1942.0,78.0,5887.01,213.0,overstock,NO,11432573.42
SKU03817,Reduced 6thgeneration Graphic Interface,Books,WH-DEL,855.0,60.0,10744.17,240.0,overstock,NO,9186265.35
SKU03818,Adaptive bottom-line productivity,Clothing,WH-HYD,1078.0,68.0,10524.13,188.0,overstock,NO,11345012.14
SKU03819,Open-architected logistical pricing structure,Sports,WH-CHE,647.0,96.0,14515.34,184.0,overstock,NO,9391424.98
SKU03820,Public-key next generation array,Sports,WH-CHE,1616.0,63.0,2876.33,282.0,overstock,NO,4648149.28
SKU03821,Implemented exuding extranet,Beauty,WH-HYD,137.0,82.0,2480.33,254.0,healthy,NO,339805.21
SKU03822,Expanded leadingedge intranet,Electronics,WH-DEL,396.0,27.0,12900.14,162.0,overstock,NO,5108455.44
SKU03823,Stand-alone 24hour flexibility,Electronics,WH-HYD,1427.0,48.0,5589.12,221.0,overstock,NO,7975674.24
SKU03824,Centralized analyzing policy,Home & Kitchen,WH-CHE,1637.0,48.0,13604.89,157.0,overstock,NO,22271204.93
SKU03825,Polarized leadingedge analyzer,Beauty,WH-HYD,1983.0,64.0,8089.4,160.0,overstock,NO,16041280.2
SKU03826,Operative background approach,Beauty,WH-DEL,1783.0,91.0,5646.23,176.0,overstock,NO,10067228.09
SKU03827,De-engineered optimizing forecast,Toys,WH-DEL,465.0,73.0,7761.96,172.0,overstock,NO,3609311.4
SKU03828,Open-source impactful moratorium,Books,WH-DEL,429.0,76.0,6792.78,264.0,overstock,NO,2914102.62
SKU03829,Secured grid-enabled service-desk,Beauty,WH-DEL,0.0,31.0,8743.74,169.0,stockout,YES,0.0
SKU03830,Re-contextualized explicit moderator,Sports,WH-MUM,1468.0,35.0,4950.34,172.0,overstock,NO,7267099.12
SKU03831,Compatible object-oriented encryption,Beauty,WH-MUM,114.0,46.0,10410.89,154.0,healthy,NO,1186841.46
SKU03832,Organized systemic parallelism,Beauty,WH-DEL,158.0,59.0,12558.59,189.0,healthy,NO,1984257.22
SKU03833,Centralized systemic artificial intelligence,Grocery,WH-BLR,425.0,23.0,4086.37,202.0,overstock,NO,1736707.25
SKU03834,Organized multi-tasking solution,Home & Kitchen,WH-MUM,843.0,27.0,7739.15,153.0,overstock,NO,6524103.45
SKU03835,Advanced foreground orchestration,Electronics,WH-HYD,204.0,42.0,2350.19,221.0,overstock,NO,479438.76
SKU03836,Future-proofed global budgetary management,Electronics,WH-DEL,1522.0,15.0,1989.18,249.0,overstock,NO,3027531.96
SKU03837,Customizable mobile website,Electronics,WH-HYD,1747.0,59.0,11728.57,194.0,overstock,NO,20489811.79
SKU03838,Extended logistical project,Sports,WH-BLR,425.0,97.0,4143.22,287.0,overstock,NO,1760868.5
SKU03839,Enhanced value-added interface,Electronics,WH-HYD,1979.0,36.0,2762.8,176.0,overstock,NO,5467581.2
SKU03840,Networked bandwidth-monitored implementation,Beauty,WH-HYD,151.0,91.0,6001.29,238.0,healthy,NO,906194.79
SKU03841,Reactive actuating flexibility,Grocery,WH-BLR,350.0,29.0,614.06,278.0,overstock,NO,214921.0
SKU03842,Compatible 24hour application,Beauty,WH-DEL,1793.0,44.0,10830.35,191.0,overstock,NO,19418817.55
SKU03843,Vision-oriented radical array,Books,WH-DEL,1749.0,70.0,14209.27,169.0,overstock,NO,24852013.23
SKU03844,Cross-platform tangible benchmark,Books,WH-CHE,1890.0,56.0,10044.82,164.0,overstock,NO,18984709.8
SKU03845,Digitized optimal interface,Sports,WH-BLR,1626.0,78.0,10966.81,192.0,overstock,NO,17832033.06
SKU03846,Monitored hybrid functionalities,Home & Kitchen,WH-MUM,1297.0,41.0,5857.48,308.0,overstock,NO,7597151.56
SKU03847,Streamlined optimal throughput,Sports,WH-MUM,314.0,42.0,9844.31,183.0,overstock,NO,3091113.34
SKU03848,Reverse-engineered analyzing encryption,Beauty,WH-BLR,1910.0,40.0,13917.63,206.0,overstock,NO,26582673.3
SKU03849,Programmable real-time challenge,Toys,WH-DEL,1968.0,38.0,13428.3,229.0,overstock,NO,26426894.4
SKU03850,Self-enabling well-modulated Graphic Interface,Electronics,WH-CHE,748.0,87.0,113.81,224.0,overstock,NO,85129.88
SKU03851,Grass-roots didactic algorithm,Grocery,WH-MUM,1299.0,35.0,5488.67,150.0,overstock,NO,7129782.33
SKU03852,Self-enabling object-oriented portal,Electronics,WH-BLR,73.0,63.0,7623.39,245.0,healthy,NO,556507.47
SKU03853,Decentralized composite throughput,Books,WH-BLR,749.0,61.0,3323.07,176.0,overstock,NO,2488979.43
SKU03854,Sharable disintermediate firmware,Beauty,WH-CHE,129.0,29.0,8871.49,226.0,overstock,NO,1144422.21
SKU03855,Inverse bi-directional website,Sports,WH-CHE,1254.0,66.0,13250.25,285.0,overstock,NO,16615813.5
SKU03856,Exclusive well-modulated solution,Toys,WH-DEL,86.0,54.0,8718.74,191.0,healthy,NO,749811.64
SKU03857,Stand-alone zero tolerance challenge,Grocery,WH-MUM,427.0,77.0,10686.01,176.0,overstock,NO,4562926.27
SKU03858,Reduced cohesive monitoring,Grocery,WH-MUM,1504.0,61.0,9375.03,214.0,overstock,NO,14100045.12
SKU03859,Adaptive intermediate time-frame,Toys,WH-BLR,1379.0,11.0,64.49,264.0,overstock,NO,88931.71
SKU03860,Multi-tiered analyzing website,Sports,WH-BLR,1861.0,13.0,6866.47,158.0,overstock,NO,12778500.67
SKU03861,Virtual attitude-oriented standardization,Grocery,WH-BLR,31.0,62.0,12119.21,163.0,below_reorder,YES,375695.51
SKU03862,Extended upward-trending ability,Beauty,WH-CHE,0.0,88.0,11737.45,210.0,stockout,YES,0.0
SKU03863,Self-enabling content-based algorithm,Electronics,WH-CHE,661.0,60.0,9700.61,228.0,overstock,NO,6412103.21
SKU03864,De-engineered real-time help-desk,Grocery,WH-MUM,1533.0,30.0,12986.93,174.0,overstock,NO,19908963.69
SKU03865,Universal non-volatile function,Home & Kitchen,WH-BLR,86.0,40.0,4377.62,200.0,healthy,NO,376475.32
SKU03866,Face-to-face coherent access,Electronics,WH-DEL,1413.0,83.0,6019.48,209.0,overstock,NO,8505525.24
SKU03867,Pre-emptive real-time analyzer,Electronics,WH-CHE,1746.0,70.0,12407.91,236.0,overstock,NO,21664210.86
SKU03868,Innovative foreground hierarchy,Books,WH-BLR,495.0,85.0,5757.93,203.0,overstock,NO,2850175.35
SKU03869,Down-sized grid-enabled model,Clothing,WH-MUM,1471.0,16.0,12684.72,217.0,overstock,NO,18659223.12
SKU03870,Reactive optimizing monitoring,Toys,WH-MUM,1670.0,37.0,1676.72,234.0,overstock,NO,2800122.4
SKU03871,Profound mission-critical contingency,Toys,WH-DEL,1876.0,44.0,10205.92,215.0,overstock,NO,19146305.92
SKU03872,Organized didactic infrastructure,Home & Kitchen,WH-BLR,1904.0,48.0,9558.43,233.0,overstock,NO,18199250.72
SKU03873,Visionary homogeneous Internet solution,Home & Kitchen,WH-MUM,1217.0,31.0,3955.65,249.0,overstock,NO,4814026.05
SKU03874,Streamlined multi-tasking toolset,Books,WH-MUM,473.0,99.0,384.27,227.0,overstock,NO,181759.71
SKU03875,Intuitive asynchronous access,Electronics,WH-MUM,390.0,67.0,457.08,238.0,overstock,NO,178261.2
SKU03876,Versatile client-driven benchmark,Home & Kitchen,WH-MUM,1376.0,43.0,8191.37,246.0,overstock,NO,11271325.12
SKU03877,Inverse multi-tasking ability,Beauty,WH-HYD,1200.0,82.0,967.51,164.0,overstock,NO,1161012.0
SKU03878,Versatile real-time product,Books,WH-MUM,1554.0,87.0,5067.98,206.0,overstock,NO,7875640.92
SKU03879,Adaptive bi-directional toolset,Toys,WH-HYD,1927.0,62.0,1792.78,215.0,overstock,NO,3454687.06
SKU03880,Focused systematic moderator,Sports,WH-CHE,1426.0,45.0,13419.36,185.0,overstock,NO,19136007.36
SKU03881,Operative object-oriented artificial intelligence,Grocery,WH-DEL,585.0,78.0,12007.69,216.0,overstock,NO,7024498.65
SKU03882,Innovative system-worthy matrix,Grocery,WH-BLR,1912.0,37.0,6902.66,226.0,overstock,NO,13197885.92
SKU03883,Realigned mission-critical focus group,Clothing,WH-CHE,7.0,34.0,13581.32,244.0,below_reorder,YES,95069.24
SKU03884,Phased optimal system engine,Grocery,WH-HYD,110.0,41.0,644.16,174.0,healthy,NO,70857.6
SKU03885,Exclusive leadingedge architecture,Toys,WH-MUM,993.0,25.0,868.51,207.0,overstock,NO,862430.43
SKU03886,Face-to-face logistical circuit,Toys,WH-MUM,1482.0,63.0,7074.75,187.0,overstock,NO,10484779.5
SKU03887,Customizable demand-driven circuit,Grocery,WH-MUM,1872.0,64.0,11201.01,254.0,overstock,NO,20968290.72
SKU03888,Devolved optimizing knowledgebase,Home & Kitchen,WH-CHE,1662.0,95.0,4407.61,195.0,overstock,NO,7325447.82
SKU03889,Universal cohesive access,Grocery,WH-HYD,1771.0,35.0,10630.02,160.0,overstock,NO,18825765.42
SKU03890,Right-sized didactic archive,Home & Kitchen,WH-CHE,397.0,29.0,10383.58,239.0,overstock,NO,4122281.26
SKU03891,Streamlined methodical focus group,Sports,WH-MUM,1216.0,31.0,6511.04,178.0,overstock,NO,7917424.64
SKU03892,Integrated bottom-line utilization,Home & Kitchen,WH-MUM,1749.0,35.0,14194.84,197.0,overstock,NO,24826775.16
SKU03893,Progressive local migration,Clothing,WH-BLR,1922.0,32.0,2992.88,230.0,overstock,NO,5752315.36
SKU03894,Polarized high-level frame,Books,WH-HYD,57.0,28.0,5100.88,159.0,healthy,NO,290750.16
SKU03895,Diverse zero-defect Local Area Network,Electronics,WH-BLR,0.0,15.0,11582.59,338.0,stockout,YES,0.0
SKU03896,Managed empowering algorithm,Sports,WH-BLR,351.0,53.0,4524.45,207.0,overstock,NO,1588081.95
SKU03897,Polarized empowering synergy,Home & Kitchen,WH-BLR,317.0,57.0,8874.43,195.0,overstock,NO,2813194.31
SKU03898,Future-proofed secondary middleware,Grocery,WH-CHE,1069.0,38.0,10146.5,226.0,overstock,NO,10846608.5
SKU03899,Synchronized object-oriented utilization,Books,WH-BLR,1428.0,14.0,13580.58,232.0,overstock,NO,19393068.24
SKU03900,Seamless systemic capacity,Toys,WH-CHE,1421.0,98.0,13637.72,237.0,overstock,NO,19379200.12
SKU03901,Operative empowering website,Books,WH-BLR,940.0,24.0,9658.71,307.0,overstock,NO,9079187.4
SKU03902,Realigned foreground customer loyalty,Books,WH-MUM,1132.0,36.0,12893.06,163.0,overstock,NO,14594943.92
SKU03903,Function-based solution-oriented analyzer,Grocery,WH-CHE,1931.0,56.0,7651.54,230.0,overstock,NO,14775123.74
SKU03904,Intuitive incremental support,Clothing,WH-CHE,1651.0,12.0,10983.91,186.0,overstock,NO,18134435.41
SKU03905,Quality-focused executive utilization,Books,WH-BLR,1186.0,53.0,11448.55,190.0,overstock,NO,13577980.3
SKU03906,Sharable 3rdgeneration approach,Grocery,WH-DEL,707.0,75.0,5453.06,221.0,overstock,NO,3855313.42
SKU03907,Future-proofed stable encryption,Beauty,WH-MUM,976.0,38.0,12138.89,207.0,overstock,NO,11847556.64
SKU03908,Organic asynchronous application,Books,WH-DEL,987.0,81.0,259.43,218.0,overstock,NO,256057.41
SKU03909,User-friendly tertiary emulation,Clothing,WH-BLR,1234.0,74.0,8385.42,227.0,overstock,NO,10347608.28
SKU03910,Customizable neutral initiative,Toys,WH-HYD,583.0,90.0,10235.01,236.0,overstock,NO,5967010.83
SKU03911,Profound stable moratorium,Home & Kitchen,WH-BLR,200.0,80.0,11160.16,203.0,healthy,NO,2232032.0
SKU03912,Multi-channeled next generation software,Beauty,WH-BLR,779.0,15.0,14314.39,135.0,overstock,NO,11150909.81
SKU03913,Stand-alone non-volatile monitoring,Toys,WH-MUM,1361.0,68.0,8592.07,166.0,overstock,NO,11693807.27
SKU03914,Horizontal tangible approach,Home & Kitchen,WH-BLR,266.0,91.0,5027.45,219.0,healthy,NO,1337301.7
SKU03915,Future-proofed interactive software,Clothing,WH-DEL,1527.0,57.0,11949.93,216.0,overstock,NO,18247543.11
SKU03916,Multi-tiered bifurcated toolset,Toys,WH-DEL,621.0,28.0,2710.19,103.0,overstock,NO,1683027.99
SKU03917,Ergonomic attitude-oriented policy,Toys,WH-CHE,1835.0,13.0,6713.18,255.0,overstock,NO,12318685.3
SKU03918,Robust 24hour architecture,Sports,WH-BLR,1513.0,82.0,14247.49,281.0,overstock,NO,21556452.37
SKU03919,Monitored 24/7 installation,Sports,WH-MUM,508.0,64.0,7283.9,222.0,overstock,NO,3700221.2
SKU03920,Cross-group systematic open architecture,Home & Kitchen,WH-BLR,1725.0,35.0,12628.44,216.0,overstock,NO,21784059.0
SKU03921,Front-line hybrid knowledgebase,Electronics,WH-MUM,554.0,27.0,6481.12,241.0,overstock,NO,3590540.48
SKU03922,Reactive discrete moratorium,Clothing,WH-BLR,451.0,17.0,4459.23,168.0,overstock,NO,2011112.73
SKU03923,Total leadingedge support,Grocery,WH-BLR,305.0,34.0,1114.38,219.0,overstock,NO,339885.9
SKU03924,Function-based full-range model,Electronics,WH-HYD,686.0,78.0,9150.02,242.0,overstock,NO,6276913.72
SKU03925,Secured user-facing function,Electronics,WH-BLR,1829.0,40.0,9305.49,213.0,overstock,NO,17019741.21
SKU03926,Proactive bottom-line parallelism,Home & Kitchen,WH-MUM,744.0,61.0,2494.82,271.0,overstock,NO,1856146.08
SKU03927,Extended static help-desk,Grocery,WH-HYD,1124.0,17.0,4261.79,215.0,overstock,NO,4790251.96
SKU03928,Function-based 6thgeneration pricing structure,Grocery,WH-HYD,0.0,47.0,9775.36,209.0,stockout,YES,0.0
SKU03929,Diverse zero administration capability,Home & Kitchen,WH-MUM,1284.0,14.0,7618.63,177.0,overstock,NO,9782320.92
SKU03930,Organized system-worthy neural-net,Electronics,WH-DEL,162.0,18.0,6930.03,217.0,overstock,NO,1122664.86
SKU03931,Realigned systematic project,Clothing,WH-BLR,1718.0,77.0,2071.34,229.0,overstock,NO,3558562.12
SKU03932,Triple-buffered coherent migration,Beauty,WH-BLR,1311.0,26.0,5906.35,252.0,overstock,NO,7743224.85
SKU03933,Team-oriented leadingedge functionalities,Clothing,WH-BLR,987.0,85.0,11096.42,242.0,overstock,NO,10952166.54
SKU03934,Multi-channeled web-enabled data-warehouse,Electronics,WH-CHE,524.0,18.0,431.5,162.0,overstock,NO,226106.0
SKU03935,Right-sized hybrid pricing structure,Electronics,WH-MUM,1430.0,98.0,6617.85,258.0,overstock,NO,9463525.5
SKU03936,Cross-platform multi-tasking knowledge user,Sports,WH-DEL,354.0,46.0,13766.86,198.0,overstock,NO,4873468.44
SKU03937,Triple-buffered global parallelism,Books,WH-HYD,1961.0,47.0,293.33,229.0,overstock,NO,575220.13
SKU03938,Front-line even-keeled circuit,Sports,WH-DEL,150.0,68.0,1329.7,232.0,healthy,NO,199455.0
SKU03939,Realigned composite moratorium,Sports,WH-DEL,423.0,13.0,10291.62,217.0,overstock,NO,4353355.26
SKU03940,Re-contextualized mobile complexity,Beauty,WH-DEL,444.0,56.0,11798.4,170.0,overstock,NO,5238489.6
SKU03941,Networked optimal artificial intelligence,Grocery,WH-HYD,79.0,63.0,8267.03,264.0,healthy,NO,653095.37
SKU03942,Re-contextualized secondary open architecture,Toys,WH-BLR,1658.0,92.0,6700.84,203.0,overstock,NO,11109992.72
SKU03943,Customizable actuating time-frame,Sports,WH-MUM,1069.0,54.0,1784.43,258.0,overstock,NO,1907555.67
SKU03944,Future-proofed reciprocal projection,Beauty,WH-BLR,1160.0,25.0,6076.91,224.0,overstock,NO,7049215.6
SKU03945,Optional empowering interface,Home & Kitchen,WH-DEL,971.0,97.0,13973.41,147.0,overstock,NO,13568181.11
SKU03946,Profit-focused next generation complexity,Clothing,WH-CHE,471.0,59.0,5174.28,213.0,overstock,NO,2437085.88
SKU03947,Re-contextualized intermediate frame,Clothing,WH-DEL,250.0,20.0,14470.99,157.0,overstock,NO,3617747.5
SKU03948,Synergized bi-directional encryption,Home & Kitchen,WH-DEL,964.0,42.0,12982.05,229.0,overstock,NO,12514696.2
SKU03949,Configurable human-resource definition,Beauty,WH-DEL,539.0,14.0,9264.24,208.0,overstock,NO,4993425.36
SKU03950,Profit-focused motivating concept,Clothing,WH-BLR,863.0,11.0,9725.0,222.0,overstock,NO,8392675.0
SKU03951,Automated client-server ability,Sports,WH-HYD,1788.0,33.0,14308.97,166.0,overstock,NO,25584438.36
SKU03952,Versatile 24hour algorithm,Beauty,WH-DEL,1739.0,73.0,3270.99,167.0,overstock,NO,5688251.61
SKU03953,Persevering 4thgeneration challenge,Grocery,WH-MUM,382.0,10.0,13455.5,234.0,overstock,NO,5140001.0
SKU03954,Optimized intermediate website,Home & Kitchen,WH-CHE,65.0,92.0,4862.52,265.0,below_reorder,YES,316063.8
SKU03955,Total holistic knowledge user,Beauty,WH-MUM,1531.0,48.0,12214.58,211.0,overstock,NO,18700521.98
SKU03956,Proactive leadingedge orchestration,Toys,WH-CHE,70.0,64.0,10802.2,246.0,healthy,NO,756154.0
SKU03957,Down-sized interactive paradigm,Home & Kitchen,WH-MUM,1935.0,40.0,4798.13,190.0,overstock,NO,9284381.55
SKU03958,Innovative next generation circuit,Electronics,WH-CHE,30.0,93.0,1532.06,192.0,below_reorder,YES,45961.8
SKU03959,Open-architected cohesive hardware,Books,WH-CHE,1706.0,22.0,11742.99,197.0,overstock,NO,20033540.94
SKU03960,User-centric radical parallelism,Electronics,WH-CHE,1218.0,97.0,434.82,158.0,overstock,NO,529610.76
SKU03961,Public-key encompassing utilization,Clothing,WH-CHE,0.0,67.0,2512.88,241.0,stockout,YES,0.0
SKU03962,Diverse logistical open architecture,Home & Kitchen,WH-MUM,1731.0,76.0,9943.4,214.0,overstock,NO,17212025.4
SKU03963,Multi-tiered composite hub,Grocery,WH-DEL,626.0,52.0,12871.42,230.0,overstock,NO,8057508.92
SKU03964,Team-oriented zero administration analyzer,Sports,WH-BLR,1639.0,43.0,9358.2,186.0,overstock,NO,15338089.8
SKU03965,Stand-alone human-resource firmware,Books,WH-DEL,677.0,29.0,4502.91,204.0,overstock,NO,3048470.07
SKU03966,Switchable next generation core,Toys,WH-HYD,355.0,41.0,3945.95,189.0,overstock,NO,1400812.25
SKU03967,Streamlined bi-directional emulation,Toys,WH-HYD,1749.0,65.0,9399.0,195.0,overstock,NO,16438851.0
SKU03968,Synergistic encompassing support,Clothing,WH-BLR,76.0,18.0,13186.96,209.0,overstock,NO,1002208.96
SKU03969,Implemented needs-based success,Home & Kitchen,WH-MUM,959.0,44.0,10497.64,219.0,overstock,NO,10067236.76
SKU03970,Organized tertiary parallelism,Electronics,WH-HYD,1009.0,73.0,11052.12,180.0,overstock,NO,11151589.08
SKU03971,Horizontal 5thgeneration approach,Books,WH-HYD,932.0,74.0,9965.16,234.0,overstock,NO,9287529.12
SKU03972,Sharable multi-tasking throughput,Electronics,WH-MUM,1045.0,42.0,7422.88,202.0,overstock,NO,7756909.6
SKU03973,Programmable directional knowledgebase,Books,WH-MUM,170.0,34.0,9514.15,199.0,overstock,NO,1617405.5
SKU03974,Up-sized empowering open system,Beauty,WH-DEL,365.0,81.0,6843.36,172.0,overstock,NO,2497826.4
SKU03975,Organized value-added structure,Books,WH-DEL,789.0,100.0,11882.22,171.0,overstock,NO,9375071.58
SKU03976,Customizable maximized paradigm,Home & Kitchen,WH-MUM,913.0,85.0,291.47,210.0,overstock,NO,266112.11
SKU03977,Secured next generation collaboration,Clothing,WH-HYD,781.0,17.0,10204.18,181.0,overstock,NO,7969464.58
SKU03978,Innovative bi-directional help-desk,Toys,WH-DEL,866.0,21.0,14269.02,213.0,overstock,NO,12356971.32
SKU03979,Programmable analyzing migration,Sports,WH-CHE,490.0,13.0,74.6,145.0,overstock,NO,36554.0
SKU03980,Pre-emptive well-modulated focus group,Home & Kitchen,WH-HYD,1375.0,60.0,9891.42,242.0,overstock,NO,13600702.5
SKU03981,Fully-configurable needs-based middleware,Books,WH-CHE,42.0,63.0,11373.28,250.0,below_reorder,YES,477677.76
SKU03982,Compatible value-added workforce,Books,WH-CHE,1194.0,92.0,3317.23,214.0,overstock,NO,3960772.62
SKU03983,Down-sized secondary product,Electronics,WH-HYD,1438.0,92.0,5897.37,251.0,overstock,NO,8480418.06
SKU03984,Sharable high-level middleware,Toys,WH-BLR,1466.0,55.0,178.38,253.0,overstock,NO,261505.08
SKU03985,User-friendly local customer loyalty,Electronics,WH-DEL,695.0,96.0,9746.65,208.0,overstock,NO,6773921.75
SKU03986,Integrated asynchronous adapter,Electronics,WH-HYD,88.0,90.0,8248.56,253.0,below_reorder,YES,725873.28
SKU03987,Pre-emptive bifurcated support,Home & Kitchen,WH-CHE,1416.0,74.0,5442.57,234.0,overstock,NO,7706679.12
SKU03988,Object-based mission-critical definition,Beauty,WH-BLR,1972.0,65.0,14753.9,248.0,overstock,NO,29094690.8
SKU03989,Compatible background strategy,Sports,WH-CHE,1198.0,46.0,12009.78,180.0,overstock,NO,14387716.44
SKU03990,Robust maximized function,Home & Kitchen,WH-DEL,855.0,60.0,3955.68,176.0,overstock,NO,3382106.4
SKU03991,Cross-platform real-time utilization,Beauty,WH-CHE,368.0,91.0,242.13,222.0,overstock,NO,89103.84
SKU03992,Stand-alone needs-based implementation,Electronics,WH-CHE,188.0,25.0,6631.26,217.0,overstock,NO,1246676.88
SKU03993,Organized national utilization,Clothing,WH-BLR,1843.0,88.0,11142.53,210.0,overstock,NO,20535682.79
SKU03994,User-friendly empowering solution,Books,WH-BLR,0.0,88.0,6225.21,179.0,stockout,YES,0.0
SKU03995,Cross-platform next generation monitoring,Books,WH-DEL,1936.0,67.0,2052.29,184.0,overstock,NO,3973233.44
SKU03996,Fundamental holistic projection,Sports,WH-DEL,1957.0,25.0,8474.2,204.0,overstock,NO,16584009.4
SKU03997,Pre-emptive next generation capacity,Toys,WH-DEL,760.0,98.0,6611.35,193.0,overstock,NO,5024626.0
SKU03998,User-centric non-volatile encryption,Sports,WH-BLR,1011.0,92.0,2864.71,227.0,overstock,NO,2896221.81
SKU03999,Synergistic composite forecast,Clothing,WH-BLR,912.0,92.0,5019.45,245.0,overstock,NO,4577738.4
SKU04000,Organized even-keeled infrastructure,Home & Kitchen,WH-CHE,107.0,41.0,9330.88,147.0,healthy,NO,998404.16
SKU04001,Streamlined 24/7 access,Toys,WH-CHE,405.0,17.0,584.89,206.0,overstock,NO,236880.45
SKU04002,Reactive static database,Toys,WH-HYD,1137.0,66.0,7460.75,197.0,overstock,NO,8482872.75
SKU04003,Public-key intermediate ability,Toys,WH-MUM,752.0,51.0,7106.13,161.0,overstock,NO,5343809.76
SKU04004,Sharable optimal Internet solution,Beauty,WH-HYD,1354.0,46.0,3762.58,200.0,overstock,NO,5094533.32
SKU04005,Integrated 24hour instruction set,Home & Kitchen,WH-DEL,1061.0,31.0,7472.21,146.0,overstock,NO,7928014.81
SKU04006,Implemented scalable moderator,Grocery,WH-DEL,1561.0,36.0,8208.07,211.0,overstock,NO,12812797.27
SKU04007,Streamlined 24hour algorithm,Clothing,WH-DEL,236.0,41.0,12850.89,216.0,overstock,NO,3032810.04
SKU04008,Managed upward-trending pricing structure,Home & Kitchen,WH-CHE,11.0,29.0,12042.94,143.0,below_reorder,YES,132472.34
SKU04009,Expanded national encoding,Sports,WH-HYD,1664.0,11.0,13604.04,201.0,overstock,NO,22637122.56
SKU04010,Operative disintermediate firmware,Electronics,WH-HYD,711.0,100.0,8673.2,235.0,overstock,NO,6166645.2
SKU04011,Cross-platform user-facing hardware,Beauty,WH-HYD,820.0,20.0,1750.87,236.0,overstock,NO,1435713.4
SKU04012,Robust multimedia function,Electronics,WH-BLR,811.0,49.0,7505.31,245.0,overstock,NO,6086806.41
SKU04013,Customer-focused web-enabled framework,Electronics,WH-CHE,1605.0,46.0,4246.41,186.0,overstock,NO,6815488.05
SKU04014,Diverse secondary workforce,Clothing,WH-MUM,1324.0,26.0,6540.85,189.0,overstock,NO,8660085.4
SKU04015,Implemented impactful forecast,Grocery,WH-HYD,1805.0,26.0,10362.78,170.0,overstock,NO,18704817.9
SKU04016,Virtual fresh-thinking collaboration,Clothing,WH-DEL,550.0,31.0,328.88,327.0,overstock,NO,180884.0
SKU04017,Digitized responsive adapter,Electronics,WH-CHE,368.0,93.0,11197.71,250.0,overstock,NO,4120757.28
SKU04018,Polarized value-added artificial intelligence,Toys,WH-CHE,678.0,28.0,5367.72,162.0,overstock,NO,3639314.16
SKU04019,Open-architected dedicated Graphical User Interfac,Beauty,WH-HYD,1038.0,42.0,5776.75,197.0,overstock,NO,5996266.5
SKU04020,Quality-focused grid-enabled software,Books,WH-CHE,1369.0,67.0,12754.67,156.0,overstock,NO,17461143.23
SKU04021,User-centric leadingedge instruction set,Beauty,WH-DEL,1242.0,78.0,2893.39,228.0,overstock,NO,3593590.38
SKU04022,Total systematic monitoring,Home & Kitchen,WH-CHE,602.0,66.0,3537.51,232.0,overstock,NO,2129581.02
SKU04023,Phased eco-centric flexibility,Clothing,WH-BLR,622.0,42.0,11784.19,132.0,overstock,NO,7329766.18
SKU04024,Expanded logistical circuit,Books,WH-HYD,1573.0,39.0,10060.9,230.0,overstock,NO,15825795.7
SKU04025,Pre-emptive global frame,Electronics,WH-DEL,1731.0,75.0,9326.18,288.0,overstock,NO,16143617.58
SKU04026,Polarized 6thgeneration flexibility,Grocery,WH-HYD,1593.0,87.0,5124.79,276.0,overstock,NO,8163790.47
SKU04027,Synchronized encompassing emulation,Grocery,WH-DEL,0.0,77.0,5915.57,219.0,stockout,YES,0.0
SKU04028,Synergistic leadingedge archive,Sports,WH-DEL,1172.0,11.0,2736.84,225.0,overstock,NO,3207576.48
SKU04029,Visionary content-based portal,Sports,WH-HYD,339.0,78.0,13990.66,192.0,overstock,NO,4742833.74
SKU04030,Horizontal mission-critical service-desk,Home & Kitchen,WH-HYD,604.0,94.0,12711.89,265.0,overstock,NO,7677981.56
SKU04031,Stand-alone didactic database,Beauty,WH-MUM,1999.0,24.0,1087.41,181.0,overstock,NO,2173732.59
SKU04032,De-engineered reciprocal extranet,Grocery,WH-CHE,9.0,87.0,6078.47,165.0,below_reorder,YES,54706.23
SKU04033,Ameliorated upward-trending archive,Electronics,WH-HYD,774.0,50.0,1374.94,217.0,overstock,NO,1064203.56
SKU04034,Visionary user-facing task-force,Grocery,WH-BLR,327.0,26.0,7555.46,208.0,overstock,NO,2470635.42
SKU04035,Implemented 5thgeneration paradigm,Toys,WH-CHE,267.0,37.0,5439.97,247.0,overstock,NO,1452471.99
SKU04036,Up-sized mobile protocol,Beauty,WH-DEL,1307.0,90.0,3795.62,215.0,overstock,NO,4960875.34
SKU04037,Robust zero tolerance capability,Sports,WH-BLR,1282.0,12.0,10842.39,196.0,overstock,NO,13899943.98
SKU04038,Cross-platform didactic flexibility,Toys,WH-MUM,1809.0,42.0,2944.9,185.0,overstock,NO,5327324.1
SKU04039,Ameliorated 24/7 productivity,Toys,WH-CHE,46.0,25.0,9059.96,187.0,healthy,NO,416758.16
SKU04040,Enterprise-wide intermediate archive,Sports,WH-DEL,801.0,27.0,9127.03,196.0,overstock,NO,7310751.03
SKU04041,Multi-lateral non-volatile architecture,Toys,WH-MUM,461.0,97.0,11915.15,217.0,overstock,NO,5492884.15
SKU04042,Re-engineered empowering implementation,Books,WH-MUM,705.0,12.0,12993.53,217.0,overstock,NO,9160438.65
SKU04043,Pre-emptive transitional concept,Electronics,WH-DEL,1230.0,89.0,7021.12,181.0,overstock,NO,8635977.6
SKU04044,Advanced demand-driven Graphic Interface,Sports,WH-HYD,1425.0,76.0,10596.7,157.0,overstock,NO,15100297.5
SKU04045,Synergized dynamic service-desk,Electronics,WH-CHE,127.0,100.0,1181.76,206.0,healthy,NO,150083.52
SKU04046,Focused value-added portal,Books,WH-BLR,488.0,50.0,13684.82,198.0,overstock,NO,6678192.16
SKU04047,Face-to-face upward-trending capacity,Home & Kitchen,WH-CHE,305.0,92.0,9112.38,179.0,overstock,NO,2779275.9
SKU04048,Expanded homogeneous neural-net,Beauty,WH-CHE,178.0,36.0,4136.95,195.0,overstock,NO,736377.1
SKU04049,Reverse-engineered 24hour architecture,Grocery,WH-BLR,221.0,93.0,8423.02,251.0,healthy,NO,1861487.42
SKU04050,Versatile exuding knowledge user,Sports,WH-DEL,716.0,68.0,2213.35,223.0,overstock,NO,1584758.6
SKU04051,Business-focused intermediate architecture,Books,WH-DEL,272.0,35.0,7919.1,213.0,overstock,NO,2153995.2
SKU04052,Pre-emptive hybrid budgetary management,Beauty,WH-DEL,121.0,66.0,12399.76,172.0,healthy,NO,1500370.96
SKU04053,Advanced fault-tolerant Graphic Interface,Toys,WH-BLR,1775.0,52.0,6736.2,200.0,overstock,NO,11956755.0
SKU04054,Versatile grid-enabled knowledge user,Electronics,WH-BLR,389.0,71.0,11670.66,193.0,overstock,NO,4539886.74
SKU04055,Organized intangible info-mediaries,Toys,WH-MUM,1335.0,60.0,10709.05,234.0,overstock,NO,14296581.75
SKU04056,Team-oriented executive contingency,Books,WH-DEL,796.0,44.0,3298.29,226.0,overstock,NO,2625438.84
SKU04057,Configurable tangible artificial intelligence,Sports,WH-BLR,173.0,21.0,7102.85,228.0,overstock,NO,1228793.05
SKU04058,Profit-focused next generation data-warehouse,Books,WH-HYD,647.0,63.0,2289.98,228.0,overstock,NO,1481617.06
SKU04059,Expanded actuating time-frame,Sports,WH-MUM,1575.0,99.0,7649.15,252.0,overstock,NO,12047411.25
SKU04060,Profit-focused context-sensitive framework,Books,WH-BLR,0.0,19.0,6277.8,218.0,stockout,YES,0.0
SKU04061,Operative motivating concept,Home & Kitchen,WH-BLR,1395.0,73.0,10446.04,233.0,overstock,NO,14572225.8
SKU04062,Business-focused next generation matrix,Books,WH-DEL,792.0,43.0,949.59,219.0,overstock,NO,752075.28
SKU04063,Persistent homogeneous protocol,Electronics,WH-BLR,1371.0,21.0,1246.39,130.0,overstock,NO,1708800.69
SKU04064,Business-focused global standardization,Toys,WH-DEL,1839.0,17.0,4633.28,188.0,overstock,NO,8520601.92
SKU04065,Cross-platform transitional protocol,Home & Kitchen,WH-CHE,1385.0,35.0,4944.69,227.0,overstock,NO,6848395.65
SKU04066,Distributed homogeneous initiative,Toys,WH-CHE,913.0,41.0,12443.32,155.0,overstock,NO,11360751.16
SKU04067,Organized user-facing instruction set,Grocery,WH-BLR,783.0,43.0,7189.8,228.0,overstock,NO,5629613.4
SKU04068,Future-proofed multimedia functionalities,Home & Kitchen,WH-HYD,1922.0,25.0,3404.95,219.0,overstock,NO,6544313.9
SKU04069,Organic content-based superstructure,Beauty,WH-HYD,395.0,44.0,1761.47,294.0,overstock,NO,695780.65
SKU04070,Front-line national hardware,Electronics,WH-MUM,1088.0,63.0,11704.35,157.0,overstock,NO,12734332.8
SKU04071,Digitized static groupware,Toys,WH-CHE,370.0,38.0,14463.47,206.0,overstock,NO,5351483.9
SKU04072,Mandatory regional capacity,Grocery,WH-HYD,366.0,57.0,5461.08,194.0,overstock,NO,1998755.28
SKU04073,Public-key zero-defect throughput,Beauty,WH-DEL,529.0,39.0,10129.43,206.0,overstock,NO,5358468.47
SKU04074,Triple-buffered intangible instruction set,Books,WH-CHE,739.0,55.0,9095.59,203.0,overstock,NO,6721641.01
SKU04075,Vision-oriented uniform knowledgebase,Books,WH-MUM,611.0,33.0,6019.69,137.0,overstock,NO,3678030.59
SKU04076,Fully-configurable client-driven data-warehouse,Sports,WH-BLR,679.0,43.0,6598.61,182.0,overstock,NO,4480456.19
SKU04077,Robust explicit time-frame,Toys,WH-MUM,1794.0,88.0,5402.86,199.0,overstock,NO,9692730.84
SKU04078,Persistent client-driven contingency,Clothing,WH-HYD,1492.0,59.0,14175.75,185.0,overstock,NO,21150219.0
SKU04079,Fundamental demand-driven service-desk,Home & Kitchen,WH-BLR,127.0,40.0,12530.58,199.0,overstock,NO,1591383.66
SKU04080,Vision-oriented needs-based installation,Beauty,WH-CHE,300.0,67.0,13575.27,187.0,overstock,NO,4072581.0
SKU04081,Assimilated client-driven parallelism,Beauty,WH-MUM,1060.0,44.0,11551.19,174.0,overstock,NO,12244261.4
SKU04082,Polarized global encryption,Sports,WH-CHE,269.0,89.0,3409.42,250.0,overstock,NO,917133.98
SKU04083,Seamless mobile capability,Books,WH-BLR,636.0,32.0,8259.27,212.0,overstock,NO,5252895.72
SKU04084,Exclusive discrete challenge,Electronics,WH-BLR,1837.0,78.0,2379.77,194.0,overstock,NO,4371637.49
SKU04085,Triple-buffered grid-enabled standardization,Sports,WH-CHE,1055.0,59.0,10498.25,199.0,overstock,NO,11075653.75
SKU04086,Open-source interactive website,Electronics,WH-HYD,924.0,35.0,8111.98,280.0,overstock,NO,7495469.52
SKU04087,Switchable asynchronous collaboration,Home & Kitchen,WH-HYD,629.0,69.0,7340.22,212.0,overstock,NO,4616998.38
SKU04088,Function-based stable Local Area Network,Clothing,WH-HYD,1126.0,34.0,5296.74,237.0,overstock,NO,5964129.24
SKU04089,Managed maximized task-force,Clothing,WH-DEL,832.0,61.0,5153.59,232.0,overstock,NO,4287786.88
SKU04090,Seamless value-added concept,Clothing,WH-HYD,433.0,70.0,11121.29,278.0,overstock,NO,4815518.57
SKU04091,Cloned coherent throughput,Books,WH-HYD,1479.0,35.0,11143.69,188.0,overstock,NO,16481517.51
SKU04092,Configurable systemic model,Sports,WH-MUM,1310.0,19.0,349.79,192.0,overstock,NO,458224.9
SKU04093,Open-source asymmetric open system,Clothing,WH-DEL,0.0,64.0,5997.14,270.0,stockout,YES,0.0
SKU04094,Seamless high-level challenge,Sports,WH-HYD,1353.0,89.0,11213.65,194.0,overstock,NO,15172068.45
SKU04095,Organized bi-directional moratorium,Toys,WH-HYD,1889.0,32.0,7218.8,215.0,overstock,NO,13636313.2
SKU04096,Adaptive upward-trending encoding,Home & Kitchen,WH-CHE,951.0,90.0,2743.35,218.0,overstock,NO,2608925.85
SKU04097,Proactive high-level policy,Home & Kitchen,WH-HYD,1011.0,93.0,1933.08,241.0,overstock,NO,1954343.88
SKU04098,Compatible object-oriented paradigm,Toys,WH-HYD,1406.0,23.0,6627.41,249.0,overstock,NO,9318138.46
SKU04099,Exclusive disintermediate Local Area Network,Grocery,WH-CHE,548.0,95.0,1425.43,143.0,overstock,NO,781135.64
SKU04100,Triple-buffered demand-driven flexibility,Beauty,WH-BLR,288.0,68.0,6930.8,229.0,overstock,NO,1996070.4
SKU04101,Expanded encompassing service-desk,Beauty,WH-BLR,393.0,29.0,10393.25,164.0,overstock,NO,4084547.25
SKU04102,Stand-alone scalable frame,Electronics,WH-CHE,53.0,34.0,14717.24,276.0,healthy,NO,780013.72
SKU04103,Multi-layered cohesive moderator,Clothing,WH-MUM,904.0,42.0,3379.44,244.0,overstock,NO,3055013.76
SKU04104,Re-engineered multimedia open architecture,Sports,WH-HYD,585.0,22.0,1972.22,198.0,overstock,NO,1153748.7
SKU04105,Configurable web-enabled website,Beauty,WH-MUM,1060.0,33.0,13143.32,208.0,overstock,NO,13931919.2
SKU04106,Assimilated local moderator,Clothing,WH-DEL,682.0,66.0,12408.46,272.0,overstock,NO,8462569.72
SKU04107,Vision-oriented zero tolerance analyzer,Electronics,WH-HYD,53.0,68.0,6791.66,269.0,below_reorder,YES,359957.98
SKU04108,Cloned incremental superstructure,Toys,WH-MUM,1240.0,24.0,14628.39,251.0,overstock,NO,18139203.6
SKU04109,Fully-configurable regional hierarchy,Clothing,WH-BLR,801.0,50.0,11910.6,172.0,overstock,NO,9540390.6
SKU04110,Cross-group solution-oriented definition,Books,WH-BLR,1822.0,30.0,2937.8,227.0,overstock,NO,5352671.6
SKU04111,Configurable 6thgeneration installation,Beauty,WH-MUM,1751.0,56.0,14816.41,239.0,overstock,NO,25943533.91
SKU04112,Public-key heuristic alliance,Books,WH-MUM,1510.0,21.0,10430.76,202.0,overstock,NO,15750447.6
SKU04113,Public-key optimizing alliance,Clothing,WH-BLR,1941.0,99.0,2449.42,304.0,overstock,NO,4754324.22
SKU04114,Organic multi-state functionalities,Grocery,WH-CHE,1752.0,18.0,4946.21,199.0,overstock,NO,8665759.92
SKU04115,Synchronized clear-thinking product,Beauty,WH-HYD,1562.0,70.0,12743.67,233.0,overstock,NO,19905612.54
SKU04116,Right-sized uniform strategy,Books,WH-HYD,1648.0,10.0,1474.63,142.0,overstock,NO,2430190.24
SKU04117,Streamlined optimal framework,Toys,WH-MUM,1485.0,57.0,8016.24,299.0,overstock,NO,11904116.4
SKU04118,Innovative multi-state methodology,Books,WH-BLR,137.0,37.0,2839.83,198.0,overstock,NO,389056.71
SKU04119,Ameliorated bottom-line capacity,Sports,WH-MUM,1647.0,60.0,5594.89,216.0,overstock,NO,9214783.83
SKU04120,Quality-focused 24/7 capability,Books,WH-MUM,887.0,63.0,6582.36,208.0,overstock,NO,5838553.32
SKU04121,Inverse client-driven synergy,Sports,WH-BLR,638.0,84.0,14745.41,208.0,overstock,NO,9407571.58
SKU04122,Exclusive static system engine,Clothing,WH-MUM,826.0,26.0,503.85,179.0,overstock,NO,416180.1
SKU04123,Right-sized regional artificial intelligence,Grocery,WH-MUM,1156.0,91.0,11432.3,267.0,overstock,NO,13215738.8
SKU04124,Cross-platform neutral installation,Toys,WH-DEL,1606.0,45.0,12319.26,196.0,overstock,NO,19784731.56
SKU04125,Multi-tiered eco-centric utilization,Sports,WH-MUM,1248.0,19.0,2244.98,184.0,overstock,NO,2801735.04
SKU04126,Vision-oriented motivating protocol,Home & Kitchen,WH-MUM,0.0,92.0,4032.03,206.0,stockout,YES,0.0
SKU04127,Fundamental exuding leverage,Beauty,WH-HYD,1233.0,79.0,799.51,228.0,overstock,NO,985795.83
SKU04128,Balanced directional encryption,Electronics,WH-MUM,1511.0,74.0,8658.98,228.0,overstock,NO,13083718.78
SKU04129,Persevering asynchronous orchestration,Home & Kitchen,WH-MUM,193.0,12.0,13129.04,243.0,overstock,NO,2533904.72
SKU04130,Re-contextualized real-time time-frame,Home & Kitchen,WH-CHE,1259.0,34.0,10863.27,217.0,overstock,NO,13676856.93
SKU04131,Multi-lateral foreground challenge,Electronics,WH-DEL,1820.0,95.0,1617.57,185.0,overstock,NO,2943977.4
SKU04132,Compatible context-sensitive process improvement,Beauty,WH-HYD,1003.0,20.0,14106.48,238.0,overstock,NO,14148799.44
SKU04133,Profound zero-defect conglomeration,Electronics,WH-CHE,795.0,14.0,10860.47,199.0,overstock,NO,8634073.65
SKU04134,Profit-focused discrete encoding,Electronics,WH-DEL,1980.0,10.0,4689.86,239.0,overstock,NO,9285922.8
SKU04135,Operative hybrid toolset,Sports,WH-DEL,1066.0,20.0,13059.06,148.0,overstock,NO,13920957.96
SKU04136,Persevering 24/7 methodology,Clothing,WH-BLR,1848.0,37.0,12310.61,128.0,overstock,NO,22750007.28
SKU04137,Open-architected eco-centric process improvement,Toys,WH-HYD,732.0,43.0,64.53,296.0,overstock,NO,47235.96
SKU04138,Stand-alone web-enabled paradigm,Home & Kitchen,WH-DEL,1807.0,25.0,1580.23,171.0,overstock,NO,2855475.61
SKU04139,Triple-buffered tangible encryption,Sports,WH-CHE,1268.0,26.0,8636.03,194.0,overstock,NO,10950486.04
SKU04140,User-centric regional capacity,Clothing,WH-CHE,970.0,23.0,11390.73,180.0,overstock,NO,11049008.1
SKU04141,Down-sized intermediate core,Toys,WH-CHE,1812.0,94.0,12644.64,202.0,overstock,NO,22912087.68
SKU04142,Enterprise-wide coherent Graphic Interface,Clothing,WH-DEL,599.0,72.0,3562.4,229.0,overstock,NO,2133877.6
SKU04143,Configurable multi-state contingency,Toys,WH-CHE,1432.0,26.0,4789.07,238.0,overstock,NO,6857948.24
SKU04144,Persistent discrete Internet solution,Beauty,WH-CHE,619.0,91.0,14675.14,177.0,overstock,NO,9083911.66
SKU04145,Ameliorated high-level data-warehouse,Toys,WH-DEL,1167.0,19.0,424.63,188.0,overstock,NO,495543.21
SKU04146,Profit-focused logistical standardization,Electronics,WH-BLR,168.0,94.0,1655.85,191.0,healthy,NO,278182.8
SKU04147,Fundamental non-volatile knowledgebase,Toys,WH-BLR,788.0,36.0,319.77,187.0,overstock,NO,251978.76
SKU04148,Polarized multimedia middleware,Sports,WH-MUM,1729.0,93.0,5490.59,267.0,overstock,NO,9493230.11
SKU04149,Open-architected hybrid success,Grocery,WH-DEL,120.0,84.0,3153.23,260.0,healthy,NO,378387.6
SKU04150,Team-oriented holistic model,Electronics,WH-MUM,761.0,52.0,14191.52,191.0,overstock,NO,10799746.72
SKU04151,Exclusive exuding orchestration,Electronics,WH-BLR,366.0,65.0,5414.24,183.0,overstock,NO,1981611.84
SKU04152,Re-contextualized solution-oriented intranet,Sports,WH-CHE,1148.0,81.0,10173.53,201.0,overstock,NO,11679212.44
SKU04153,Sharable demand-driven attitude,Electronics,WH-CHE,615.0,73.0,12969.09,153.0,overstock,NO,7975990.35
SKU04154,Re-contextualized secondary collaboration,Sports,WH-BLR,1129.0,51.0,6206.43,182.0,overstock,NO,7007059.47
SKU04155,Open-architected methodical contingency,Clothing,WH-MUM,1167.0,30.0,10263.16,205.0,overstock,NO,11977107.72
SKU04156,Profit-focused 6thgeneration circuit,Electronics,WH-HYD,1827.0,96.0,12658.73,215.0,overstock,NO,23127499.71
SKU04157,Self-enabling bifurcated database,Clothing,WH-CHE,1311.0,36.0,1254.25,234.0,overstock,NO,1644321.75
SKU04158,Operative heuristic challenge,Books,WH-DEL,1283.0,40.0,8523.76,203.0,overstock,NO,10935984.08
SKU04159,Cross-platform 4thgeneration toolset,Clothing,WH-HYD,0.0,73.0,10419.5,137.0,stockout,YES,0.0
SKU04160,Diverse asymmetric neural-net,Electronics,WH-BLR,1388.0,29.0,9385.83,180.0,overstock,NO,13027532.04
SKU04161,Self-enabling non-volatile matrix,Beauty,WH-HYD,1741.0,77.0,10162.95,250.0,overstock,NO,17693695.95
SKU04162,Down-sized mission-critical software,Sports,WH-CHE,387.0,43.0,10440.84,150.0,overstock,NO,4040605.08
SKU04163,Fully-configurable static Graphical User Interface,Electronics,WH-CHE,1623.0,96.0,539.01,196.0,overstock,NO,874813.23
SKU04164,Enterprise-wide full-range capability,Home & Kitchen,WH-CHE,1867.0,91.0,4932.11,275.0,overstock,NO,9208249.37
SKU04165,Cross-platform zero administration product,Grocery,WH-CHE,409.0,79.0,7733.13,195.0,overstock,NO,3162850.17
SKU04166,Open-source next generation moderator,Books,WH-HYD,438.0,70.0,7199.96,192.0,overstock,NO,3153582.48
SKU04167,Mandatory zero tolerance extranet,Clothing,WH-CHE,754.0,81.0,2343.4,269.0,overstock,NO,1766923.6
SKU04168,Open-architected actuating software,Sports,WH-DEL,420.0,68.0,7814.46,214.0,overstock,NO,3282073.2
SKU04169,Upgradable bi-directional process improvement,Grocery,WH-MUM,159.0,42.0,14213.02,225.0,overstock,NO,2259870.18
SKU04170,Reactive composite ability,Beauty,WH-BLR,240.0,11.0,10385.85,239.0,overstock,NO,2492604.0
SKU04171,Virtual 6thgeneration access,Electronics,WH-DEL,1133.0,41.0,11167.18,172.0,overstock,NO,12652414.94
SKU04172,Optional directional workforce,Clothing,WH-DEL,68.0,14.0,7439.28,182.0,overstock,NO,505871.04
SKU04173,Automated logistical moderator,Beauty,WH-DEL,1345.0,27.0,4601.08,213.0,overstock,NO,6188452.6
SKU04174,Team-oriented heuristic database,Sports,WH-DEL,212.0,84.0,7619.73,199.0,healthy,NO,1615382.76
SKU04175,Quality-focused heuristic forecast,Beauty,WH-MUM,669.0,99.0,2522.93,236.0,overstock,NO,1687840.17
SKU04176,Customer-focused attitude-oriented data-warehouse,Toys,WH-BLR,1724.0,65.0,2234.31,151.0,overstock,NO,3851950.44
SKU04177,Inverse modular capability,Sports,WH-MUM,1918.0,94.0,4070.5,208.0,overstock,NO,7807219.0
SKU04178,Public-key asymmetric architecture,Grocery,WH-DEL,1866.0,88.0,965.62,285.0,overstock,NO,1801846.92
SKU04179,Phased systematic core,Home & Kitchen,WH-CHE,298.0,42.0,1861.3,214.0,overstock,NO,554667.4
SKU04180,Mandatory contextually-based definition,Grocery,WH-DEL,224.0,22.0,12104.33,191.0,overstock,NO,2711369.92
SKU04181,Visionary mobile superstructure,Books,WH-DEL,1536.0,86.0,2405.37,211.0,overstock,NO,3694648.32
SKU04182,Versatile demand-driven matrices,Beauty,WH-HYD,277.0,19.0,13924.77,218.0,overstock,NO,3857161.29
SKU04183,Cloned cohesive parallelism,Clothing,WH-HYD,1613.0,82.0,5850.73,253.0,overstock,NO,9437227.49
SKU04184,Persistent static definition,Clothing,WH-DEL,1731.0,10.0,13757.18,166.0,overstock,NO,23813678.58
SKU04185,Up-sized 24hour complexity,Clothing,WH-MUM,424.0,99.0,2512.22,271.0,overstock,NO,1065181.28
SKU04186,Automated mission-critical core,Clothing,WH-HYD,1187.0,53.0,6325.5,182.0,overstock,NO,7508368.5
SKU04187,Horizontal mission-critical customer loyalty,Toys,WH-MUM,1854.0,33.0,9775.55,267.0,overstock,NO,18123869.7
SKU04188,Adaptive explicit infrastructure,Books,WH-DEL,629.0,47.0,5854.05,201.0,overstock,NO,3682197.45
SKU04189,Managed reciprocal access,Sports,WH-MUM,1824.0,32.0,4259.19,147.0,overstock,NO,7768762.56
SKU04190,Visionary empowering website,Electronics,WH-CHE,540.0,92.0,11262.01,198.0,overstock,NO,6081485.4
SKU04191,Versatile well-modulated synergy,Beauty,WH-CHE,1049.0,92.0,14721.99,233.0,overstock,NO,15443367.51
SKU04192,Cross-platform uniform open system,Beauty,WH-DEL,0.0,88.0,10965.29,201.0,stockout,YES,0.0
SKU04193,Front-line object-oriented matrices,Home & Kitchen,WH-HYD,140.0,79.0,7894.39,199.0,healthy,NO,1105214.6
SKU04194,Re-contextualized multi-tasking strategy,Toys,WH-HYD,1950.0,72.0,2328.45,292.0,overstock,NO,4540477.5
SKU04195,Streamlined impactful application,Clothing,WH-HYD,1027.0,33.0,442.87,252.0,overstock,NO,454827.49
SKU04196,Public-key 24hour capability,Sports,WH-DEL,250.0,57.0,14304.76,274.0,overstock,NO,3576190.0
SKU04197,Optional stable info-mediaries,Clothing,WH-BLR,1870.0,68.0,13749.56,253.0,overstock,NO,25711677.2
SKU04198,Intuitive 24/7 framework,Clothing,WH-DEL,688.0,80.0,5628.23,120.0,overstock,NO,3872222.24
SKU04199,Future-proofed dynamic parallelism,Beauty,WH-BLR,1618.0,31.0,10786.84,217.0,overstock,NO,17453107.12
SKU04200,User-friendly dedicated task-force,Toys,WH-BLR,1283.0,27.0,3876.98,263.0,overstock,NO,4974165.34
SKU04201,Exclusive directional algorithm,Clothing,WH-CHE,262.0,49.0,7284.51,202.0,overstock,NO,1908541.62
SKU04202,Secured non-volatile parallelism,Sports,WH-MUM,982.0,82.0,11664.43,205.0,overstock,NO,11454470.26
SKU04203,Centralized leadingedge hierarchy,Electronics,WH-MUM,46.0,89.0,9964.16,287.0,below_reorder,YES,458351.36
SKU04204,Object-based solution-oriented instruction set,Grocery,WH-BLR,786.0,23.0,14835.32,176.0,overstock,NO,11660561.52
SKU04205,Quality-focused mission-critical process improveme,Books,WH-DEL,298.0,49.0,10798.96,213.0,overstock,NO,3218090.08
SKU04206,Automated radical orchestration,Beauty,WH-DEL,1056.0,41.0,12623.08,261.0,overstock,NO,13329972.48
SKU04207,Enterprise-wide secondary initiative,Sports,WH-HYD,1560.0,27.0,5475.32,150.0,overstock,NO,8541499.2
SKU04208,Focused mission-critical open system,Books,WH-MUM,123.0,45.0,955.33,233.0,healthy,NO,117505.59
SKU04209,Adaptive demand-driven function,Books,WH-DEL,236.0,36.0,284.16,267.0,overstock,NO,67061.76
SKU04210,Multi-tiered fresh-thinking extranet,Sports,WH-BLR,1705.0,33.0,6393.18,175.0,overstock,NO,10900371.9
SKU04211,Quality-focused foreground policy,Sports,WH-HYD,1315.0,74.0,3762.59,173.0,overstock,NO,4947805.85
SKU04212,Face-to-face radical array,Beauty,WH-CHE,1860.0,27.0,5070.46,220.0,overstock,NO,9431055.6
SKU04213,Open-source mission-critical database,Grocery,WH-MUM,48.0,64.0,14488.39,194.0,below_reorder,YES,695442.72
SKU04214,Cross-platform 5thgeneration algorithm,Sports,WH-CHE,818.0,93.0,8472.28,172.0,overstock,NO,6930325.04
SKU04215,Up-sized intangible solution,Grocery,WH-HYD,719.0,95.0,10452.68,147.0,overstock,NO,7515476.92
SKU04216,Pre-emptive attitude-oriented support,Toys,WH-DEL,626.0,18.0,9737.09,189.0,overstock,NO,6095418.34
SKU04217,Persistent dedicated throughput,Beauty,WH-HYD,917.0,47.0,280.49,171.0,overstock,NO,257209.33
SKU04218,Configurable bifurcated process improvement,Toys,WH-HYD,1434.0,100.0,6802.92,244.0,overstock,NO,9755387.28
SKU04219,Quality-focused responsive adapter,Books,WH-CHE,841.0,13.0,3305.61,214.0,overstock,NO,2780018.01
SKU04220,Right-sized 3rdgeneration knowledge user,Grocery,WH-CHE,217.0,46.0,1742.08,128.0,overstock,NO,378031.36
SKU04221,Fully-configurable 24/7 algorithm,Beauty,WH-BLR,1943.0,91.0,763.47,205.0,overstock,NO,1483422.21
SKU04222,Managed multimedia solution,Home & Kitchen,WH-MUM,135.0,71.0,729.93,270.0,healthy,NO,98540.55
SKU04223,Intuitive object-oriented portal,Sports,WH-BLR,1958.0,82.0,2178.72,196.0,overstock,NO,4265933.76
SKU04224,Public-key uniform superstructure,Books,WH-MUM,1863.0,36.0,9751.75,208.0,overstock,NO,18167510.25
SKU04225,Multi-channeled neutral hierarchy,Clothing,WH-MUM,0.0,24.0,12132.54,203.0,stockout,YES,0.0
SKU04226,Centralized global pricing structure,Clothing,WH-CHE,831.0,95.0,6499.14,222.0,overstock,NO,5400785.34
SKU04227,De-engineered mobile project,Sports,WH-HYD,1866.0,84.0,10189.22,213.0,overstock,NO,19013084.52
SKU04228,User-friendly responsive benchmark,Electronics,WH-CHE,229.0,77.0,7341.68,262.0,healthy,NO,1681244.72
SKU04229,Profound 6thgeneration approach,Beauty,WH-DEL,1621.0,25.0,13467.9,230.0,overstock,NO,21831465.9
SKU04230,Managed multi-state protocol,Grocery,WH-MUM,929.0,40.0,8200.03,223.0,overstock,NO,7617827.87
SKU04231,Cloned explicit attitude,Electronics,WH-DEL,1013.0,51.0,13706.89,151.0,overstock,NO,13885079.57
SKU04232,Self-enabling background product,Beauty,WH-HYD,1056.0,11.0,14039.93,189.0,overstock,NO,14826166.08
SKU04233,Visionary real-time alliance,Toys,WH-HYD,430.0,32.0,4556.3,180.0,overstock,NO,1959209.0
SKU04234,Reduced analyzing moderator,Beauty,WH-BLR,1101.0,58.0,11965.02,167.0,overstock,NO,13173487.02
SKU04235,Realigned eco-centric service-desk,Books,WH-BLR,1663.0,69.0,6717.4,268.0,overstock,NO,11171036.2
SKU04236,Future-proofed tangible service-desk,Grocery,WH-CHE,52.0,95.0,5228.63,186.0,below_reorder,YES,271888.76
SKU04237,User-friendly multi-tasking analyzer,Beauty,WH-DEL,941.0,18.0,9709.72,210.0,overstock,NO,9136846.52
SKU04238,Grass-roots motivating software,Sports,WH-DEL,571.0,17.0,9500.38,253.0,overstock,NO,5424716.98
SKU04239,Secured bottom-line framework,Grocery,WH-CHE,1584.0,87.0,12388.23,188.0,overstock,NO,19622956.32
SKU04240,Progressive optimal pricing structure,Home & Kitchen,WH-MUM,1919.0,66.0,4178.92,242.0,overstock,NO,8019347.48
SKU04241,Progressive eco-centric flexibility,Books,WH-DEL,876.0,46.0,6119.91,239.0,overstock,NO,5361041.16
SKU04242,Phased content-based infrastructure,Toys,WH-HYD,1504.0,24.0,11797.96,178.0,overstock,NO,17744131.84
SKU04243,Versatile coherent policy,Clothing,WH-MUM,1077.0,72.0,6136.41,272.0,overstock,NO,6608913.57
SKU04244,Universal transitional hub,Books,WH-HYD,912.0,46.0,4472.92,219.0,overstock,NO,4079303.04
SKU04245,Profound multi-tasking access,Toys,WH-BLR,1060.0,57.0,6600.41,231.0,overstock,NO,6996434.6
SKU04246,Extended systematic moderator,Grocery,WH-MUM,1416.0,92.0,13444.88,186.0,overstock,NO,19037950.08
SKU04247,Organized optimal interface,Clothing,WH-CHE,1698.0,23.0,9626.79,199.0,overstock,NO,16346289.42
SKU04248,Optimized background encryption,Toys,WH-BLR,1750.0,25.0,7457.84,193.0,overstock,NO,13051220.0
SKU04249,Virtual cohesive solution,Beauty,WH-BLR,1571.0,53.0,4195.42,178.0,overstock,NO,6591004.82
SKU04250,Reduced asymmetric Graphical User Interface,Grocery,WH-HYD,61.0,86.0,9569.77,194.0,below_reorder,YES,583755.97
SKU04251,Enhanced heuristic solution,Grocery,WH-DEL,1314.0,49.0,13406.88,150.0,overstock,NO,17616640.32
SKU04252,Phased explicit capacity,Beauty,WH-DEL,431.0,12.0,5093.99,262.0,overstock,NO,2195509.69
SKU04253,Pre-emptive uniform secured line,Grocery,WH-BLR,1589.0,23.0,2977.8,200.0,overstock,NO,4731724.2
SKU04254,Public-key methodical knowledge user,Grocery,WH-CHE,719.0,32.0,2622.72,247.0,overstock,NO,1885735.68
SKU04255,Profit-focused high-level alliance,Home & Kitchen,WH-BLR,1135.0,58.0,8641.76,236.0,overstock,NO,9808397.6
SKU04256,Integrated intermediate middleware,Home & Kitchen,WH-BLR,751.0,53.0,3912.08,228.0,overstock,NO,2937972.08
SKU04257,Assimilated content-based focus group,Home & Kitchen,WH-DEL,1716.0,73.0,4931.41,194.0,overstock,NO,8462299.56
SKU04258,Multi-tiered upward-trending synergy,Sports,WH-HYD,0.0,51.0,9538.08,215.0,stockout,YES,0.0
SKU04259,Virtual static encoding,Toys,WH-BLR,318.0,37.0,4655.11,202.0,overstock,NO,1480324.98
SKU04260,Extended scalable challenge,Sports,WH-MUM,1524.0,29.0,2359.09,268.0,overstock,NO,3595253.16
SKU04261,Upgradable homogeneous knowledge user,Home & Kitchen,WH-DEL,563.0,10.0,1951.4,171.0,overstock,NO,1098638.2
SKU04262,Stand-alone 4thgeneration monitoring,Sports,WH-DEL,831.0,68.0,13572.51,234.0,overstock,NO,11278755.81
SKU04263,Robust heuristic hardware,Toys,WH-DEL,1462.0,97.0,5139.81,193.0,overstock,NO,7514402.22
SKU04264,Exclusive analyzing encryption,Sports,WH-DEL,858.0,89.0,7727.54,174.0,overstock,NO,6630229.32
SKU04265,Programmable static knowledge user,Grocery,WH-MUM,899.0,57.0,14261.42,242.0,overstock,NO,12821016.58
SKU04266,Operative foreground moratorium,Electronics,WH-DEL,329.0,83.0,8624.99,218.0,overstock,NO,2837621.71
SKU04267,Stand-alone holistic focus group,Toys,WH-MUM,1274.0,32.0,10824.05,191.0,overstock,NO,13789839.7
SKU04268,Persevering mission-critical challenge,Beauty,WH-BLR,865.0,15.0,11000.41,161.0,overstock,NO,9515354.65
SKU04269,Synergized mission-critical knowledge user,Toys,WH-BLR,232.0,79.0,13660.49,204.0,healthy,NO,3169233.68
SKU04270,Reduced bifurcated intranet,Sports,WH-MUM,719.0,37.0,4124.33,177.0,overstock,NO,2965393.27
SKU04271,Decentralized clear-thinking middleware,Sports,WH-DEL,541.0,23.0,8726.59,202.0,overstock,NO,4721085.19
SKU04272,Optimized system-worthy application,Electronics,WH-MUM,1387.0,14.0,11931.69,227.0,overstock,NO,16549254.03
SKU04273,Synergistic content-based superstructure,Toys,WH-DEL,1529.0,48.0,7400.54,285.0,overstock,NO,11315425.66
SKU04274,Cloned grid-enabled challenge,Toys,WH-MUM,1936.0,22.0,2199.55,273.0,overstock,NO,4258328.8
SKU04275,Open-source motivating superstructure,Clothing,WH-HYD,1700.0,50.0,10463.07,192.0,overstock,NO,17787219.0
SKU04276,Multi-lateral disintermediate forecast,Toys,WH-MUM,1623.0,83.0,7118.01,262.0,overstock,NO,11552530.23
SKU04277,Seamless mission-critical concept,Electronics,WH-BLR,881.0,39.0,5092.99,189.0,overstock,NO,4486924.19
SKU04278,Synchronized full-range toolset,Sports,WH-BLR,433.0,32.0,10197.23,189.0,overstock,NO,4415400.59
SKU04279,Integrated 3rdgeneration frame,Electronics,WH-BLR,95.0,37.0,7454.18,203.0,healthy,NO,708147.1
SKU04280,Total empowering pricing structure,Electronics,WH-MUM,936.0,31.0,13979.97,218.0,overstock,NO,13085251.92
SKU04281,Realigned multi-tasking extranet,Grocery,WH-CHE,1907.0,52.0,3844.28,172.0,overstock,NO,7331041.96
SKU04282,Customer-focused asynchronous knowledgebase,Books,WH-BLR,996.0,31.0,11021.39,190.0,overstock,NO,10977304.44
SKU04283,Advanced grid-enabled standardization,Toys,WH-HYD,995.0,98.0,543.03,209.0,overstock,NO,540314.85
SKU04284,Switchable actuating website,Grocery,WH-HYD,1085.0,37.0,10031.81,179.0,overstock,NO,10884513.85
SKU04285,Optimized fault-tolerant encoding,Electronics,WH-MUM,130.0,14.0,1815.36,202.0,overstock,NO,235996.8
SKU04286,Self-enabling 5thgeneration attitude,Beauty,WH-CHE,1913.0,29.0,2623.26,230.0,overstock,NO,5018296.38
SKU04287,Proactive global contingency,Books,WH-MUM,1976.0,28.0,5493.44,273.0,overstock,NO,10855037.44
SKU04288,Organic incremental data-warehouse,Grocery,WH-BLR,90.0,46.0,7432.26,182.0,healthy,NO,668903.4
SKU04289,Universal local standardization,Electronics,WH-MUM,495.0,43.0,5993.12,216.0,overstock,NO,2966594.4
SKU04290,Reverse-engineered encompassing knowledge user,Toys,WH-DEL,839.0,45.0,8255.88,253.0,overstock,NO,6926683.32
SKU04291,Persevering non-volatile Graphic Interface,Home & Kitchen,WH-BLR,0.0,51.0,6300.91,302.0,stockout,YES,0.0
SKU04292,Persevering asynchronous neural-net,Sports,WH-MUM,1199.0,35.0,1990.46,205.0,overstock,NO,2386561.54
SKU04293,Enterprise-wide dynamic complexity,Grocery,WH-BLR,247.0,95.0,882.59,175.0,healthy,NO,217999.73
SKU04294,Integrated bifurcated instruction set,Clothing,WH-DEL,1254.0,49.0,11131.89,206.0,overstock,NO,13959390.06
SKU04295,Automated systematic access,Toys,WH-CHE,304.0,64.0,1139.26,162.0,overstock,NO,346335.04
SKU04296,Pre-emptive mobile secured line,Beauty,WH-CHE,169.0,15.0,3989.89,216.0,overstock,NO,674291.41
SKU04297,Fundamental dynamic data-warehouse,Books,WH-DEL,1775.0,31.0,7364.76,216.0,overstock,NO,13072449.0
SKU04298,Versatile system-worthy intranet,Toys,WH-DEL,1799.0,52.0,6903.11,256.0,overstock,NO,12418694.89
SKU04299,Function-based multimedia hierarchy,Books,WH-MUM,1594.0,40.0,4854.73,215.0,overstock,NO,7738439.62
SKU04300,Universal mission-critical alliance,Home & Kitchen,WH-HYD,561.0,95.0,14706.41,222.0,overstock,NO,8250296.01
SKU04301,Organized attitude-oriented Internet solution,Beauty,WH-HYD,1655.0,11.0,14733.32,236.0,overstock,NO,24383644.6
SKU04302,Fully-configurable discrete service-desk,Beauty,WH-CHE,174.0,85.0,13091.25,223.0,healthy,NO,2277877.5
SKU04303,Cross-group context-sensitive budgetary management,Toys,WH-MUM,804.0,32.0,4837.38,211.0,overstock,NO,3889253.52
SKU04304,Operative bi-directional open architecture,Toys,WH-DEL,145.0,19.0,7304.02,241.0,overstock,NO,1059082.9
SKU04305,Profit-focused well-modulated policy,Beauty,WH-CHE,711.0,31.0,1755.1,268.0,overstock,NO,1247876.1
SKU04306,Triple-buffered high-level functionalities,Home & Kitchen,WH-DEL,1191.0,61.0,11957.91,218.0,overstock,NO,14241870.81
SKU04307,Integrated holistic concept,Sports,WH-MUM,1562.0,26.0,14164.79,158.0,overstock,NO,22125401.98
SKU04308,Exclusive intermediate monitoring,Home & Kitchen,WH-CHE,505.0,42.0,13864.59,197.0,overstock,NO,7001617.95
SKU04309,Right-sized interactive contingency,Grocery,WH-HYD,1763.0,59.0,4988.72,274.0,overstock,NO,8795113.36
SKU04310,Self-enabling logistical matrices,Grocery,WH-HYD,1391.0,30.0,6107.96,231.0,overstock,NO,8496172.36
SKU04311,Configurable systemic concept,Sports,WH-BLR,1902.0,76.0,12949.31,213.0,overstock,NO,24629587.62
SKU04312,Synergized 24/7 groupware,Books,WH-HYD,28.0,84.0,6568.16,174.0,below_reorder,YES,183908.48
SKU04313,Diverse mission-critical architecture,Books,WH-BLR,1357.0,16.0,3561.75,153.0,overstock,NO,4833294.75
SKU04314,Stand-alone attitude-oriented framework,Books,WH-MUM,1643.0,70.0,11009.53,180.0,overstock,NO,18088657.79
SKU04315,Compatible secondary adapter,Books,WH-DEL,1301.0,55.0,5915.86,196.0,overstock,NO,7696533.86
SKU04316,Centralized needs-based forecast,Home & Kitchen,WH-CHE,849.0,61.0,12785.9,255.0,overstock,NO,10855229.1
SKU04317,Innovative user-facing adapter,Electronics,WH-HYD,45.0,85.0,8154.31,211.0,below_reorder,YES,366943.95
SKU04318,Grass-roots object-oriented adapter,Toys,WH-DEL,104.0,16.0,5071.73,224.0,overstock,NO,527459.92
SKU04319,Networked 3rdgeneration pricing structure,Home & Kitchen,WH-DEL,746.0,88.0,7293.84,244.0,overstock,NO,5441204.64
SKU04320,Devolved asymmetric benchmark,Toys,WH-BLR,32.0,70.0,9902.25,203.0,below_reorder,YES,316872.0
SKU04321,Up-sized user-facing contingency,Home & Kitchen,WH-MUM,480.0,67.0,8426.7,163.0,overstock,NO,4044816.0
SKU04322,Up-sized uniform hierarchy,Sports,WH-MUM,228.0,70.0,2173.09,201.0,overstock,NO,495464.52
SKU04323,Fully-configurable next generation task-force,Grocery,WH-CHE,1021.0,39.0,12369.07,233.0,overstock,NO,12628820.47
SKU04324,Public-key upward-trending strategy,Home & Kitchen,WH-HYD,0.0,100.0,9481.35,272.0,stockout,YES,0.0
SKU04325,Focused intermediate application,Sports,WH-BLR,671.0,30.0,13116.82,225.0,overstock,NO,8801386.22
SKU04326,Adaptive multimedia info-mediaries,Toys,WH-CHE,257.0,41.0,11134.33,229.0,overstock,NO,2861522.81
SKU04327,Robust cohesive workforce,Toys,WH-CHE,1786.0,37.0,10977.89,274.0,overstock,NO,19606511.54
SKU04328,Ameliorated tangible approach,Sports,WH-MUM,965.0,75.0,495.2,235.0,overstock,NO,477868.0
SKU04329,Horizontal interactive adapter,Beauty,WH-HYD,214.0,19.0,9195.19,211.0,overstock,NO,1967770.66
SKU04330,User-centric interactive pricing structure,Electronics,WH-DEL,1036.0,86.0,8863.39,264.0,overstock,NO,9182472.04
SKU04331,Advanced neutral benchmark,Electronics,WH-MUM,1279.0,39.0,3978.46,179.0,overstock,NO,5088450.34
SKU04332,Re-engineered didactic challenge,Home & Kitchen,WH-BLR,550.0,52.0,6591.99,238.0,overstock,NO,3625594.5
SKU04333,Networked discrete algorithm,Home & Kitchen,WH-BLR,1233.0,27.0,7284.36,188.0,overstock,NO,8981615.88
SKU04334,User-friendly intermediate parallelism,Grocery,WH-HYD,274.0,32.0,3526.91,224.0,overstock,NO,966373.34
SKU04335,Re-contextualized tertiary data-warehouse,Home & Kitchen,WH-BLR,645.0,40.0,1573.53,222.0,overstock,NO,1014926.85
SKU04336,Switchable methodical architecture,Beauty,WH-HYD,197.0,89.0,800.26,262.0,healthy,NO,157651.22
SKU04337,Multi-lateral full-range project,Books,WH-CHE,380.0,66.0,11670.87,241.0,overstock,NO,4434930.6
SKU04338,Multi-lateral neutral Graphical User Interface,Beauty,WH-HYD,1443.0,53.0,1494.21,267.0,overstock,NO,2156145.03
SKU04339,Streamlined motivating moderator,Toys,WH-MUM,817.0,47.0,113.01,208.0,overstock,NO,92329.17
SKU04340,Compatible discrete functionalities,Beauty,WH-MUM,460.0,84.0,13187.25,236.0,overstock,NO,6066135.0
SKU04341,Team-oriented intangible alliance,Toys,WH-BLR,9.0,69.0,12209.53,200.0,below_reorder,YES,109885.77
SKU04342,De-engineered 4thgeneration functionalities,Home & Kitchen,WH-HYD,831.0,49.0,9639.05,150.0,overstock,NO,8010050.55
SKU04343,Advanced systematic product,Clothing,WH-CHE,191.0,20.0,14643.7,231.0,overstock,NO,2796946.7
SKU04344,Re-contextualized demand-driven software,Home & Kitchen,WH-MUM,928.0,34.0,9892.41,280.0,overstock,NO,9180156.48
SKU04345,Automated secondary synergy,Clothing,WH-CHE,178.0,43.0,8765.12,169.0,overstock,NO,1560191.36
SKU04346,Progressive attitude-oriented access,Beauty,WH-DEL,1762.0,62.0,13900.07,130.0,overstock,NO,24491923.34
SKU04347,Expanded didactic solution,Toys,WH-CHE,1360.0,53.0,8725.46,247.0,overstock,NO,11866625.6
SKU04348,Multi-channeled incremental data-warehouse,Toys,WH-HYD,1510.0,93.0,6898.99,223.0,overstock,NO,10417474.9
SKU04349,Persistent web-enabled migration,Beauty,WH-CHE,1923.0,19.0,9319.78,250.0,overstock,NO,17921936.94
SKU04350,Realigned analyzing project,Toys,WH-CHE,844.0,66.0,14972.91,239.0,overstock,NO,12637136.04
SKU04351,Fundamental methodical policy,Electronics,WH-MUM,282.0,58.0,11122.57,187.0,overstock,NO,3136564.74
SKU04352,Streamlined motivating circuit,Sports,WH-BLR,1174.0,97.0,8602.91,148.0,overstock,NO,10099816.34
SKU04353,Configurable scalable capacity,Sports,WH-DEL,1365.0,44.0,3555.72,180.0,overstock,NO,4853557.8
SKU04354,Implemented client-server policy,Sports,WH-CHE,607.0,23.0,14608.84,177.0,overstock,NO,8867565.88
SKU04355,Devolved uniform ability,Home & Kitchen,WH-HYD,245.0,69.0,6475.89,187.0,overstock,NO,1586593.05
SKU04356,Innovative hybrid functionalities,Sports,WH-MUM,559.0,33.0,10637.63,120.0,overstock,NO,5946435.17
SKU04357,Expanded multimedia secured line,Clothing,WH-BLR,0.0,26.0,12874.8,213.0,stockout,YES,0.0
SKU04358,Programmable fresh-thinking strategy,Clothing,WH-CHE,1626.0,71.0,12160.75,217.0,overstock,NO,19773379.5
SKU04359,Mandatory global time-frame,Clothing,WH-CHE,1789.0,13.0,10038.89,271.0,overstock,NO,17959574.21
SKU04360,Customizable mobile utilization,Sports,WH-HYD,212.0,51.0,6684.17,214.0,overstock,NO,1417044.04
SKU04361,Fully-configurable even-keeled moratorium,Electronics,WH-BLR,1210.0,79.0,9941.45,187.0,overstock,NO,12029154.5
SKU04362,Enterprise-wide 24/7 structure,Beauty,WH-MUM,1506.0,40.0,270.39,197.0,overstock,NO,407207.34
SKU04363,Self-enabling systematic leverage,Grocery,WH-BLR,611.0,36.0,1561.77,239.0,overstock,NO,954241.47
SKU04364,Enhanced multimedia collaboration,Clothing,WH-HYD,650.0,35.0,14480.75,185.0,overstock,NO,9412487.5
SKU04365,Advanced human-resource product,Books,WH-DEL,900.0,87.0,1028.3,195.0,overstock,NO,925470.0
SKU04366,Streamlined cohesive task-force,Clothing,WH-MUM,779.0,35.0,13412.68,240.0,overstock,NO,10448477.72
SKU04367,Quality-focused didactic leverage,Sports,WH-BLR,174.0,43.0,6721.28,245.0,overstock,NO,1169502.72
SKU04368,Secured local task-force,Books,WH-CHE,1297.0,31.0,14054.96,285.0,overstock,NO,18229283.12
SKU04369,Synergistic contextually-based hierarchy,Sports,WH-HYD,1640.0,79.0,1660.9,231.0,overstock,NO,2723876.0
SKU04370,Multi-layered coherent artificial intelligence,Home & Kitchen,WH-DEL,301.0,60.0,10355.6,237.0,overstock,NO,3117035.6
SKU04371,Customizable dedicated project,Home & Kitchen,WH-CHE,1320.0,42.0,8565.7,177.0,overstock,NO,11306724.0
SKU04372,Switchable value-added info-mediaries,Electronics,WH-BLR,1049.0,54.0,2647.18,195.0,overstock,NO,2776891.82
SKU04373,Face-to-face cohesive analyzer,Clothing,WH-CHE,855.0,97.0,10130.51,247.0,overstock,NO,8661586.05
SKU04374,Enterprise-wide grid-enabled hub,Clothing,WH-BLR,360.0,47.0,6436.94,223.0,overstock,NO,2317298.4
SKU04375,Optimized 3rdgeneration conglomeration,Books,WH-BLR,619.0,41.0,1646.34,233.0,overstock,NO,1019084.46
SKU04376,Phased mobile hardware,Beauty,WH-CHE,444.0,65.0,1542.21,231.0,overstock,NO,684741.24
SKU04377,Inverse intermediate neural-net,Books,WH-BLR,1417.0,59.0,6243.4,232.0,overstock,NO,8846897.8
SKU04378,Ergonomic high-level infrastructure,Toys,WH-DEL,1691.0,50.0,1551.98,140.0,overstock,NO,2624398.18
SKU04379,Triple-buffered analyzing approach,Books,WH-DEL,1396.0,71.0,3436.43,162.0,overstock,NO,4797256.28
SKU04380,Automated needs-based open system,Toys,WH-HYD,260.0,99.0,7070.82,242.0,healthy,NO,1838413.2
SKU04381,Centralized fault-tolerant projection,Grocery,WH-BLR,1240.0,40.0,110.71,208.0,overstock,NO,137280.4
SKU04382,Streamlined neutral neural-net,Home & Kitchen,WH-CHE,1616.0,86.0,1664.86,224.0,overstock,NO,2690413.76
SKU04383,Versatile transitional Local Area Network,Electronics,WH-CHE,794.0,67.0,9962.53,229.0,overstock,NO,7910248.82
SKU04384,Intuitive next generation architecture,Toys,WH-DEL,288.0,44.0,6722.25,183.0,overstock,NO,1936008.0
SKU04385,Organic hybrid info-mediaries,Toys,WH-DEL,400.0,88.0,2587.06,159.0,overstock,NO,1034824.0
SKU04386,Total human-resource pricing structure,Toys,WH-HYD,1130.0,50.0,13338.59,166.0,overstock,NO,15072606.7
SKU04387,Inverse mobile migration,Toys,WH-BLR,1006.0,11.0,10369.22,217.0,overstock,NO,10431435.32
SKU04388,Right-sized optimizing frame,Home & Kitchen,WH-MUM,705.0,25.0,9590.9,176.0,overstock,NO,6761584.5
SKU04389,Upgradable upward-trending emulation,Beauty,WH-BLR,2.0,60.0,4926.75,260.0,below_reorder,YES,9853.5
SKU04390,Integrated systemic circuit,Toys,WH-MUM,0.0,79.0,1727.31,248.0,stockout,YES,0.0
SKU04391,Assimilated holistic customer loyalty,Electronics,WH-HYD,1787.0,26.0,3439.08,203.0,overstock,NO,6145635.96
SKU04392,Visionary fault-tolerant migration,Grocery,WH-HYD,707.0,63.0,5077.68,165.0,overstock,NO,3589919.76
SKU04393,Monitored secondary synergy,Electronics,WH-BLR,182.0,26.0,8748.98,188.0,overstock,NO,1592314.36
SKU04394,Exclusive methodical customer loyalty,Electronics,WH-MUM,803.0,62.0,9266.86,260.0,overstock,NO,7441288.58
SKU04395,Ergonomic systematic website,Books,WH-BLR,1323.0,30.0,7666.32,181.0,overstock,NO,10142541.36
SKU04396,Public-key multimedia emulation,Home & Kitchen,WH-MUM,1926.0,29.0,2887.95,186.0,overstock,NO,5562191.7
SKU04397,Optimized client-driven structure,Toys,WH-BLR,442.0,35.0,7318.57,152.0,overstock,NO,3234807.94
SKU04398,Intuitive intangible application,Beauty,WH-CHE,221.0,69.0,9283.01,163.0,overstock,NO,2051545.21
SKU04399,Assimilated user-facing framework,Toys,WH-CHE,741.0,60.0,3746.15,212.0,overstock,NO,2775897.15
SKU04400,Enterprise-wide impactful ability,Home & Kitchen,WH-BLR,1459.0,39.0,2169.3,195.0,overstock,NO,3165008.7
SKU04401,Fully-configurable user-facing middleware,Toys,WH-MUM,829.0,74.0,2982.41,177.0,overstock,NO,2472417.89
SKU04402,Robust 24/7 ability,Clothing,WH-DEL,1663.0,65.0,1198.56,199.0,overstock,NO,1993205.28
SKU04403,Configurable leadingedge process improvement,Books,WH-CHE,701.0,52.0,14479.79,158.0,overstock,NO,10150332.79
SKU04404,Cross-group leadingedge policy,Books,WH-BLR,1894.0,16.0,9102.15,167.0,overstock,NO,17239472.1
SKU04405,Open-source empowering neural-net,Beauty,WH-MUM,1346.0,87.0,7563.16,189.0,overstock,NO,10180013.36
SKU04406,Front-line actuating encryption,Toys,WH-DEL,1642.0,87.0,3570.3,180.0,overstock,NO,5862432.6
SKU04407,Cross-group optimizing hierarchy,Grocery,WH-BLR,1066.0,51.0,10572.97,216.0,overstock,NO,11270786.02
SKU04408,Compatible dynamic neural-net,Sports,WH-MUM,1188.0,99.0,1864.94,241.0,overstock,NO,2215548.72
SKU04409,Switchable bandwidth-monitored standardization,Sports,WH-BLR,174.0,82.0,13689.97,186.0,healthy,NO,2382054.78
SKU04410,Compatible high-level protocol,Sports,WH-BLR,145.0,42.0,2425.38,208.0,overstock,NO,351680.1
SKU04411,Sharable tertiary help-desk,Electronics,WH-HYD,947.0,28.0,8717.92,169.0,overstock,NO,8255870.24
SKU04412,Down-sized human-resource website,Home & Kitchen,WH-BLR,1949.0,73.0,8276.18,176.0,overstock,NO,16130274.82
SKU04413,Enterprise-wide leadingedge middleware,Electronics,WH-BLR,1942.0,30.0,4673.1,215.0,overstock,NO,9075160.2
SKU04414,Upgradable human-resource secured line,Grocery,WH-DEL,1618.0,35.0,14877.64,247.0,overstock,NO,24072021.52
SKU04415,Managed context-sensitive matrix,Sports,WH-HYD,882.0,39.0,13817.51,232.0,overstock,NO,12187043.82
SKU04416,Cross-platform local focus group,Grocery,WH-HYD,1349.0,83.0,11850.84,195.0,overstock,NO,15986783.16
SKU04417,Reactive multi-state intranet,Grocery,WH-DEL,1366.0,84.0,4841.05,181.0,overstock,NO,6612874.3
SKU04418,Quality-focused upward-trending strategy,Toys,WH-DEL,724.0,89.0,10574.7,160.0,overstock,NO,7656082.8
SKU04419,Multi-lateral zero-defect projection,Electronics,WH-MUM,1692.0,45.0,7340.6,199.0,overstock,NO,12420295.2
SKU04420,Visionary optimizing customer loyalty,Clothing,WH-BLR,85.0,25.0,5470.15,203.0,overstock,NO,464962.75
SKU04421,Cross-platform fault-tolerant monitoring,Grocery,WH-CHE,313.0,29.0,795.58,178.0,overstock,NO,249016.54
SKU04422,Mandatory homogeneous artificial intelligence,Electronics,WH-BLR,1685.0,21.0,8833.66,214.0,overstock,NO,14884717.1
SKU04423,Front-line local structure,Electronics,WH-BLR,0.0,15.0,115.37,164.0,stockout,YES,0.0
SKU04424,Ergonomic eco-centric approach,Clothing,WH-HYD,525.0,32.0,4592.56,283.0,overstock,NO,2411094.0
SKU04425,Synergistic optimal groupware,Electronics,WH-BLR,758.0,26.0,10638.99,212.0,overstock,NO,8064354.42
SKU04426,Synergized bifurcated help-desk,Grocery,WH-CHE,1421.0,13.0,7585.07,214.0,overstock,NO,10778384.47
SKU04427,Future-proofed intangible monitoring,Grocery,WH-BLR,1438.0,50.0,5206.73,237.0,overstock,NO,7487277.74
SKU04428,Reverse-engineered transitional artificial intelli,Sports,WH-HYD,1688.0,39.0,4289.12,319.0,overstock,NO,7240034.56
SKU04429,Optional fault-tolerant access,Books,WH-CHE,503.0,79.0,12358.98,138.0,overstock,NO,6216566.94
SKU04430,Implemented impactful time-frame,Toys,WH-DEL,1168.0,36.0,5172.61,206.0,overstock,NO,6041608.48
SKU04431,Future-proofed interactive structure,Books,WH-MUM,1145.0,47.0,11890.15,210.0,overstock,NO,13614221.75
SKU04432,Triple-buffered static interface,Books,WH-DEL,864.0,61.0,665.08,215.0,overstock,NO,574629.12
SKU04433,Synergistic full-range capability,Sports,WH-MUM,84.0,56.0,12077.93,224.0,healthy,NO,1014546.12
SKU04434,Optimized real-time flexibility,Books,WH-DEL,595.0,72.0,13122.66,206.0,overstock,NO,7807982.7
SKU04435,Visionary needs-based conglomeration,Books,WH-MUM,1471.0,100.0,3098.16,182.0,overstock,NO,4557393.36
SKU04436,Intuitive asynchronous algorithm,Electronics,WH-HYD,1440.0,24.0,14358.9,193.0,overstock,NO,20676816.0
SKU04437,Vision-oriented asymmetric process improvement,Home & Kitchen,WH-CHE,204.0,30.0,12487.91,172.0,overstock,NO,2547533.64
SKU04438,Vision-oriented global open architecture,Toys,WH-HYD,1811.0,95.0,10074.55,202.0,overstock,NO,18245010.05
SKU04439,Synergized bandwidth-monitored attitude,Home & Kitchen,WH-CHE,137.0,58.0,14425.66,261.0,healthy,NO,1976315.42
SKU04440,Diverse reciprocal hardware,Clothing,WH-DEL,1354.0,79.0,10143.66,216.0,overstock,NO,13734515.64
SKU04441,Profound 5thgeneration intranet,Home & Kitchen,WH-CHE,482.0,81.0,13885.35,167.0,overstock,NO,6692738.7
SKU04442,Stand-alone methodical implementation,Toys,WH-HYD,1392.0,10.0,14958.52,273.0,overstock,NO,20822259.84
SKU04443,Reverse-engineered contextually-based matrix,Beauty,WH-BLR,1807.0,40.0,6773.48,226.0,overstock,NO,12239678.36
SKU04444,Horizontal 24hour support,Toys,WH-DEL,1350.0,18.0,4678.65,146.0,overstock,NO,6316177.5
SKU04445,Proactive explicit monitoring,Books,WH-HYD,1863.0,98.0,5262.76,138.0,overstock,NO,9804521.88
SKU04446,Diverse disintermediate moratorium,Toys,WH-HYD,1158.0,30.0,3772.75,235.0,overstock,NO,4368844.5
SKU04447,Proactive even-keeled knowledge user,Electronics,WH-CHE,474.0,99.0,9970.25,217.0,overstock,NO,4725898.5
SKU04448,Persistent methodical orchestration,Home & Kitchen,WH-HYD,144.0,91.0,910.83,179.0,healthy,NO,131159.52
SKU04449,Quality-focused client-driven monitoring,Clothing,WH-CHE,20.0,15.0,3957.13,276.0,healthy,NO,79142.6
SKU04450,Operative reciprocal Internet solution,Electronics,WH-BLR,1274.0,71.0,9840.7,237.0,overstock,NO,12537051.8
SKU04451,Managed demand-driven customer loyalty,Toys,WH-BLR,1259.0,40.0,9254.92,244.0,overstock,NO,11651944.28
SKU04452,Diverse system-worthy Local Area Network,Clothing,WH-HYD,1741.0,38.0,417.15,147.0,overstock,NO,726258.15
SKU04453,Multi-tiered 6thgeneration solution,Books,WH-HYD,377.0,59.0,13799.18,207.0,overstock,NO,5202290.86
SKU04454,Reverse-engineered solution-oriented pricing struc,Books,WH-CHE,605.0,95.0,14223.14,218.0,overstock,NO,8604999.7
SKU04455,Multi-channeled analyzing moderator,Home & Kitchen,WH-HYD,1180.0,60.0,10399.18,196.0,overstock,NO,12271032.4
SKU04456,User-centric actuating hardware,Home & Kitchen,WH-BLR,0.0,80.0,3570.28,249.0,stockout,YES,0.0
SKU04457,Open-source interactive capability,Beauty,WH-DEL,55.0,10.0,11099.23,213.0,overstock,NO,610457.65
SKU04458,Optimized optimal instruction set,Beauty,WH-BLR,620.0,80.0,10194.37,211.0,overstock,NO,6320509.4
SKU04459,Pre-emptive stable installation,Grocery,WH-HYD,8.0,44.0,8939.77,256.0,below_reorder,YES,71518.16
SKU04460,Universal client-server website,Beauty,WH-CHE,1490.0,69.0,1617.48,273.0,overstock,NO,2410045.2
SKU04461,Synchronized interactive superstructure,Books,WH-DEL,348.0,93.0,10193.91,257.0,overstock,NO,3547480.68
SKU04462,Versatile neutral secured line,Grocery,WH-DEL,1253.0,27.0,4956.67,164.0,overstock,NO,6210707.51
SKU04463,Enterprise-wide well-modulated Graphical User Inte,Sports,WH-CHE,1284.0,77.0,11235.79,229.0,overstock,NO,14426754.36
SKU04464,Total composite orchestration,Clothing,WH-MUM,427.0,10.0,439.5,200.0,overstock,NO,187666.5
SKU04465,Enterprise-wide neutral methodology,Clothing,WH-HYD,470.0,26.0,10860.42,125.0,overstock,NO,5104397.4
SKU04466,Cloned full-range emulation,Clothing,WH-CHE,307.0,68.0,869.11,147.0,overstock,NO,266816.77
SKU04467,User-centric web-enabled extranet,Beauty,WH-BLR,917.0,55.0,12272.33,201.0,overstock,NO,11253726.61
SKU04468,Team-oriented systematic policy,Home & Kitchen,WH-DEL,948.0,92.0,6498.21,205.0,overstock,NO,6160303.08
SKU04469,Integrated incremental middleware,Grocery,WH-MUM,873.0,36.0,11451.36,233.0,overstock,NO,9997037.28
SKU04470,Phased upward-trending secured line,Home & Kitchen,WH-HYD,211.0,59.0,2417.49,265.0,overstock,NO,510090.39
SKU04471,Diverse local productivity,Toys,WH-CHE,1275.0,32.0,12543.49,160.0,overstock,NO,15992949.75
SKU04472,Cross-platform web-enabled process improvement,Home & Kitchen,WH-MUM,855.0,22.0,7362.07,195.0,overstock,NO,6294569.85
SKU04473,Visionary methodical algorithm,Books,WH-BLR,1181.0,81.0,4578.28,180.0,overstock,NO,5406948.68
SKU04474,Organized actuating alliance,Beauty,WH-BLR,1918.0,60.0,14431.24,116.0,overstock,NO,27679118.32
SKU04475,Adaptive didactic extranet,Clothing,WH-CHE,350.0,51.0,8721.8,282.0,overstock,NO,3052630.0
SKU04476,Re-engineered zero tolerance website,Electronics,WH-CHE,1503.0,48.0,8772.8,201.0,overstock,NO,13185518.4
SKU04477,De-engineered bi-directional methodology,Clothing,WH-BLR,1020.0,36.0,11273.05,174.0,overstock,NO,11498511.0
SKU04478,Managed content-based encoding,Toys,WH-HYD,1546.0,81.0,12697.27,161.0,overstock,NO,19629979.42
SKU04479,Total impactful artificial intelligence,Beauty,WH-BLR,1915.0,75.0,14421.72,264.0,overstock,NO,27617593.8
SKU04480,Grass-roots needs-based help-desk,Toys,WH-HYD,1019.0,63.0,13650.71,248.0,overstock,NO,13910073.49
SKU04481,Extended executive circuit,Beauty,WH-HYD,662.0,72.0,13484.87,186.0,overstock,NO,8926983.94
SKU04482,Expanded systematic contingency,Beauty,WH-BLR,833.0,16.0,1808.29,188.0,overstock,NO,1506305.57
SKU04483,Configurable incremental implementation,Grocery,WH-CHE,1585.0,62.0,9006.2,267.0,overstock,NO,14274827.0
SKU04484,Programmable dynamic conglomeration,Beauty,WH-CHE,766.0,92.0,1045.98,179.0,overstock,NO,801220.68
SKU04485,Automated real-time access,Beauty,WH-BLR,1788.0,62.0,9262.86,208.0,overstock,NO,16561993.68
SKU04486,Synchronized local paradigm,Grocery,WH-MUM,1787.0,64.0,91.53,182.0,overstock,NO,163564.11
SKU04487,Versatile homogeneous hierarchy,Toys,WH-CHE,1023.0,55.0,14363.54,222.0,overstock,NO,14693901.42
SKU04488,Seamless regional database,Electronics,WH-HYD,613.0,62.0,11788.11,146.0,overstock,NO,7226111.43
SKU04489,Persistent 24/7 interface,Toys,WH-MUM,0.0,74.0,3344.56,214.0,stockout,YES,0.0
SKU04490,Exclusive scalable task-force,Electronics,WH-HYD,209.0,28.0,10754.59,308.0,overstock,NO,2247709.31
SKU04491,Exclusive 24hour throughput,Beauty,WH-MUM,1635.0,13.0,50.87,171.0,overstock,NO,83172.45
SKU04492,Organic stable projection,Home & Kitchen,WH-DEL,357.0,33.0,2748.7,189.0,overstock,NO,981285.9
SKU04493,Compatible neutral benchmark,Electronics,WH-BLR,1673.0,43.0,2659.65,167.0,overstock,NO,4449594.45
SKU04494,Optimized dedicated leverage,Home & Kitchen,WH-MUM,774.0,51.0,13475.53,218.0,overstock,NO,10430060.22
SKU04495,Future-proofed multi-tasking productivity,Sports,WH-CHE,539.0,70.0,7696.85,162.0,overstock,NO,4148602.15
SKU04496,Enterprise-wide zero administration functionalitie,Clothing,WH-MUM,199.0,96.0,4760.97,179.0,healthy,NO,947433.03
SKU04497,Devolved mobile neural-net,Beauty,WH-CHE,1543.0,86.0,4173.19,223.0,overstock,NO,6439232.17
SKU04498,Secured exuding archive,Beauty,WH-MUM,1294.0,52.0,3392.88,274.0,overstock,NO,4390386.72
SKU04499,Universal multi-tasking complexity,Sports,WH-CHE,1284.0,97.0,8578.68,280.0,overstock,NO,11015025.12
SKU04500,Digitized logistical moratorium,Clothing,WH-MUM,711.0,54.0,6527.19,257.0,overstock,NO,4640832.09
SKU04501,Visionary coherent flexibility,Beauty,WH-HYD,1126.0,93.0,2190.13,208.0,overstock,NO,2466086.38
SKU04502,Public-key optimal throughput,Clothing,WH-CHE,14.0,98.0,1989.76,231.0,below_reorder,YES,27856.64
SKU04503,Pre-emptive bi-directional encoding,Clothing,WH-BLR,1016.0,83.0,8245.7,219.0,overstock,NO,8377631.2
SKU04504,Seamless secondary knowledge user,Books,WH-DEL,250.0,46.0,11503.89,235.0,overstock,NO,2875972.5
SKU04505,Organized empowering policy,Toys,WH-DEL,867.0,82.0,3620.31,252.0,overstock,NO,3138808.77
SKU04506,Balanced static open architecture,Clothing,WH-BLR,110.0,95.0,13943.32,156.0,healthy,NO,1533765.2
SKU04507,Organic leadingedge firmware,Sports,WH-BLR,1538.0,87.0,10104.72,232.0,overstock,NO,15541059.36
SKU04508,Cloned demand-driven core,Clothing,WH-BLR,926.0,17.0,9295.85,210.0,overstock,NO,8607957.1
SKU04509,De-engineered methodical help-desk,Beauty,WH-CHE,751.0,36.0,9274.26,264.0,overstock,NO,6964969.26
SKU04510,Diverse intermediate complexity,Sports,WH-BLR,1506.0,31.0,5396.29,166.0,overstock,NO,8126812.74
SKU04511,Devolved dynamic concept,Electronics,WH-DEL,333.0,96.0,10755.48,207.0,overstock,NO,3581574.84
SKU04512,Phased multi-tasking Graphical User Interface,Sports,WH-CHE,1794.0,33.0,12213.98,188.0,overstock,NO,21911880.12
SKU04513,Function-based neutral model,Toys,WH-DEL,1167.0,69.0,4842.04,205.0,overstock,NO,5650660.68
SKU04514,Streamlined optimal help-desk,Grocery,WH-DEL,673.0,100.0,2652.32,246.0,overstock,NO,1785011.36
SKU04515,Right-sized discrete flexibility,Sports,WH-DEL,1816.0,87.0,1835.49,273.0,overstock,NO,3333249.84
SKU04516,Inverse composite productivity,Books,WH-HYD,1709.0,69.0,6897.21,150.0,overstock,NO,11787331.89
SKU04517,Business-focused modular software,Grocery,WH-HYD,1186.0,94.0,12434.57,253.0,overstock,NO,14747400.02
SKU04518,Cloned even-keeled initiative,Toys,WH-HYD,1373.0,85.0,1435.51,182.0,overstock,NO,1970955.23
SKU04519,Decentralized intermediate policy,Clothing,WH-DEL,747.0,31.0,3208.25,210.0,overstock,NO,2396562.75
SKU04520,Customer-focused full-range function,Sports,WH-MUM,1139.0,58.0,11833.28,209.0,overstock,NO,13478105.92
SKU04521,Open-architected non-volatile archive,Beauty,WH-BLR,1607.0,85.0,14675.07,183.0,overstock,NO,23582837.49
SKU04522,Managed methodical service-desk,Home & Kitchen,WH-DEL,0.0,98.0,7291.45,263.0,stockout,YES,0.0
SKU04523,Multi-layered maximized focus group,Home & Kitchen,WH-CHE,851.0,94.0,13298.64,210.0,overstock,NO,11317142.64
SKU04524,Digitized logistical conglomeration,Beauty,WH-BLR,1377.0,86.0,5860.52,176.0,overstock,NO,8069936.04
SKU04525,Face-to-face asynchronous orchestration,Toys,WH-CHE,1742.0,92.0,13301.94,270.0,overstock,NO,23171979.48
SKU04526,Operative next generation Graphical User Interface,Grocery,WH-DEL,39.0,31.0,6399.52,170.0,healthy,NO,249581.28
SKU04527,Focused content-based capacity,Beauty,WH-MUM,1347.0,13.0,12223.12,188.0,overstock,NO,16464542.64
SKU04528,Synergized hybrid leverage,Sports,WH-HYD,1200.0,84.0,5513.32,239.0,overstock,NO,6615984.0
SKU04529,User-friendly neutral throughput,Beauty,WH-MUM,961.0,100.0,14274.64,243.0,overstock,NO,13717929.04
SKU04530,Visionary optimizing product,Sports,WH-BLR,1151.0,91.0,13218.12,158.0,overstock,NO,15214056.12
SKU04531,Organized fresh-thinking methodology,Books,WH-CHE,734.0,75.0,3107.54,193.0,overstock,NO,2280934.36
SKU04532,Right-sized secondary flexibility,Clothing,WH-HYD,1107.0,100.0,3679.0,265.0,overstock,NO,4072653.0
SKU04533,Cross-platform bandwidth-monitored extranet,Grocery,WH-CHE,231.0,76.0,13067.07,202.0,overstock,NO,3018493.17
SKU04534,Implemented reciprocal intranet,Clothing,WH-MUM,472.0,70.0,1843.79,166.0,overstock,NO,870268.88
SKU04535,Future-proofed non-volatile artificial intelligenc,Beauty,WH-MUM,1917.0,36.0,13167.32,146.0,overstock,NO,25241752.44
SKU04536,Decentralized client-driven superstructure,Clothing,WH-BLR,340.0,20.0,4025.94,235.0,overstock,NO,1368819.6
SKU04537,Grass-roots multi-tasking algorithm,Grocery,WH-DEL,952.0,28.0,236.16,242.0,overstock,NO,224824.32
SKU04538,Secured system-worthy hub,Grocery,WH-MUM,852.0,41.0,11589.61,305.0,overstock,NO,9874347.72
SKU04539,Synchronized scalable project,Grocery,WH-DEL,1262.0,75.0,11403.97,199.0,overstock,NO,14391810.14
SKU04540,Robust value-added synergy,Books,WH-MUM,352.0,16.0,10142.24,182.0,overstock,NO,3570068.48
SKU04541,Triple-buffered non-volatile product,Home & Kitchen,WH-BLR,110.0,46.0,2756.69,259.0,healthy,NO,303235.9
SKU04542,Automated holistic adapter,Sports,WH-MUM,1466.0,50.0,9899.19,252.0,overstock,NO,14512212.54
SKU04543,Re-contextualized high-level strategy,Grocery,WH-CHE,1795.0,22.0,7747.86,215.0,overstock,NO,13907408.7
SKU04544,De-engineered even-keeled productivity,Sports,WH-DEL,974.0,14.0,8812.63,186.0,overstock,NO,8583501.62
SKU04545,Customer-focused executive support,Home & Kitchen,WH-CHE,697.0,85.0,10045.81,186.0,overstock,NO,7001929.57
SKU04546,Front-line responsive matrices,Electronics,WH-MUM,1772.0,75.0,10564.38,199.0,overstock,NO,18720081.36
SKU04547,Right-sized homogeneous standardization,Home & Kitchen,WH-DEL,1566.0,73.0,2040.01,198.0,overstock,NO,3194655.66
SKU04548,Multi-layered homogeneous middleware,Clothing,WH-MUM,1599.0,90.0,8110.67,164.0,overstock,NO,12968961.33
SKU04549,Robust holistic architecture,Books,WH-BLR,1384.0,36.0,7441.64,221.0,overstock,NO,10299229.76
SKU04550,Persevering reciprocal architecture,Electronics,WH-DEL,1822.0,53.0,3401.27,241.0,overstock,NO,6197113.94
SKU04551,Organized human-resource circuit,Home & Kitchen,WH-DEL,1652.0,73.0,5014.8,125.0,overstock,NO,8284449.6
SKU04552,Compatible human-resource data-warehouse,Books,WH-CHE,711.0,24.0,3726.64,312.0,overstock,NO,2649641.04
SKU04553,Open-architected leadingedge support,Toys,WH-MUM,1556.0,16.0,7537.46,232.0,overstock,NO,11728287.76
SKU04554,Up-sized high-level project,Beauty,WH-HYD,1255.0,88.0,12857.21,291.0,overstock,NO,16135798.55
SKU04555,Team-oriented scalable initiative,Beauty,WH-MUM,0.0,20.0,14989.37,225.0,stockout,YES,0.0
SKU04556,Multi-layered systematic success,Toys,WH-DEL,17.0,63.0,14298.37,139.0,below_reorder,YES,243072.29
SKU04557,Cross-group 4thgeneration infrastructure,Electronics,WH-DEL,1935.0,26.0,7736.64,237.0,overstock,NO,14970398.4
SKU04558,Expanded regional superstructure,Electronics,WH-HYD,1587.0,65.0,6883.07,287.0,overstock,NO,10923432.09
SKU04559,Compatible homogeneous algorithm,Beauty,WH-HYD,436.0,29.0,10033.89,255.0,overstock,NO,4374776.04
SKU04560,Future-proofed demand-driven matrices,Home & Kitchen,WH-MUM,1425.0,52.0,1788.26,210.0,overstock,NO,2548270.5
SKU04561,Horizontal client-server approach,Clothing,WH-BLR,554.0,87.0,1617.85,160.0,overstock,NO,896288.9
SKU04562,Phased mission-critical complexity,Beauty,WH-CHE,271.0,20.0,454.52,212.0,overstock,NO,123174.92
SKU04563,Intuitive composite utilization,Sports,WH-CHE,1199.0,42.0,7655.58,221.0,overstock,NO,9179040.42
SKU04564,Configurable national leverage,Sports,WH-CHE,1477.0,45.0,10045.59,171.0,overstock,NO,14837336.43
SKU04565,Devolved directional knowledge user,Grocery,WH-HYD,603.0,28.0,2154.96,188.0,overstock,NO,1299440.88
SKU04566,Stand-alone asynchronous open architecture,Electronics,WH-BLR,513.0,26.0,4368.22,225.0,overstock,NO,2240896.86
SKU04567,Persistent system-worthy moderator,Grocery,WH-MUM,843.0,82.0,12557.67,262.0,overstock,NO,10586115.81
SKU04568,User-centric client-server productivity,Electronics,WH-HYD,1665.0,51.0,14122.73,344.0,overstock,NO,23514345.45
SKU04569,Reactive context-sensitive Internet solution,Sports,WH-HYD,624.0,98.0,4550.8,112.0,overstock,NO,2839699.2
SKU04570,Visionary multimedia model,Grocery,WH-BLR,139.0,50.0,4676.47,208.0,healthy,NO,650029.33
SKU04571,Realigned national portal,Beauty,WH-CHE,1817.0,75.0,2062.73,227.0,overstock,NO,3747980.41
SKU04572,Cross-platform static capacity,Toys,WH-DEL,651.0,81.0,4504.97,174.0,overstock,NO,2932735.47
SKU04573,Persistent bandwidth-monitored adapter,Books,WH-MUM,512.0,20.0,13431.26,234.0,overstock,NO,6876805.12
SKU04574,Automated attitude-oriented core,Sports,WH-CHE,486.0,22.0,2371.07,190.0,overstock,NO,1152340.02
SKU04575,Upgradable empowering collaboration,Toys,WH-HYD,1264.0,53.0,10558.43,182.0,overstock,NO,13345855.52
SKU04576,Switchable stable access,Books,WH-HYD,998.0,71.0,9247.94,158.0,overstock,NO,9229444.12
SKU04577,User-friendly responsive Graphic Interface,Grocery,WH-BLR,741.0,29.0,11080.3,182.0,overstock,NO,8210502.3
SKU04578,Adaptive 6thgeneration emulation,Sports,WH-DEL,649.0,36.0,1778.01,215.0,overstock,NO,1153928.49
SKU04579,Integrated solution-oriented instruction set,Books,WH-MUM,200.0,46.0,4162.06,254.0,overstock,NO,832412.0
SKU04580,Profound executive projection,Home & Kitchen,WH-HYD,1996.0,28.0,2747.39,233.0,overstock,NO,5483790.44
SKU04581,Monitored object-oriented standardization,Grocery,WH-CHE,140.0,71.0,4497.96,121.0,healthy,NO,629714.4
SKU04582,Advanced hybrid installation,Books,WH-DEL,100.0,64.0,12355.34,206.0,healthy,NO,1235534.0
SKU04583,Triple-buffered tangible artificial intelligence,Home & Kitchen,WH-CHE,1878.0,81.0,3559.38,261.0,overstock,NO,6684515.64
SKU04584,Mandatory national standardization,Grocery,WH-MUM,429.0,57.0,14073.18,293.0,overstock,NO,6037394.22
SKU04585,Team-oriented composite implementation,Clothing,WH-BLR,1087.0,77.0,14883.88,209.0,overstock,NO,16178777.56
SKU04586,Seamless web-enabled utilization,Grocery,WH-CHE,1397.0,32.0,5517.31,214.0,overstock,NO,7707682.07
SKU04587,Networked dynamic focus group,Books,WH-CHE,179.0,87.0,2428.8,180.0,healthy,NO,434755.2
SKU04588,Adaptive encompassing productivity,Beauty,WH-DEL,0.0,81.0,13191.35,209.0,stockout,YES,0.0
SKU04589,Progressive empowering analyzer,Beauty,WH-CHE,1154.0,76.0,11490.05,185.0,overstock,NO,13259517.7
SKU04590,Stand-alone incremental matrix,Clothing,WH-CHE,1636.0,89.0,13683.28,287.0,overstock,NO,22385846.08
SKU04591,Open-architected eco-centric website,Home & Kitchen,WH-CHE,1017.0,40.0,8442.36,302.0,overstock,NO,8585880.12
SKU04592,Open-architected maximized Local Area Network,Home & Kitchen,WH-HYD,4.0,42.0,11711.42,184.0,below_reorder,YES,46845.68
SKU04593,Monitored executive installation,Books,WH-BLR,1204.0,53.0,9887.44,205.0,overstock,NO,11904477.76
SKU04594,Public-key neutral benchmark,Sports,WH-CHE,581.0,96.0,2972.22,216.0,overstock,NO,1726859.82
SKU04595,Cross-group optimizing implementation,Clothing,WH-MUM,910.0,90.0,11541.37,199.0,overstock,NO,10502646.7
SKU04596,Stand-alone local Internet solution,Sports,WH-CHE,1895.0,96.0,804.77,228.0,overstock,NO,1525039.15
SKU04597,Persevering foreground extranet,Home & Kitchen,WH-MUM,567.0,90.0,4401.06,344.0,overstock,NO,2495401.02
SKU04598,Total client-server paradigm,Electronics,WH-HYD,165.0,38.0,9212.99,197.0,overstock,NO,1520143.35
SKU04599,Customizable multi-state hardware,Toys,WH-BLR,273.0,92.0,2931.09,281.0,healthy,NO,800187.57
SKU04600,Centralized stable function,Electronics,WH-HYD,1342.0,31.0,9882.01,266.0,overstock,NO,13261657.42
SKU04601,Integrated foreground algorithm,Sports,WH-CHE,489.0,13.0,7227.82,222.0,overstock,NO,3534403.98
SKU04602,Vision-oriented leadingedge info-mediaries,Clothing,WH-MUM,171.0,56.0,13439.19,233.0,overstock,NO,2298101.49
SKU04603,Phased analyzing monitoring,Toys,WH-DEL,159.0,28.0,14021.38,227.0,overstock,NO,2229399.42
SKU04604,Phased discrete analyzer,Clothing,WH-MUM,1030.0,70.0,8555.08,179.0,overstock,NO,8811732.4
SKU04605,Centralized user-facing instruction set,Sports,WH-BLR,1276.0,32.0,4398.64,182.0,overstock,NO,5612664.64
SKU04606,Reduced intermediate knowledge user,Grocery,WH-DEL,1193.0,55.0,5789.32,287.0,overstock,NO,6906658.76
SKU04607,Enterprise-wide cohesive support,Books,WH-CHE,1912.0,69.0,1324.64,256.0,overstock,NO,2532711.68
SKU04608,Triple-buffered zero administration ability,Beauty,WH-BLR,830.0,17.0,1645.78,155.0,overstock,NO,1365997.4
SKU04609,Customer-focused multi-tasking open system,Electronics,WH-BLR,565.0,12.0,836.98,233.0,overstock,NO,472893.7
SKU04610,Organized user-facing paradigm,Grocery,WH-DEL,121.0,95.0,6591.78,226.0,healthy,NO,797605.38
SKU04611,Decentralized intangible algorithm,Books,WH-BLR,281.0,70.0,1504.7,274.0,overstock,NO,422820.7
SKU04612,Synergized reciprocal budgetary management,Clothing,WH-DEL,68.0,37.0,416.33,241.0,healthy,NO,28310.44
SKU04613,Fundamental 4thgeneration toolset,Toys,WH-HYD,714.0,49.0,11268.5,213.0,overstock,NO,8045709.0
SKU04614,Switchable exuding approach,Grocery,WH-CHE,484.0,44.0,14906.22,209.0,overstock,NO,7214610.48
SKU04615,Reverse-engineered dynamic moratorium,Clothing,WH-BLR,1119.0,56.0,11189.05,196.0,overstock,NO,12520546.95
SKU04616,Enterprise-wide holistic ability,Clothing,WH-DEL,464.0,32.0,12993.41,195.0,overstock,NO,6028942.24
SKU04617,Synergized motivating secured line,Home & Kitchen,WH-CHE,159.0,30.0,8904.03,194.0,overstock,NO,1415740.77
SKU04618,Multi-channeled dedicated system engine,Toys,WH-HYD,1747.0,27.0,2945.73,209.0,overstock,NO,5146190.31
SKU04619,Vision-oriented real-time collaboration,Clothing,WH-CHE,1220.0,14.0,1445.9,192.0,overstock,NO,1763998.0
SKU04620,Multi-tiered incremental groupware,Clothing,WH-MUM,779.0,39.0,838.13,184.0,overstock,NO,652903.27
SKU04621,Multi-lateral actuating benchmark,Electronics,WH-HYD,0.0,96.0,5475.79,179.0,stockout,YES,0.0
SKU04622,Switchable uniform matrix,Home & Kitchen,WH-MUM,327.0,83.0,10163.51,226.0,overstock,NO,3323467.77
SKU04623,Total systemic Local Area Network,Beauty,WH-HYD,1822.0,53.0,4256.2,204.0,overstock,NO,7754796.4
SKU04624,Phased content-based function,Grocery,WH-DEL,1662.0,65.0,5672.09,241.0,overstock,NO,9427013.58
SKU04625,Expanded motivating attitude,Clothing,WH-CHE,724.0,16.0,4488.58,288.0,overstock,NO,3249731.92
SKU04626,Intuitive high-level array,Toys,WH-BLR,727.0,30.0,5107.99,215.0,overstock,NO,3713508.73
SKU04627,Business-focused attitude-oriented workforce,Grocery,WH-HYD,523.0,64.0,2430.15,206.0,overstock,NO,1270968.45
SKU04628,Public-key explicit data-warehouse,Toys,WH-MUM,257.0,62.0,11193.07,235.0,overstock,NO,2876618.99
SKU04629,Multi-lateral zero-defect emulation,Toys,WH-HYD,622.0,85.0,1154.44,209.0,overstock,NO,718061.68
SKU04630,Optional client-driven definition,Sports,WH-BLR,1539.0,31.0,12080.96,224.0,overstock,NO,18592597.44
SKU04631,Open-architected tangible middleware,Sports,WH-DEL,349.0,56.0,10874.72,220.0,overstock,NO,3795277.28
SKU04632,Devolved grid-enabled methodology,Toys,WH-BLR,301.0,46.0,3947.83,198.0,overstock,NO,1188296.83
SKU04633,Organic didactic info-mediaries,Grocery,WH-BLR,768.0,39.0,8009.4,250.0,overstock,NO,6151219.2
SKU04634,Advanced well-modulated moderator,Clothing,WH-HYD,1930.0,15.0,9279.91,274.0,overstock,NO,17910226.3
SKU04635,Horizontal asynchronous capacity,Books,WH-CHE,1537.0,89.0,4386.26,234.0,overstock,NO,6741681.62
SKU04636,Self-enabling 3rdgeneration pricing structure,Books,WH-DEL,876.0,25.0,1082.97,181.0,overstock,NO,948681.72
SKU04637,Synchronized stable challenge,Toys,WH-CHE,480.0,87.0,12695.77,250.0,overstock,NO,6093969.6
SKU04638,Distributed demand-driven circuit,Home & Kitchen,WH-BLR,196.0,45.0,13908.37,202.0,overstock,NO,2726040.52
SKU04639,Fundamental motivating moratorium,Sports,WH-DEL,711.0,96.0,122.22,216.0,overstock,NO,86898.42
SKU04640,Seamless next generation project,Books,WH-CHE,952.0,17.0,12617.25,266.0,overstock,NO,12011622.0
SKU04641,Universal disintermediate knowledge user,Toys,WH-CHE,54.0,75.0,12574.23,201.0,below_reorder,YES,679008.42
SKU04642,Cloned logistical migration,Beauty,WH-BLR,1532.0,55.0,7933.17,279.0,overstock,NO,12153616.44
SKU04643,Phased object-oriented attitude,Books,WH-BLR,656.0,91.0,6436.02,278.0,overstock,NO,4222029.12
SKU04644,Integrated upward-trending encryption,Grocery,WH-HYD,1255.0,83.0,5627.2,182.0,overstock,NO,7062136.0
SKU04645,Seamless foreground framework,Grocery,WH-BLR,715.0,30.0,3936.12,228.0,overstock,NO,2814325.8
SKU04646,Synergistic intangible application,Electronics,WH-BLR,1736.0,37.0,10981.71,118.0,overstock,NO,19064248.56
SKU04647,Streamlined stable portal,Home & Kitchen,WH-HYD,668.0,75.0,11969.07,138.0,overstock,NO,7995338.76
SKU04648,Object-based heuristic task-force,Grocery,WH-BLR,1081.0,17.0,13298.74,132.0,overstock,NO,14375937.94
SKU04649,Public-key systematic neural-net,Toys,WH-MUM,985.0,50.0,13615.66,181.0,overstock,NO,13411425.1
SKU04650,Re-engineered exuding ability,Electronics,WH-BLR,219.0,77.0,11402.61,244.0,healthy,NO,2497171.59
SKU04651,Quality-focused uniform adapter,Toys,WH-CHE,1069.0,43.0,14453.06,212.0,overstock,NO,15450321.14
SKU04652,Reduced context-sensitive software,Clothing,WH-CHE,1954.0,38.0,1657.43,220.0,overstock,NO,3238618.22
SKU04653,Right-sized mission-critical protocol,Sports,WH-CHE,145.0,88.0,6220.29,263.0,healthy,NO,901942.05
SKU04654,Reactive background infrastructure,Home & Kitchen,WH-MUM,0.0,66.0,6989.2,228.0,stockout,YES,0.0
SKU04655,Grass-roots tangible software,Electronics,WH-MUM,1482.0,89.0,13161.26,254.0,overstock,NO,19504987.32
SKU04656,Robust systemic success,Toys,WH-CHE,151.0,72.0,2898.47,242.0,healthy,NO,437668.97
SKU04657,Proactive incremental concept,Grocery,WH-MUM,417.0,15.0,881.04,199.0,overstock,NO,367393.68
SKU04658,Progressive executive utilization,Books,WH-DEL,453.0,18.0,5675.24,213.0,overstock,NO,2570883.72
SKU04659,Pre-emptive bi-directional strategy,Sports,WH-DEL,560.0,89.0,12114.62,169.0,overstock,NO,6784187.2
SKU04660,Visionary modular migration,Home & Kitchen,WH-BLR,1702.0,19.0,10665.16,244.0,overstock,NO,18152102.32
SKU04661,Balanced upward-trending framework,Electronics,WH-BLR,1009.0,77.0,3209.34,191.0,overstock,NO,3238224.06
SKU04662,Total holistic artificial intelligence,Toys,WH-MUM,1474.0,29.0,8545.94,204.0,overstock,NO,12596715.56
SKU04663,Down-sized background frame,Sports,WH-DEL,1966.0,68.0,645.05,176.0,overstock,NO,1268168.3
SKU04664,Balanced full-range capacity,Books,WH-MUM,1536.0,100.0,13275.51,202.0,overstock,NO,20391183.36
SKU04665,Secured context-sensitive Graphic Interface,Electronics,WH-CHE,207.0,43.0,9305.68,220.0,overstock,NO,1926275.76
SKU04666,Quality-focused uniform system engine,Grocery,WH-HYD,1130.0,70.0,8886.34,246.0,overstock,NO,10041564.2
SKU04667,Distributed methodical infrastructure,Grocery,WH-DEL,1304.0,63.0,3281.38,118.0,overstock,NO,4278919.52
SKU04668,Streamlined human-resource info-mediaries,Home & Kitchen,WH-MUM,1248.0,72.0,6739.1,192.0,overstock,NO,8410396.8
SKU04669,Sharable intangible forecast,Toys,WH-DEL,172.0,12.0,13900.83,129.0,overstock,NO,2390942.76
SKU04670,Enhanced mission-critical concept,Grocery,WH-DEL,105.0,86.0,7086.2,171.0,healthy,NO,744051.0
SKU04671,Decentralized web-enabled structure,Electronics,WH-MUM,441.0,57.0,991.69,219.0,overstock,NO,437335.29
SKU04672,Decentralized neutral Local Area Network,Toys,WH-DEL,1774.0,79.0,5750.1,160.0,overstock,NO,10200677.4
SKU04673,Ameliorated national focus group,Toys,WH-BLR,1078.0,41.0,1451.58,172.0,overstock,NO,1564803.24
SKU04674,Persevering bi-directional migration,Electronics,WH-DEL,127.0,22.0,146.77,186.0,overstock,NO,18639.79
SKU04675,Mandatory encompassing paradigm,Home & Kitchen,WH-DEL,271.0,31.0,11266.91,246.0,overstock,NO,3053332.61
SKU04676,Balanced client-server pricing structure,Books,WH-CHE,1933.0,15.0,13115.87,183.0,overstock,NO,25352976.71
SKU04677,Pre-emptive leadingedge open system,Clothing,WH-DEL,73.0,19.0,12680.78,248.0,overstock,NO,925696.94
SKU04678,Extended web-enabled hub,Clothing,WH-MUM,1159.0,44.0,11022.38,226.0,overstock,NO,12774938.42
SKU04679,Realigned secondary circuit,Clothing,WH-HYD,782.0,65.0,127.61,209.0,overstock,NO,99791.02
SKU04680,Sharable contextually-based attitude,Grocery,WH-DEL,81.0,46.0,12654.16,178.0,healthy,NO,1024986.96
SKU04681,Profit-focused bifurcated data-warehouse,Sports,WH-HYD,1620.0,39.0,1236.38,204.0,overstock,NO,2002935.6
SKU04682,Phased client-server productivity,Home & Kitchen,WH-DEL,743.0,82.0,11168.09,189.0,overstock,NO,8297890.87
SKU04683,Function-based transitional implementation,Sports,WH-CHE,1867.0,52.0,11606.49,199.0,overstock,NO,21669316.83
SKU04684,Extended mobile capability,Toys,WH-MUM,913.0,23.0,1867.07,147.0,overstock,NO,1704634.91
SKU04685,Polarized actuating moderator,Grocery,WH-MUM,1603.0,51.0,345.42,202.0,overstock,NO,553708.26
SKU04686,Digitized multi-tasking moderator,Sports,WH-HYD,1218.0,50.0,11811.07,275.0,overstock,NO,14385883.26
SKU04687,Phased mobile concept,Electronics,WH-BLR,0.0,30.0,14582.32,233.0,stockout,YES,0.0
SKU04688,Devolved methodical emulation,Home & Kitchen,WH-BLR,1707.0,91.0,13743.22,242.0,overstock,NO,23459676.54
SKU04689,Distributed actuating support,Electronics,WH-BLR,955.0,89.0,5003.46,123.0,overstock,NO,4778304.3
SKU04690,Assimilated intangible array,Electronics,WH-BLR,349.0,28.0,14744.01,200.0,overstock,NO,5145659.49
SKU04691,Right-sized transitional budgetary management,Home & Kitchen,WH-BLR,501.0,32.0,6313.01,202.0,overstock,NO,3162818.01
SKU04692,Universal bandwidth-monitored analyzer,Clothing,WH-BLR,1288.0,46.0,9908.99,182.0,overstock,NO,12762779.12
SKU04693,Managed even-keeled frame,Grocery,WH-MUM,255.0,29.0,7491.17,198.0,overstock,NO,1910248.35
SKU04694,Team-oriented zero administration superstructure,Home & Kitchen,WH-MUM,184.0,88.0,298.66,151.0,healthy,NO,54953.44
SKU04695,Customizable clear-thinking focus group,Home & Kitchen,WH-CHE,216.0,63.0,264.48,248.0,overstock,NO,57127.68
SKU04696,Multi-tiered coherent parallelism,Toys,WH-HYD,1609.0,45.0,12483.95,221.0,overstock,NO,20086675.55
SKU04697,Compatible 4thgeneration function,Home & Kitchen,WH-HYD,1526.0,80.0,2709.41,199.0,overstock,NO,4134559.66
SKU04698,Proactive bottom-line interface,Grocery,WH-DEL,1259.0,15.0,13684.69,231.0,overstock,NO,17229024.71
SKU04699,Switchable 4thgeneration knowledgebase,Toys,WH-CHE,1429.0,59.0,3494.35,237.0,overstock,NO,4993426.15
SKU04700,Progressive empowering encryption,Toys,WH-HYD,1551.0,32.0,13011.1,200.0,overstock,NO,20180216.1
SKU04701,Integrated value-added matrix,Toys,WH-CHE,320.0,65.0,523.11,188.0,overstock,NO,167395.2
SKU04702,Ergonomic mission-critical interface,Sports,WH-DEL,1225.0,91.0,12672.92,248.0,overstock,NO,15524327.0
SKU04703,Devolved coherent strategy,Sports,WH-DEL,1009.0,63.0,11890.53,196.0,overstock,NO,11997544.77
SKU04704,Digitized radical process improvement,Beauty,WH-BLR,1700.0,91.0,12980.47,177.0,overstock,NO,22066799.0
SKU04705,Expanded zero tolerance complexity,Sports,WH-HYD,1862.0,54.0,11006.98,255.0,overstock,NO,20494996.76
SKU04706,Operative real-time paradigm,Grocery,WH-MUM,241.0,98.0,10768.65,144.0,healthy,NO,2595244.65
SKU04707,Phased empowering middleware,Grocery,WH-BLR,404.0,31.0,1713.35,239.0,overstock,NO,692193.4
SKU04708,Versatile tangible encryption,Books,WH-CHE,357.0,69.0,9552.4,197.0,overstock,NO,3410206.8
SKU04709,Triple-buffered eco-centric alliance,Home & Kitchen,WH-MUM,1590.0,69.0,14062.39,220.0,overstock,NO,22359200.1
SKU04710,Stand-alone systemic flexibility,Toys,WH-CHE,526.0,90.0,14414.92,310.0,overstock,NO,7582247.92
SKU04711,Synergistic zero-defect product,Home & Kitchen,WH-CHE,624.0,47.0,7519.31,186.0,overstock,NO,4692049.44
SKU04712,Robust systematic Graphic Interface,Sports,WH-DEL,563.0,34.0,5174.29,200.0,overstock,NO,2913125.27
SKU04713,Customer-focused mobile forecast,Electronics,WH-BLR,205.0,39.0,2372.09,210.0,overstock,NO,486278.45
SKU04714,Self-enabling multi-state function,Toys,WH-CHE,1743.0,47.0,4929.06,256.0,overstock,NO,8591351.58
SKU04715,Cross-group dynamic hierarchy,Books,WH-MUM,1132.0,37.0,8334.22,175.0,overstock,NO,9434337.04
SKU04716,Balanced secondary process improvement,Books,WH-BLR,1958.0,41.0,4619.58,227.0,overstock,NO,9045137.64
SKU04717,Balanced multimedia circuit,Beauty,WH-MUM,1054.0,26.0,5844.58,241.0,overstock,NO,6160187.32
SKU04718,Adaptive mobile attitude,Toys,WH-HYD,1577.0,95.0,12248.72,207.0,overstock,NO,19316231.44
SKU04719,Proactive optimizing implementation,Sports,WH-MUM,1299.0,95.0,9091.64,167.0,overstock,NO,11810040.36
SKU04720,Focused analyzing solution,Books,WH-CHE,0.0,10.0,12627.07,260.0,stockout,YES,0.0
SKU04721,Cross-platform high-level Local Area Network,Books,WH-HYD,1301.0,91.0,3529.77,200.0,overstock,NO,4592230.77
SKU04722,Balanced client-server forecast,Clothing,WH-BLR,159.0,96.0,11895.45,218.0,healthy,NO,1891376.55
SKU04723,Focused value-added firmware,Grocery,WH-BLR,203.0,21.0,14563.69,246.0,overstock,NO,2956429.07
SKU04724,Robust holistic alliance,Clothing,WH-CHE,1581.0,23.0,5374.23,249.0,overstock,NO,8496657.63
SKU04725,Ameliorated 5thgeneration access,Toys,WH-DEL,433.0,55.0,12574.04,217.0,overstock,NO,5444559.32
SKU04726,Synergistic system-worthy knowledgebase,Sports,WH-DEL,150.0,55.0,2448.85,190.0,healthy,NO,367327.5
SKU04727,Monitored empowering policy,Grocery,WH-HYD,1883.0,53.0,13135.8,192.0,overstock,NO,24734711.4
SKU04728,Customizable methodical task-force,Clothing,WH-CHE,1839.0,67.0,5676.77,223.0,overstock,NO,10439580.03
SKU04729,Multi-channeled discrete archive,Beauty,WH-HYD,1816.0,87.0,389.07,234.0,overstock,NO,706551.12
SKU04730,Visionary stable software,Clothing,WH-DEL,759.0,14.0,13082.71,161.0,overstock,NO,9929776.89
SKU04731,Networked well-modulated superstructure,Clothing,WH-CHE,1319.0,43.0,978.7,218.0,overstock,NO,1290905.3
SKU04732,Cross-platform executive framework,Books,WH-HYD,284.0,72.0,276.2,227.0,overstock,NO,78440.8
SKU04733,Business-focused directional project,Home & Kitchen,WH-HYD,1387.0,52.0,11262.72,253.0,overstock,NO,15621392.64
SKU04734,Compatible didactic algorithm,Sports,WH-HYD,1317.0,90.0,2233.24,207.0,overstock,NO,2941177.08
SKU04735,Open-source well-modulated frame,Electronics,WH-MUM,1077.0,58.0,12521.49,227.0,overstock,NO,13485644.73
SKU04736,Adaptive tangible projection,Home & Kitchen,WH-HYD,1658.0,63.0,13076.46,237.0,overstock,NO,21680770.68
SKU04737,Progressive 4thgeneration parallelism,Clothing,WH-DEL,504.0,17.0,1361.38,214.0,overstock,NO,686135.52
SKU04738,Programmable methodical time-frame,Beauty,WH-CHE,1222.0,70.0,3468.81,269.0,overstock,NO,4238885.82
SKU04739,Polarized needs-based success,Sports,WH-MUM,1741.0,65.0,1676.24,253.0,overstock,NO,2918333.84
SKU04740,Persistent modular budgetary management,Home & Kitchen,WH-HYD,62.0,95.0,8899.2,238.0,below_reorder,YES,551750.4
SKU04741,Versatile multi-tasking array,Toys,WH-MUM,576.0,74.0,13334.72,209.0,overstock,NO,7680798.72
SKU04742,Pre-emptive value-added application,Clothing,WH-MUM,615.0,98.0,6224.8,236.0,overstock,NO,3828252.0
SKU04743,Grass-roots stable instruction set,Beauty,WH-DEL,1786.0,55.0,13628.78,199.0,overstock,NO,24341001.08
SKU04744,Virtual radical data-warehouse,Sports,WH-MUM,531.0,81.0,9866.77,284.0,overstock,NO,5239254.87
SKU04745,Monitored web-enabled customer loyalty,Sports,WH-MUM,688.0,75.0,7354.11,202.0,overstock,NO,5059627.68
SKU04746,Multi-tiered fresh-thinking workforce,Grocery,WH-BLR,331.0,52.0,12026.85,227.0,overstock,NO,3980887.35
SKU04747,Compatible zero administration data-warehouse,Grocery,WH-CHE,1138.0,79.0,13691.78,247.0,overstock,NO,15581245.64
SKU04748,Fundamental reciprocal access,Home & Kitchen,WH-BLR,589.0,54.0,13890.23,228.0,overstock,NO,8181345.47
SKU04749,Synchronized system-worthy ability,Electronics,WH-BLR,1920.0,29.0,10934.86,167.0,overstock,NO,20994931.2
SKU04750,Public-key 4thgeneration process improvement,Electronics,WH-CHE,614.0,88.0,190.89,229.0,overstock,NO,117206.46
SKU04751,Sharable tangible installation,Clothing,WH-HYD,1699.0,67.0,1687.26,198.0,overstock,NO,2866654.74
SKU04752,Decentralized didactic circuit,Beauty,WH-MUM,761.0,82.0,12013.13,193.0,overstock,NO,9141991.93
SKU04753,Managed explicit architecture,Electronics,WH-CHE,0.0,79.0,10833.42,201.0,stockout,YES,0.0
SKU04754,Cross-group intermediate definition,Toys,WH-HYD,1999.0,86.0,14006.01,231.0,overstock,NO,27998013.99
SKU04755,Reactive reciprocal database,Books,WH-MUM,693.0,11.0,3591.87,204.0,overstock,NO,2489165.91
SKU04756,Reduced local parallelism,Home & Kitchen,WH-BLR,1511.0,35.0,9832.6,205.0,overstock,NO,14857058.6
SKU04757,Proactive bi-directional projection,Beauty,WH-BLR,375.0,61.0,12916.78,199.0,overstock,NO,4843792.5
SKU04758,Ameliorated impactful implementation,Grocery,WH-MUM,998.0,23.0,12647.92,177.0,overstock,NO,12622624.16
SKU04759,Front-line discrete archive,Beauty,WH-CHE,741.0,72.0,2413.87,255.0,overstock,NO,1788677.67
SKU04760,Quality-focused 24hour parallelism,Clothing,WH-DEL,194.0,18.0,3352.2,166.0,overstock,NO,650326.8
SKU04761,Synchronized directional migration,Beauty,WH-MUM,486.0,56.0,1872.73,185.0,overstock,NO,910146.78
SKU04762,De-engineered zero tolerance toolset,Books,WH-BLR,1826.0,82.0,6198.28,201.0,overstock,NO,11318059.28
SKU04763,Progressive high-level monitoring,Home & Kitchen,WH-BLR,177.0,64.0,1908.76,231.0,healthy,NO,337850.52
SKU04764,Synergized fresh-thinking productivity,Sports,WH-HYD,1132.0,80.0,4706.41,237.0,overstock,NO,5327656.12
SKU04765,Integrated zero tolerance service-desk,Clothing,WH-MUM,140.0,51.0,6891.27,246.0,healthy,NO,964777.8
SKU04766,Organic bi-directional secured line,Books,WH-CHE,1426.0,97.0,5260.68,158.0,overstock,NO,7501729.68
SKU04767,Phased bottom-line access,Clothing,WH-BLR,1871.0,45.0,13699.18,284.0,overstock,NO,25631165.78
SKU04768,Mandatory client-driven synergy,Home & Kitchen,WH-HYD,325.0,37.0,4995.41,190.0,overstock,NO,1623508.25
SKU04769,Automated modular concept,Toys,WH-MUM,407.0,25.0,11801.46,212.0,overstock,NO,4803194.22
SKU04770,Expanded directional adapter,Clothing,WH-CHE,0.0,88.0,11520.31,211.0,stockout,YES,0.0
SKU04771,Object-based fresh-thinking support,Toys,WH-HYD,1354.0,81.0,9931.01,142.0,overstock,NO,13446587.54
SKU04772,Monitored explicit capacity,Home & Kitchen,WH-HYD,966.0,52.0,10016.3,123.0,overstock,NO,9675745.8
SKU04773,User-friendly holistic task-force,Beauty,WH-HYD,1346.0,27.0,3372.38,233.0,overstock,NO,4539223.48
SKU04774,Right-sized modular access,Grocery,WH-BLR,1533.0,14.0,12926.75,184.0,overstock,NO,19816707.75
SKU04775,Configurable grid-enabled project,Toys,WH-MUM,212.0,79.0,9258.57,237.0,healthy,NO,1962816.84
SKU04776,Cloned stable secured line,Toys,WH-BLR,1157.0,47.0,7793.91,184.0,overstock,NO,9017553.87
SKU04777,Ameliorated discrete success,Toys,WH-MUM,1171.0,36.0,4320.24,179.0,overstock,NO,5059001.04
SKU04778,Robust motivating leverage,Clothing,WH-CHE,781.0,50.0,1352.91,172.0,overstock,NO,1056622.71
SKU04779,Robust zero-defect Graphical User Interface,Electronics,WH-MUM,1532.0,22.0,2593.72,144.0,overstock,NO,3973579.04
SKU04780,Organic leadingedge ability,Electronics,WH-DEL,1419.0,41.0,5928.05,197.0,overstock,NO,8411902.95
SKU04781,Stand-alone non-volatile adapter,Books,WH-BLR,1402.0,25.0,2588.23,243.0,overstock,NO,3628698.46
SKU04782,Implemented well-modulated product,Beauty,WH-CHE,296.0,94.0,13011.19,194.0,overstock,NO,3851312.24
SKU04783,Triple-buffered directional website,Toys,WH-DEL,817.0,35.0,12296.33,220.0,overstock,NO,10046101.61
SKU04784,Compatible zero tolerance hierarchy,Grocery,WH-CHE,492.0,75.0,11033.42,241.0,overstock,NO,5428442.64
SKU04785,Managed regional frame,Clothing,WH-CHE,595.0,47.0,9737.38,202.0,overstock,NO,5793741.1
SKU04786,Decentralized coherent flexibility,Sports,WH-MUM,0.0,13.0,4653.42,157.0,stockout,YES,0.0
SKU04787,Devolved multimedia access,Grocery,WH-BLR,1602.0,96.0,9703.69,232.0,overstock,NO,15545311.38
SKU04788,Exclusive discrete application,Grocery,WH-DEL,595.0,92.0,7059.72,169.0,overstock,NO,4200533.4
SKU04789,Cross-platform heuristic complexity,Toys,WH-BLR,1532.0,22.0,12336.35,229.0,overstock,NO,18899288.2
SKU04790,Reduced grid-enabled core,Books,WH-MUM,500.0,32.0,1501.52,212.0,overstock,NO,750760.0
SKU04791,Cross-group leadingedge benchmark,Books,WH-MUM,1948.0,100.0,12897.49,155.0,overstock,NO,25124310.52
SKU04792,Fully-configurable composite ability,Books,WH-BLR,935.0,69.0,644.38,182.0,overstock,NO,602495.3
SKU04793,Up-sized web-enabled monitoring,Toys,WH-HYD,114.0,17.0,6087.77,171.0,overstock,NO,694005.78
SKU04794,Customizable stable capacity,Beauty,WH-HYD,1472.0,64.0,397.26,180.0,overstock,NO,584766.72
SKU04795,Customer-focused composite hierarchy,Electronics,WH-BLR,1178.0,12.0,14048.33,228.0,overstock,NO,16548932.74
SKU04796,Expanded contextually-based toolset,Beauty,WH-DEL,873.0,16.0,10691.95,146.0,overstock,NO,9334072.35
SKU04797,Digitized client-driven hub,Toys,WH-MUM,1760.0,27.0,5618.16,230.0,overstock,NO,9887961.6
SKU04798,Configurable optimal secured line,Sports,WH-DEL,1772.0,93.0,7471.96,199.0,overstock,NO,13240313.12
SKU04799,Progressive client-server open system,Clothing,WH-DEL,557.0,96.0,2750.51,197.0,overstock,NO,1532034.07
SKU04800,Intuitive even-keeled emulation,Books,WH-BLR,1065.0,75.0,8553.63,201.0,overstock,NO,9109615.95
SKU04801,Object-based global matrix,Beauty,WH-HYD,1580.0,16.0,8766.86,154.0,overstock,NO,13851638.8
SKU04802,Down-sized optimal open architecture,Electronics,WH-MUM,1130.0,10.0,13233.9,264.0,overstock,NO,14954307.0
SKU04803,Quality-focused cohesive function,Grocery,WH-MUM,1294.0,77.0,1629.84,239.0,overstock,NO,2109012.96
SKU04804,Mandatory user-facing leverage,Clothing,WH-CHE,1455.0,90.0,8906.63,224.0,overstock,NO,12959146.65
SKU04805,Ameliorated radical neural-net,Home & Kitchen,WH-DEL,1159.0,74.0,7177.49,232.0,overstock,NO,8318710.91
SKU04806,Multi-tiered analyzing parallelism,Books,WH-DEL,1753.0,88.0,8407.53,250.0,overstock,NO,14738400.09
SKU04807,Adaptive 24hour groupware,Grocery,WH-DEL,263.0,62.0,13134.97,224.0,overstock,NO,3454497.11
SKU04808,Re-contextualized zero tolerance framework,Electronics,WH-DEL,1074.0,69.0,1505.03,143.0,overstock,NO,1616402.22
SKU04809,Multi-tiered 24/7 policy,Grocery,WH-DEL,16.0,75.0,6343.7,228.0,below_reorder,YES,101499.2
SKU04810,Total interactive methodology,Toys,WH-BLR,1400.0,26.0,10706.27,138.0,overstock,NO,14988778.0
SKU04811,Open-architected content-based productivity,Toys,WH-DEL,1222.0,52.0,2010.95,283.0,overstock,NO,2457380.9
SKU04812,Profound background challenge,Books,WH-HYD,219.0,65.0,2562.43,170.0,overstock,NO,561172.17
SKU04813,Vision-oriented mission-critical conglomeration,Clothing,WH-MUM,1001.0,19.0,7338.02,268.0,overstock,NO,7345358.02
SKU04814,Fundamental reciprocal orchestration,Clothing,WH-HYD,1572.0,47.0,12693.96,257.0,overstock,NO,19954905.12
SKU04815,Open-source didactic adapter,Books,WH-MUM,667.0,72.0,1780.03,228.0,overstock,NO,1187280.01
SKU04816,Customizable neutral support,Home & Kitchen,WH-BLR,705.0,88.0,11762.12,226.0,overstock,NO,8292294.6
SKU04817,Reduced user-facing budgetary management,Grocery,WH-DEL,757.0,21.0,6374.95,239.0,overstock,NO,4825837.15
SKU04818,Profit-focused grid-enabled help-desk,Home & Kitchen,WH-HYD,1543.0,90.0,4841.3,166.0,overstock,NO,7470125.9
SKU04819,Streamlined contextually-based focus group,Clothing,WH-DEL,0.0,68.0,5781.42,197.0,stockout,YES,0.0
SKU04820,Synchronized directional database,Grocery,WH-BLR,675.0,78.0,1479.8,188.0,overstock,NO,998865.0
SKU04821,Enhanced contextually-based Graphic Interface,Toys,WH-MUM,190.0,46.0,2623.72,168.0,overstock,NO,498506.8
SKU04822,Synergized upward-trending intranet,Books,WH-MUM,48.0,35.0,11773.98,198.0,healthy,NO,565151.04
SKU04823,Re-engineered neutral methodology,Toys,WH-BLR,969.0,85.0,235.01,201.0,overstock,NO,227724.69
SKU04824,Universal directional adapter,Grocery,WH-BLR,617.0,64.0,4920.17,217.0,overstock,NO,3035744.89
SKU04825,Organic hybrid circuit,Sports,WH-MUM,1103.0,24.0,10647.46,132.0,overstock,NO,11744148.38
SKU04826,Mandatory coherent time-frame,Grocery,WH-MUM,1142.0,23.0,3304.18,187.0,overstock,NO,3773373.56
SKU04827,Re-contextualized global capability,Beauty,WH-CHE,1044.0,72.0,13587.17,211.0,overstock,NO,14185005.48
SKU04828,Digitized holistic framework,Sports,WH-BLR,1842.0,17.0,12330.14,138.0,overstock,NO,22712117.88
SKU04829,Adaptive uniform support,Clothing,WH-BLR,425.0,95.0,5139.6,210.0,overstock,NO,2184330.0
SKU04830,Decentralized transitional Internet solution,Beauty,WH-HYD,1443.0,51.0,855.61,240.0,overstock,NO,1234645.23
SKU04831,Versatile logistical help-desk,Toys,WH-CHE,448.0,72.0,10361.51,208.0,overstock,NO,4641956.48
SKU04832,Cross-platform neutral installation,Sports,WH-DEL,1007.0,39.0,7215.82,183.0,overstock,NO,7266330.74
SKU04833,Open-source intermediate architecture,Clothing,WH-MUM,1524.0,92.0,2521.85,281.0,overstock,NO,3843299.4
SKU04834,Face-to-face intermediate toolset,Books,WH-DEL,1702.0,13.0,3991.14,174.0,overstock,NO,6792920.28
SKU04835,Fundamental scalable attitude,Beauty,WH-MUM,1693.0,88.0,11659.21,232.0,overstock,NO,19739042.53
SKU04836,Diverse transitional success,Grocery,WH-BLR,783.0,63.0,6352.64,184.0,overstock,NO,4974117.12
SKU04837,Open-source clear-thinking matrices,Electronics,WH-HYD,1675.0,90.0,13156.65,204.0,overstock,NO,22037388.75
SKU04838,Optimized grid-enabled protocol,Books,WH-MUM,477.0,58.0,13384.91,209.0,overstock,NO,6384602.07
SKU04839,Reverse-engineered reciprocal success,Grocery,WH-DEL,637.0,14.0,6839.49,175.0,overstock,NO,4356755.13
SKU04840,Business-focused uniform success,Sports,WH-DEL,960.0,24.0,3084.44,229.0,overstock,NO,2961062.4
SKU04841,Business-focused zero administration pricing struc,Home & Kitchen,WH-DEL,112.0,37.0,14794.45,208.0,overstock,NO,1656978.4
SKU04842,Seamless needs-based utilization,Electronics,WH-BLR,502.0,75.0,9352.93,254.0,overstock,NO,4695170.86
SKU04843,Multi-lateral homogeneous toolset,Grocery,WH-HYD,232.0,35.0,11053.29,206.0,overstock,NO,2564363.28
SKU04844,Vision-oriented disintermediate moderator,Electronics,WH-DEL,1360.0,65.0,3206.92,189.0,overstock,NO,4361411.2
SKU04845,Multi-channeled tangible ability,Toys,WH-BLR,892.0,22.0,4257.49,302.0,overstock,NO,3797681.08
SKU04846,Reverse-engineered regional moratorium,Sports,WH-CHE,1619.0,73.0,7149.6,213.0,overstock,NO,11575202.4
SKU04847,Persistent optimal database,Grocery,WH-BLR,1048.0,54.0,7913.0,198.0,overstock,NO,8292824.0
SKU04848,Switchable local Graphical User Interface,Grocery,WH-BLR,1800.0,69.0,9307.31,191.0,overstock,NO,16753158.0
SKU04849,Cloned actuating architecture,Grocery,WH-CHE,598.0,21.0,1325.27,214.0,overstock,NO,792511.46
SKU04850,Realigned background middleware,Sports,WH-CHE,1325.0,16.0,6280.21,191.0,overstock,NO,8321278.25
SKU04851,Innovative high-level portal,Home & Kitchen,WH-CHE,1307.0,55.0,12008.78,200.0,overstock,NO,15695475.46
SKU04852,Devolved reciprocal process improvement,Electronics,WH-MUM,0.0,27.0,8106.69,224.0,stockout,YES,0.0
SKU04853,Reduced incremental firmware,Toys,WH-HYD,1754.0,79.0,5917.61,226.0,overstock,NO,10379487.94
SKU04854,Compatible directional frame,Sports,WH-MUM,42.0,33.0,2234.2,164.0,healthy,NO,93836.4
SKU04855,Adaptive didactic product,Beauty,WH-DEL,467.0,50.0,954.03,207.0,overstock,NO,445532.01
SKU04856,Cloned clear-thinking standardization,Sports,WH-MUM,558.0,15.0,1452.05,283.0,overstock,NO,810243.9
SKU04857,Monitored hybrid database,Toys,WH-MUM,194.0,37.0,5640.08,218.0,overstock,NO,1094175.52
SKU04858,Down-sized maximized superstructure,Home & Kitchen,WH-CHE,578.0,57.0,12595.37,237.0,overstock,NO,7280123.86
SKU04859,Horizontal reciprocal neural-net,Toys,WH-CHE,1458.0,63.0,843.01,261.0,overstock,NO,1229108.58
SKU04860,Diverse bottom-line installation,Electronics,WH-CHE,1610.0,31.0,8122.14,219.0,overstock,NO,13076645.4
SKU04861,User-centric mobile hardware,Grocery,WH-BLR,1582.0,36.0,853.37,267.0,overstock,NO,1350031.34
SKU04862,Stand-alone object-oriented pricing structure,Toys,WH-DEL,815.0,28.0,8164.05,220.0,overstock,NO,6653700.75
SKU04863,Configurable neutral matrices,Grocery,WH-MUM,771.0,24.0,6197.08,218.0,overstock,NO,4777948.68
SKU04864,Reverse-engineered scalable synergy,Books,WH-BLR,1292.0,61.0,5062.31,223.0,overstock,NO,6540504.52
SKU04865,Cross-group exuding synergy,Sports,WH-DEL,1742.0,54.0,10832.81,219.0,overstock,NO,18870755.02
SKU04866,Cloned reciprocal flexibility,Books,WH-CHE,622.0,92.0,10275.13,172.0,overstock,NO,6391130.86
SKU04867,Proactive multimedia instruction set,Beauty,WH-DEL,1904.0,32.0,3713.13,186.0,overstock,NO,7069799.52
SKU04868,Fundamental even-keeled product,Electronics,WH-CHE,679.0,15.0,7821.06,253.0,overstock,NO,5310499.74
SKU04869,Cross-group clear-thinking infrastructure,Electronics,WH-MUM,60.0,45.0,14587.04,162.0,healthy,NO,875222.4
SKU04870,Profound logistical Graphical User Interface,Grocery,WH-BLR,828.0,33.0,528.59,220.0,overstock,NO,437672.52
SKU04871,Persistent multi-tasking task-force,Grocery,WH-DEL,445.0,36.0,10856.39,198.0,overstock,NO,4831093.55
SKU04872,Switchable clear-thinking benchmark,Home & Kitchen,WH-HYD,598.0,25.0,4704.25,201.0,overstock,NO,2813141.5
SKU04873,Stand-alone composite productivity,Grocery,WH-MUM,805.0,19.0,13073.26,177.0,overstock,NO,10523974.3
SKU04874,Fully-configurable logistical throughput,Grocery,WH-BLR,1898.0,28.0,9102.87,213.0,overstock,NO,17277247.26
SKU04875,Profit-focused static database,Home & Kitchen,WH-DEL,1670.0,73.0,1523.26,245.0,overstock,NO,2543844.2
SKU04876,Enterprise-wide modular extranet,Grocery,WH-MUM,1109.0,20.0,13390.5,212.0,overstock,NO,14850064.5
SKU04877,Configurable 24/7 utilization,Clothing,WH-BLR,1570.0,12.0,13548.64,258.0,overstock,NO,21271364.8
SKU04878,Innovative interactive core,Toys,WH-MUM,460.0,45.0,3577.36,252.0,overstock,NO,1645585.6
SKU04879,Total user-facing algorithm,Sports,WH-DEL,1672.0,89.0,8822.39,197.0,overstock,NO,14751036.08
SKU04880,Monitored 24hour moderator,Beauty,WH-HYD,811.0,31.0,1426.37,185.0,overstock,NO,1156786.07
SKU04881,Extended executive time-frame,Clothing,WH-DEL,991.0,64.0,4181.46,249.0,overstock,NO,4143826.86
SKU04882,Total methodical database,Toys,WH-MUM,892.0,37.0,11694.07,253.0,overstock,NO,10431110.44
SKU04883,Open-architected high-level solution,Beauty,WH-HYD,918.0,22.0,10459.64,233.0,overstock,NO,9601949.52
SKU04884,Adaptive multi-state infrastructure,Clothing,WH-CHE,1178.0,83.0,2710.14,171.0,overstock,NO,3192544.92
SKU04885,Integrated upward-trending hardware,Clothing,WH-HYD,0.0,10.0,7415.18,147.0,stockout,YES,0.0
SKU04886,Realigned system-worthy strategy,Electronics,WH-HYD,350.0,83.0,71.59,205.0,overstock,NO,25056.5
SKU04887,Phased zero tolerance hardware,Home & Kitchen,WH-BLR,626.0,33.0,11061.57,223.0,overstock,NO,6924542.82
SKU04888,Total local open architecture,Sports,WH-DEL,0.0,38.0,14237.53,246.0,stockout,YES,0.0
SKU04889,Public-key modular encoding,Grocery,WH-DEL,1545.0,63.0,7535.64,227.0,overstock,NO,11642563.8
SKU04890,Up-sized asymmetric core,Toys,WH-CHE,697.0,49.0,13476.38,242.0,overstock,NO,9393036.86
SKU04891,Customer-focused didactic algorithm,Clothing,WH-CHE,1751.0,63.0,9897.38,209.0,overstock,NO,17330312.38
SKU04892,Expanded intangible open system,Sports,WH-HYD,1046.0,99.0,9035.73,243.0,overstock,NO,9451373.58
SKU04893,Multi-lateral 5thgeneration service-desk,Books,WH-MUM,15.0,84.0,10496.72,265.0,below_reorder,YES,157450.8
SKU04894,Optimized maximized initiative,Home & Kitchen,WH-HYD,1759.0,74.0,5702.41,139.0,overstock,NO,10030539.19
SKU04895,Decentralized web-enabled migration,Electronics,WH-HYD,423.0,56.0,9740.18,199.0,overstock,NO,4120096.14
SKU04896,Mandatory eco-centric secured line,Grocery,WH-BLR,1609.0,51.0,7992.9,254.0,overstock,NO,12860576.1
SKU04897,Phased contextually-based Graphical User Interface,Toys,WH-DEL,439.0,84.0,13308.03,189.0,overstock,NO,5842225.17
SKU04898,Centralized dedicated Graphical User Interface,Sports,WH-BLR,857.0,36.0,11221.28,257.0,overstock,NO,9616636.96
SKU04899,Profit-focused object-oriented moratorium,Clothing,WH-MUM,307.0,54.0,3376.37,175.0,overstock,NO,1036545.59
SKU04900,Triple-buffered maximized leverage,Beauty,WH-MUM,155.0,30.0,334.93,237.0,overstock,NO,51914.15
SKU04901,Re-contextualized executive analyzer,Toys,WH-BLR,488.0,10.0,4623.34,165.0,overstock,NO,2256189.92
SKU04902,Distributed empowering challenge,Sports,WH-BLR,645.0,92.0,12582.6,190.0,overstock,NO,8115777.0
SKU04903,Reverse-engineered discrete parallelism,Grocery,WH-CHE,586.0,29.0,3524.59,189.0,overstock,NO,2065409.74
SKU04904,Phased didactic access,Toys,WH-BLR,1654.0,72.0,2700.87,213.0,overstock,NO,4467238.98
SKU04905,Ergonomic human-resource frame,Toys,WH-MUM,1137.0,97.0,86.49,238.0,overstock,NO,98339.13
SKU04906,Synchronized national artificial intelligence,Electronics,WH-DEL,143.0,16.0,7245.22,175.0,overstock,NO,1036066.46
SKU04907,Up-sized maximized customer loyalty,Sports,WH-CHE,1582.0,96.0,4776.07,178.0,overstock,NO,7555742.74
SKU04908,Balanced object-oriented focus group,Sports,WH-CHE,941.0,40.0,1742.42,272.0,overstock,NO,1639617.22
SKU04909,Exclusive homogeneous workforce,Toys,WH-MUM,1235.0,94.0,9208.5,214.0,overstock,NO,11372497.5
SKU04910,Enhanced well-modulated parallelism,Books,WH-MUM,1255.0,41.0,11350.01,293.0,overstock,NO,14244262.55
SKU04911,Customer-focused zero tolerance encoding,Books,WH-HYD,1079.0,64.0,10880.48,285.0,overstock,NO,11740037.92
SKU04912,Reduced bifurcated concept,Books,WH-HYD,1631.0,76.0,8297.92,260.0,overstock,NO,13533907.52
SKU04913,Profit-focused next generation encoding,Home & Kitchen,WH-HYD,251.0,36.0,5215.19,218.0,overstock,NO,1309012.69
SKU04914,Self-enabling 6thgeneration service-desk,Toys,WH-HYD,209.0,54.0,14503.13,187.0,overstock,NO,3031154.17
SKU04915,Re-contextualized value-added service-desk,Home & Kitchen,WH-HYD,76.0,91.0,3779.65,215.0,below_reorder,YES,287253.4
SKU04916,Synergized scalable knowledgebase,Books,WH-HYD,1996.0,39.0,7224.84,199.0,overstock,NO,14420780.64
SKU04917,Reactive full-range instruction set,Beauty,WH-CHE,1187.0,76.0,2039.39,243.0,overstock,NO,2420755.93
SKU04918,Vision-oriented bi-directional monitoring,Toys,WH-CHE,0.0,61.0,14132.81,200.0,stockout,YES,0.0
SKU04919,Open-architected scalable process improvement,Books,WH-BLR,1902.0,32.0,13946.94,303.0,overstock,NO,26527079.88
SKU04920,Organic fresh-thinking functionalities,Beauty,WH-HYD,808.0,29.0,909.83,279.0,overstock,NO,735142.64
SKU04921,Visionary secondary secured line,Toys,WH-MUM,888.0,78.0,9956.86,234.0,overstock,NO,8841691.68
SKU04922,User-centric contextually-based project,Electronics,WH-HYD,901.0,66.0,6770.37,241.0,overstock,NO,6100103.37
SKU04923,Cloned transitional projection,Toys,WH-MUM,1373.0,99.0,14429.32,176.0,overstock,NO,19811456.36
SKU04924,Switchable 24hour capacity,Grocery,WH-CHE,138.0,15.0,1174.78,178.0,overstock,NO,162119.64
SKU04925,Vision-oriented mission-critical policy,Grocery,WH-CHE,881.0,83.0,4008.31,232.0,overstock,NO,3531321.11
SKU04926,Inverse next generation database,Books,WH-MUM,740.0,98.0,3297.26,222.0,overstock,NO,2439972.4
SKU04927,Mandatory fresh-thinking analyzer,Sports,WH-MUM,869.0,42.0,691.4,255.0,overstock,NO,600826.6
SKU04928,Adaptive heuristic structure,Toys,WH-MUM,1452.0,40.0,1804.36,198.0,overstock,NO,2619930.72
SKU04929,Ameliorated bi-directional application,Sports,WH-HYD,1419.0,73.0,14759.62,194.0,overstock,NO,20943900.78
SKU04930,Switchable stable help-desk,Toys,WH-CHE,1081.0,45.0,5285.25,249.0,overstock,NO,5713355.25
SKU04931,Adaptive analyzing project,Clothing,WH-HYD,1687.0,60.0,9230.96,198.0,overstock,NO,15572629.52
SKU04932,Universal multimedia Internet solution,Books,WH-DEL,616.0,61.0,2161.4,200.0,overstock,NO,1331422.4
SKU04933,Organic cohesive algorithm,Beauty,WH-BLR,373.0,69.0,14577.57,271.0,overstock,NO,5437433.61
SKU04934,Enterprise-wide web-enabled moderator,Books,WH-HYD,713.0,28.0,9011.3,254.0,overstock,NO,6425056.9
SKU04935,Reactive full-range matrix,Beauty,WH-MUM,952.0,80.0,566.08,160.0,overstock,NO,538908.16
SKU04936,User-friendly static hardware,Books,WH-BLR,1458.0,77.0,7646.42,258.0,overstock,NO,11148480.36
SKU04937,User-friendly transitional forecast,Electronics,WH-CHE,1662.0,75.0,8705.19,267.0,overstock,NO,14468025.78
SKU04938,Front-line intangible leverage,Toys,WH-CHE,1910.0,30.0,13495.71,243.0,overstock,NO,25776806.1
SKU04939,Proactive modular Graphic Interface,Beauty,WH-BLR,1904.0,18.0,10366.79,166.0,overstock,NO,19738368.16
SKU04940,Reverse-engineered static matrix,Electronics,WH-HYD,1547.0,38.0,4691.37,136.0,overstock,NO,7257549.39
SKU04941,Versatile 24/7 neural-net,Grocery,WH-BLR,462.0,51.0,5651.87,206.0,overstock,NO,2611163.94
SKU04942,Re-engineered scalable hierarchy,Toys,WH-CHE,1266.0,60.0,12621.08,242.0,overstock,NO,15978287.28
SKU04943,Digitized next generation moratorium,Electronics,WH-CHE,1477.0,87.0,7335.46,295.0,overstock,NO,10834474.42
SKU04944,Multi-lateral optimizing website,Grocery,WH-MUM,306.0,28.0,6875.04,288.0,overstock,NO,2103762.24
SKU04945,Implemented neutral parallelism,Sports,WH-DEL,775.0,51.0,13060.3,278.0,overstock,NO,10121732.5
SKU04946,Open-source mobile architecture,Books,WH-MUM,21.0,73.0,14249.56,215.0,below_reorder,YES,299240.76
SKU04947,Versatile multi-tasking software,Home & Kitchen,WH-DEL,744.0,70.0,6930.21,207.0,overstock,NO,5156076.24
SKU04948,Monitored even-keeled groupware,Grocery,WH-HYD,1419.0,98.0,11471.57,214.0,overstock,NO,16278157.83
SKU04949,Diverse client-server moderator,Books,WH-DEL,1416.0,50.0,12852.96,230.0,overstock,NO,18199791.36
SKU04950,Robust tertiary middleware,Sports,WH-CHE,1783.0,58.0,5407.26,198.0,overstock,NO,9641144.58
SKU04951,Vision-oriented holistic model,Electronics,WH-CHE,0.0,19.0,1799.39,177.0,stockout,YES,0.0
SKU04952,Object-based transitional challenge,Electronics,WH-DEL,1786.0,16.0,7494.49,231.0,overstock,NO,13385159.14
SKU04953,Integrated interactive framework,Toys,WH-CHE,1577.0,97.0,9197.38,222.0,overstock,NO,14504268.26
SKU04954,Optional encompassing workforce,Beauty,WH-BLR,1811.0,82.0,5520.92,177.0,overstock,NO,9998386.12
SKU04955,Balanced optimal task-force,Home & Kitchen,WH-BLR,1774.0,42.0,12981.01,143.0,overstock,NO,23028311.74
SKU04956,Triple-buffered homogeneous approach,Beauty,WH-MUM,693.0,37.0,14160.64,203.0,overstock,NO,9813323.52
SKU04957,Networked solution-oriented installation,Home & Kitchen,WH-CHE,1521.0,88.0,1483.95,191.0,overstock,NO,2257087.95
SKU04958,Synchronized systematic customer loyalty,Sports,WH-CHE,388.0,83.0,11513.5,225.0,overstock,NO,4467238.0
SKU04959,Fundamental system-worthy process improvement,Beauty,WH-HYD,1863.0,61.0,9856.51,216.0,overstock,NO,18362678.13
SKU04960,Re-contextualized neutral definition,Books,WH-MUM,106.0,80.0,3168.71,187.0,healthy,NO,335883.26
SKU04961,Grass-roots systematic functionalities,Beauty,WH-CHE,669.0,15.0,6537.58,203.0,overstock,NO,4373641.02
SKU04962,Persevering bifurcated help-desk,Electronics,WH-HYD,1350.0,86.0,5270.94,171.0,overstock,NO,7115769.0
SKU04963,Seamless holistic framework,Clothing,WH-MUM,883.0,62.0,244.63,225.0,overstock,NO,216008.29
SKU04964,Expanded mission-critical knowledgebase,Clothing,WH-HYD,1062.0,47.0,12127.04,217.0,overstock,NO,12878916.48
SKU04965,Programmable zero-defect superstructure,Clothing,WH-MUM,1694.0,13.0,1004.51,234.0,overstock,NO,1701639.94
SKU04966,Re-engineered 4thgeneration extranet,Books,WH-DEL,297.0,45.0,12500.66,240.0,overstock,NO,3712696.02
SKU04967,Multi-channeled national initiative,Home & Kitchen,WH-CHE,1821.0,84.0,8201.12,179.0,overstock,NO,14934239.52
SKU04968,Intuitive zero administration structure,Toys,WH-MUM,1180.0,10.0,2067.6,164.0,overstock,NO,2439768.0
SKU04969,Reduced context-sensitive groupware,Home & Kitchen,WH-BLR,115.0,28.0,8309.81,172.0,overstock,NO,955628.15
SKU04970,Grass-roots zero-defect projection,Beauty,WH-DEL,785.0,81.0,757.66,210.0,overstock,NO,594763.1
SKU04971,Right-sized 4thgeneration matrices,Clothing,WH-HYD,306.0,16.0,8585.79,197.0,overstock,NO,2627251.74
SKU04972,Distributed content-based middleware,Beauty,WH-CHE,1081.0,63.0,11177.19,257.0,overstock,NO,12082542.39
SKU04973,Switchable radical migration,Sports,WH-DEL,1129.0,80.0,9218.24,253.0,overstock,NO,10407392.96
SKU04974,Balanced web-enabled core,Sports,WH-MUM,1216.0,79.0,14421.9,171.0,overstock,NO,17537030.4
SKU04975,Switchable static Graphic Interface,Beauty,WH-DEL,940.0,89.0,14851.35,217.0,overstock,NO,13960269.0
SKU04976,Centralized radical product,Grocery,WH-DEL,1929.0,97.0,9639.92,224.0,overstock,NO,18595405.68
SKU04977,Synergized asymmetric protocol,Sports,WH-CHE,626.0,70.0,7679.7,296.0,overstock,NO,4807492.2
SKU04978,Self-enabling reciprocal model,Beauty,WH-MUM,313.0,13.0,6016.7,186.0,overstock,NO,1883227.1
SKU04979,Self-enabling coherent task-force,Beauty,WH-CHE,13.0,93.0,5917.83,173.0,below_reorder,YES,76931.79
SKU04980,Persistent encompassing array,Sports,WH-DEL,1785.0,56.0,9410.89,200.0,overstock,NO,16798438.65
SKU04981,Ergonomic actuating workforce,Clothing,WH-MUM,1821.0,52.0,2121.0,203.0,overstock,NO,3862341.0
SKU04982,Triple-buffered zero administration knowledgebase,Toys,WH-HYD,767.0,65.0,5951.25,185.0,overstock,NO,4564608.75
SKU04983,Horizontal context-sensitive secured line,Beauty,WH-CHE,714.0,12.0,484.95,202.0,overstock,NO,346254.3
SKU04984,Configurable encompassing middleware,Beauty,WH-HYD,0.0,64.0,9676.6,235.0,stockout,YES,0.0
SKU04985,Cross-platform systematic benchmark,Grocery,WH-MUM,1176.0,70.0,8090.51,189.0,overstock,NO,9514439.76
SKU04986,Fundamental reciprocal core,Books,WH-CHE,1897.0,49.0,8775.38,205.0,overstock,NO,16646895.86
SKU04987,Reduced next generation throughput,Sports,WH-CHE,311.0,85.0,3424.99,192.0,overstock,NO,1065171.89
SKU04988,Customizable local access,Books,WH-DEL,312.0,98.0,4917.82,162.0,overstock,NO,1534359.84
SKU04989,Team-oriented zero administration architecture,Toys,WH-CHE,37.0,25.0,12130.01,237.0,healthy,NO,448810.37
SKU04990,Synchronized 3rdgeneration model,Home & Kitchen,WH-BLR,1856.0,73.0,6860.76,158.0,overstock,NO,12733570.56
SKU04991,Open-source transitional leverage,Sports,WH-MUM,1383.0,31.0,2850.01,254.0,overstock,NO,3941563.83
SKU04992,Polarized incremental website,Clothing,WH-CHE,1295.0,16.0,1160.33,177.0,overstock,NO,1502627.35
SKU04993,Stand-alone bi-directional system engine,Toys,WH-MUM,1560.0,40.0,9738.12,269.0,overstock,NO,15191467.2
SKU04994,Switchable interactive interface,Grocery,WH-CHE,1295.0,23.0,2922.59,131.0,overstock,NO,3784754.05
SKU04995,Switchable zero administration instruction set,Books,WH-CHE,1855.0,41.0,161.17,279.0,overstock,NO,298970.35
SKU04996,Cross-platform reciprocal policy,Sports,WH-MUM,332.0,72.0,5581.42,211.0,overstock,NO,1853031.44
SKU04997,Robust human-resource core,Electronics,WH-MUM,790.0,35.0,3148.91,299.0,overstock,NO,2487638.9
SKU04998,Compatible client-server standardization,Grocery,WH-BLR,314.0,63.0,4000.82,235.0,overstock,NO,1256257.48
SKU04999,Configurable analyzing access,Toys,WH-CHE,1858.0,60.0,14467.92,224.0,overstock,NO,26881395.36
SKU05000,Front-line disintermediate parallelism,Electronics,WH-BLR,1962.0,80.0,11231.38,235.0,overstock,NO,22035967.56
