item_id,order_id,sku_id,product_name,category,quantity,unit_price,line_total,load_ts,bronze_ingestion_timestamp,source_file_name,load_date,quarantine_reason
ITEM000000001,ORD00022044,SKU00069,Organized grid-enabled access,Beauty,,-882.67,,2025-04-17 06:00:00,2026-08-07 20:10:16,order_items.csv,2026-08-07,Missing quantity
ITEM000000068,ORD00025619,SKU04829,Adaptive uniform support,Clothing,,5139.6,,2025-04-17 06:00:00,2026-08-07 20:10:16,order_items.csv,2026-08-07,Missing quantity
ITEM000000101,ORD00029032,SKU01612,Organized multi-tasking emulation,Home & Kitchen,3.0,-9871.2,-29613.600000000002,2025-04-17 06:00:00,2026-08-07 20:10:16,order_items.csv,2026-08-07,Negative unit_price
ITEM000000135,ORD00018413,SKU04742,Pre-emptive value-added application,Clothing,,6224.8,,2025-04-17 06:00:00,2026-08-07 20:10:16,order_items.csv,2026-08-07,Missing quantity
ITEM000000201,ORD00002434,SKU04960,Re-contextualized neutral definition,Books,4.0,-3168.71,-12674.84,2025-04-17 06:00:00,2026-08-07 20:10:16,order_items.csv,2026-08-07,Negative unit_price
ITEM000000202,ORD00028957,SKU03087,Grass-roots fresh-thinking circuit,Sports,,7036.17,,2025-04-17 06:00:00,2026-08-07 20:10:16,order_items.csv,2026-08-07,Missing quantity
ITEM000000269,ORD00001382,SKU03924,Function-based full-range model,Electronics,,9150.02,,2025-04-17 06:00:00,2026-08-07 20:10:16,order_items.csv,2026-08-07,Missing quantity
ITEM000000301,ORD00046168,SKU00483,Self-enabling asymmetric process improvement,Toys,7.0,-6769.13,-47383.91,2025-04-17 06:00:00,2026-08-07 20:10:16,order_items.csv,2026-08-07,Negative unit_price
ITEM000000336,ORD00042993,SKU01203,Grass-roots well-modulated hub,Electronics,,10099.54,,2025-04-17 06:00:00,2026-08-07 20:10:16,order_items.csv,2026-08-07,Missing quantity
ITEM000000401,ORD00001253,SKU00166,Realigned modular archive,Sports,7.0,-241.27,-1688.89,2025-04-17 06:00:00,2026-08-07 20:10:16,order_items.csv,2026-08-07,Negative unit_price
ITEM000000403,ORD00001040,SKU04342,De-engineered 4thgeneration functionalities,Home & Kitchen,,9639.05,,2025-04-17 06:00:00,2026-08-07 20:10:16,order_items.csv,2026-08-07,Missing quantity
ITEM000000470,ORD00014932,SKU00540,Business-focused user-facing hierarchy,Home & Kitchen,,12246.51,,2025-04-17 06:00:00,2026-08-07 20:10:16,order_items.csv,2026-08-07,Missing quantity
ITEM000000501,ORD00020381,SKU00511,Total multi-state hub,Clothing,10.0,-12754.52,-127545.20000000001,2025-04-17 06:00:00,2026-08-07 20:10:16,order_items.csv,2026-08-07,Negative unit_price
ITEM000000537,ORD00022143,SKU03570,Optional real-time help-desk,Toys,,12226.36,,2025-04-17 06:00:00,2026-08-07 20:10:16,order_items.csv,2026-08-07,Missing quantity
ITEM000000601,ORD00024750,SKU01013,Inverse value-added budgetary management,Beauty,7.0,-11482.48,-80377.36,2025-04-17 06:00:00,2026-08-07 20:10:16,order_items.csv,2026-08-07,Negative unit_price
ITEM000000604,ORD00029497,SKU02548,Business-focused regional capacity,Toys,,4539.8,,2025-04-17 06:00:00,2026-08-07 20:10:16,order_items.csv,2026-08-07,Missing quantity
ITEM000000671,ORD00002730,SKU03182,Cross-group motivating core,Sports,,885.31,,2025-04-17 06:00:00,2026-08-07 20:10:16,order_items.csv,2026-08-07,Missing quantity
ITEM000000701,ORD00039245,SKU01720,Phased intangible superstructure,Grocery,4.0,-12757.37,-51029.48,2025-04-17 06:00:00,2026-08-07 20:10:16,order_items.csv,2026-08-07,Negative unit_price
ITEM000000738,ORD00025559,SKU00246,Multi-tiered neutral groupware,Beauty,,7040.52,,2025-04-17 06:00:00,2026-08-07 20:10:16,order_items.csv,2026-08-07,Missing quantity
ITEM000000801,ORD00007557,SKU04791,Cross-group leadingedge benchmark,Books,6.0,-12897.49,-77384.94,2025-04-17 06:00:00,2026-08-07 20:10:16,order_items.csv,2026-08-07,Negative unit_price
ITEM000000805,ORD00025293,SKU02241,Digitized zero-defect standardization,Grocery,,1375.66,,2025-04-17 06:00:00,2026-08-07 20:10:16,order_items.csv,2026-08-07,Missing quantity
ITEM000000872,ORD00021495,SKU02079,Horizontal reciprocal toolset,Books,,3563.84,,2025-04-17 06:00:00,2026-08-07 20:10:16,order_items.csv,2026-08-07,Missing quantity
ITEM000000901,ORD00041192,SKU03568,Future-proofed modular toolset,Books,5.0,-12578.68,-62893.4,2025-04-17 06:00:00,2026-08-07 20:10:16,order_items.csv,2026-08-07,Negative unit_price
ITEM000000939,ORD00027234,SKU04592,Open-architected maximized Local Area Network,Home & Kitchen,,11711.42,,2025-04-17 06:00:00,2026-08-07 20:10:16,order_items.csv,2026-08-07,Missing quantity
ITEM000001001,ORD00015714,SKU04568,User-centric client-server productivity,Electronics,3.0,-14122.73,-42368.19,2025-04-17 06:00:00,2026-08-07 20:10:16,order_items.csv,2026-08-07,Negative unit_price
ITEM000001006,ORD00023921,SKU03134,Cloned didactic hardware,Home & Kitchen,,12062.1,,2025-04-17 06:00:00,2026-08-07 20:10:16,order_items.csv,2026-08-07,Missing quantity
ITEM000001073,ORD00043597,SKU00667,Horizontal multimedia access,Beauty,,8964.05,,2025-04-17 06:00:00,2026-08-07 20:10:16,order_items.csv,2026-08-07,Missing quantity
ITEM000001101,ORD00012617,SKU01311,Balanced client-driven functionalities,Toys,4.0,-14002.54,-56010.16,2025-04-17 06:00:00,2026-08-07 20:10:16,order_items.csv,2026-08-07,Negative unit_price
ITEM000001140,ORD00049182,SKU02081,Front-line optimizing extranet,Clothing,,4704.32,,2025-04-17 06:00:00,2026-08-07 20:10:16,order_items.csv,2026-08-07,Missing quantity
ITEM000001201,ORD00002744,SKU04869,Cross-group clear-thinking infrastructure,Electronics,9.0,-14587.04,-131283.36000000002,2025-04-17 06:00:00,2026-08-07 20:10:16,order_items.csv,2026-08-07,Negative unit_price
ITEM000001207,ORD00036459,SKU04397,Optimized client-driven structure,Toys,,7318.57,,2025-04-17 06:00:00,2026-08-07 20:10:16,order_items.csv,2026-08-07,Missing quantity
ITEM000001274,ORD00034724,SKU02927,Public-key 5thgeneration intranet,Books,,3668.29,,2025-04-17 06:00:00,2026-08-07 20:10:16,order_items.csv,2026-08-07,Missing quantity
ITEM000001301,ORD00028723,SKU00991,Business-focused 4thgeneration leverage,Books,10.0,-952.24,-9522.4,2025-04-17 06:00:00,2026-08-07 20:10:16,order_items.csv,2026-08-07,Negative unit_price
ITEM000001341,ORD00031392,SKU00584,Reduced attitude-oriented Internet solution,Toys,,1153.3,,2025-04-17 06:00:00,2026-08-07 20:10:16,order_items.csv,2026-08-07,Missing quantity
ITEM000001401,ORD00003640,SKU00478,Enterprise-wide tangible groupware,Grocery,10.0,-7760.69,-77606.9,2025-04-17 06:00:00,2026-08-07 20:10:16,order_items.csv,2026-08-07,Negative unit_price
ITEM000001408,ORD00007535,SKU02775,Future-proofed actuating capacity,Sports,,1173.05,,2025-04-17 06:00:00,2026-08-07 20:10:16,order_items.csv,2026-08-07,Missing quantity
ITEM000001475,ORD00012060,SKU04573,Persistent bandwidth-monitored adapter,Books,,13431.26,,2025-04-17 06:00:00,2026-08-07 20:10:16,order_items.csv,2026-08-07,Missing quantity
ITEM000001501,ORD00042055,SKU00785,Distributed homogeneous help-desk,Beauty,10.0,-5185.4,-51854.0,2025-04-17 06:00:00,2026-08-07 20:10:16,order_items.csv,2026-08-07,Negative unit_price
ITEM000001542,ORD00038164,SKU01351,Phased national adapter,Toys,,11399.03,,2025-04-17 06:00:00,2026-08-07 20:10:16,order_items.csv,2026-08-07,Missing quantity
ITEM000001601,ORD00008076,SKU04246,Extended systematic moderator,Grocery,2.0,-13444.88,-26889.76,2025-04-17 06:00:00,2026-08-07 20:10:16,order_items.csv,2026-08-07,Negative unit_price
ITEM000001609,ORD00019916,SKU02878,Advanced zero tolerance product,Clothing,,4583.16,,2025-04-17 06:00:00,2026-08-07 20:10:16,order_items.csv,2026-08-07,Missing quantity
ITEM000001676,ORD00033678,SKU03722,Enhanced executive customer loyalty,Sports,,4949.18,,2025-04-17 06:00:00,2026-08-07 20:10:16,order_items.csv,2026-08-07,Missing quantity
ITEM000001701,ORD00024447,SKU04879,Total user-facing algorithm,Sports,9.0,-8822.39,-79401.51,2025-04-17 06:00:00,2026-08-07 20:10:16,order_items.csv,2026-08-07,Negative unit_price
ITEM000001743,ORD00045632,SKU01388,Devolved foreground productivity,Clothing,,12753.46,,2025-04-17 06:00:00,2026-08-07 20:10:16,order_items.csv,2026-08-07,Missing quantity
ITEM000001801,ORD00035910,SKU02058,Extended explicit flexibility,Books,10.0,-12565.49,-125654.9,2025-04-17 06:00:00,2026-08-07 20:10:16,order_items.csv,2026-08-07,Negative unit_price
ITEM000001810,ORD00030021,SKU00718,Synergistic mobile circuit,Home & Kitchen,,13599.96,,2025-04-17 06:00:00,2026-08-07 20:10:16,order_items.csv,2026-08-07,Missing quantity
ITEM000001877,ORD00043578,SKU02159,Streamlined high-level archive,Sports,,8827.16,,2025-04-17 06:00:00,2026-08-07 20:10:16,order_items.csv,2026-08-07,Missing quantity
ITEM000001901,ORD00011393,SKU04653,Right-sized mission-critical protocol,Sports,5.0,-6220.29,-31101.45,2025-04-17 06:00:00,2026-08-07 20:10:16,order_items.csv,2026-08-07,Negative unit_price
ITEM000001944,ORD00030126,SKU04942,Re-engineered scalable hierarchy,Toys,,12621.08,,2025-04-17 06:00:00,2026-08-07 20:10:16,order_items.csv,2026-08-07,Missing quantity
ITEM000002001,ORD00011111,SKU00010,User-friendly system-worthy parallelism,Beauty,1.0,-11638.79,-11638.79,2025-04-17 06:00:00,2026-08-07 20:10:16,order_items.csv,2026-08-07,Negative unit_price
ITEM000002011,ORD00025162,SKU01196,Re-engineered impactful standardization,Grocery,,13550.18,,2025-04-17 06:00:00,2026-08-07 20:10:16,order_items.csv,2026-08-07,Missing quantity
ITEM000002078,ORD00012229,SKU01181,Quality-focused composite frame,Books,,1585.71,,2025-04-17 06:00:00,2026-08-07 20:10:16,order_items.csv,2026-08-07,Missing quantity
ITEM000002101,ORD00048659,SKU00807,Sharable needs-based focus group,Toys,4.0,-1223.91,-4895.64,2025-04-17 06:00:00,2026-08-07 20:10:16,order_items.csv,2026-08-07,Negative unit_price
ITEM000002145,ORD00006920,SKU02658,Inverse stable array,Home & Kitchen,,11565.64,,2025-04-17 06:00:00,2026-08-07 20:10:16,order_items.csv,2026-08-07,Missing quantity
ITEM000002201,ORD00038974,SKU04978,Self-enabling reciprocal model,Beauty,1.0,-6016.7,-6016.7,2025-04-17 06:00:00,2026-08-07 20:10:16,order_items.csv,2026-08-07,Negative unit_price
ITEM000002212,ORD00034713,SKU01467,Extended interactive standardization,Beauty,,14428.24,,2025-04-17 06:00:00,2026-08-07 20:10:16,order_items.csv,2026-08-07,Missing quantity
ITEM000002279,ORD00022333,SKU02244,Devolved interactive alliance,Books,,9507.3,,2025-04-17 06:00:00,2026-08-07 20:10:16,order_items.csv,2026-08-07,Missing quantity
ITEM000002301,ORD00044294,SKU04342,De-engineered 4thgeneration functionalities,Home & Kitchen,6.0,-9639.05,-57834.299999999996,2025-04-17 06:00:00,2026-08-07 20:10:16,order_items.csv,2026-08-07,Negative unit_price
ITEM000002346,ORD00011614,SKU02622,Ergonomic system-worthy protocol,Beauty,,8483.62,,2025-04-17 06:00:00,2026-08-07 20:10:16,order_items.csv,2026-08-07,Missing quantity
ITEM000002401,ORD00037876,SKU03705,Optional encompassing support,Beauty,5.0,-6555.02,-32775.100000000006,2025-04-17 06:00:00,2026-08-07 20:10:16,order_items.csv,2026-08-07,Negative unit_price
ITEM000002413,ORD00010377,SKU04332,Re-engineered didactic challenge,Home & Kitchen,,6591.99,,2025-04-17 06:00:00,2026-08-07 20:10:16,order_items.csv,2026-08-07,Missing quantity
ITEM000002480,ORD00014014,SKU00774,Profound holistic service-desk,Beauty,,9993.6,,2025-04-17 06:00:00,2026-08-07 20:10:16,order_items.csv,2026-08-07,Missing quantity
ITEM000002501,ORD00045215,SKU01084,Triple-buffered incremental superstructure,Sports,1.0,-5929.55,-5929.55,2025-04-17 06:00:00,2026-08-07 20:10:16,order_items.csv,2026-08-07,Negative unit_price
ITEM000002547,ORD00031075,SKU01140,Horizontal tertiary monitoring,Toys,,11303.6,,2025-04-17 06:00:00,2026-08-07 20:10:16,order_items.csv,2026-08-07,Missing quantity
ITEM000002601,ORD00006264,SKU02526,Fundamental interactive conglomeration,Toys,5.0,-3921.7,-19608.5,2025-04-17 06:00:00,2026-08-07 20:10:16,order_items.csv,2026-08-07,Negative unit_price
ITEM000002614,ORD00002345,SKU00577,Fully-configurable motivating function,Grocery,,282.85,,2025-04-17 06:00:00,2026-08-07 20:10:16,order_items.csv,2026-08-07,Missing quantity
ITEM000002681,ORD00047793,SKU03666,Ergonomic reciprocal protocol,Books,,11147.15,,2025-04-17 06:00:00,2026-08-07 20:10:16,order_items.csv,2026-08-07,Missing quantity
ITEM000002701,ORD00010466,SKU00104,Synchronized human-resource Internet solution,Toys,3.0,-12511.54,-37534.62,2025-04-17 06:00:00,2026-08-07 20:10:16,order_items.csv,2026-08-07,Negative unit_price
ITEM000002748,ORD00008261,SKU04998,Compatible client-server standardization,Grocery,,4000.82,,2025-04-17 06:00:00,2026-08-07 20:10:16,order_items.csv,2026-08-07,Missing quantity
ITEM000002801,ORD00026457,SKU03175,Vision-oriented real-time success,Books,5.0,-1037.12,-5185.599999999999,2025-04-17 06:00:00,2026-08-07 20:10:16,order_items.csv,2026-08-07,Negative unit_price
ITEM000002815,ORD00024073,SKU02836,Reverse-engineered fault-tolerant database,Toys,,12245.58,,2025-04-17 06:00:00,2026-08-07 20:10:16,order_items.csv,2026-08-07,Missing quantity
ITEM000002882,ORD00024186,SKU04747,Compatible zero administration data-warehouse,Grocery,,13691.78,,2025-04-17 06:00:00,2026-08-07 20:10:16,order_items.csv,2026-08-07,Missing quantity
ITEM000002901,ORD00032979,SKU00908,Optimized composite emulation,Toys,1.0,-14465.17,-14465.17,2025-04-17 06:00:00,2026-08-07 20:10:16,order_items.csv,2026-08-07,Negative unit_price
ITEM000002949,ORD00020511,SKU04018,Polarized value-added artificial intelligence,Toys,,5367.72,,2025-04-17 06:00:00,2026-08-07 20:10:16,order_items.csv,2026-08-07,Missing quantity
ITEM000003001,ORD00033807,SKU00664,Stand-alone zero-defect product,Electronics,2.0,-10615.14,-21230.28,2025-04-17 06:00:00,2026-08-07 20:10:16,order_items.csv,2026-08-07,Negative unit_price
ITEM000003016,ORD00032319,SKU02796,Networked multimedia collaboration,Beauty,,2385.74,,2025-04-17 06:00:00,2026-08-07 20:10:16,order_items.csv,2026-08-07,Missing quantity
ITEM000003083,ORD00012044,SKU04112,Public-key heuristic alliance,Books,,10430.76,,2025-04-17 06:00:00,2026-08-07 20:10:16,order_items.csv,2026-08-07,Missing quantity
ITEM000003101,ORD00003211,SKU04202,Secured non-volatile parallelism,Sports,3.0,-11664.43,-34993.29,2025-04-17 06:00:00,2026-08-07 20:10:16,order_items.csv,2026-08-07,Negative unit_price
ITEM000003150,ORD00007507,SKU01632,Profit-focused intermediate Graphical User Interfa,Toys,,6867.69,,2025-04-17 06:00:00,2026-08-07 20:10:16,order_items.csv,2026-08-07,Missing quantity
ITEM000003201,ORD00014054,SKU00546,Re-contextualized incremental budgetary management,Books,8.0,-5972.66,-47781.28,2025-04-17 06:00:00,2026-08-07 20:10:16,order_items.csv,2026-08-07,Negative unit_price
ITEM000003217,ORD00036835,SKU04903,Reverse-engineered discrete parallelism,Grocery,,3524.59,,2025-04-17 06:00:00,2026-08-07 20:10:16,order_items.csv,2026-08-07,Missing quantity
ITEM000003284,ORD00042163,SKU03316,Inverse heuristic analyzer,Toys,,3212.58,,2025-04-17 06:00:00,2026-08-07 20:10:16,order_items.csv,2026-08-07,Missing quantity
ITEM000003301,ORD00022610,SKU02944,Ameliorated demand-driven database,Clothing,5.0,-2990.31,-14951.55,2025-04-17 06:00:00,2026-08-07 20:10:16,order_items.csv,2026-08-07,Negative unit_price
ITEM000003351,ORD00016415,SKU03820,Public-key next generation array,Sports,,2876.33,,2025-04-17 06:00:00,2026-08-07 20:10:16,order_items.csv,2026-08-07,Missing quantity
ITEM000003401,ORD00016174,SKU02854,Cloned tertiary alliance,Clothing,8.0,-1543.04,-12344.32,2025-04-17 06:00:00,2026-08-07 20:10:16,order_items.csv,2026-08-07,Negative unit_price
ITEM000003418,ORD00007275,SKU04818,Profit-focused grid-enabled help-desk,Home & Kitchen,,4841.3,,2025-04-17 06:00:00,2026-08-07 20:10:16,order_items.csv,2026-08-07,Missing quantity
ITEM000003485,ORD00045448,SKU03224,Diverse bottom-line moratorium,Electronics,,14489.53,,2025-04-17 06:00:00,2026-08-07 20:10:16,order_items.csv,2026-08-07,Missing quantity
ITEM000003501,ORD00012695,SKU04093,Open-source asymmetric open system,Clothing,9.0,-5997.14,-53974.26,2025-04-17 06:00:00,2026-08-07 20:10:16,order_items.csv,2026-08-07,Negative unit_price
ITEM000003552,ORD00021349,SKU01073,Quality-focused bifurcated frame,Beauty,,11280.85,,2025-04-17 06:00:00,2026-08-07 20:10:16,order_items.csv,2026-08-07,Missing quantity
ITEM000003601,ORD00045567,SKU04091,Cloned coherent throughput,Books,5.0,-11143.69,-55718.450000000004,2025-04-17 06:00:00,2026-08-07 20:10:16,order_items.csv,2026-08-07,Negative unit_price
ITEM000003619,ORD00039705,SKU00828,Face-to-face scalable synergy,Grocery,,8190.74,,2025-04-17 06:00:00,2026-08-07 20:10:16,order_items.csv,2026-08-07,Missing quantity
ITEM000003686,ORD00047226,SKU00498,Polarized neutral complexity,Clothing,,5906.33,,2025-04-17 06:00:00,2026-08-07 20:10:16,order_items.csv,2026-08-07,Missing quantity
ITEM000003701,ORD00023001,SKU00051,Fundamental impactful superstructure,Books,5.0,-117.73,-588.65,2025-04-17 06:00:00,2026-08-07 20:10:16,order_items.csv,2026-08-07,Negative unit_price
ITEM000003753,ORD00038013,SKU01541,Quality-focused responsive algorithm,Toys,,6078.52,,2025-04-17 06:00:00,2026-08-07 20:10:16,order_items.csv,2026-08-07,Missing quantity
ITEM000003801,ORD00010184,SKU01320,Universal exuding hardware,Grocery,2.0,-10299.14,-20598.28,2025-04-17 06:00:00,2026-08-07 20:10:16,order_items.csv,2026-08-07,Negative unit_price
ITEM000003820,ORD00001614,SKU03224,Diverse bottom-line moratorium,Electronics,,14489.53,,2025-04-17 06:00:00,2026-08-07 20:10:16,order_items.csv,2026-08-07,Missing quantity
ITEM000003887,ORD00020371,SKU03519,Up-sized optimal artificial intelligence,Toys,,3222.22,,2025-04-17 06:00:00,2026-08-07 20:10:16,order_items.csv,2026-08-07,Missing quantity
ITEM000003901,ORD00009178,SKU00017,Public-key logistical structure,Clothing,9.0,-7208.39,-64875.51,2025-04-17 06:00:00,2026-08-07 20:10:16,order_items.csv,2026-08-07,Negative unit_price
ITEM000003954,ORD00035528,SKU02893,Advanced optimizing open architecture,Toys,,13177.51,,2025-04-17 06:00:00,2026-08-07 20:10:16,order_items.csv,2026-08-07,Missing quantity
ITEM000004001,ORD00038198,SKU01839,User-friendly executive solution,Books,10.0,-14083.61,-140836.1,2025-04-17 06:00:00,2026-08-07 20:10:16,order_items.csv,2026-08-07,Negative unit_price
ITEM000004021,ORD00025709,SKU02443,Ergonomic full-range open system,Beauty,,8184.12,,2025-04-17 06:00:00,2026-08-07 20:10:16,order_items.csv,2026-08-07,Missing quantity
ITEM000004088,ORD00035514,SKU01309,Virtual zero-defect implementation,Beauty,,3264.28,,2025-04-17 06:00:00,2026-08-07 20:10:16,order_items.csv,2026-08-07,Missing quantity
ITEM000004101,ORD00034849,SKU02459,Compatible grid-enabled firmware,Home & Kitchen,3.0,-14249.22,-42747.659999999996,2025-04-17 06:00:00,2026-08-07 20:10:16,order_items.csv,2026-08-07,Negative unit_price
ITEM000004155,ORD00004296,SKU00406,Optional hybrid hardware,Clothing,,2708.37,,2025-04-17 06:00:00,2026-08-07 20:10:16,order_items.csv,2026-08-07,Missing quantity
ITEM000004201,ORD00008920,SKU01049,Focused solution-oriented complexity,Grocery,4.0,-3386.15,-13544.6,2025-04-17 06:00:00,2026-08-07 20:10:16,order_items.csv,2026-08-07,Negative unit_price
ITEM000004222,ORD00003112,SKU01585,Integrated high-level moderator,Beauty,,11025.31,,2025-04-17 06:00:00,2026-08-07 20:10:16,order_items.csv,2026-08-07,Missing quantity
ITEM000004289,ORD00038617,SKU00247,Monitored 6thgeneration service-desk,Home & Kitchen,,8069.28,,2025-04-17 06:00:00,2026-08-07 20:10:16,order_items.csv,2026-08-07,Missing quantity
ITEM000004301,ORD00015281,SKU02488,Open-architected logistical analyzer,Beauty,3.0,-4416.29,-13248.869999999999,2025-04-17 06:00:00,2026-08-07 20:10:16,order_items.csv,2026-08-07,Negative unit_price
ITEM000004356,ORD00030714,SKU03357,Exclusive system-worthy circuit,Electronics,,14604.91,,2025-04-17 06:00:00,2026-08-07 20:10:16,order_items.csv,2026-08-07,Missing quantity
ITEM000004401,ORD00030237,SKU00109,Synchronized user-facing Graphic Interface,Toys,6.0,-8236.02,-49416.12,2025-04-17 06:00:00,2026-08-07 20:10:16,order_items.csv,2026-08-07,Negative unit_price
ITEM000004423,ORD00021093,SKU04761,Synchronized directional migration,Beauty,,1872.73,,2025-04-17 06:00:00,2026-08-07 20:10:16,order_items.csv,2026-08-07,Missing quantity
ITEM000004490,ORD00043193,SKU03705,Optional encompassing support,Beauty,,6555.02,,2025-04-17 06:00:00,2026-08-07 20:10:16,order_items.csv,2026-08-07,Missing quantity
ITEM000004501,ORD00019922,SKU02621,Enhanced disintermediate knowledge user,Toys,9.0,-736.62,-6629.58,2025-04-17 06:00:00,2026-08-07 20:10:16,order_items.csv,2026-08-07,Negative unit_price
ITEM000004557,ORD00013641,SKU03472,Configurable full-range process improvement,Clothing,,8396.07,,2025-04-17 06:00:00,2026-08-07 20:10:16,order_items.csv,2026-08-07,Missing quantity
ITEM000004601,ORD00049253,SKU00961,Robust upward-trending secured line,Grocery,1.0,-371.07,-371.07,2025-04-17 06:00:00,2026-08-07 20:10:16,order_items.csv,2026-08-07,Negative unit_price
ITEM000004624,ORD00008355,SKU01645,Synergistic background standardization,Sports,,12609.61,,2025-04-17 06:00:00,2026-08-07 20:10:16,order_items.csv,2026-08-07,Missing quantity
ITEM000004691,ORD00048749,SKU01905,Streamlined modular array,Toys,,11378.38,,2025-04-17 06:00:00,2026-08-07 20:10:16,order_items.csv,2026-08-07,Missing quantity
ITEM000004701,ORD00023634,SKU03196,Multi-channeled coherent infrastructure,Books,8.0,-6641.89,-53135.12,2025-04-17 06:00:00,2026-08-07 20:10:16,order_items.csv,2026-08-07,Negative unit_price
ITEM000004758,ORD00023889,SKU00957,Fundamental local capability,Toys,,9670.76,,2025-04-17 06:00:00,2026-08-07 20:10:16,order_items.csv,2026-08-07,Missing quantity
ITEM000004801,ORD00026179,SKU00881,Enterprise-wide disintermediate methodology,Grocery,2.0,-13418.59,-26837.18,2025-04-17 06:00:00,2026-08-07 20:10:16,order_items.csv,2026-08-07,Negative unit_price
ITEM000004825,ORD00020217,SKU03727,Re-contextualized client-driven orchestration,Toys,,744.62,,2025-04-17 06:00:00,2026-08-07 20:10:16,order_items.csv,2026-08-07,Missing quantity
ITEM000004892,ORD00047114,SKU02137,Fully-configurable even-keeled standardization,Books,,11298.34,,2025-04-17 06:00:00,2026-08-07 20:10:16,order_items.csv,2026-08-07,Missing quantity
ITEM000004901,ORD00003686,SKU02116,Front-line demand-driven emulation,Books,10.0,-6337.64,-63376.4,2025-04-17 06:00:00,2026-08-07 20:10:16,order_items.csv,2026-08-07,Negative unit_price
ITEM000004959,ORD00034533,SKU03445,Integrated high-level toolset,Toys,,11252.82,,2025-04-17 06:00:00,2026-08-07 20:10:16,order_items.csv,2026-08-07,Missing quantity
ITEM000005001,ORD00031458,SKU01853,Diverse user-facing matrices,Beauty,3.0,-4760.12,-14280.36,2025-04-17 06:00:00,2026-08-07 20:10:16,order_items.csv,2026-08-07,Negative unit_price
ITEM000005026,ORD00010771,SKU02517,Networked analyzing service-desk,Books,,9804.26,,2025-04-17 06:00:00,2026-08-07 20:10:16,order_items.csv,2026-08-07,Missing quantity
ITEM000005093,ORD00033688,SKU00462,Universal optimizing algorithm,Toys,,3599.83,,2025-04-17 06:00:00,2026-08-07 20:10:16,order_items.csv,2026-08-07,Missing quantity
ITEM000005101,ORD00025740,SKU01064,Robust transitional circuit,Sports,6.0,-8485.99,-50915.94,2025-04-17 06:00:00,2026-08-07 20:10:16,order_items.csv,2026-08-07,Negative unit_price
ITEM000005160,ORD00038790,SKU02430,Multi-tiered empowering ability,Sports,,8792.58,,2025-04-17 06:00:00,2026-08-07 20:10:16,order_items.csv,2026-08-07,Missing quantity
ITEM000005201,ORD00011499,SKU00038,Fully-configurable optimal groupware,Toys,10.0,-6398.37,-63983.7,2025-04-17 06:00:00,2026-08-07 20:10:16,order_items.csv,2026-08-07,Negative unit_price
ITEM000005227,ORD00010829,SKU01164,Right-sized client-driven system engine,Sports,,724.73,,2025-04-17 06:00:00,2026-08-07 20:10:16,order_items.csv,2026-08-07,Missing quantity
ITEM000005294,ORD00016634,SKU01675,Realigned fault-tolerant utilization,Grocery,,12134.01,,2025-04-17 06:00:00,2026-08-07 20:10:16,order_items.csv,2026-08-07,Missing quantity
ITEM000005301,ORD00036029,SKU04131,Multi-lateral foreground challenge,Electronics,4.0,-1617.57,-6470.28,2025-04-17 06:00:00,2026-08-07 20:10:16,order_items.csv,2026-08-07,Negative unit_price
ITEM000005361,ORD00029493,SKU02733,Streamlined mobile intranet,Sports,,12482.11,,2025-04-17 06:00:00,2026-08-07 20:10:16,order_items.csv,2026-08-07,Missing quantity
ITEM000005401,ORD00030658,SKU00926,Versatile eco-centric process improvement,Electronics,1.0,-11731.2,-11731.2,2025-04-17 06:00:00,2026-08-07 20:10:16,order_items.csv,2026-08-07,Negative unit_price
ITEM000005428,ORD00034059,SKU01277,Front-line 24/7 interface,Grocery,,3072.66,,2025-04-17 06:00:00,2026-08-07 20:10:16,order_items.csv,2026-08-07,Missing quantity
ITEM000005495,ORD00018958,SKU02506,Ameliorated encompassing utilization,Clothing,,185.67,,2025-04-17 06:00:00,2026-08-07 20:10:16,order_items.csv,2026-08-07,Missing quantity
ITEM000005501,ORD00014221,SKU01623,Organized upward-trending encoding,Beauty,6.0,-7674.48,-46046.88,2025-04-17 06:00:00,2026-08-07 20:10:16,order_items.csv,2026-08-07,Negative unit_price
ITEM000005562,ORD00034113,SKU03359,Reverse-engineered radical database,Home & Kitchen,,2383.71,,2025-04-17 06:00:00,2026-08-07 20:10:16,order_items.csv,2026-08-07,Missing quantity
ITEM000005601,ORD00026970,SKU03618,Future-proofed empowering projection,Grocery,6.0,-3681.9,-22091.4,2025-04-17 06:00:00,2026-08-07 20:10:16,order_items.csv,2026-08-07,Negative unit_price
ITEM000005629,ORD00032015,SKU04478,Managed content-based encoding,Toys,,12697.27,,2025-04-17 06:00:00,2026-08-07 20:10:16,order_items.csv,2026-08-07,Missing quantity
ITEM000005696,ORD00007703,SKU01232,Open-source directional application,Electronics,,1351.11,,2025-04-17 06:00:00,2026-08-07 20:10:16,order_items.csv,2026-08-07,Missing quantity
ITEM000005701,ORD00036616,SKU04419,Multi-lateral zero-defect projection,Electronics,8.0,-7340.6,-58724.8,2025-04-17 06:00:00,2026-08-07 20:10:16,order_items.csv,2026-08-07,Negative unit_price
ITEM000005763,ORD00023943,SKU00956,Down-sized background task-force,Books,,14887.52,,2025-04-17 06:00:00,2026-08-07 20:10:16,order_items.csv,2026-08-07,Missing quantity
ITEM000005801,ORD00040774,SKU01496,Optional heuristic secured line,Books,1.0,-1158.75,-1158.75,2025-04-17 06:00:00,2026-08-07 20:10:16,order_items.csv,2026-08-07,Negative unit_price
ITEM000005830,ORD00038428,SKU03276,Diverse context-sensitive architecture,Toys,,12411.63,,2025-04-17 06:00:00,2026-08-07 20:10:16,order_items.csv,2026-08-07,Missing quantity
ITEM000005897,ORD00016922,SKU01140,Horizontal tertiary monitoring,Toys,,11303.6,,2025-04-17 06:00:00,2026-08-07 20:10:16,order_items.csv,2026-08-07,Missing quantity
ITEM000005901,ORD00028415,SKU02543,Virtual logistical definition,Beauty,8.0,-5454.89,-43639.12,2025-04-17 06:00:00,2026-08-07 20:10:16,order_items.csv,2026-08-07,Negative unit_price
ITEM000005964,ORD00048607,SKU04345,Automated secondary synergy,Clothing,,8765.12,,2025-04-17 06:00:00,2026-08-07 20:10:16,order_items.csv,2026-08-07,Missing quantity
ITEM000006001,ORD00047508,SKU00325,Open-source optimal benchmark,Toys,8.0,-121.95,-975.6,2025-04-17 06:00:00,2026-08-07 20:10:16,order_items.csv,2026-08-07,Negative unit_price
ITEM000006031,ORD00045075,SKU04732,Cross-platform executive framework,Books,,276.2,,2025-04-17 06:00:00,2026-08-07 20:10:16,order_items.csv,2026-08-07,Missing quantity
ITEM000006098,ORD00004982,SKU03762,Centralized next generation implementation,Beauty,,12745.25,,2025-04-17 06:00:00,2026-08-07 20:10:16,order_items.csv,2026-08-07,Missing quantity
ITEM000006101,ORD00039815,SKU03040,Function-based exuding projection,Home & Kitchen,10.0,-4927.09,-49270.9,2025-04-17 06:00:00,2026-08-07 20:10:16,order_items.csv,2026-08-07,Negative unit_price
ITEM000006165,ORD00028888,SKU02560,Visionary radical knowledge user,Grocery,,6668.15,,2025-04-17 06:00:00,2026-08-07 20:10:16,order_items.csv,2026-08-07,Missing quantity
ITEM000006201,ORD00026653,SKU01909,Inverse 3rdgeneration benchmark,Toys,8.0,-12010.03,-96080.24,2025-04-17 06:00:00,2026-08-07 20:10:16,order_items.csv,2026-08-07,Negative unit_price
ITEM000006232,ORD00043131,SKU01836,Phased bifurcated concept,Grocery,,415.43,,2025-04-17 06:00:00,2026-08-07 20:10:16,order_items.csv,2026-08-07,Missing quantity
ITEM000006299,ORD00028562,SKU04522,Managed methodical service-desk,Home & Kitchen,,7291.45,,2025-04-17 06:00:00,2026-08-07 20:10:16,order_items.csv,2026-08-07,Missing quantity
ITEM000006301,ORD00046851,SKU01155,Quality-focused clear-thinking database,Electronics,7.0,-9407.76,-65854.32,2025-04-17 06:00:00,2026-08-07 20:10:16,order_items.csv,2026-08-07,Negative unit_price
ITEM000006366,ORD00005053,SKU04690,Assimilated intangible array,Electronics,,14744.01,,2025-04-17 06:00:00,2026-08-07 20:10:16,order_items.csv,2026-08-07,Missing quantity
ITEM000006401,ORD00024651,SKU00261,Balanced solution-oriented task-force,Grocery,6.0,-8167.79,-49006.74,2025-04-17 06:00:00,2026-08-07 20:10:16,order_items.csv,2026-08-07,Negative unit_price
ITEM000006433,ORD00038452,SKU02045,Distributed system-worthy portal,Books,,7085.91,,2025-04-17 06:00:00,2026-08-07 20:10:16,order_items.csv,2026-08-07,Missing quantity
ITEM000006500,ORD00007780,SKU03040,Function-based exuding projection,Home & Kitchen,,4927.09,,2025-04-17 06:00:00,2026-08-07 20:10:16,order_items.csv,2026-08-07,Missing quantity
ITEM000006501,ORD00003516,SKU02385,Inverse context-sensitive benchmark,Electronics,3.0,-10246.7,-30740.100000000002,2025-04-17 06:00:00,2026-08-07 20:10:16,order_items.csv,2026-08-07,Negative unit_price
ITEM000006567,ORD00022754,SKU04844,Vision-oriented disintermediate moderator,Electronics,,3206.92,,2025-04-17 06:00:00,2026-08-07 20:10:16,order_items.csv,2026-08-07,Missing quantity
ITEM000006601,ORD00034521,SKU02936,Seamless leadingedge definition,Beauty,1.0,-740.44,-740.44,2025-04-17 06:00:00,2026-08-07 20:10:16,order_items.csv,2026-08-07,Negative unit_price
ITEM000006634,ORD00012420,SKU04133,Profound zero-defect conglomeration,Electronics,,10860.47,,2025-04-17 06:00:00,2026-08-07 20:10:16,order_items.csv,2026-08-07,Missing quantity
ITEM000006701,ORD00047099,SKU00811,Reduced interactive complexity,Beauty,,-4433.25,,2025-04-17 06:00:00,2026-08-07 20:10:16,order_items.csv,2026-08-07,Missing quantity
ITEM000006768,ORD00024454,SKU03472,Configurable full-range process improvement,Clothing,,8396.07,,2025-04-17 06:00:00,2026-08-07 20:10:16,order_items.csv,2026-08-07,Missing quantity
ITEM000006801,ORD00024054,SKU00067,Fully-configurable stable success,Toys,9.0,-1127.91,-10151.19,2025-04-17 06:00:00,2026-08-07 20:10:16,order_items.csv,2026-08-07,Negative unit_price
ITEM000006835,ORD00017479,SKU00573,Grass-roots mobile emulation,Home & Kitchen,,1820.71,,2025-04-17 06:00:00,2026-08-07 20:10:16,order_items.csv,2026-08-07,Missing quantity
ITEM000006901,ORD00025415,SKU03232,Organic well-modulated array,Electronics,3.0,-14531.01,-43593.03,2025-04-17 06:00:00,2026-08-07 20:10:16,order_items.csv,2026-08-07,Negative unit_price
ITEM000006902,ORD00006140,SKU01255,Persevering actuating pricing structure,Books,,4162.39,,2025-04-17 06:00:00,2026-08-07 20:10:16,order_items.csv,2026-08-07,Missing quantity
ITEM000006969,ORD00029911,SKU01649,Up-sized human-resource instruction set,Home & Kitchen,,3953.77,,2025-04-17 06:00:00,2026-08-07 20:10:16,order_items.csv,2026-08-07,Missing quantity
ITEM000007001,ORD00037409,SKU00155,Assimilated mobile matrices,Toys,10.0,-12543.09,-125430.9,2025-04-17 06:00:00,2026-08-07 20:10:16,order_items.csv,2026-08-07,Negative unit_price
ITEM000007036,ORD00037575,SKU02837,Organized client-server task-force,Toys,,9760.06,,2025-04-17 06:00:00,2026-08-07 20:10:16,order_items.csv,2026-08-07,Missing quantity
ITEM000007101,ORD00010986,SKU02756,Open-source contextually-based forecast,Grocery,1.0,-1327.48,-1327.48,2025-04-17 06:00:00,2026-08-07 20:10:16,order_items.csv,2026-08-07,Negative unit_price
ITEM000007103,ORD00013872,SKU00666,Optional well-modulated projection,Books,,5551.24,,2025-04-17 06:00:00,2026-08-07 20:10:16,order_items.csv,2026-08-07,Missing quantity
ITEM000007170,ORD00047289,SKU01116,Optimized tangible customer loyalty,Home & Kitchen,,13581.48,,2025-04-17 06:00:00,2026-08-07 20:10:16,order_items.csv,2026-08-07,Missing quantity
ITEM000007201,ORD00045651,SKU02501,Adaptive content-based secured line,Clothing,4.0,-8815.54,-35262.16,2025-04-17 06:00:00,2026-08-07 20:10:16,order_items.csv,2026-08-07,Negative unit_price
ITEM000007237,ORD00017514,SKU02871,Stand-alone global info-mediaries,Sports,,4861.41,,2025-04-17 06:00:00,2026-08-07 20:10:16,order_items.csv,2026-08-07,Missing quantity
ITEM000007301,ORD00047872,SKU00340,Customizable fault-tolerant support,Grocery,9.0,-5462.76,-49164.840000000004,2025-04-17 06:00:00,2026-08-07 20:10:16,order_items.csv,2026-08-07,Negative unit_price
ITEM000007304,ORD00019471,SKU00030,Decentralized discrete strategy,Clothing,,456.06,,2025-04-17 06:00:00,2026-08-07 20:10:16,order_items.csv,2026-08-07,Missing quantity
ITEM000007371,ORD00000524,SKU03661,Secured grid-enabled synergy,Grocery,,9583.88,,2025-04-17 06:00:00,2026-08-07 20:10:16,order_items.csv,2026-08-07,Missing quantity
ITEM000007401,ORD00007725,SKU02323,Phased cohesive Internet solution,Grocery,2.0,-14615.39,-29230.78,2025-04-17 06:00:00,2026-08-07 20:10:16,order_items.csv,2026-08-07,Negative unit_price
ITEM000007438,ORD00040217,SKU03653,Universal user-facing initiative,Clothing,,5997.43,,2025-04-17 06:00:00,2026-08-07 20:10:16,order_items.csv,2026-08-07,Missing quantity
ITEM000007501,ORD00032879,SKU01273,Organized multimedia help-desk,Sports,2.0,-12281.52,-24563.04,2025-04-17 06:00:00,2026-08-07 20:10:16,order_items.csv,2026-08-07,Negative unit_price
ITEM000007505,ORD00022068,SKU02608,Reverse-engineered 24/7 budgetary management,Electronics,,5500.27,,2025-04-17 06:00:00,2026-08-07 20:10:16,order_items.csv,2026-08-07,Missing quantity
ITEM000007572,ORD00048923,SKU03158,Open-source responsive synergy,Books,,4302.5,,2025-04-17 06:00:00,2026-08-07 20:10:16,order_items.csv,2026-08-07,Missing quantity
ITEM000007601,ORD00038825,SKU02565,Secured real-time frame,Clothing,10.0,-9024.28,-90242.8,2025-04-17 06:00:00,2026-08-07 20:10:16,order_items.csv,2026-08-07,Negative unit_price
ITEM000007639,ORD00006526,SKU04682,Phased client-server productivity,Home & Kitchen,,11168.09,,2025-04-17 06:00:00,2026-08-07 20:10:16,order_items.csv,2026-08-07,Missing quantity
ITEM000007701,ORD00007592,SKU01782,Optional intermediate help-desk,Home & Kitchen,7.0,-1278.26,-8947.82,2025-04-17 06:00:00,2026-08-07 20:10:16,order_items.csv,2026-08-07,Negative unit_price
ITEM000007706,ORD00021145,SKU04185,Up-sized 24hour complexity,Clothing,,2512.22,,2025-04-17 06:00:00,2026-08-07 20:10:16,order_items.csv,2026-08-07,Missing quantity
ITEM000007773,ORD00010196,SKU02485,Synchronized bifurcated archive,Books,,14295.17,,2025-04-17 06:00:00,2026-08-07 20:10:16,order_items.csv,2026-08-07,Missing quantity
ITEM000007801,ORD00047977,SKU01478,Expanded optimizing open system,Beauty,3.0,-5830.1,-17490.300000000003,2025-04-17 06:00:00,2026-08-07 20:10:16,order_items.csv,2026-08-07,Negative unit_price
ITEM000007840,ORD00010503,SKU03462,Universal impactful array,Home & Kitchen,,6511.84,,2025-04-17 06:00:00,2026-08-07 20:10:16,order_items.csv,2026-08-07,Missing quantity
ITEM000007901,ORD00047972,SKU01411,Seamless mobile approach,Clothing,8.0,-6051.73,-48413.84,2025-04-17 06:00:00,2026-08-07 20:10:16,order_items.csv,2026-08-07,Negative unit_price
ITEM000007907,ORD00041185,SKU03733,Robust dedicated budgetary management,Clothing,,537.42,,2025-04-17 06:00:00,2026-08-07 20:10:16,order_items.csv,2026-08-07,Missing quantity
ITEM000007974,ORD00007627,SKU04695,Customizable clear-thinking focus group,Home & Kitchen,,264.48,,2025-04-17 06:00:00,2026-08-07 20:10:16,order_items.csv,2026-08-07,Missing quantity
ITEM000008001,ORD00018595,SKU04366,Streamlined cohesive task-force,Clothing,3.0,-13412.68,-40238.04,2025-04-17 06:00:00,2026-08-07 20:10:16,order_items.csv,2026-08-07,Negative unit_price
ITEM000008041,ORD00007799,SKU03813,Universal high-level flexibility,Electronics,,12997.72,,2025-04-17 06:00:00,2026-08-07 20:10:16,order_items.csv,2026-08-07,Missing quantity
ITEM000008101,ORD00037735,SKU00784,Cloned logistical framework,Grocery,1.0,-5720.84,-5720.84,2025-04-17 06:00:00,2026-08-07 20:10:16,order_items.csv,2026-08-07,Negative unit_price
ITEM000008108,ORD00013381,SKU02919,Programmable actuating focus group,Grocery,,14491.29,,2025-04-17 06:00:00,2026-08-07 20:10:16,order_items.csv,2026-08-07,Missing quantity
ITEM000008175,ORD00023790,SKU00962,Optimized bottom-line middleware,Electronics,,11724.34,,2025-04-17 06:00:00,2026-08-07 20:10:16,order_items.csv,2026-08-07,Missing quantity
ITEM000008201,ORD00029933,SKU04270,Reduced bifurcated intranet,Sports,9.0,-4124.33,-37118.97,2025-04-17 06:00:00,2026-08-07 20:10:16,order_items.csv,2026-08-07,Negative unit_price
ITEM000008242,ORD00034076,SKU01804,Extended mission-critical service-desk,Books,,3665.13,,2025-04-17 06:00:00,2026-08-07 20:10:16,order_items.csv,2026-08-07,Missing quantity
ITEM000008301,ORD00038306,SKU00285,Multi-channeled foreground benchmark,Clothing,1.0,-3246.75,-3246.75,2025-04-17 06:00:00,2026-08-07 20:10:16,order_items.csv,2026-08-07,Negative unit_price
ITEM000008309,ORD00044595,SKU00369,Extended 4thgeneration contingency,Electronics,,10197.1,,2025-04-17 06:00:00,2026-08-07 20:10:16,order_items.csv,2026-08-07,Missing quantity
ITEM000008376,ORD00032665,SKU01137,Diverse solution-oriented model,Sports,,1218.7,,2025-04-17 06:00:00,2026-08-07 20:10:16,order_items.csv,2026-08-07,Missing quantity
ITEM000008401,ORD00002974,SKU00451,Public-key intangible alliance,Sports,7.0,-2320.69,-16244.83,2025-04-17 06:00:00,2026-08-07 20:10:16,order_items.csv,2026-08-07,Negative unit_price
ITEM000008443,ORD00037730,SKU00335,Polarized zero administration secured line,Grocery,,10894.16,,2025-04-17 06:00:00,2026-08-07 20:10:16,order_items.csv,2026-08-07,Missing quantity
ITEM000008501,ORD00016506,SKU00034,Persistent logistical migration,Books,1.0,-3514.11,-3514.11,2025-04-17 06:00:00,2026-08-07 20:10:16,order_items.csv,2026-08-07,Negative unit_price
ITEM000008510,ORD00036807,SKU02130,Front-line 24/7 orchestration,Toys,,3693.57,,2025-04-17 06:00:00,2026-08-07 20:10:16,order_items.csv,2026-08-07,Missing quantity
ITEM000008577,ORD00028736,SKU00949,Fundamental radical access,Toys,,1188.11,,2025-04-17 06:00:00,2026-08-07 20:10:16,order_items.csv,2026-08-07,Missing quantity
ITEM000008601,ORD00024514,SKU00834,Sharable 24/7 open system,Toys,10.0,-6520.23,-65202.299999999996,2025-04-17 06:00:00,2026-08-07 20:10:16,order_items.csv,2026-08-07,Negative unit_price
ITEM000008644,ORD00008177,SKU03405,Centralized heuristic groupware,Beauty,,13625.59,,2025-04-17 06:00:00,2026-08-07 20:10:16,order_items.csv,2026-08-07,Missing quantity
ITEM000008701,ORD00014060,SKU01955,Multi-channeled systemic workforce,Home & Kitchen,9.0,-8250.04,-74250.36000000002,2025-04-17 06:00:00,2026-08-07 20:10:16,order_items.csv,2026-08-07,Negative unit_price
ITEM000008711,ORD00040210,SKU00752,Ergonomic tertiary secured line,Beauty,,7204.34,,2025-04-17 06:00:00,2026-08-07 20:10:16,order_items.csv,2026-08-07,Missing quantity
ITEM000008778,ORD00009175,SKU02685,Networked upward-trending framework,Toys,,1924.34,,2025-04-17 06:00:00,2026-08-07 20:10:16,order_items.csv,2026-08-07,Missing quantity
ITEM000008801,ORD00037686,SKU03789,Open-architected modular firmware,Clothing,5.0,-12886.88,-64434.399999999994,2025-04-17 06:00:00,2026-08-07 20:10:16,order_items.csv,2026-08-07,Negative unit_price
ITEM000008845,ORD00017991,SKU01823,Down-sized regional protocol,Electronics,,2858.7,,2025-04-17 06:00:00,2026-08-07 20:10:16,order_items.csv,2026-08-07,Missing quantity
ITEM000008901,ORD00009030,SKU03572,Organic optimizing standardization,Clothing,6.0,-6086.13,-36516.78,2025-04-17 06:00:00,2026-08-07 20:10:16,order_items.csv,2026-08-07,Negative unit_price
ITEM000008912,ORD00020081,SKU04919,Open-architected scalable process improvement,Books,,13946.94,,2025-04-17 06:00:00,2026-08-07 20:10:16,order_items.csv,2026-08-07,Missing quantity
ITEM000008979,ORD00034435,SKU00582,Expanded mission-critical middleware,Home & Kitchen,,5871.98,,2025-04-17 06:00:00,2026-08-07 20:10:16,order_items.csv,2026-08-07,Missing quantity
ITEM000009001,ORD00017407,SKU00334,Mandatory multi-tasking success,Sports,3.0,-13458.73,-40376.19,2025-04-17 06:00:00,2026-08-07 20:10:16,order_items.csv,2026-08-07,Negative unit_price
ITEM000009046,ORD00042229,SKU01689,Public-key multi-state methodology,Grocery,,4484.9,,2025-04-17 06:00:00,2026-08-07 20:10:16,order_items.csv,2026-08-07,Missing quantity
ITEM000009101,ORD00029854,SKU04987,Reduced next generation throughput,Sports,7.0,-3424.99,-23974.93,2025-04-17 06:00:00,2026-08-07 20:10:16,order_items.csv,2026-08-07,Negative unit_price
ITEM000009113,ORD00044655,SKU02936,Seamless leadingedge definition,Beauty,,740.44,,2025-04-17 06:00:00,2026-08-07 20:10:16,order_items.csv,2026-08-07,Missing quantity
ITEM000009180,ORD00036016,SKU01717,Centralized interactive application,Electronics,,5373.64,,2025-04-17 06:00:00,2026-08-07 20:10:16,order_items.csv,2026-08-07,Missing quantity
ITEM000009201,ORD00026549,SKU04422,Mandatory homogeneous artificial intelligence,Electronics,6.0,-8833.66,-53001.96,2025-04-17 06:00:00,2026-08-07 20:10:16,order_items.csv,2026-08-07,Negative unit_price
ITEM000009247,ORD00020033,SKU04707,Phased empowering middleware,Grocery,,1713.35,,2025-04-17 06:00:00,2026-08-07 20:10:16,order_items.csv,2026-08-07,Missing quantity
ITEM000009301,ORD00015338,SKU00742,Re-contextualized impactful interface,Grocery,7.0,-11849.83,-82948.81,2025-04-17 06:00:00,2026-08-07 20:10:16,order_items.csv,2026-08-07,Negative unit_price
ITEM000009314,ORD00002932,SKU03305,Reverse-engineered intermediate forecast,Beauty,,10820.45,,2025-04-17 06:00:00,2026-08-07 20:10:16,order_items.csv,2026-08-07,Missing quantity
ITEM000009381,ORD00033915,SKU01014,Enhanced maximized budgetary management,Toys,,14625.78,,2025-04-17 06:00:00,2026-08-07 20:10:16,order_items.csv,2026-08-07,Missing quantity
ITEM000009401,ORD00041948,SKU01181,Quality-focused composite frame,Books,2.0,-1585.71,-3171.42,2025-04-17 06:00:00,2026-08-07 20:10:16,order_items.csv,2026-08-07,Negative unit_price
ITEM000009448,ORD00034134,SKU03352,Automated coherent emulation,Home & Kitchen,,7434.25,,2025-04-17 06:00:00,2026-08-07 20:10:16,order_items.csv,2026-08-07,Missing quantity
ITEM000009501,ORD00043122,SKU04743,Grass-roots stable instruction set,Beauty,9.0,-13628.78,-122659.02,2025-04-17 06:00:00,2026-08-07 20:10:16,order_items.csv,2026-08-07,Negative unit_price
ITEM000009515,ORD00034285,SKU03217,Implemented methodical process improvement,Toys,,13666.88,,2025-04-17 06:00:00,2026-08-07 20:10:16,order_items.csv,2026-08-07,Missing quantity
ITEM000009582,ORD00023789,SKU04836,Diverse transitional success,Grocery,,6352.64,,2025-04-17 06:00:00,2026-08-07 20:10:16,order_items.csv,2026-08-07,Missing quantity
ITEM000009601,ORD00006456,SKU00042,Enhanced web-enabled implementation,Sports,2.0,-10988.24,-21976.48,2025-04-17 06:00:00,2026-08-07 20:10:16,order_items.csv,2026-08-07,Negative unit_price
ITEM000009649,ORD00006895,SKU01083,Progressive neutral attitude,Electronics,,7696.98,,2025-04-17 06:00:00,2026-08-07 20:10:16,order_items.csv,2026-08-07,Missing quantity
ITEM000009701,ORD00014469,SKU02679,Multi-tiered even-keeled encryption,Beauty,3.0,-149.09,-447.27,2025-04-17 06:00:00,2026-08-07 20:10:16,order_items.csv,2026-08-07,Negative unit_price
ITEM000009716,ORD00017107,SKU04022,Total systematic monitoring,Home & Kitchen,,3537.51,,2025-04-17 06:00:00,2026-08-07 20:10:16,order_items.csv,2026-08-07,Missing quantity
ITEM000009783,ORD00005171,SKU02182,Configurable foreground Local Area Network,Books,,8854.85,,2025-04-17 06:00:00,2026-08-07 20:10:16,order_items.csv,2026-08-07,Missing quantity
ITEM000009801,ORD00030688,SKU03518,Business-focused static portal,Grocery,5.0,-5498.4,-27492.0,2025-04-17 06:00:00,2026-08-07 20:10:16,order_items.csv,2026-08-07,Negative unit_price
ITEM000009850,ORD00030874,SKU03004,Profit-focused executive help-desk,Beauty,,13319.4,,2025-04-17 06:00:00,2026-08-07 20:10:16,order_items.csv,2026-08-07,Missing quantity
ITEM000009901,ORD00003453,SKU03979,Programmable analyzing migration,Sports,10.0,-74.6,-746.0,2025-04-17 06:00:00,2026-08-07 20:10:16,order_items.csv,2026-08-07,Negative unit_price
ITEM000009917,ORD00030125,SKU04188,Adaptive explicit infrastructure,Books,,5854.05,,2025-04-17 06:00:00,2026-08-07 20:10:16,order_items.csv,2026-08-07,Missing quantity
ITEM000009984,ORD00032473,SKU04408,Compatible dynamic neural-net,Sports,,1864.94,,2025-04-17 06:00:00,2026-08-07 20:10:16,order_items.csv,2026-08-07,Missing quantity
ITEM000010001,ORD00045079,SKU03993,Organized national utilization,Clothing,9.0,-11142.53,-100282.77,2025-04-17 06:00:00,2026-08-07 20:10:16,order_items.csv,2026-08-07,Negative unit_price
ITEM000010051,ORD00015988,SKU01567,Networked full-range open system,Toys,,7763.79,,2025-04-17 06:00:00,2026-08-07 20:10:16,order_items.csv,2026-08-07,Missing quantity
ITEM000010101,ORD00036594,SKU01806,Phased neutral portal,Beauty,9.0,-5179.92,-46619.28,2025-04-17 06:00:00,2026-08-07 20:10:16,order_items.csv,2026-08-07,Negative unit_price
ITEM000010118,ORD00016608,SKU04204,Object-based solution-oriented instruction set,Grocery,,14835.32,,2025-04-17 06:00:00,2026-08-07 20:10:16,order_items.csv,2026-08-07,Missing quantity
ITEM000010185,ORD00019266,SKU00646,Operative non-volatile process improvement,Clothing,,14145.87,,2025-04-17 06:00:00,2026-08-07 20:10:16,order_items.csv,2026-08-07,Missing quantity
ITEM000010201,ORD00009962,SKU03221,Configurable neutral encoding,Sports,3.0,-3803.88,-11411.64,2025-04-17 06:00:00,2026-08-07 20:10:16,order_items.csv,2026-08-07,Negative unit_price
ITEM000010252,ORD00013105,SKU02688,Multi-tiered web-enabled algorithm,Sports,,8774.37,,2025-04-17 06:00:00,2026-08-07 20:10:16,order_items.csv,2026-08-07,Missing quantity
ITEM000010301,ORD00024706,SKU02494,Optional 24/7 help-desk,Clothing,3.0,-3837.7,-11513.099999999999,2025-04-17 06:00:00,2026-08-07 20:10:16,order_items.csv,2026-08-07,Negative unit_price
ITEM000010319,ORD00005315,SKU00381,Function-based coherent extranet,Electronics,,1279.92,,2025-04-17 06:00:00,2026-08-07 20:10:16,order_items.csv,2026-08-07,Missing quantity
ITEM000010386,ORD00037885,SKU01329,Optional grid-enabled database,Beauty,,12921.09,,2025-04-17 06:00:00,2026-08-07 20:10:16,order_items.csv,2026-08-07,Missing quantity
ITEM000010401,ORD00018761,SKU01895,Secured content-based moratorium,Sports,1.0,-3194.91,-3194.91,2025-04-17 06:00:00,2026-08-07 20:10:16,order_items.csv,2026-08-07,Negative unit_price
ITEM000010453,ORD00039415,SKU04939,Proactive modular Graphic Interface,Beauty,,10366.79,,2025-04-17 06:00:00,2026-08-07 20:10:16,order_items.csv,2026-08-07,Missing quantity
ITEM000010501,ORD00006722,SKU04439,Synergized bandwidth-monitored attitude,Home & Kitchen,9.0,-14425.66,-129830.94,2025-04-17 06:00:00,2026-08-07 20:10:16,order_items.csv,2026-08-07,Negative unit_price
ITEM000010520,ORD00023994,SKU01213,Team-oriented directional collaboration,Sports,,14722.63,,2025-04-17 06:00:00,2026-08-07 20:10:16,order_items.csv,2026-08-07,Missing quantity
ITEM000010587,ORD00024019,SKU02625,Extended high-level collaboration,Beauty,,10342.26,,2025-04-17 06:00:00,2026-08-07 20:10:16,order_items.csv,2026-08-07,Missing quantity
ITEM000010601,ORD00004573,SKU00963,Realigned value-added circuit,Beauty,2.0,-545.54,-1091.08,2025-04-17 06:00:00,2026-08-07 20:10:16,order_items.csv,2026-08-07,Negative unit_price
ITEM000010654,ORD00041119,SKU03374,Grass-roots grid-enabled installation,Books,,11940.59,,2025-04-17 06:00:00,2026-08-07 20:10:16,order_items.csv,2026-08-07,Missing quantity
ITEM000010701,ORD00010659,SKU03708,Team-oriented 24hour open system,Grocery,10.0,-11190.58,-111905.8,2025-04-17 06:00:00,2026-08-07 20:10:16,order_items.csv,2026-08-07,Negative unit_price
ITEM000010721,ORD00016340,SKU00587,Assimilated clear-thinking service-desk,Home & Kitchen,,9844.47,,2025-04-17 06:00:00,2026-08-07 20:10:16,order_items.csv,2026-08-07,Missing quantity
ITEM000010788,ORD00048212,SKU01188,Optimized methodical Graphical User Interface,Beauty,,3440.39,,2025-04-17 06:00:00,2026-08-07 20:10:16,order_items.csv,2026-08-07,Missing quantity
ITEM000010801,ORD00043846,SKU00685,Robust reciprocal productivity,Grocery,9.0,-5969.09,-53721.81,2025-04-17 06:00:00,2026-08-07 20:10:16,order_items.csv,2026-08-07,Negative unit_price
ITEM000010855,ORD00036721,SKU00347,Business-focused zero administration migration,Home & Kitchen,,13975.75,,2025-04-17 06:00:00,2026-08-07 20:10:16,order_items.csv,2026-08-07,Missing quantity
ITEM000010901,ORD00039691,SKU03051,Assimilated exuding moderator,Electronics,10.0,-3978.93,-39789.299999999996,2025-04-17 06:00:00,2026-08-07 20:10:16,order_items.csv,2026-08-07,Negative unit_price
ITEM000010922,ORD00013829,SKU00980,Digitized asynchronous matrices,Sports,,1393.44,,2025-04-17 06:00:00,2026-08-07 20:10:16,order_items.csv,2026-08-07,Missing quantity
ITEM000010989,ORD00046084,SKU03240,Synergistic 24hour attitude,Clothing,,4693.75,,2025-04-17 06:00:00,2026-08-07 20:10:16,order_items.csv,2026-08-07,Missing quantity
ITEM000011001,ORD00049643,SKU00171,Decentralized content-based paradigm,Books,6.0,-7746.61,-46479.659999999996,2025-04-17 06:00:00,2026-08-07 20:10:16,order_items.csv,2026-08-07,Negative unit_price
ITEM000011056,ORD00034630,SKU04367,Quality-focused didactic leverage,Sports,,6721.28,,2025-04-17 06:00:00,2026-08-07 20:10:16,order_items.csv,2026-08-07,Missing quantity
ITEM000011101,ORD00039236,SKU02461,Phased hybrid definition,Toys,9.0,-6359.33,-57233.97,2025-04-17 06:00:00,2026-08-07 20:10:16,order_items.csv,2026-08-07,Negative unit_price
ITEM000011123,ORD00021522,SKU01927,Mandatory zero administration groupware,Grocery,,1750.3,,2025-04-17 06:00:00,2026-08-07 20:10:16,order_items.csv,2026-08-07,Missing quantity
ITEM000011190,ORD00038116,SKU04175,Quality-focused heuristic forecast,Beauty,,2522.93,,2025-04-17 06:00:00,2026-08-07 20:10:16,order_items.csv,2026-08-07,Missing quantity
ITEM000011201,ORD00032999,SKU00184,Advanced methodical flexibility,Home & Kitchen,8.0,-9879.74,-79037.92,2025-04-17 06:00:00,2026-08-07 20:10:16,order_items.csv,2026-08-07,Negative unit_price
ITEM000011257,ORD00019708,SKU01130,Function-based radical utilization,Electronics,,3834.93,,2025-04-17 06:00:00,2026-08-07 20:10:16,order_items.csv,2026-08-07,Missing quantity
ITEM000011301,ORD00018822,SKU02103,Profound zero-defect software,Electronics,4.0,-906.57,-3626.28,2025-04-17 06:00:00,2026-08-07 20:10:16,order_items.csv,2026-08-07,Negative unit_price
ITEM000011324,ORD00014737,SKU02315,Cross-platform executive concept,Books,,7209.0,,2025-04-17 06:00:00,2026-08-07 20:10:16,order_items.csv,2026-08-07,Missing quantity
ITEM000011391,ORD00028627,SKU04919,Open-architected scalable process improvement,Books,,13946.94,,2025-04-17 06:00:00,2026-08-07 20:10:16,order_items.csv,2026-08-07,Missing quantity
ITEM000011401,ORD00041326,SKU00369,Extended 4thgeneration contingency,Electronics,6.0,-10197.1,-61182.600000000006,2025-04-17 06:00:00,2026-08-07 20:10:16,order_items.csv,2026-08-07,Negative unit_price
ITEM000011458,ORD00034417,SKU00882,Streamlined well-modulated success,Home & Kitchen,,11633.89,,2025-04-17 06:00:00,2026-08-07 20:10:16,order_items.csv,2026-08-07,Missing quantity
ITEM000011501,ORD00005980,SKU02699,Future-proofed 3rdgeneration concept,Books,3.0,-6379.45,-19138.35,2025-04-17 06:00:00,2026-08-07 20:10:16,order_items.csv,2026-08-07,Negative unit_price
ITEM000011525,ORD00049739,SKU01580,Streamlined multi-state database,Beauty,,5082.87,,2025-04-17 06:00:00,2026-08-07 20:10:16,order_items.csv,2026-08-07,Missing quantity
ITEM000011592,ORD00037039,SKU03675,Optimized logistical info-mediaries,Clothing,,7146.77,,2025-04-17 06:00:00,2026-08-07 20:10:16,order_items.csv,2026-08-07,Missing quantity
ITEM000011601,ORD00026740,SKU04440,Diverse reciprocal hardware,Clothing,6.0,-10143.66,-60861.96,2025-04-17 06:00:00,2026-08-07 20:10:16,order_items.csv,2026-08-07,Negative unit_price
ITEM000011659,ORD00015734,SKU03247,Stand-alone solution-oriented info-mediaries,Books,,6530.3,,2025-04-17 06:00:00,2026-08-07 20:10:16,order_items.csv,2026-08-07,Missing quantity
ITEM000011701,ORD00035435,SKU04910,Enhanced well-modulated parallelism,Books,3.0,-11350.01,-34050.03,2025-04-17 06:00:00,2026-08-07 20:10:16,order_items.csv,2026-08-07,Negative unit_price
ITEM000011726,ORD00042044,SKU02481,Up-sized clear-thinking attitude,Toys,,11204.65,,2025-04-17 06:00:00,2026-08-07 20:10:16,order_items.csv,2026-08-07,Missing quantity
ITEM000011793,ORD00024818,SKU03723,Innovative well-modulated emulation,Beauty,,156.22,,2025-04-17 06:00:00,2026-08-07 20:10:16,order_items.csv,2026-08-07,Missing quantity
ITEM000011801,ORD00021004,SKU04587,Networked dynamic focus group,Books,2.0,-2428.8,-4857.6,2025-04-17 06:00:00,2026-08-07 20:10:16,order_items.csv,2026-08-07,Negative unit_price
ITEM000011860,ORD00020925,SKU04045,Synergized dynamic service-desk,Electronics,,1181.76,,2025-04-17 06:00:00,2026-08-07 20:10:16,order_items.csv,2026-08-07,Missing quantity
ITEM000011901,ORD00041066,SKU00345,Phased motivating Local Area Network,Toys,5.0,-220.55,-1102.75,2025-04-17 06:00:00,2026-08-07 20:10:16,order_items.csv,2026-08-07,Negative unit_price
ITEM000011927,ORD00048321,SKU00503,Centralized even-keeled initiative,Grocery,,10413.15,,2025-04-17 06:00:00,2026-08-07 20:10:16,order_items.csv,2026-08-07,Missing quantity
ITEM000011994,ORD00044663,SKU03917,Ergonomic attitude-oriented policy,Toys,,6713.18,,2025-04-17 06:00:00,2026-08-07 20:10:16,order_items.csv,2026-08-07,Missing quantity
ITEM000012001,ORD00000742,SKU01906,Customizable analyzing throughput,Grocery,10.0,-14142.57,-141425.7,2025-04-17 06:00:00,2026-08-07 20:10:16,order_items.csv,2026-08-07,Negative unit_price
ITEM000012061,ORD00018630,SKU00877,Distributed bifurcated synergy,Books,,10340.52,,2025-04-17 06:00:00,2026-08-07 20:10:16,order_items.csv,2026-08-07,Missing quantity
ITEM000012101,ORD00045268,SKU04324,Public-key upward-trending strategy,Home & Kitchen,2.0,-9481.35,-18962.7,2025-04-17 06:00:00,2026-08-07 20:10:16,order_items.csv,2026-08-07,Negative unit_price
ITEM000012128,ORD00008837,SKU01736,Open-architected multi-state parallelism,Beauty,,5143.09,,2025-04-17 06:00:00,2026-08-07 20:10:16,order_items.csv,2026-08-07,Missing quantity
ITEM000012195,ORD00032570,SKU04780,Organic leadingedge ability,Electronics,,5928.05,,2025-04-17 06:00:00,2026-08-07 20:10:16,order_items.csv,2026-08-07,Missing quantity
ITEM000012201,ORD00028689,SKU04677,Pre-emptive leadingedge open system,Clothing,9.0,-12680.78,-114127.02,2025-04-17 06:00:00,2026-08-07 20:10:16,order_items.csv,2026-08-07,Negative unit_price
ITEM000012262,ORD00039521,SKU04966,Re-engineered 4thgeneration extranet,Books,,12500.66,,2025-04-17 06:00:00,2026-08-07 20:10:16,order_items.csv,2026-08-07,Missing quantity
ITEM000012301,ORD00032561,SKU03771,Profit-focused zero tolerance interface,Clothing,7.0,-8458.24,-59207.68,2025-04-17 06:00:00,2026-08-07 20:10:16,order_items.csv,2026-08-07,Negative unit_price
ITEM000012329,ORD00029776,SKU00207,Profound multi-tasking application,Home & Kitchen,,7888.67,,2025-04-17 06:00:00,2026-08-07 20:10:16,order_items.csv,2026-08-07,Missing quantity
ITEM000012396,ORD00032470,SKU02020,Optional asynchronous time-frame,Books,,9601.13,,2025-04-17 06:00:00,2026-08-07 20:10:16,order_items.csv,2026-08-07,Missing quantity
ITEM000012401,ORD00020441,SKU04447,Proactive even-keeled knowledge user,Electronics,10.0,-9970.25,-99702.5,2025-04-17 06:00:00,2026-08-07 20:10:16,order_items.csv,2026-08-07,Negative unit_price
ITEM000012463,ORD00020816,SKU01489,Digitized systematic alliance,Home & Kitchen,,6078.3,,2025-04-17 06:00:00,2026-08-07 20:10:16,order_items.csv,2026-08-07,Missing quantity
ITEM000012501,ORD00011140,SKU03329,Customer-focused multi-state solution,Home & Kitchen,6.0,-1105.52,-6633.12,2025-04-17 06:00:00,2026-08-07 20:10:16,order_items.csv,2026-08-07,Negative unit_price
ITEM000012530,ORD00042274,SKU00921,Switchable global projection,Electronics,,14313.89,,2025-04-17 06:00:00,2026-08-07 20:10:16,order_items.csv,2026-08-07,Missing quantity
ITEM000012597,ORD00041935,SKU04931,Adaptive analyzing project,Clothing,,9230.96,,2025-04-17 06:00:00,2026-08-07 20:10:16,order_items.csv,2026-08-07,Missing quantity
ITEM000012601,ORD00032578,SKU04338,Multi-lateral neutral Graphical User Interface,Beauty,6.0,-1494.21,-8965.26,2025-04-17 06:00:00,2026-08-07 20:10:16,order_items.csv,2026-08-07,Negative unit_price
ITEM000012664,ORD00031279,SKU00473,Enhanced contextually-based budgetary management,Electronics,,9929.53,,2025-04-17 06:00:00,2026-08-07 20:10:16,order_items.csv,2026-08-07,Missing quantity
ITEM000012701,ORD00031305,SKU04560,Future-proofed demand-driven matrices,Home & Kitchen,8.0,-1788.26,-14306.08,2025-04-17 06:00:00,2026-08-07 20:10:16,order_items.csv,2026-08-07,Negative unit_price
ITEM000012731,ORD00006074,SKU01187,Switchable optimal attitude,Clothing,,8947.63,,2025-04-17 06:00:00,2026-08-07 20:10:16,order_items.csv,2026-08-07,Missing quantity
ITEM000012798,ORD00037536,SKU01707,Object-based didactic alliance,Beauty,,8835.55,,2025-04-17 06:00:00,2026-08-07 20:10:16,order_items.csv,2026-08-07,Missing quantity
ITEM000012801,ORD00028377,SKU04586,Seamless web-enabled utilization,Grocery,2.0,-5517.31,-11034.62,2025-04-17 06:00:00,2026-08-07 20:10:16,order_items.csv,2026-08-07,Negative unit_price
ITEM000012865,ORD00026853,SKU01230,Cross-group system-worthy synergy,Sports,,4281.73,,2025-04-17 06:00:00,2026-08-07 20:10:16,order_items.csv,2026-08-07,Missing quantity
ITEM000012901,ORD00021172,SKU01805,Triple-buffered interactive customer loyalty,Sports,5.0,-10045.33,-50226.65,2025-04-17 06:00:00,2026-08-07 20:10:16,order_items.csv,2026-08-07,Negative unit_price
ITEM000012932,ORD00032567,SKU03417,Pre-emptive zero-defect standardization,Sports,,3754.81,,2025-04-17 06:00:00,2026-08-07 20:10:16,order_items.csv,2026-08-07,Missing quantity
ITEM000012999,ORD00018929,SKU02274,Face-to-face discrete leverage,Home & Kitchen,,2484.48,,2025-04-17 06:00:00,2026-08-07 20:10:16,order_items.csv,2026-08-07,Missing quantity
ITEM000013001,ORD00047670,SKU01632,Profit-focused intermediate Graphical User Interfa,Toys,3.0,-6867.69,-20603.07,2025-04-17 06:00:00,2026-08-07 20:10:16,order_items.csv,2026-08-07,Negative unit_price
ITEM000013066,ORD00032964,SKU00357,Secured even-keeled knowledge user,Toys,,387.24,,2025-04-17 06:00:00,2026-08-07 20:10:16,order_items.csv,2026-08-07,Missing quantity
ITEM000013101,ORD00008928,SKU04899,Profit-focused object-oriented moratorium,Clothing,6.0,-3376.37,-20258.22,2025-04-17 06:00:00,2026-08-07 20:10:16,order_items.csv,2026-08-07,Negative unit_price
ITEM000013133,ORD00025890,SKU04629,Multi-lateral zero-defect emulation,Toys,,1154.44,,2025-04-17 06:00:00,2026-08-07 20:10:16,order_items.csv,2026-08-07,Missing quantity
ITEM000013200,ORD00031974,SKU00086,Secured secondary firmware,Beauty,,10464.48,,2025-04-17 06:00:00,2026-08-07 20:10:16,order_items.csv,2026-08-07,Missing quantity
ITEM000013201,ORD00006447,SKU04469,Integrated incremental middleware,Grocery,6.0,-11451.36,-68708.16,2025-04-17 06:00:00,2026-08-07 20:10:16,order_items.csv,2026-08-07,Negative unit_price
ITEM000013267,ORD00047439,SKU03018,Adaptive non-volatile Local Area Network,Grocery,,5250.56,,2025-04-17 06:00:00,2026-08-07 20:10:16,order_items.csv,2026-08-07,Missing quantity
ITEM000013301,ORD00000989,SKU02693,Future-proofed coherent portal,Books,7.0,-11460.68,-80224.76000000001,2025-04-17 06:00:00,2026-08-07 20:10:16,order_items.csv,2026-08-07,Negative unit_price
ITEM000013334,ORD00020764,SKU01911,Secured tangible Local Area Network,Electronics,,1863.51,,2025-04-17 06:00:00,2026-08-07 20:10:16,order_items.csv,2026-08-07,Missing quantity
ITEM000013401,ORD00044911,SKU02495,Object-based disintermediate Internet solution,Grocery,,-1517.42,,2025-04-17 06:00:00,2026-08-07 20:10:16,order_items.csv,2026-08-07,Missing quantity
ITEM000013468,ORD00009430,SKU04286,Self-enabling 5thgeneration attitude,Beauty,,2623.26,,2025-04-17 06:00:00,2026-08-07 20:10:16,order_items.csv,2026-08-07,Missing quantity
ITEM000013501,ORD00008112,SKU00611,Progressive didactic model,Home & Kitchen,1.0,-13838.3,-13838.3,2025-04-17 06:00:00,2026-08-07 20:10:16,order_items.csv,2026-08-07,Negative unit_price
ITEM000013535,ORD00007919,SKU04745,Monitored web-enabled customer loyalty,Sports,,7354.11,,2025-04-17 06:00:00,2026-08-07 20:10:16,order_items.csv,2026-08-07,Missing quantity
ITEM000013601,ORD00042920,SKU02303,Open-source logistical collaboration,Sports,3.0,-2357.68,-7073.039999999999,2025-04-17 06:00:00,2026-08-07 20:10:16,order_items.csv,2026-08-07,Negative unit_price
ITEM000013602,ORD00021461,SKU04341,Team-oriented intangible alliance,Toys,,12209.53,,2025-04-17 06:00:00,2026-08-07 20:10:16,order_items.csv,2026-08-07,Missing quantity
ITEM000013669,ORD00041618,SKU04549,Robust holistic architecture,Books,,7441.64,,2025-04-17 06:00:00,2026-08-07 20:10:16,order_items.csv,2026-08-07,Missing quantity
ITEM000013701,ORD00035527,SKU01912,Re-engineered local leverage,Toys,5.0,-8804.97,-44024.85,2025-04-17 06:00:00,2026-08-07 20:10:16,order_items.csv,2026-08-07,Negative unit_price
ITEM000013736,ORD00001848,SKU01779,Persevering systematic contingency,Sports,,2596.58,,2025-04-17 06:00:00,2026-08-07 20:10:16,order_items.csv,2026-08-07,Missing quantity
ITEM000013801,ORD00036505,SKU02668,Integrated high-level parallelism,Sports,5.0,-8944.31,-44721.549999999996,2025-04-17 06:00:00,2026-08-07 20:10:16,order_items.csv,2026-08-07,Negative unit_price
ITEM000013803,ORD00008475,SKU04452,Diverse system-worthy Local Area Network,Clothing,,417.15,,2025-04-17 06:00:00,2026-08-07 20:10:16,order_items.csv,2026-08-07,Missing quantity
ITEM000013870,ORD00000833,SKU03506,User-centric composite middleware,Toys,,7473.15,,2025-04-17 06:00:00,2026-08-07 20:10:16,order_items.csv,2026-08-07,Missing quantity
ITEM000013901,ORD00033623,SKU01191,Cloned contextually-based alliance,Books,8.0,-4452.67,-35621.36,2025-04-17 06:00:00,2026-08-07 20:10:16,order_items.csv,2026-08-07,Negative unit_price
ITEM000013937,ORD00027627,SKU00452,Inverse full-range budgetary management,Sports,,1114.54,,2025-04-17 06:00:00,2026-08-07 20:10:16,order_items.csv,2026-08-07,Missing quantity
ITEM000014001,ORD00040933,SKU00103,Open-architected maximized circuit,Clothing,6.0,-9020.11,-54120.66,2025-04-17 06:00:00,2026-08-07 20:10:16,order_items.csv,2026-08-07,Negative unit_price
ITEM000014004,ORD00017991,SKU01423,Self-enabling modular open architecture,Clothing,,12748.41,,2025-04-17 06:00:00,2026-08-07 20:10:16,order_items.csv,2026-08-07,Missing quantity
ITEM000014071,ORD00032854,SKU01229,Quality-focused 24hour service-desk,Books,,9166.35,,2025-04-17 06:00:00,2026-08-07 20:10:16,order_items.csv,2026-08-07,Missing quantity
ITEM000014101,ORD00030919,SKU01946,Reduced dedicated toolset,Clothing,3.0,-9144.6,-27433.800000000003,2025-04-17 06:00:00,2026-08-07 20:10:16,order_items.csv,2026-08-07,Negative unit_price
ITEM000014138,ORD00045126,SKU01212,Universal web-enabled definition,Sports,,8695.26,,2025-04-17 06:00:00,2026-08-07 20:10:16,order_items.csv,2026-08-07,Missing quantity
ITEM000014201,ORD00000634,SKU02367,Reverse-engineered bottom-line contingency,Books,8.0,-14323.51,-114588.08,2025-04-17 06:00:00,2026-08-07 20:10:16,order_items.csv,2026-08-07,Negative unit_price
ITEM000014205,ORD00010462,SKU02751,Pre-emptive cohesive benchmark,Home & Kitchen,,3992.81,,2025-04-17 06:00:00,2026-08-07 20:10:16,order_items.csv,2026-08-07,Missing quantity
ITEM000014272,ORD00006659,SKU04599,Customizable multi-state hardware,Toys,,2931.09,,2025-04-17 06:00:00,2026-08-07 20:10:16,order_items.csv,2026-08-07,Missing quantity
ITEM000014301,ORD00044439,SKU03910,Customizable neutral initiative,Toys,7.0,-10235.01,-71645.07,2025-04-17 06:00:00,2026-08-07 20:10:16,order_items.csv,2026-08-07,Negative unit_price
ITEM000014339,ORD00034073,SKU00626,Focused stable neural-net,Grocery,,3386.42,,2025-04-17 06:00:00,2026-08-07 20:10:16,order_items.csv,2026-08-07,Missing quantity
ITEM000014401,ORD00043688,SKU03274,Extended bandwidth-monitored application,Clothing,2.0,-9352.64,-18705.28,2025-04-17 06:00:00,2026-08-07 20:10:16,order_items.csv,2026-08-07,Negative unit_price
ITEM000014406,ORD00031919,SKU04177,Inverse modular capability,Sports,,4070.5,,2025-04-17 06:00:00,2026-08-07 20:10:16,order_items.csv,2026-08-07,Missing quantity
ITEM000014473,ORD00021753,SKU01569,Innovative encompassing moderator,Clothing,,7839.91,,2025-04-17 06:00:00,2026-08-07 20:10:16,order_items.csv,2026-08-07,Missing quantity
ITEM000014501,ORD00049003,SKU03746,Intuitive neutral Graphic Interface,Home & Kitchen,1.0,-3608.14,-3608.14,2025-04-17 06:00:00,2026-08-07 20:10:16,order_items.csv,2026-08-07,Negative unit_price
ITEM000014540,ORD00034776,SKU01037,Secured client-server process improvement,Beauty,,4642.09,,2025-04-17 06:00:00,2026-08-07 20:10:16,order_items.csv,2026-08-07,Missing quantity
ITEM000014601,ORD00013293,SKU04684,Extended mobile capability,Toys,9.0,-1867.07,-16803.63,2025-04-17 06:00:00,2026-08-07 20:10:16,order_items.csv,2026-08-07,Negative unit_price
ITEM000014607,ORD00014736,SKU02056,Enhanced user-facing orchestration,Sports,,11406.14,,2025-04-17 06:00:00,2026-08-07 20:10:16,order_items.csv,2026-08-07,Missing quantity
ITEM000014674,ORD00044311,SKU01453,Adaptive tertiary protocol,Sports,,5909.77,,2025-04-17 06:00:00,2026-08-07 20:10:16,order_items.csv,2026-08-07,Missing quantity
ITEM000014701,ORD00030829,SKU03856,Exclusive well-modulated solution,Toys,7.0,-8718.74,-61031.18,2025-04-17 06:00:00,2026-08-07 20:10:16,order_items.csv,2026-08-07,Negative unit_price
ITEM000014741,ORD00018328,SKU01310,Cloned national focus group,Sports,,1963.94,,2025-04-17 06:00:00,2026-08-07 20:10:16,order_items.csv,2026-08-07,Missing quantity
ITEM000014801,ORD00021745,SKU03505,Re-contextualized web-enabled projection,Home & Kitchen,10.0,-4066.66,-40666.6,2025-04-17 06:00:00,2026-08-07 20:10:16,order_items.csv,2026-08-07,Negative unit_price
ITEM000014808,ORD00033777,SKU02128,User-friendly non-volatile leverage,Home & Kitchen,,7266.02,,2025-04-17 06:00:00,2026-08-07 20:10:16,order_items.csv,2026-08-07,Missing quantity
ITEM000014875,ORD00047154,SKU01326,Multi-layered user-facing implementation,Home & Kitchen,,9833.39,,2025-04-17 06:00:00,2026-08-07 20:10:16,order_items.csv,2026-08-07,Missing quantity
ITEM000014901,ORD00043978,SKU03651,Mandatory real-time implementation,Toys,2.0,-10684.56,-21369.12,2025-04-17 06:00:00,2026-08-07 20:10:16,order_items.csv,2026-08-07,Negative unit_price
ITEM000014942,ORD00000539,SKU03266,Vision-oriented 3rdgeneration algorithm,Beauty,,13599.46,,2025-04-17 06:00:00,2026-08-07 20:10:16,order_items.csv,2026-08-07,Missing quantity
ITEM000015001,ORD00002712,SKU02622,Ergonomic system-worthy protocol,Beauty,8.0,-8483.62,-67868.96,2025-04-17 06:00:00,2026-08-07 20:10:16,order_items.csv,2026-08-07,Negative unit_price
ITEM000015009,ORD00023016,SKU01057,Organic stable database,Books,,8367.16,,2025-04-17 06:00:00,2026-08-07 20:10:16,order_items.csv,2026-08-07,Missing quantity
ITEM000015076,ORD00041916,SKU02046,Multi-tiered local hub,Grocery,,10854.9,,2025-04-17 06:00:00,2026-08-07 20:10:16,order_items.csv,2026-08-07,Missing quantity
ITEM000015101,ORD00021529,SKU01643,Reduced systemic firmware,Beauty,3.0,-6975.5,-20926.5,2025-04-17 06:00:00,2026-08-07 20:10:16,order_items.csv,2026-08-07,Negative unit_price
ITEM000015143,ORD00045171,SKU00182,Function-based cohesive alliance,Books,,8848.43,,2025-04-17 06:00:00,2026-08-07 20:10:16,order_items.csv,2026-08-07,Missing quantity
ITEM000015201,ORD00040922,SKU02158,Devolved intermediate secured line,Home & Kitchen,6.0,-13644.38,-81866.28,2025-04-17 06:00:00,2026-08-07 20:10:16,order_items.csv,2026-08-07,Negative unit_price
ITEM000015210,ORD00038924,SKU02201,Optimized content-based software,Electronics,,2984.97,,2025-04-17 06:00:00,2026-08-07 20:10:16,order_items.csv,2026-08-07,Missing quantity
ITEM000015277,ORD00043829,SKU01344,Up-sized 24/7 open system,Clothing,,10416.79,,2025-04-17 06:00:00,2026-08-07 20:10:16,order_items.csv,2026-08-07,Missing quantity
ITEM000015301,ORD00012222,SKU03516,Innovative needs-based algorithm,Electronics,2.0,-2538.7,-5077.4,2025-04-17 06:00:00,2026-08-07 20:10:16,order_items.csv,2026-08-07,Negative unit_price
ITEM000015344,ORD00007069,SKU03454,Pre-emptive multi-tasking product,Clothing,,11687.68,,2025-04-17 06:00:00,2026-08-07 20:10:16,order_items.csv,2026-08-07,Missing quantity
ITEM000015401,ORD00012934,SKU01579,Fully-configurable multi-tasking definition,Beauty,6.0,-4204.66,-25227.96,2025-04-17 06:00:00,2026-08-07 20:10:16,order_items.csv,2026-08-07,Negative unit_price
ITEM000015411,ORD00043052,SKU03391,Multi-lateral modular groupware,Sports,,12687.48,,2025-04-17 06:00:00,2026-08-07 20:10:16,order_items.csv,2026-08-07,Missing quantity
ITEM000015478,ORD00042342,SKU02612,Digitized uniform orchestration,Home & Kitchen,,1019.15,,2025-04-17 06:00:00,2026-08-07 20:10:16,order_items.csv,2026-08-07,Missing quantity
ITEM000015501,ORD00024403,SKU00741,Expanded context-sensitive hardware,Sports,5.0,-9325.62,-46628.100000000006,2025-04-17 06:00:00,2026-08-07 20:10:16,order_items.csv,2026-08-07,Negative unit_price
ITEM000015545,ORD00009260,SKU02415,Synchronized encompassing capacity,Sports,,3731.57,,2025-04-17 06:00:00,2026-08-07 20:10:16,order_items.csv,2026-08-07,Missing quantity
ITEM000015601,ORD00003006,SKU02108,Persistent demand-driven model,Beauty,8.0,-7247.4,-57979.2,2025-04-17 06:00:00,2026-08-07 20:10:16,order_items.csv,2026-08-07,Negative unit_price
ITEM000015612,ORD00002911,SKU00733,Face-to-face secondary groupware,Sports,,9193.44,,2025-04-17 06:00:00,2026-08-07 20:10:16,order_items.csv,2026-08-07,Missing quantity
ITEM000015679,ORD00036649,SKU02668,Integrated high-level parallelism,Sports,,8944.31,,2025-04-17 06:00:00,2026-08-07 20:10:16,order_items.csv,2026-08-07,Missing quantity
ITEM000015701,ORD00042654,SKU00288,Ameliorated systematic data-warehouse,Sports,1.0,-11715.83,-11715.83,2025-04-17 06:00:00,2026-08-07 20:10:16,order_items.csv,2026-08-07,Negative unit_price
ITEM000015746,ORD00015299,SKU00195,User-friendly empowering protocol,Clothing,,14067.54,,2025-04-17 06:00:00,2026-08-07 20:10:16,order_items.csv,2026-08-07,Missing quantity
ITEM000015801,ORD00042620,SKU02865,Innovative homogeneous workforce,Beauty,8.0,-12525.45,-100203.6,2025-04-17 06:00:00,2026-08-07 20:10:16,order_items.csv,2026-08-07,Negative unit_price
ITEM000015813,ORD00020029,SKU03007,Multi-lateral holistic array,Electronics,,10514.67,,2025-04-17 06:00:00,2026-08-07 20:10:16,order_items.csv,2026-08-07,Missing quantity
ITEM000015880,ORD00018171,SKU01465,Reverse-engineered discrete initiative,Toys,,9729.82,,2025-04-17 06:00:00,2026-08-07 20:10:16,order_items.csv,2026-08-07,Missing quantity
ITEM000015901,ORD00026609,SKU03401,Extended static benchmark,Home & Kitchen,4.0,-3953.01,-15812.04,2025-04-17 06:00:00,2026-08-07 20:10:16,order_items.csv,2026-08-07,Negative unit_price
ITEM000015947,ORD00038971,SKU01417,Programmable mission-critical hardware,Electronics,,6306.87,,2025-04-17 06:00:00,2026-08-07 20:10:16,order_items.csv,2026-08-07,Missing quantity
ITEM000016001,ORD00030889,SKU04906,Synchronized national artificial intelligence,Electronics,3.0,-7245.22,-21735.66,2025-04-17 06:00:00,2026-08-07 20:10:16,order_items.csv,2026-08-07,Negative unit_price
ITEM000016014,ORD00016131,SKU03582,User-centric demand-driven parallelism,Electronics,,13760.99,,2025-04-17 06:00:00,2026-08-07 20:10:16,order_items.csv,2026-08-07,Missing quantity
ITEM000016081,ORD00028145,SKU04724,Robust holistic alliance,Clothing,,5374.23,,2025-04-17 06:00:00,2026-08-07 20:10:16,order_items.csv,2026-08-07,Missing quantity
ITEM000016101,ORD00038957,SKU03595,Balanced global time-frame,Books,1.0,-1213.31,-1213.31,2025-04-17 06:00:00,2026-08-07 20:10:16,order_items.csv,2026-08-07,Negative unit_price
ITEM000016148,ORD00043291,SKU00644,Persevering national frame,Toys,,12550.42,,2025-04-17 06:00:00,2026-08-07 20:10:16,order_items.csv,2026-08-07,Missing quantity
ITEM000016201,ORD00043785,SKU00073,Enhanced mission-critical Local Area Network,Toys,3.0,-2978.14,-8934.42,2025-04-17 06:00:00,2026-08-07 20:10:16,order_items.csv,2026-08-07,Negative unit_price
ITEM000016215,ORD00010115,SKU00608,Up-sized bandwidth-monitored budgetary management,Electronics,,4841.09,,2025-04-17 06:00:00,2026-08-07 20:10:16,order_items.csv,2026-08-07,Missing quantity
ITEM000016282,ORD00015480,SKU03954,Optimized intermediate website,Home & Kitchen,,4862.52,,2025-04-17 06:00:00,2026-08-07 20:10:16,order_items.csv,2026-08-07,Missing quantity
ITEM000016301,ORD00021462,SKU04557,Cross-group 4thgeneration infrastructure,Electronics,2.0,-7736.64,-15473.28,2025-04-17 06:00:00,2026-08-07 20:10:16,order_items.csv,2026-08-07,Negative unit_price
ITEM000016349,ORD00048324,SKU04072,Mandatory regional capacity,Grocery,,5461.08,,2025-04-17 06:00:00,2026-08-07 20:10:16,order_items.csv,2026-08-07,Missing quantity
ITEM000016401,ORD00037033,SKU03158,Open-source responsive synergy,Books,4.0,-4302.5,-17210.0,2025-04-17 06:00:00,2026-08-07 20:10:16,order_items.csv,2026-08-07,Negative unit_price
ITEM000016416,ORD00016793,SKU03144,Profound eco-centric alliance,Electronics,,752.0,,2025-04-17 06:00:00,2026-08-07 20:10:16,order_items.csv,2026-08-07,Missing quantity
ITEM000016483,ORD00031167,SKU00486,Decentralized exuding ability,Sports,,3771.71,,2025-04-17 06:00:00,2026-08-07 20:10:16,order_items.csv,2026-08-07,Missing quantity
ITEM000016501,ORD00026700,SKU02443,Ergonomic full-range open system,Beauty,6.0,-8184.12,-49104.72,2025-04-17 06:00:00,2026-08-07 20:10:16,order_items.csv,2026-08-07,Negative unit_price
ITEM000016550,ORD00012063,SKU03074,Stand-alone 5thgeneration paradigm,Clothing,,2096.71,,2025-04-17 06:00:00,2026-08-07 20:10:16,order_items.csv,2026-08-07,Missing quantity
ITEM000016601,ORD00044935,SKU03144,Profound eco-centric alliance,Electronics,5.0,-752.0,-3760.0,2025-04-17 06:00:00,2026-08-07 20:10:16,order_items.csv,2026-08-07,Negative unit_price
ITEM000016617,ORD00047721,SKU02613,Multi-layered background toolset,Toys,,8235.27,,2025-04-17 06:00:00,2026-08-07 20:10:16,order_items.csv,2026-08-07,Missing quantity
ITEM000016684,ORD00025596,SKU04500,Digitized logistical moratorium,Clothing,,6527.19,,2025-04-17 06:00:00,2026-08-07 20:10:16,order_items.csv,2026-08-07,Missing quantity
ITEM000016701,ORD00022065,SKU01923,Mandatory multi-tasking focus group,Grocery,8.0,-9552.28,-76418.24,2025-04-17 06:00:00,2026-08-07 20:10:16,order_items.csv,2026-08-07,Negative unit_price
ITEM000016751,ORD00005072,SKU03468,Object-based 24hour service-desk,Clothing,,9835.25,,2025-04-17 06:00:00,2026-08-07 20:10:16,order_items.csv,2026-08-07,Missing quantity
ITEM000016801,ORD00000362,SKU00491,Digitized static encoding,Grocery,7.0,-1668.57,-11679.99,2025-04-17 06:00:00,2026-08-07 20:10:16,order_items.csv,2026-08-07,Negative unit_price
ITEM000016818,ORD00019122,SKU01155,Quality-focused clear-thinking database,Electronics,,9407.76,,2025-04-17 06:00:00,2026-08-07 20:10:16,order_items.csv,2026-08-07,Missing quantity
ITEM000016885,ORD00011239,SKU02555,Switchable incremental analyzer,Electronics,,8452.08,,2025-04-17 06:00:00,2026-08-07 20:10:16,order_items.csv,2026-08-07,Missing quantity
ITEM000016901,ORD00032640,SKU03104,Total 6thgeneration installation,Books,3.0,-4002.84,-12008.52,2025-04-17 06:00:00,2026-08-07 20:10:16,order_items.csv,2026-08-07,Negative unit_price
ITEM000016952,ORD00015375,SKU03198,Business-focused attitude-oriented help-desk,Toys,,12545.25,,2025-04-17 06:00:00,2026-08-07 20:10:16,order_items.csv,2026-08-07,Missing quantity
ITEM000017001,ORD00036450,SKU03216,Down-sized asymmetric groupware,Sports,1.0,-10149.07,-10149.07,2025-04-17 06:00:00,2026-08-07 20:10:16,order_items.csv,2026-08-07,Negative unit_price
ITEM000017019,ORD00046924,SKU04911,Customer-focused zero tolerance encoding,Books,,10880.48,,2025-04-17 06:00:00,2026-08-07 20:10:16,order_items.csv,2026-08-07,Missing quantity
ITEM000017086,ORD00009944,SKU02464,Polarized 24/7 success,Grocery,,12700.46,,2025-04-17 06:00:00,2026-08-07 20:10:16,order_items.csv,2026-08-07,Missing quantity
ITEM000017101,ORD00039468,SKU03060,Synchronized upward-trending conglomeration,Beauty,5.0,-12641.07,-63205.35,2025-04-17 06:00:00,2026-08-07 20:10:16,order_items.csv,2026-08-07,Negative unit_price
ITEM000017153,ORD00044544,SKU03514,Public-key modular policy,Grocery,,13773.23,,2025-04-17 06:00:00,2026-08-07 20:10:16,order_items.csv,2026-08-07,Missing quantity
ITEM000017201,ORD00034432,SKU04723,Focused value-added firmware,Grocery,7.0,-14563.69,-101945.83,2025-04-17 06:00:00,2026-08-07 20:10:16,order_items.csv,2026-08-07,Negative unit_price
ITEM000017220,ORD00047051,SKU01813,Innovative grid-enabled algorithm,Books,,12127.89,,2025-04-17 06:00:00,2026-08-07 20:10:16,order_items.csv,2026-08-07,Missing quantity
ITEM000017287,ORD00036171,SKU01388,Devolved foreground productivity,Clothing,,12753.46,,2025-04-17 06:00:00,2026-08-07 20:10:16,order_items.csv,2026-08-07,Missing quantity
ITEM000017301,ORD00030735,SKU02326,Business-focused scalable frame,Grocery,8.0,-4760.73,-38085.84,2025-04-17 06:00:00,2026-08-07 20:10:16,order_items.csv,2026-08-07,Negative unit_price
ITEM000017354,ORD00014523,SKU03103,Reverse-engineered bi-directional definition,Grocery,,175.4,,2025-04-17 06:00:00,2026-08-07 20:10:16,order_items.csv,2026-08-07,Missing quantity
ITEM000017401,ORD00031026,SKU00485,Seamless value-added paradigm,Beauty,3.0,-10049.09,-30147.27,2025-04-17 06:00:00,2026-08-07 20:10:16,order_items.csv,2026-08-07,Negative unit_price
ITEM000017421,ORD00021103,SKU00726,Public-key radical website,Home & Kitchen,,10429.5,,2025-04-17 06:00:00,2026-08-07 20:10:16,order_items.csv,2026-08-07,Missing quantity
ITEM000017488,ORD00001761,SKU01866,Stand-alone system-worthy function,Grocery,,13980.82,,2025-04-17 06:00:00,2026-08-07 20:10:16,order_items.csv,2026-08-07,Missing quantity
ITEM000017501,ORD00010043,SKU00599,Decentralized homogeneous superstructure,Home & Kitchen,3.0,-3418.66,-10255.98,2025-04-17 06:00:00,2026-08-07 20:10:16,order_items.csv,2026-08-07,Negative unit_price
ITEM000017555,ORD00009913,SKU00946,Open-source non-volatile monitoring,Clothing,,5579.58,,2025-04-17 06:00:00,2026-08-07 20:10:16,order_items.csv,2026-08-07,Missing quantity
ITEM000017601,ORD00018914,SKU01712,Robust analyzing adapter,Beauty,6.0,-1839.42,-11036.52,2025-04-17 06:00:00,2026-08-07 20:10:16,order_items.csv,2026-08-07,Negative unit_price
ITEM000017622,ORD00027380,SKU00128,Right-sized reciprocal strategy,Beauty,,9583.55,,2025-04-17 06:00:00,2026-08-07 20:10:16,order_items.csv,2026-08-07,Missing quantity
ITEM000017689,ORD00048461,SKU03569,Right-sized 3rdgeneration secured line,Grocery,,12570.98,,2025-04-17 06:00:00,2026-08-07 20:10:16,order_items.csv,2026-08-07,Missing quantity
ITEM000017701,ORD00028812,SKU04677,Pre-emptive leadingedge open system,Clothing,4.0,-12680.78,-50723.12,2025-04-17 06:00:00,2026-08-07 20:10:16,order_items.csv,2026-08-07,Negative unit_price
ITEM000017756,ORD00019611,SKU00343,Open-source contextually-based orchestration,Sports,,14151.94,,2025-04-17 06:00:00,2026-08-07 20:10:16,order_items.csv,2026-08-07,Missing quantity
ITEM000017801,ORD00040820,SKU04991,Open-source transitional leverage,Sports,4.0,-2850.01,-11400.04,2025-04-17 06:00:00,2026-08-07 20:10:16,order_items.csv,2026-08-07,Negative unit_price
ITEM000017823,ORD00015333,SKU04983,Horizontal context-sensitive secured line,Beauty,,484.95,,2025-04-17 06:00:00,2026-08-07 20:10:16,order_items.csv,2026-08-07,Missing quantity
ITEM000017890,ORD00012794,SKU01145,Switchable 3rdgeneration standardization,Home & Kitchen,,11542.48,,2025-04-17 06:00:00,2026-08-07 20:10:16,order_items.csv,2026-08-07,Missing quantity
ITEM000017901,ORD00040011,SKU00296,Object-based empowering function,Home & Kitchen,4.0,-11119.92,-44479.68,2025-04-17 06:00:00,2026-08-07 20:10:16,order_items.csv,2026-08-07,Negative unit_price
ITEM000017957,ORD00007494,SKU01942,Triple-buffered heuristic array,Beauty,,2872.59,,2025-04-17 06:00:00,2026-08-07 20:10:16,order_items.csv,2026-08-07,Missing quantity
ITEM000018001,ORD00030728,SKU01264,Switchable bandwidth-monitored interface,Toys,10.0,-4579.01,-45790.100000000006,2025-04-17 06:00:00,2026-08-07 20:10:16,order_items.csv,2026-08-07,Negative unit_price
ITEM000018024,ORD00048765,SKU04468,Team-oriented systematic policy,Home & Kitchen,,6498.21,,2025-04-17 06:00:00,2026-08-07 20:10:16,order_items.csv,2026-08-07,Missing quantity
ITEM000018091,ORD00039701,SKU04057,Configurable tangible artificial intelligence,Sports,,7102.85,,2025-04-17 06:00:00,2026-08-07 20:10:16,order_items.csv,2026-08-07,Missing quantity
ITEM000018101,ORD00004098,SKU00300,Re-contextualized full-range initiative,Toys,2.0,-12218.14,-24436.28,2025-04-17 06:00:00,2026-08-07 20:10:16,order_items.csv,2026-08-07,Negative unit_price
ITEM000018158,ORD00026235,SKU01853,Diverse user-facing matrices,Beauty,,4760.12,,2025-04-17 06:00:00,2026-08-07 20:10:16,order_items.csv,2026-08-07,Missing quantity
ITEM000018201,ORD00014739,SKU00944,Reactive transitional moratorium,Grocery,2.0,-6024.56,-12049.12,2025-04-17 06:00:00,2026-08-07 20:10:16,order_items.csv,2026-08-07,Negative unit_price
ITEM000018225,ORD00018162,SKU03665,Universal discrete encryption,Clothing,,12510.19,,2025-04-17 06:00:00,2026-08-07 20:10:16,order_items.csv,2026-08-07,Missing quantity
ITEM000018292,ORD00000003,SKU00555,Intuitive tangible hierarchy,Toys,,12490.6,,2025-04-17 06:00:00,2026-08-07 20:10:16,order_items.csv,2026-08-07,Missing quantity
ITEM000018301,ORD00009494,SKU02094,Enterprise-wide grid-enabled encoding,Clothing,8.0,-11249.64,-89997.12,2025-04-17 06:00:00,2026-08-07 20:10:16,order_items.csv,2026-08-07,Negative unit_price
ITEM000018359,ORD00006008,SKU01372,De-engineered uniform methodology,Grocery,,9973.08,,2025-04-17 06:00:00,2026-08-07 20:10:16,order_items.csv,2026-08-07,Missing quantity
ITEM000018401,ORD00043007,SKU04095,Organized bi-directional moratorium,Toys,4.0,-7218.8,-28875.2,2025-04-17 06:00:00,2026-08-07 20:10:16,order_items.csv,2026-08-07,Negative unit_price
ITEM000018426,ORD00042196,SKU02579,Monitored multimedia benchmark,Sports,,7752.44,,2025-04-17 06:00:00,2026-08-07 20:10:16,order_items.csv,2026-08-07,Missing quantity
ITEM000018493,ORD00033414,SKU04008,Managed upward-trending pricing structure,Home & Kitchen,,12042.94,,2025-04-17 06:00:00,2026-08-07 20:10:16,order_items.csv,2026-08-07,Missing quantity
ITEM000018501,ORD00003396,SKU02676,Streamlined 5thgeneration methodology,Books,9.0,-8023.77,-72213.93000000001,2025-04-17 06:00:00,2026-08-07 20:10:16,order_items.csv,2026-08-07,Negative unit_price
ITEM000018560,ORD00043784,SKU04005,Integrated 24hour instruction set,Home & Kitchen,,7472.21,,2025-04-17 06:00:00,2026-08-07 20:10:16,order_items.csv,2026-08-07,Missing quantity
ITEM000018601,ORD00003419,SKU01270,Managed zero-defect middleware,Sports,7.0,-9733.4,-68133.8,2025-04-17 06:00:00,2026-08-07 20:10:16,order_items.csv,2026-08-07,Negative unit_price
ITEM000018627,ORD00011756,SKU04012,Robust multimedia function,Electronics,,7505.31,,2025-04-17 06:00:00,2026-08-07 20:10:16,order_items.csv,2026-08-07,Missing quantity
ITEM000018694,ORD00035576,SKU02537,Versatile zero tolerance throughput,Books,,7090.93,,2025-04-17 06:00:00,2026-08-07 20:10:16,order_items.csv,2026-08-07,Missing quantity
ITEM000018701,ORD00002560,SKU04413,Enterprise-wide leadingedge middleware,Electronics,10.0,-4673.1,-46731.0,2025-04-17 06:00:00,2026-08-07 20:10:16,order_items.csv,2026-08-07,Negative unit_price
ITEM000018761,ORD00027137,SKU02562,Operative attitude-oriented capability,Home & Kitchen,,7554.88,,2025-04-17 06:00:00,2026-08-07 20:10:16,order_items.csv,2026-08-07,Missing quantity
ITEM000018801,ORD00002250,SKU04519,Decentralized intermediate policy,Clothing,4.0,-3208.25,-12833.0,2025-04-17 06:00:00,2026-08-07 20:10:16,order_items.csv,2026-08-07,Negative unit_price
ITEM000018828,ORD00020698,SKU01526,Object-based holistic Graphic Interface,Electronics,,13586.42,,2025-04-17 06:00:00,2026-08-07 20:10:16,order_items.csv,2026-08-07,Missing quantity
ITEM000018895,ORD00024843,SKU01843,Quality-focused multi-state Graphical User Interfa,Grocery,,14067.26,,2025-04-17 06:00:00,2026-08-07 20:10:16,order_items.csv,2026-08-07,Missing quantity
ITEM000018901,ORD00038197,SKU00502,Cross-platform 5thgeneration interface,Toys,5.0,-4745.67,-23728.35,2025-04-17 06:00:00,2026-08-07 20:10:16,order_items.csv,2026-08-07,Negative unit_price
ITEM000018962,ORD00016376,SKU03228,Pre-emptive 4thgeneration parallelism,Clothing,,11865.1,,2025-04-17 06:00:00,2026-08-07 20:10:16,order_items.csv,2026-08-07,Missing quantity
ITEM000019001,ORD00047506,SKU02770,Managed even-keeled definition,Home & Kitchen,6.0,-6806.43,-40838.58,2025-04-17 06:00:00,2026-08-07 20:10:16,order_items.csv,2026-08-07,Negative unit_price
ITEM000019029,ORD00046362,SKU02494,Optional 24/7 help-desk,Clothing,,3837.7,,2025-04-17 06:00:00,2026-08-07 20:10:16,order_items.csv,2026-08-07,Missing quantity
ITEM000019096,ORD00037568,SKU00840,Configurable content-based hub,Electronics,,3159.38,,2025-04-17 06:00:00,2026-08-07 20:10:16,order_items.csv,2026-08-07,Missing quantity
ITEM000019101,ORD00019216,SKU00669,Virtual uniform firmware,Clothing,8.0,-1649.27,-13194.16,2025-04-17 06:00:00,2026-08-07 20:10:16,order_items.csv,2026-08-07,Negative unit_price
ITEM000019163,ORD00038955,SKU01719,Stand-alone modular methodology,Beauty,,823.51,,2025-04-17 06:00:00,2026-08-07 20:10:16,order_items.csv,2026-08-07,Missing quantity
ITEM000019201,ORD00019404,SKU01487,Assimilated impactful conglomeration,Toys,4.0,-10358.71,-41434.84,2025-04-17 06:00:00,2026-08-07 20:10:16,order_items.csv,2026-08-07,Negative unit_price
ITEM000019230,ORD00040294,SKU03817,Reduced 6thgeneration Graphic Interface,Books,,10744.17,,2025-04-17 06:00:00,2026-08-07 20:10:16,order_items.csv,2026-08-07,Missing quantity
ITEM000019297,ORD00042454,SKU03257,Seamless stable project,Electronics,,13097.0,,2025-04-17 06:00:00,2026-08-07 20:10:16,order_items.csv,2026-08-07,Missing quantity
ITEM000019301,ORD00045544,SKU01500,Team-oriented methodical collaboration,Sports,10.0,-7757.76,-77577.6,2025-04-17 06:00:00,2026-08-07 20:10:16,order_items.csv,2026-08-07,Negative unit_price
ITEM000019364,ORD00028739,SKU04001,Streamlined 24/7 access,Toys,,584.89,,2025-04-17 06:00:00,2026-08-07 20:10:16,order_items.csv,2026-08-07,Missing quantity
ITEM000019401,ORD00037419,SKU02614,Switchable zero-defect paradigm,Grocery,1.0,-12982.54,-12982.54,2025-04-17 06:00:00,2026-08-07 20:10:16,order_items.csv,2026-08-07,Negative unit_price
ITEM000019431,ORD00017894,SKU04991,Open-source transitional leverage,Sports,,2850.01,,2025-04-17 06:00:00,2026-08-07 20:10:16,order_items.csv,2026-08-07,Missing quantity
ITEM000019498,ORD00038357,SKU01348,Ergonomic reciprocal pricing structure,Books,,3092.88,,2025-04-17 06:00:00,2026-08-07 20:10:16,order_items.csv,2026-08-07,Missing quantity
ITEM000019501,ORD00017085,SKU03691,Managed coherent leverage,Beauty,10.0,-1372.14,-13721.400000000001,2025-04-17 06:00:00,2026-08-07 20:10:16,order_items.csv,2026-08-07,Negative unit_price
ITEM000019565,ORD00000399,SKU02528,Exclusive disintermediate access,Books,,11126.39,,2025-04-17 06:00:00,2026-08-07 20:10:16,order_items.csv,2026-08-07,Missing quantity
ITEM000019601,ORD00004098,SKU02789,Function-based zero-defect collaboration,Electronics,2.0,-14199.86,-28399.72,2025-04-17 06:00:00,2026-08-07 20:10:16,order_items.csv,2026-08-07,Negative unit_price
ITEM000019632,ORD00049822,SKU01764,Reactive regional open system,Beauty,,13757.26,,2025-04-17 06:00:00,2026-08-07 20:10:16,order_items.csv,2026-08-07,Missing quantity
ITEM000019699,ORD00029015,SKU04103,Multi-layered cohesive moderator,Clothing,,3379.44,,2025-04-17 06:00:00,2026-08-07 20:10:16,order_items.csv,2026-08-07,Missing quantity
ITEM000019701,ORD00013704,SKU02293,Operative bandwidth-monitored circuit,Clothing,9.0,-5380.24,-48422.159999999996,2025-04-17 06:00:00,2026-08-07 20:10:16,order_items.csv,2026-08-07,Negative unit_price
ITEM000019766,ORD00041885,SKU02522,Function-based dedicated definition,Sports,,3872.22,,2025-04-17 06:00:00,2026-08-07 20:10:16,order_items.csv,2026-08-07,Missing quantity
ITEM000019801,ORD00032921,SKU00957,Fundamental local capability,Toys,8.0,-9670.76,-77366.08,2025-04-17 06:00:00,2026-08-07 20:10:16,order_items.csv,2026-08-07,Negative unit_price
ITEM000019833,ORD00041978,SKU02343,Enterprise-wide responsive secured line,Grocery,,9943.25,,2025-04-17 06:00:00,2026-08-07 20:10:16,order_items.csv,2026-08-07,Missing quantity
ITEM000019900,ORD00001757,SKU04966,Re-engineered 4thgeneration extranet,Books,,12500.66,,2025-04-17 06:00:00,2026-08-07 20:10:16,order_items.csv,2026-08-07,Missing quantity
ITEM000019901,ORD00022739,SKU01598,Compatible asynchronous strategy,Sports,8.0,-8229.77,-65838.16,2025-04-17 06:00:00,2026-08-07 20:10:16,order_items.csv,2026-08-07,Negative unit_price
ITEM000019967,ORD00042372,SKU01356,Optional exuding software,Beauty,,9711.14,,2025-04-17 06:00:00,2026-08-07 20:10:16,order_items.csv,2026-08-07,Missing quantity
ITEM000020001,ORD00025714,SKU02168,Synergistic 5thgeneration encryption,Clothing,10.0,-10476.72,-104767.2,2025-04-17 06:00:00,2026-08-07 20:10:16,order_items.csv,2026-08-07,Negative unit_price
ITEM000020034,ORD00020737,SKU02808,Compatible fresh-thinking strategy,Books,,1381.0,,2025-04-17 06:00:00,2026-08-07 20:10:16,order_items.csv,2026-08-07,Missing quantity
ITEM000020101,ORD00027804,SKU01853,Diverse user-facing matrices,Beauty,,-4760.12,,2025-04-17 06:00:00,2026-08-07 20:10:16,order_items.csv,2026-08-07,Missing quantity
ITEM000020168,ORD00023750,SKU01209,Focused secondary success,Toys,,8570.31,,2025-04-17 06:00:00,2026-08-07 20:10:16,order_items.csv,2026-08-07,Missing quantity
ITEM000020201,ORD00032034,SKU04318,Grass-roots object-oriented adapter,Toys,4.0,-5071.73,-20286.92,2025-04-17 06:00:00,2026-08-07 20:10:16,order_items.csv,2026-08-07,Negative unit_price
ITEM000020235,ORD00032242,SKU00544,Inverse fault-tolerant portal,Clothing,,450.1,,2025-04-17 06:00:00,2026-08-07 20:10:16,order_items.csv,2026-08-07,Missing quantity
ITEM000020301,ORD00007081,SKU01462,Ergonomic eco-centric conglomeration,Grocery,10.0,-7000.84,-70008.4,2025-04-17 06:00:00,2026-08-07 20:10:16,order_items.csv,2026-08-07,Negative unit_price
ITEM000020302,ORD00044155,SKU02109,Fundamental uniform structure,Sports,,9731.58,,2025-04-17 06:00:00,2026-08-07 20:10:16,order_items.csv,2026-08-07,Missing quantity
ITEM000020369,ORD00005425,SKU02021,Inverse holistic interface,Toys,,13334.03,,2025-04-17 06:00:00,2026-08-07 20:10:16,order_items.csv,2026-08-07,Missing quantity
ITEM000020401,ORD00039922,SKU03342,Diverse client-server functionalities,Books,3.0,-12966.66,-38899.979999999996,2025-04-17 06:00:00,2026-08-07 20:10:16,order_items.csv,2026-08-07,Negative unit_price
ITEM000020436,ORD00014402,SKU04766,Organic bi-directional secured line,Books,,5260.68,,2025-04-17 06:00:00,2026-08-07 20:10:16,order_items.csv,2026-08-07,Missing quantity
ITEM000020501,ORD00015938,SKU04681,Profit-focused bifurcated data-warehouse,Sports,8.0,-1236.38,-9891.04,2025-04-17 06:00:00,2026-08-07 20:10:16,order_items.csv,2026-08-07,Negative unit_price
ITEM000020503,ORD00024928,SKU00079,Customer-focused coherent Graphic Interface,Toys,,3273.7,,2025-04-17 06:00:00,2026-08-07 20:10:16,order_items.csv,2026-08-07,Missing quantity
ITEM000020570,ORD00045352,SKU00330,Robust intangible installation,Grocery,,10161.02,,2025-04-17 06:00:00,2026-08-07 20:10:16,order_items.csv,2026-08-07,Missing quantity
ITEM000020601,ORD00014870,SKU00552,Customizable dedicated complexity,Grocery,4.0,-4732.32,-18929.28,2025-04-17 06:00:00,2026-08-07 20:10:16,order_items.csv,2026-08-07,Negative unit_price
ITEM000020637,ORD00025756,SKU00121,Cloned needs-based standardization,Home & Kitchen,,13749.04,,2025-04-17 06:00:00,2026-08-07 20:10:16,order_items.csv,2026-08-07,Missing quantity
ITEM000020701,ORD00035319,SKU01691,Digitized optimal matrices,Sports,1.0,-3735.55,-3735.55,2025-04-17 06:00:00,2026-08-07 20:10:16,order_items.csv,2026-08-07,Negative unit_price
ITEM000020704,ORD00025852,SKU04245,Profound multi-tasking access,Toys,,6600.41,,2025-04-17 06:00:00,2026-08-07 20:10:16,order_items.csv,2026-08-07,Missing quantity
ITEM000020771,ORD00002155,SKU04112,Public-key heuristic alliance,Books,,10430.76,,2025-04-17 06:00:00,2026-08-07 20:10:16,order_items.csv,2026-08-07,Missing quantity
ITEM000020801,ORD00047762,SKU01825,Business-focused dedicated structure,Electronics,4.0,-9526.98,-38107.92,2025-04-17 06:00:00,2026-08-07 20:10:16,order_items.csv,2026-08-07,Negative unit_price
ITEM000020838,ORD00010778,SKU03755,Re-engineered 3rdgeneration groupware,Clothing,,14634.31,,2025-04-17 06:00:00,2026-08-07 20:10:16,order_items.csv,2026-08-07,Missing quantity
ITEM000020901,ORD00022664,SKU03125,Vision-oriented interactive projection,Beauty,4.0,-6661.16,-26644.64,2025-04-17 06:00:00,2026-08-07 20:10:16,order_items.csv,2026-08-07,Negative unit_price
ITEM000020905,ORD00017223,SKU02845,Grass-roots foreground info-mediaries,Books,,13777.36,,2025-04-17 06:00:00,2026-08-07 20:10:16,order_items.csv,2026-08-07,Missing quantity
ITEM000020972,ORD00042927,SKU04926,Inverse next generation database,Books,,3297.26,,2025-04-17 06:00:00,2026-08-07 20:10:16,order_items.csv,2026-08-07,Missing quantity
ITEM000021001,ORD00006765,SKU04000,Organized even-keeled infrastructure,Home & Kitchen,7.0,-9330.88,-65316.159999999996,2025-04-17 06:00:00,2026-08-07 20:10:16,order_items.csv,2026-08-07,Negative unit_price
ITEM000021039,ORD00015922,SKU04181,Visionary mobile superstructure,Books,,2405.37,,2025-04-17 06:00:00,2026-08-07 20:10:16,order_items.csv,2026-08-07,Missing quantity
ITEM000021101,ORD00035147,SKU02436,Focused contextually-based methodology,Sports,8.0,-3565.06,-28520.48,2025-04-17 06:00:00,2026-08-07 20:10:16,order_items.csv,2026-08-07,Negative unit_price
ITEM000021106,ORD00039599,SKU04664,Balanced full-range capacity,Books,,13275.51,,2025-04-17 06:00:00,2026-08-07 20:10:16,order_items.csv,2026-08-07,Missing quantity
ITEM000021173,ORD00007120,SKU02382,Focused 24hour alliance,Books,,8639.58,,2025-04-17 06:00:00,2026-08-07 20:10:16,order_items.csv,2026-08-07,Missing quantity
ITEM000021201,ORD00047283,SKU00305,Phased real-time neural-net,Grocery,3.0,-9695.34,-29086.02,2025-04-17 06:00:00,2026-08-07 20:10:16,order_items.csv,2026-08-07,Negative unit_price
ITEM000021240,ORD00010696,SKU01852,Multi-layered context-sensitive firmware,Clothing,,2263.17,,2025-04-17 06:00:00,2026-08-07 20:10:16,order_items.csv,2026-08-07,Missing quantity
ITEM000021301,ORD00011427,SKU03479,Distributed global projection,Books,2.0,-8835.52,-17671.04,2025-04-17 06:00:00,2026-08-07 20:10:16,order_items.csv,2026-08-07,Negative unit_price
ITEM000021307,ORD00008665,SKU04484,Programmable dynamic conglomeration,Beauty,,1045.98,,2025-04-17 06:00:00,2026-08-07 20:10:16,order_items.csv,2026-08-07,Missing quantity
ITEM000021374,ORD00012733,SKU01563,Persistent mission-critical complexity,Home & Kitchen,,7306.67,,2025-04-17 06:00:00,2026-08-07 20:10:16,order_items.csv,2026-08-07,Missing quantity
ITEM000021401,ORD00029694,SKU03777,Proactive disintermediate paradigm,Grocery,8.0,-4314.11,-34512.88,2025-04-17 06:00:00,2026-08-07 20:10:16,order_items.csv,2026-08-07,Negative unit_price
ITEM000021441,ORD00029597,SKU01578,Synergistic next generation standardization,Beauty,,1140.74,,2025-04-17 06:00:00,2026-08-07 20:10:16,order_items.csv,2026-08-07,Missing quantity
ITEM000021501,ORD00039845,SKU02506,Ameliorated encompassing utilization,Clothing,2.0,-185.67,-371.34,2025-04-17 06:00:00,2026-08-07 20:10:16,order_items.csv,2026-08-07,Negative unit_price
ITEM000021508,ORD00048765,SKU04229,Profound 6thgeneration approach,Beauty,,13467.9,,2025-04-17 06:00:00,2026-08-07 20:10:16,order_items.csv,2026-08-07,Missing quantity
ITEM000021575,ORD00000631,SKU04308,Exclusive intermediate monitoring,Home & Kitchen,,13864.59,,2025-04-17 06:00:00,2026-08-07 20:10:16,order_items.csv,2026-08-07,Missing quantity
ITEM000021601,ORD00020465,SKU04998,Compatible client-server standardization,Grocery,4.0,-4000.82,-16003.28,2025-04-17 06:00:00,2026-08-07 20:10:16,order_items.csv,2026-08-07,Negative unit_price
ITEM000021642,ORD00013419,SKU02864,Vision-oriented directional capacity,Beauty,,13192.22,,2025-04-17 06:00:00,2026-08-07 20:10:16,order_items.csv,2026-08-07,Missing quantity
ITEM000021701,ORD00048777,SKU02791,Operative analyzing project,Electronics,8.0,-1716.56,-13732.48,2025-04-17 06:00:00,2026-08-07 20:10:16,order_items.csv,2026-08-07,Negative unit_price
ITEM000021709,ORD00038608,SKU04905,Ergonomic human-resource frame,Toys,,86.49,,2025-04-17 06:00:00,2026-08-07 20:10:16,order_items.csv,2026-08-07,Missing quantity
ITEM000021776,ORD00020375,SKU01371,Down-sized regional neural-net,Sports,,4125.76,,2025-04-17 06:00:00,2026-08-07 20:10:16,order_items.csv,2026-08-07,Missing quantity
ITEM000021801,ORD00044454,SKU04770,Expanded directional adapter,Clothing,3.0,-11520.31,-34560.93,2025-04-17 06:00:00,2026-08-07 20:10:16,order_items.csv,2026-08-07,Negative unit_price
ITEM000021843,ORD00011052,SKU01055,Function-based value-added superstructure,Grocery,,4459.6,,2025-04-17 06:00:00,2026-08-07 20:10:16,order_items.csv,2026-08-07,Missing quantity
ITEM000021901,ORD00031790,SKU01586,Networked dedicated focus group,Clothing,10.0,-7393.98,-73939.79999999999,2025-04-17 06:00:00,2026-08-07 20:10:16,order_items.csv,2026-08-07,Negative unit_price
ITEM000021910,ORD00007903,SKU04247,Organized optimal interface,Clothing,,9626.79,,2025-04-17 06:00:00,2026-08-07 20:10:16,order_items.csv,2026-08-07,Missing quantity
ITEM000021977,ORD00047418,SKU02219,Managed explicit structure,Home & Kitchen,,3611.49,,2025-04-17 06:00:00,2026-08-07 20:10:16,order_items.csv,2026-08-07,Missing quantity
ITEM000022001,ORD00044839,SKU03773,Implemented local pricing structure,Grocery,5.0,-4093.22,-20466.1,2025-04-17 06:00:00,2026-08-07 20:10:16,order_items.csv,2026-08-07,Negative unit_price
ITEM000022044,ORD00029010,SKU00777,Open-architected logistical array,Grocery,,4072.0,,2025-04-17 06:00:00,2026-08-07 20:10:16,order_items.csv,2026-08-07,Missing quantity
ITEM000022101,ORD00011866,SKU02298,Proactive 24hour focus group,Clothing,10.0,-3513.67,-35136.7,2025-04-17 06:00:00,2026-08-07 20:10:16,order_items.csv,2026-08-07,Negative unit_price
ITEM000022111,ORD00036715,SKU04744,Virtual radical data-warehouse,Sports,,9866.77,,2025-04-17 06:00:00,2026-08-07 20:10:16,order_items.csv,2026-08-07,Missing quantity
ITEM000022178,ORD00005892,SKU03358,Devolved upward-trending paradigm,Home & Kitchen,,11378.18,,2025-04-17 06:00:00,2026-08-07 20:10:16,order_items.csv,2026-08-07,Missing quantity
ITEM000022201,ORD00026328,SKU03795,Multi-tiered directional complexity,Grocery,7.0,-5430.8,-38015.6,2025-04-17 06:00:00,2026-08-07 20:10:16,order_items.csv,2026-08-07,Negative unit_price
ITEM000022245,ORD00038054,SKU00184,Advanced methodical flexibility,Home & Kitchen,,9879.74,,2025-04-17 06:00:00,2026-08-07 20:10:16,order_items.csv,2026-08-07,Missing quantity
ITEM000022301,ORD00031676,SKU02800,Open-source non-volatile capability,Electronics,1.0,-11079.39,-11079.39,2025-04-17 06:00:00,2026-08-07 20:10:16,order_items.csv,2026-08-07,Negative unit_price
ITEM000022312,ORD00014221,SKU02803,Streamlined grid-enabled process improvement,Sports,,6731.34,,2025-04-17 06:00:00,2026-08-07 20:10:16,order_items.csv,2026-08-07,Missing quantity
ITEM000022379,ORD00021015,SKU04121,Inverse client-driven synergy,Sports,,14745.41,,2025-04-17 06:00:00,2026-08-07 20:10:16,order_items.csv,2026-08-07,Missing quantity
ITEM000022401,ORD00011433,SKU01221,Pre-emptive leadingedge flexibility,Beauty,2.0,-8664.2,-17328.4,2025-04-17 06:00:00,2026-08-07 20:10:16,order_items.csv,2026-08-07,Negative unit_price
ITEM000022446,ORD00025714,SKU00678,Distributed zero administration product,Clothing,,11120.08,,2025-04-17 06:00:00,2026-08-07 20:10:16,order_items.csv,2026-08-07,Missing quantity
ITEM000022501,ORD00002819,SKU00715,Digitized methodical function,Books,3.0,-13911.21,-41733.63,2025-04-17 06:00:00,2026-08-07 20:10:16,order_items.csv,2026-08-07,Negative unit_price
ITEM000022513,ORD00017837,SKU01186,Seamless demand-driven analyzer,Beauty,,10632.02,,2025-04-17 06:00:00,2026-08-07 20:10:16,order_items.csv,2026-08-07,Missing quantity
ITEM000022580,ORD00036448,SKU02705,Team-oriented heuristic core,Toys,,12698.18,,2025-04-17 06:00:00,2026-08-07 20:10:16,order_items.csv,2026-08-07,Missing quantity
ITEM000022601,ORD00041774,SKU01092,Progressive static superstructure,Clothing,10.0,-6419.14,-64191.4,2025-04-17 06:00:00,2026-08-07 20:10:16,order_items.csv,2026-08-07,Negative unit_price
ITEM000022647,ORD00012825,SKU01406,Total high-level firmware,Grocery,,333.24,,2025-04-17 06:00:00,2026-08-07 20:10:16,order_items.csv,2026-08-07,Missing quantity
ITEM000022701,ORD00048439,SKU00644,Persevering national frame,Toys,2.0,-12550.42,-25100.84,2025-04-17 06:00:00,2026-08-07 20:10:16,order_items.csv,2026-08-07,Negative unit_price
ITEM000022714,ORD00035542,SKU00118,Seamless even-keeled adapter,Clothing,,3837.29,,2025-04-17 06:00:00,2026-08-07 20:10:16,order_items.csv,2026-08-07,Missing quantity
ITEM000022781,ORD00014282,SKU01737,Horizontal heuristic contingency,Beauty,,8646.85,,2025-04-17 06:00:00,2026-08-07 20:10:16,order_items.csv,2026-08-07,Missing quantity
ITEM000022801,ORD00005774,SKU00192,Synergized disintermediate structure,Toys,10.0,-4214.2,-42142.0,2025-04-17 06:00:00,2026-08-07 20:10:16,order_items.csv,2026-08-07,Negative unit_price
ITEM000022848,ORD00023600,SKU02558,Fully-configurable radical implementation,Toys,,5685.07,,2025-04-17 06:00:00,2026-08-07 20:10:16,order_items.csv,2026-08-07,Missing quantity
ITEM000022901,ORD00009717,SKU01280,Grass-roots value-added encoding,Books,1.0,-12832.44,-12832.44,2025-04-17 06:00:00,2026-08-07 20:10:16,order_items.csv,2026-08-07,Negative unit_price
ITEM000022915,ORD00034263,SKU04886,Realigned system-worthy strategy,Electronics,,71.59,,2025-04-17 06:00:00,2026-08-07 20:10:16,order_items.csv,2026-08-07,Missing quantity
ITEM000022982,ORD00039186,SKU01565,Balanced foreground website,Home & Kitchen,,11935.78,,2025-04-17 06:00:00,2026-08-07 20:10:16,order_items.csv,2026-08-07,Missing quantity
ITEM000023001,ORD00004225,SKU03795,Multi-tiered directional complexity,Grocery,3.0,-5430.8,-16292.400000000001,2025-04-17 06:00:00,2026-08-07 20:10:16,order_items.csv,2026-08-07,Negative unit_price
ITEM000023049,ORD00006952,SKU00659,Configurable real-time archive,Beauty,,748.51,,2025-04-17 06:00:00,2026-08-07 20:10:16,order_items.csv,2026-08-07,Missing quantity
ITEM000023101,ORD00034613,SKU00427,Devolved web-enabled project,Toys,8.0,-10281.66,-82253.28,2025-04-17 06:00:00,2026-08-07 20:10:16,order_items.csv,2026-08-07,Negative unit_price
ITEM000023116,ORD00013161,SKU00455,Persistent bifurcated success,Clothing,,12674.98,,2025-04-17 06:00:00,2026-08-07 20:10:16,order_items.csv,2026-08-07,Missing quantity
ITEM000023183,ORD00043318,SKU03474,Realigned global functionalities,Home & Kitchen,,1371.17,,2025-04-17 06:00:00,2026-08-07 20:10:16,order_items.csv,2026-08-07,Missing quantity
ITEM000023201,ORD00031419,SKU01952,Horizontal hybrid info-mediaries,Sports,3.0,-12470.13,-37410.39,2025-04-17 06:00:00,2026-08-07 20:10:16,order_items.csv,2026-08-07,Negative unit_price
ITEM000023250,ORD00043993,SKU00211,Switchable impactful concept,Electronics,,1126.24,,2025-04-17 06:00:00,2026-08-07 20:10:16,order_items.csv,2026-08-07,Missing quantity
ITEM000023301,ORD00028612,SKU04058,Profit-focused next generation data-warehouse,Books,10.0,-2289.98,-22899.8,2025-04-17 06:00:00,2026-08-07 20:10:16,order_items.csv,2026-08-07,Negative unit_price
ITEM000023317,ORD00005721,SKU01020,Team-oriented bottom-line success,Grocery,,5553.03,,2025-04-17 06:00:00,2026-08-07 20:10:16,order_items.csv,2026-08-07,Missing quantity
ITEM000023384,ORD00019590,SKU04052,Pre-emptive hybrid budgetary management,Beauty,,12399.76,,2025-04-17 06:00:00,2026-08-07 20:10:16,order_items.csv,2026-08-07,Missing quantity
ITEM000023401,ORD00018289,SKU03001,Re-engineered web-enabled concept,Clothing,2.0,-5771.1,-11542.2,2025-04-17 06:00:00,2026-08-07 20:10:16,order_items.csv,2026-08-07,Negative unit_price
ITEM000023451,ORD00003694,SKU01233,Automated modular knowledgebase,Toys,,11671.19,,2025-04-17 06:00:00,2026-08-07 20:10:16,order_items.csv,2026-08-07,Missing quantity
ITEM000023501,ORD00008684,SKU04196,Public-key 24hour capability,Sports,2.0,-14304.76,-28609.52,2025-04-17 06:00:00,2026-08-07 20:10:16,order_items.csv,2026-08-07,Negative unit_price
ITEM000023518,ORD00020020,SKU04085,Triple-buffered grid-enabled standardization,Sports,,10498.25,,2025-04-17 06:00:00,2026-08-07 20:10:16,order_items.csv,2026-08-07,Missing quantity
ITEM000023585,ORD00005505,SKU00298,Enhanced fresh-thinking matrices,Grocery,,2251.86,,2025-04-17 06:00:00,2026-08-07 20:10:16,order_items.csv,2026-08-07,Missing quantity
ITEM000023601,ORD00040325,SKU00786,Right-sized didactic model,Electronics,4.0,-12009.08,-48036.32,2025-04-17 06:00:00,2026-08-07 20:10:16,order_items.csv,2026-08-07,Negative unit_price
ITEM000023652,ORD00024456,SKU03982,Compatible value-added workforce,Books,,3317.23,,2025-04-17 06:00:00,2026-08-07 20:10:16,order_items.csv,2026-08-07,Missing quantity
ITEM000023701,ORD00001511,SKU00557,Monitored analyzing framework,Beauty,2.0,-5046.1,-10092.2,2025-04-17 06:00:00,2026-08-07 20:10:16,order_items.csv,2026-08-07,Negative unit_price
ITEM000023719,ORD00018766,SKU01214,Upgradable composite implementation,Home & Kitchen,,14504.73,,2025-04-17 06:00:00,2026-08-07 20:10:16,order_items.csv,2026-08-07,Missing quantity
ITEM000023786,ORD00048930,SKU03134,Cloned didactic hardware,Home & Kitchen,,12062.1,,2025-04-17 06:00:00,2026-08-07 20:10:16,order_items.csv,2026-08-07,Missing quantity
ITEM000023801,ORD00021333,SKU01225,Decentralized regional extranet,Beauty,1.0,-3339.88,-3339.88,2025-04-17 06:00:00,2026-08-07 20:10:16,order_items.csv,2026-08-07,Negative unit_price
ITEM000023853,ORD00016642,SKU01212,Universal web-enabled definition,Sports,,8695.26,,2025-04-17 06:00:00,2026-08-07 20:10:16,order_items.csv,2026-08-07,Missing quantity
ITEM000023901,ORD00025707,SKU03569,Right-sized 3rdgeneration secured line,Grocery,5.0,-12570.98,-62854.899999999994,2025-04-17 06:00:00,2026-08-07 20:10:16,order_items.csv,2026-08-07,Negative unit_price
ITEM000023920,ORD00033623,SKU02088,Inverse scalable migration,Grocery,,3776.26,,2025-04-17 06:00:00,2026-08-07 20:10:16,order_items.csv,2026-08-07,Missing quantity
ITEM000023987,ORD00001122,SKU04667,Distributed methodical infrastructure,Grocery,,3281.38,,2025-04-17 06:00:00,2026-08-07 20:10:16,order_items.csv,2026-08-07,Missing quantity
ITEM000024001,ORD00049460,SKU01047,Triple-buffered responsive info-mediaries,Home & Kitchen,9.0,-5007.75,-45069.75,2025-04-17 06:00:00,2026-08-07 20:10:16,order_items.csv,2026-08-07,Negative unit_price
ITEM000024054,ORD00000984,SKU00105,User-centric modular software,Beauty,,7560.62,,2025-04-17 06:00:00,2026-08-07 20:10:16,order_items.csv,2026-08-07,Missing quantity
ITEM000024101,ORD00035099,SKU03491,Visionary asymmetric product,Clothing,8.0,-14878.71,-119029.68,2025-04-17 06:00:00,2026-08-07 20:10:16,order_items.csv,2026-08-07,Negative unit_price
ITEM000024121,ORD00024594,SKU04869,Cross-group clear-thinking infrastructure,Electronics,,14587.04,,2025-04-17 06:00:00,2026-08-07 20:10:16,order_items.csv,2026-08-07,Missing quantity
ITEM000024188,ORD00023554,SKU00178,Stand-alone user-facing standardization,Electronics,,3149.35,,2025-04-17 06:00:00,2026-08-07 20:10:16,order_items.csv,2026-08-07,Missing quantity
ITEM000024201,ORD00042293,SKU01244,Secured optimal encryption,Clothing,8.0,-12511.38,-100091.04,2025-04-17 06:00:00,2026-08-07 20:10:16,order_items.csv,2026-08-07,Negative unit_price
ITEM000024255,ORD00012246,SKU03855,Inverse bi-directional website,Sports,,13250.25,,2025-04-17 06:00:00,2026-08-07 20:10:16,order_items.csv,2026-08-07,Missing quantity
ITEM000024301,ORD00018440,SKU01194,Streamlined stable data-warehouse,Home & Kitchen,10.0,-1778.27,-17782.7,2025-04-17 06:00:00,2026-08-07 20:10:16,order_items.csv,2026-08-07,Negative unit_price
ITEM000024322,ORD00008846,SKU04362,Enterprise-wide 24/7 structure,Beauty,,270.39,,2025-04-17 06:00:00,2026-08-07 20:10:16,order_items.csv,2026-08-07,Missing quantity
ITEM000024389,ORD00039120,SKU01251,Extended solution-oriented firmware,Home & Kitchen,,7375.53,,2025-04-17 06:00:00,2026-08-07 20:10:16,order_items.csv,2026-08-07,Missing quantity
ITEM000024401,ORD00010439,SKU01050,Synchronized leadingedge benchmark,Clothing,5.0,-13068.95,-65344.75,2025-04-17 06:00:00,2026-08-07 20:10:16,order_items.csv,2026-08-07,Negative unit_price
ITEM000024456,ORD00011014,SKU01005,Integrated intermediate function,Home & Kitchen,,596.94,,2025-04-17 06:00:00,2026-08-07 20:10:16,order_items.csv,2026-08-07,Missing quantity
ITEM000024501,ORD00038100,SKU02324,Implemented multimedia middleware,Toys,5.0,-8431.55,-42157.75,2025-04-17 06:00:00,2026-08-07 20:10:16,order_items.csv,2026-08-07,Negative unit_price
ITEM000024523,ORD00030522,SKU01490,Versatile cohesive open architecture,Beauty,,1877.2,,2025-04-17 06:00:00,2026-08-07 20:10:16,order_items.csv,2026-08-07,Missing quantity
ITEM000024590,ORD00020960,SKU04409,Switchable bandwidth-monitored standardization,Sports,,13689.97,,2025-04-17 06:00:00,2026-08-07 20:10:16,order_items.csv,2026-08-07,Missing quantity
ITEM000024601,ORD00032494,SKU02903,Focused analyzing forecast,Electronics,7.0,-13341.6,-93391.2,2025-04-17 06:00:00,2026-08-07 20:10:16,order_items.csv,2026-08-07,Negative unit_price
ITEM000024657,ORD00004647,SKU01945,Quality-focused static project,Electronics,,4279.55,,2025-04-17 06:00:00,2026-08-07 20:10:16,order_items.csv,2026-08-07,Missing quantity
ITEM000024701,ORD00032037,SKU04443,Reverse-engineered contextually-based matrix,Beauty,3.0,-6773.48,-20320.44,2025-04-17 06:00:00,2026-08-07 20:10:16,order_items.csv,2026-08-07,Negative unit_price
ITEM000024724,ORD00011396,SKU04261,Upgradable homogeneous knowledge user,Home & Kitchen,,1951.4,,2025-04-17 06:00:00,2026-08-07 20:10:16,order_items.csv,2026-08-07,Missing quantity
ITEM000024791,ORD00025916,SKU04679,Realigned secondary circuit,Clothing,,127.61,,2025-04-17 06:00:00,2026-08-07 20:10:16,order_items.csv,2026-08-07,Missing quantity
ITEM000024801,ORD00032304,SKU00170,Vision-oriented interactive concept,Clothing,8.0,-13513.67,-108109.36,2025-04-17 06:00:00,2026-08-07 20:10:16,order_items.csv,2026-08-07,Negative unit_price
ITEM000024858,ORD00014526,SKU04455,Multi-channeled analyzing moderator,Home & Kitchen,,10399.18,,2025-04-17 06:00:00,2026-08-07 20:10:16,order_items.csv,2026-08-07,Missing quantity
ITEM000024901,ORD00015834,SKU01409,Digitized logistical moderator,Grocery,3.0,-10987.02,-32961.06,2025-04-17 06:00:00,2026-08-07 20:10:16,order_items.csv,2026-08-07,Negative unit_price
ITEM000024925,ORD00033070,SKU04245,Profound multi-tasking access,Toys,,6600.41,,2025-04-17 06:00:00,2026-08-07 20:10:16,order_items.csv,2026-08-07,Missing quantity
ITEM000024992,ORD00046886,SKU04907,Up-sized maximized customer loyalty,Sports,,4776.07,,2025-04-17 06:00:00,2026-08-07 20:10:16,order_items.csv,2026-08-07,Missing quantity
ITEM000025001,ORD00018298,SKU00241,Cross-platform systemic contingency,Sports,6.0,-6962.04,-41772.24,2025-04-17 06:00:00,2026-08-07 20:10:16,order_items.csv,2026-08-07,Negative unit_price
ITEM000025059,ORD00019777,SKU01503,Cross-group clear-thinking support,Toys,,13354.19,,2025-04-17 06:00:00,2026-08-07 20:10:16,order_items.csv,2026-08-07,Missing quantity
ITEM000025101,ORD00022810,SKU04133,Profound zero-defect conglomeration,Electronics,6.0,-10860.47,-65162.81999999999,2025-04-17 06:00:00,2026-08-07 20:10:16,order_items.csv,2026-08-07,Negative unit_price
ITEM000025126,ORD00012020,SKU03475,Phased explicit instruction set,Electronics,,9792.37,,2025-04-17 06:00:00,2026-08-07 20:10:16,order_items.csv,2026-08-07,Missing quantity
ITEM000025193,ORD00043766,SKU04289,Universal local standardization,Electronics,,5993.12,,2025-04-17 06:00:00,2026-08-07 20:10:16,order_items.csv,2026-08-07,Missing quantity
ITEM000025201,ORD00002805,SKU04334,User-friendly intermediate parallelism,Grocery,8.0,-3526.91,-28215.28,2025-04-17 06:00:00,2026-08-07 20:10:16,order_items.csv,2026-08-07,Negative unit_price
ITEM000025260,ORD00031190,SKU00179,Function-based maximized migration,Beauty,,10961.3,,2025-04-17 06:00:00,2026-08-07 20:10:16,order_items.csv,2026-08-07,Missing quantity
ITEM000025301,ORD00013469,SKU01726,Centralized next generation initiative,Grocery,5.0,-1326.6,-6633.0,2025-04-17 06:00:00,2026-08-07 20:10:16,order_items.csv,2026-08-07,Negative unit_price
ITEM000025327,ORD00001804,SKU04956,Triple-buffered homogeneous approach,Beauty,,14160.64,,2025-04-17 06:00:00,2026-08-07 20:10:16,order_items.csv,2026-08-07,Missing quantity
ITEM000025394,ORD00033748,SKU01872,Profound grid-enabled focus group,Clothing,,7009.81,,2025-04-17 06:00:00,2026-08-07 20:10:16,order_items.csv,2026-08-07,Missing quantity
ITEM000025401,ORD00049932,SKU02556,Optional 6thgeneration firmware,Grocery,3.0,-8938.38,-26815.14,2025-04-17 06:00:00,2026-08-07 20:10:16,order_items.csv,2026-08-07,Negative unit_price
ITEM000025461,ORD00019333,SKU01006,User-centric 6thgeneration projection,Books,,4130.79,,2025-04-17 06:00:00,2026-08-07 20:10:16,order_items.csv,2026-08-07,Missing quantity
ITEM000025501,ORD00047455,SKU01149,Advanced asynchronous matrices,Electronics,2.0,-2414.15,-4828.3,2025-04-17 06:00:00,2026-08-07 20:10:16,order_items.csv,2026-08-07,Negative unit_price
ITEM000025528,ORD00009636,SKU01597,Sharable responsive matrix,Clothing,,7666.0,,2025-04-17 06:00:00,2026-08-07 20:10:16,order_items.csv,2026-08-07,Missing quantity
ITEM000025595,ORD00048426,SKU01302,Distributed responsive hardware,Electronics,,1906.76,,2025-04-17 06:00:00,2026-08-07 20:10:16,order_items.csv,2026-08-07,Missing quantity
ITEM000025601,ORD00041041,SKU03966,Switchable next generation core,Toys,7.0,-3945.95,-27621.649999999998,2025-04-17 06:00:00,2026-08-07 20:10:16,order_items.csv,2026-08-07,Negative unit_price
ITEM000025662,ORD00047558,SKU00487,Business-focused solution-oriented capability,Grocery,,3182.16,,2025-04-17 06:00:00,2026-08-07 20:10:16,order_items.csv,2026-08-07,Missing quantity
ITEM000025701,ORD00020517,SKU04838,Optimized grid-enabled protocol,Books,8.0,-13384.91,-107079.28,2025-04-17 06:00:00,2026-08-07 20:10:16,order_items.csv,2026-08-07,Negative unit_price
ITEM000025729,ORD00037388,SKU01382,Object-based 3rdgeneration firmware,Sports,,845.84,,2025-04-17 06:00:00,2026-08-07 20:10:16,order_items.csv,2026-08-07,Missing quantity
ITEM000025796,ORD00017241,SKU03785,Horizontal methodical circuit,Grocery,,13567.0,,2025-04-17 06:00:00,2026-08-07 20:10:16,order_items.csv,2026-08-07,Missing quantity
ITEM000025801,ORD00034556,SKU04321,Up-sized user-facing contingency,Home & Kitchen,5.0,-8426.7,-42133.5,2025-04-17 06:00:00,2026-08-07 20:10:16,order_items.csv,2026-08-07,Negative unit_price
ITEM000025863,ORD00036640,SKU02409,Multi-channeled radical encoding,Clothing,,3000.53,,2025-04-17 06:00:00,2026-08-07 20:10:16,order_items.csv,2026-08-07,Missing quantity
ITEM000025901,ORD00045324,SKU02711,Cloned optimal circuit,Electronics,1.0,-7964.02,-7964.02,2025-04-17 06:00:00,2026-08-07 20:10:16,order_items.csv,2026-08-07,Negative unit_price
ITEM000025930,ORD00033347,SKU02286,Virtual local policy,Home & Kitchen,,9267.35,,2025-04-17 06:00:00,2026-08-07 20:10:16,order_items.csv,2026-08-07,Missing quantity
ITEM000025997,ORD00026191,SKU01781,Centralized regional capacity,Grocery,,2638.16,,2025-04-17 06:00:00,2026-08-07 20:10:16,order_items.csv,2026-08-07,Missing quantity
ITEM000026001,ORD00034457,SKU02608,Reverse-engineered 24/7 budgetary management,Electronics,1.0,-5500.27,-5500.27,2025-04-17 06:00:00,2026-08-07 20:10:16,order_items.csv,2026-08-07,Negative unit_price
ITEM000026064,ORD00007796,SKU03733,Robust dedicated budgetary management,Clothing,,537.42,,2025-04-17 06:00:00,2026-08-07 20:10:16,order_items.csv,2026-08-07,Missing quantity
ITEM000026101,ORD00043282,SKU00748,Organized well-modulated function,Toys,2.0,-13297.44,-26594.88,2025-04-17 06:00:00,2026-08-07 20:10:16,order_items.csv,2026-08-07,Negative unit_price
ITEM000026131,ORD00022846,SKU02709,Organized maximized functionalities,Home & Kitchen,,13038.93,,2025-04-17 06:00:00,2026-08-07 20:10:16,order_items.csv,2026-08-07,Missing quantity
ITEM000026198,ORD00047304,SKU02309,Sharable composite implementation,Clothing,,8378.55,,2025-04-17 06:00:00,2026-08-07 20:10:16,order_items.csv,2026-08-07,Missing quantity
ITEM000026201,ORD00033776,SKU04581,Monitored object-oriented standardization,Grocery,6.0,-4497.96,-26987.760000000002,2025-04-17 06:00:00,2026-08-07 20:10:16,order_items.csv,2026-08-07,Negative unit_price
ITEM000026265,ORD00020468,SKU02723,Programmable motivating application,Home & Kitchen,,993.51,,2025-04-17 06:00:00,2026-08-07 20:10:16,order_items.csv,2026-08-07,Missing quantity
ITEM000026301,ORD00043401,SKU00326,Right-sized upward-trending leverage,Books,2.0,-11423.45,-22846.9,2025-04-17 06:00:00,2026-08-07 20:10:16,order_items.csv,2026-08-07,Negative unit_price
ITEM000026332,ORD00013207,SKU00139,Multi-channeled fresh-thinking hierarchy,Home & Kitchen,,996.55,,2025-04-17 06:00:00,2026-08-07 20:10:16,order_items.csv,2026-08-07,Missing quantity
ITEM000026399,ORD00044506,SKU04718,Adaptive mobile attitude,Toys,,12248.72,,2025-04-17 06:00:00,2026-08-07 20:10:16,order_items.csv,2026-08-07,Missing quantity
ITEM000026401,ORD00012413,SKU02207,Focused scalable artificial intelligence,Clothing,10.0,-13418.94,-134189.4,2025-04-17 06:00:00,2026-08-07 20:10:16,order_items.csv,2026-08-07,Negative unit_price
ITEM000026466,ORD00038468,SKU04482,Expanded systematic contingency,Beauty,,1808.29,,2025-04-17 06:00:00,2026-08-07 20:10:16,order_items.csv,2026-08-07,Missing quantity
ITEM000026501,ORD00044357,SKU01031,Fully-configurable bandwidth-monitored Graphical U,Electronics,7.0,-4043.11,-28301.77,2025-04-17 06:00:00,2026-08-07 20:10:16,order_items.csv,2026-08-07,Negative unit_price
ITEM000026533,ORD00037946,SKU01985,Team-oriented object-oriented matrix,Books,,5035.68,,2025-04-17 06:00:00,2026-08-07 20:10:16,order_items.csv,2026-08-07,Missing quantity
ITEM000026600,ORD00024087,SKU04979,Self-enabling coherent task-force,Beauty,,5917.83,,2025-04-17 06:00:00,2026-08-07 20:10:16,order_items.csv,2026-08-07,Missing quantity
ITEM000026601,ORD00018828,SKU00323,Robust responsive capacity,Electronics,1.0,-2924.07,-2924.07,2025-04-17 06:00:00,2026-08-07 20:10:16,order_items.csv,2026-08-07,Negative unit_price
ITEM000026667,ORD00046892,SKU00588,Focused multi-tasking hub,Electronics,,11474.22,,2025-04-17 06:00:00,2026-08-07 20:10:16,order_items.csv,2026-08-07,Missing quantity
ITEM000026701,ORD00022656,SKU01036,Total intermediate migration,Toys,7.0,-8128.29,-56898.03,2025-04-17 06:00:00,2026-08-07 20:10:16,order_items.csv,2026-08-07,Negative unit_price
ITEM000026734,ORD00030328,SKU02881,Managed zero tolerance neural-net,Sports,,133.08,,2025-04-17 06:00:00,2026-08-07 20:10:16,order_items.csv,2026-08-07,Missing quantity
ITEM000026801,ORD00040635,SKU04529,User-friendly neutral throughput,Beauty,,-14274.64,,2025-04-17 06:00:00,2026-08-07 20:10:16,order_items.csv,2026-08-07,Missing quantity
ITEM000026868,ORD00004851,SKU00542,Distributed maximized customer loyalty,Books,,14107.53,,2025-04-17 06:00:00,2026-08-07 20:10:16,order_items.csv,2026-08-07,Missing quantity
ITEM000026901,ORD00023298,SKU04237,User-friendly multi-tasking analyzer,Beauty,7.0,-9709.72,-67968.04,2025-04-17 06:00:00,2026-08-07 20:10:16,order_items.csv,2026-08-07,Negative unit_price
ITEM000026935,ORD00001934,SKU03457,Managed coherent matrices,Books,,8254.84,,2025-04-17 06:00:00,2026-08-07 20:10:16,order_items.csv,2026-08-07,Missing quantity
ITEM000027001,ORD00027158,SKU02985,Reverse-engineered well-modulated info-mediaries,Home & Kitchen,1.0,-14241.99,-14241.99,2025-04-17 06:00:00,2026-08-07 20:10:16,order_items.csv,2026-08-07,Negative unit_price
ITEM000027002,ORD00013286,SKU02142,Re-engineered solution-oriented matrices,Beauty,,3038.07,,2025-04-17 06:00:00,2026-08-07 20:10:16,order_items.csv,2026-08-07,Missing quantity
ITEM000027069,ORD00003309,SKU02450,Enhanced grid-enabled software,Home & Kitchen,,3637.89,,2025-04-17 06:00:00,2026-08-07 20:10:16,order_items.csv,2026-08-07,Missing quantity
ITEM000027101,ORD00033847,SKU00867,Upgradable systematic support,Electronics,7.0,-10422.45,-72957.15000000001,2025-04-17 06:00:00,2026-08-07 20:10:16,order_items.csv,2026-08-07,Negative unit_price
ITEM000027136,ORD00033636,SKU03154,Configurable real-time flexibility,Sports,,63.89,,2025-04-17 06:00:00,2026-08-07 20:10:16,order_items.csv,2026-08-07,Missing quantity
ITEM000027201,ORD00017821,SKU02955,Realigned secondary analyzer,Sports,1.0,-2355.04,-2355.04,2025-04-17 06:00:00,2026-08-07 20:10:16,order_items.csv,2026-08-07,Negative unit_price
ITEM000027203,ORD00029025,SKU00526,Face-to-face global alliance,Clothing,,4249.51,,2025-04-17 06:00:00,2026-08-07 20:10:16,order_items.csv,2026-08-07,Missing quantity
ITEM000027270,ORD00004280,SKU04768,Mandatory client-driven synergy,Home & Kitchen,,4995.41,,2025-04-17 06:00:00,2026-08-07 20:10:16,order_items.csv,2026-08-07,Missing quantity
ITEM000027301,ORD00038895,SKU00181,Self-enabling uniform circuit,Electronics,3.0,-14357.65,-43072.95,2025-04-17 06:00:00,2026-08-07 20:10:16,order_items.csv,2026-08-07,Negative unit_price
ITEM000027337,ORD00003162,SKU01956,Self-enabling fault-tolerant framework,Books,,2000.02,,2025-04-17 06:00:00,2026-08-07 20:10:16,order_items.csv,2026-08-07,Missing quantity
ITEM000027401,ORD00009334,SKU01190,Down-sized zero-defect model,Clothing,8.0,-426.0,-3408.0,2025-04-17 06:00:00,2026-08-07 20:10:16,order_items.csv,2026-08-07,Negative unit_price
ITEM000027404,ORD00040760,SKU02564,Enterprise-wide grid-enabled software,Grocery,,3710.86,,2025-04-17 06:00:00,2026-08-07 20:10:16,order_items.csv,2026-08-07,Missing quantity
ITEM000027471,ORD00025701,SKU02251,User-friendly object-oriented website,Home & Kitchen,,4808.55,,2025-04-17 06:00:00,2026-08-07 20:10:16,order_items.csv,2026-08-07,Missing quantity
ITEM000027501,ORD00018169,SKU00180,Open-architected systematic workforce,Sports,4.0,-1147.6,-4590.4,2025-04-17 06:00:00,2026-08-07 20:10:16,order_items.csv,2026-08-07,Negative unit_price
ITEM000027538,ORD00036939,SKU04787,Devolved multimedia access,Grocery,,9703.69,,2025-04-17 06:00:00,2026-08-07 20:10:16,order_items.csv,2026-08-07,Missing quantity
ITEM000027601,ORD00029161,SKU02091,Business-focused tangible initiative,Books,3.0,-6836.56,-20509.68,2025-04-17 06:00:00,2026-08-07 20:10:16,order_items.csv,2026-08-07,Negative unit_price
ITEM000027605,ORD00049349,SKU02252,Decentralized 3rdgeneration data-warehouse,Sports,,11499.05,,2025-04-17 06:00:00,2026-08-07 20:10:16,order_items.csv,2026-08-07,Missing quantity
ITEM000027672,ORD00042666,SKU01384,Streamlined upward-trending software,Books,,819.29,,2025-04-17 06:00:00,2026-08-07 20:10:16,order_items.csv,2026-08-07,Missing quantity
ITEM000027701,ORD00015549,SKU03839,Enhanced value-added interface,Electronics,9.0,-2762.8,-24865.2,2025-04-17 06:00:00,2026-08-07 20:10:16,order_items.csv,2026-08-07,Negative unit_price
ITEM000027739,ORD00044402,SKU04385,Organic hybrid info-mediaries,Toys,,2587.06,,2025-04-17 06:00:00,2026-08-07 20:10:16,order_items.csv,2026-08-07,Missing quantity
ITEM000027801,ORD00039631,SKU04182,Versatile demand-driven matrices,Beauty,1.0,-13924.77,-13924.77,2025-04-17 06:00:00,2026-08-07 20:10:16,order_items.csv,2026-08-07,Negative unit_price
ITEM000027806,ORD00028219,SKU02095,Managed interactive website,Toys,,9869.33,,2025-04-17 06:00:00,2026-08-07 20:10:16,order_items.csv,2026-08-07,Missing quantity
ITEM000027873,ORD00017347,SKU00850,Monitored composite intranet,Beauty,,3233.83,,2025-04-17 06:00:00,2026-08-07 20:10:16,order_items.csv,2026-08-07,Missing quantity
ITEM000027901,ORD00023700,SKU04753,Managed explicit architecture,Electronics,6.0,-10833.42,-65000.520000000004,2025-04-17 06:00:00,2026-08-07 20:10:16,order_items.csv,2026-08-07,Negative unit_price
ITEM000027940,ORD00036665,SKU02337,Cross-group high-level firmware,Grocery,,14189.83,,2025-04-17 06:00:00,2026-08-07 20:10:16,order_items.csv,2026-08-07,Missing quantity
ITEM000028001,ORD00033730,SKU03184,User-centric modular initiative,Beauty,4.0,-9174.75,-36699.0,2025-04-17 06:00:00,2026-08-07 20:10:16,order_items.csv,2026-08-07,Negative unit_price
ITEM000028007,ORD00027261,SKU03417,Pre-emptive zero-defect standardization,Sports,,3754.81,,2025-04-17 06:00:00,2026-08-07 20:10:16,order_items.csv,2026-08-07,Missing quantity
ITEM000028074,ORD00011810,SKU00215,Inverse tertiary array,Toys,,661.5,,2025-04-17 06:00:00,2026-08-07 20:10:16,order_items.csv,2026-08-07,Missing quantity
ITEM000028101,ORD00023988,SKU01620,Polarized optimal neural-net,Books,1.0,-4244.21,-4244.21,2025-04-17 06:00:00,2026-08-07 20:10:16,order_items.csv,2026-08-07,Negative unit_price
ITEM000028141,ORD00030006,SKU01183,Customer-focused client-driven framework,Sports,,11865.77,,2025-04-17 06:00:00,2026-08-07 20:10:16,order_items.csv,2026-08-07,Missing quantity
ITEM000028201,ORD00011994,SKU01376,Implemented grid-enabled algorithm,Home & Kitchen,10.0,-9417.75,-94177.5,2025-04-17 06:00:00,2026-08-07 20:10:16,order_items.csv,2026-08-07,Negative unit_price
ITEM000028208,ORD00036457,SKU01164,Right-sized client-driven system engine,Sports,,724.73,,2025-04-17 06:00:00,2026-08-07 20:10:16,order_items.csv,2026-08-07,Missing quantity
ITEM000028275,ORD00010996,SKU02251,User-friendly object-oriented website,Home & Kitchen,,4808.55,,2025-04-17 06:00:00,2026-08-07 20:10:16,order_items.csv,2026-08-07,Missing quantity
ITEM000028301,ORD00043206,SKU00729,Grass-roots 4thgeneration policy,Grocery,5.0,-5649.14,-28245.7,2025-04-17 06:00:00,2026-08-07 20:10:16,order_items.csv,2026-08-07,Negative unit_price
ITEM000028342,ORD00000748,SKU02259,Intuitive object-oriented parallelism,Toys,,4417.97,,2025-04-17 06:00:00,2026-08-07 20:10:16,order_items.csv,2026-08-07,Missing quantity
ITEM000028401,ORD00021080,SKU00150,Robust reciprocal pricing structure,Clothing,1.0,-392.47,-392.47,2025-04-17 06:00:00,2026-08-07 20:10:16,order_items.csv,2026-08-07,Negative unit_price
ITEM000028409,ORD00012793,SKU01241,Programmable value-added strategy,Grocery,,1598.2,,2025-04-17 06:00:00,2026-08-07 20:10:16,order_items.csv,2026-08-07,Missing quantity
ITEM000028476,ORD00016320,SKU04857,Monitored hybrid database,Toys,,5640.08,,2025-04-17 06:00:00,2026-08-07 20:10:16,order_items.csv,2026-08-07,Missing quantity
ITEM000028501,ORD00039600,SKU02339,Organized dynamic collaboration,Grocery,7.0,-3123.63,-21865.41,2025-04-17 06:00:00,2026-08-07 20:10:16,order_items.csv,2026-08-07,Negative unit_price
ITEM000028543,ORD00040426,SKU03517,Object-based web-enabled adapter,Home & Kitchen,,5416.54,,2025-04-17 06:00:00,2026-08-07 20:10:16,order_items.csv,2026-08-07,Missing quantity
ITEM000028601,ORD00014372,SKU03958,Innovative next generation circuit,Electronics,3.0,-1532.06,-4596.18,2025-04-17 06:00:00,2026-08-07 20:10:16,order_items.csv,2026-08-07,Negative unit_price
ITEM000028610,ORD00020419,SKU00491,Digitized static encoding,Grocery,,1668.57,,2025-04-17 06:00:00,2026-08-07 20:10:16,order_items.csv,2026-08-07,Missing quantity
ITEM000028677,ORD00035459,SKU00549,Down-sized bandwidth-monitored moratorium,Sports,,7656.05,,2025-04-17 06:00:00,2026-08-07 20:10:16,order_items.csv,2026-08-07,Missing quantity
ITEM000028701,ORD00014063,SKU03414,Fundamental systemic capability,Sports,4.0,-10826.75,-43307.0,2025-04-17 06:00:00,2026-08-07 20:10:16,order_items.csv,2026-08-07,Negative unit_price
ITEM000028744,ORD00011172,SKU04828,Digitized holistic framework,Sports,,12330.14,,2025-04-17 06:00:00,2026-08-07 20:10:16,order_items.csv,2026-08-07,Missing quantity
ITEM000028801,ORD00011706,SKU01644,Distributed attitude-oriented array,Books,1.0,-11798.16,-11798.16,2025-04-17 06:00:00,2026-08-07 20:10:16,order_items.csv,2026-08-07,Negative unit_price
ITEM000028811,ORD00036840,SKU02672,Secured mobile challenge,Sports,,6576.55,,2025-04-17 06:00:00,2026-08-07 20:10:16,order_items.csv,2026-08-07,Missing quantity
ITEM000028878,ORD00034052,SKU04688,Devolved methodical emulation,Home & Kitchen,,13743.22,,2025-04-17 06:00:00,2026-08-07 20:10:16,order_items.csv,2026-08-07,Missing quantity
ITEM000028901,ORD00043578,SKU01625,Multi-channeled grid-enabled access,Sports,6.0,-12417.22,-74503.31999999999,2025-04-17 06:00:00,2026-08-07 20:10:16,order_items.csv,2026-08-07,Negative unit_price
ITEM000028945,ORD00039182,SKU04946,Open-source mobile architecture,Books,,14249.56,,2025-04-17 06:00:00,2026-08-07 20:10:16,order_items.csv,2026-08-07,Missing quantity
ITEM000029001,ORD00022241,SKU00553,Object-based background database,Books,2.0,-12247.31,-24494.62,2025-04-17 06:00:00,2026-08-07 20:10:16,order_items.csv,2026-08-07,Negative unit_price
ITEM000029012,ORD00034232,SKU04553,Open-architected leadingedge support,Toys,,7537.46,,2025-04-17 06:00:00,2026-08-07 20:10:16,order_items.csv,2026-08-07,Missing quantity
ITEM000029079,ORD00037375,SKU04052,Pre-emptive hybrid budgetary management,Beauty,,12399.76,,2025-04-17 06:00:00,2026-08-07 20:10:16,order_items.csv,2026-08-07,Missing quantity
ITEM000029101,ORD00026515,SKU02407,Cross-group modular firmware,Sports,2.0,-11490.21,-22980.42,2025-04-17 06:00:00,2026-08-07 20:10:16,order_items.csv,2026-08-07,Negative unit_price
ITEM000029146,ORD00021997,SKU02555,Switchable incremental analyzer,Electronics,,8452.08,,2025-04-17 06:00:00,2026-08-07 20:10:16,order_items.csv,2026-08-07,Missing quantity
ITEM000029201,ORD00044216,SKU01730,Networked analyzing hardware,Beauty,6.0,-1769.07,-10614.42,2025-04-17 06:00:00,2026-08-07 20:10:16,order_items.csv,2026-08-07,Negative unit_price
ITEM000029213,ORD00042100,SKU02196,Proactive 6thgeneration hardware,Electronics,,8339.36,,2025-04-17 06:00:00,2026-08-07 20:10:16,order_items.csv,2026-08-07,Missing quantity
ITEM000029280,ORD00021933,SKU04629,Multi-lateral zero-defect emulation,Toys,,1154.44,,2025-04-17 06:00:00,2026-08-07 20:10:16,order_items.csv,2026-08-07,Missing quantity
ITEM000029301,ORD00048239,SKU03895,Diverse zero-defect Local Area Network,Electronics,4.0,-11582.59,-46330.36,2025-04-17 06:00:00,2026-08-07 20:10:16,order_items.csv,2026-08-07,Negative unit_price
ITEM000029347,ORD00005254,SKU03600,Triple-buffered solution-oriented circuit,Sports,,11074.54,,2025-04-17 06:00:00,2026-08-07 20:10:16,order_items.csv,2026-08-07,Missing quantity
ITEM000029401,ORD00001543,SKU03149,Compatible multi-state utilization,Beauty,5.0,-9994.95,-49974.75,2025-04-17 06:00:00,2026-08-07 20:10:16,order_items.csv,2026-08-07,Negative unit_price
ITEM000029414,ORD00047383,SKU01080,Up-sized intermediate definition,Grocery,,4137.91,,2025-04-17 06:00:00,2026-08-07 20:10:16,order_items.csv,2026-08-07,Missing quantity
ITEM000029481,ORD00027536,SKU03083,Mandatory systemic benchmark,Books,,10387.95,,2025-04-17 06:00:00,2026-08-07 20:10:16,order_items.csv,2026-08-07,Missing quantity
ITEM000029501,ORD00027560,SKU03770,Progressive scalable secured line,Clothing,2.0,-4158.84,-8317.68,2025-04-17 06:00:00,2026-08-07 20:10:16,order_items.csv,2026-08-07,Negative unit_price
ITEM000029548,ORD00037807,SKU02469,Compatible next generation implementation,Home & Kitchen,,6867.02,,2025-04-17 06:00:00,2026-08-07 20:10:16,order_items.csv,2026-08-07,Missing quantity
ITEM000029601,ORD00048426,SKU00504,Networked context-sensitive benchmark,Toys,3.0,-2393.6,-7180.799999999999,2025-04-17 06:00:00,2026-08-07 20:10:16,order_items.csv,2026-08-07,Negative unit_price
ITEM000029615,ORD00033525,SKU04181,Visionary mobile superstructure,Books,,2405.37,,2025-04-17 06:00:00,2026-08-07 20:10:16,order_items.csv,2026-08-07,Missing quantity
ITEM000029682,ORD00048066,SKU04107,Vision-oriented zero tolerance analyzer,Electronics,,6791.66,,2025-04-17 06:00:00,2026-08-07 20:10:16,order_items.csv,2026-08-07,Missing quantity
ITEM000029701,ORD00048447,SKU00718,Synergistic mobile circuit,Home & Kitchen,7.0,-13599.96,-95199.72,2025-04-17 06:00:00,2026-08-07 20:10:16,order_items.csv,2026-08-07,Negative unit_price
ITEM000029749,ORD00014767,SKU04112,Public-key heuristic alliance,Books,,10430.76,,2025-04-17 06:00:00,2026-08-07 20:10:16,order_items.csv,2026-08-07,Missing quantity
ITEM000029801,ORD00019954,SKU00888,Fundamental object-oriented customer loyalty,Electronics,7.0,-2868.87,-20082.09,2025-04-17 06:00:00,2026-08-07 20:10:16,order_items.csv,2026-08-07,Negative unit_price
ITEM000029816,ORD00026774,SKU00989,Persistent discrete circuit,Clothing,,1187.2,,2025-04-17 06:00:00,2026-08-07 20:10:16,order_items.csv,2026-08-07,Missing quantity
ITEM000029883,ORD00018692,SKU01070,Sharable web-enabled protocol,Sports,,1415.92,,2025-04-17 06:00:00,2026-08-07 20:10:16,order_items.csv,2026-08-07,Missing quantity
ITEM000029901,ORD00015480,SKU04710,Stand-alone systemic flexibility,Toys,9.0,-14414.92,-129734.28,2025-04-17 06:00:00,2026-08-07 20:10:16,order_items.csv,2026-08-07,Negative unit_price
ITEM000029950,ORD00025934,SKU01379,Total content-based conglomeration,Home & Kitchen,,12604.74,,2025-04-17 06:00:00,2026-08-07 20:10:16,order_items.csv,2026-08-07,Missing quantity
ITEM000030001,ORD00031796,SKU01179,De-engineered national knowledgebase,Home & Kitchen,4.0,-881.45,-3525.8,2025-04-17 06:00:00,2026-08-07 20:10:16,order_items.csv,2026-08-07,Negative unit_price
ITEM000030017,ORD00012426,SKU02083,Intuitive real-time synergy,Toys,,2122.29,,2025-04-17 06:00:00,2026-08-07 20:10:16,order_items.csv,2026-08-07,Missing quantity
ITEM000030084,ORD00004169,SKU03035,Open-source foreground moratorium,Clothing,,4804.69,,2025-04-17 06:00:00,2026-08-07 20:10:16,order_items.csv,2026-08-07,Missing quantity
ITEM000030101,ORD00001394,SKU04458,Optimized optimal instruction set,Beauty,1.0,-10194.37,-10194.37,2025-04-17 06:00:00,2026-08-07 20:10:16,order_items.csv,2026-08-07,Negative unit_price
ITEM000030151,ORD00030057,SKU02040,Business-focused disintermediate complexity,Clothing,,7531.11,,2025-04-17 06:00:00,2026-08-07 20:10:16,order_items.csv,2026-08-07,Missing quantity
ITEM000030201,ORD00017523,SKU00728,Universal needs-based synergy,Electronics,3.0,-2796.94,-8390.82,2025-04-17 06:00:00,2026-08-07 20:10:16,order_items.csv,2026-08-07,Negative unit_price
ITEM000030218,ORD00012306,SKU01604,Vision-oriented regional extranet,Home & Kitchen,,14441.55,,2025-04-17 06:00:00,2026-08-07 20:10:16,order_items.csv,2026-08-07,Missing quantity
ITEM000030285,ORD00011542,SKU02047,Configurable incremental ability,Books,,7313.32,,2025-04-17 06:00:00,2026-08-07 20:10:16,order_items.csv,2026-08-07,Missing quantity
ITEM000030301,ORD00040690,SKU01490,Versatile cohesive open architecture,Beauty,7.0,-1877.2,-13140.4,2025-04-17 06:00:00,2026-08-07 20:10:16,order_items.csv,2026-08-07,Negative unit_price
ITEM000030352,ORD00013022,SKU01489,Digitized systematic alliance,Home & Kitchen,,6078.3,,2025-04-17 06:00:00,2026-08-07 20:10:16,order_items.csv,2026-08-07,Missing quantity
ITEM000030401,ORD00009982,SKU00621,Multi-tiered encompassing definition,Toys,10.0,-2268.84,-22688.4,2025-04-17 06:00:00,2026-08-07 20:10:16,order_items.csv,2026-08-07,Negative unit_price
ITEM000030419,ORD00045033,SKU03354,Synergized intangible encryption,Electronics,,6246.85,,2025-04-17 06:00:00,2026-08-07 20:10:16,order_items.csv,2026-08-07,Missing quantity
ITEM000030486,ORD00036409,SKU02290,Digitized user-facing time-frame,Beauty,,5384.63,,2025-04-17 06:00:00,2026-08-07 20:10:16,order_items.csv,2026-08-07,Missing quantity
ITEM000030501,ORD00030352,SKU02901,Open-source bi-directional Local Area Network,Home & Kitchen,2.0,-11728.05,-23456.1,2025-04-17 06:00:00,2026-08-07 20:10:16,order_items.csv,2026-08-07,Negative unit_price
ITEM000030553,ORD00032602,SKU04451,Managed demand-driven customer loyalty,Toys,,9254.92,,2025-04-17 06:00:00,2026-08-07 20:10:16,order_items.csv,2026-08-07,Missing quantity
ITEM000030601,ORD00002640,SKU00118,Seamless even-keeled adapter,Clothing,9.0,-3837.29,-34535.61,2025-04-17 06:00:00,2026-08-07 20:10:16,order_items.csv,2026-08-07,Negative unit_price
ITEM000030620,ORD00031029,SKU02342,Grass-roots optimizing workforce,Sports,,13361.59,,2025-04-17 06:00:00,2026-08-07 20:10:16,order_items.csv,2026-08-07,Missing quantity
ITEM000030687,ORD00008446,SKU00254,Decentralized motivating matrix,Sports,,10956.52,,2025-04-17 06:00:00,2026-08-07 20:10:16,order_items.csv,2026-08-07,Missing quantity
ITEM000030701,ORD00039965,SKU03730,User-centric static focus group,Toys,9.0,-13096.14,-117865.26,2025-04-17 06:00:00,2026-08-07 20:10:16,order_items.csv,2026-08-07,Negative unit_price
ITEM000030754,ORD00016800,SKU03039,Seamless dedicated monitoring,Books,,13895.63,,2025-04-17 06:00:00,2026-08-07 20:10:16,order_items.csv,2026-08-07,Missing quantity
ITEM000030801,ORD00030416,SKU02758,Triple-buffered dedicated flexibility,Home & Kitchen,10.0,-5936.79,-59367.9,2025-04-17 06:00:00,2026-08-07 20:10:16,order_items.csv,2026-08-07,Negative unit_price
ITEM000030821,ORD00026115,SKU02794,Versatile disintermediate productivity,Sports,,10546.91,,2025-04-17 06:00:00,2026-08-07 20:10:16,order_items.csv,2026-08-07,Missing quantity
ITEM000030888,ORD00004936,SKU00849,Configurable next generation approach,Grocery,,7520.6,,2025-04-17 06:00:00,2026-08-07 20:10:16,order_items.csv,2026-08-07,Missing quantity
ITEM000030901,ORD00037373,SKU04594,Public-key neutral benchmark,Sports,6.0,-2972.22,-17833.32,2025-04-17 06:00:00,2026-08-07 20:10:16,order_items.csv,2026-08-07,Negative unit_price
ITEM000030955,ORD00036440,SKU04321,Up-sized user-facing contingency,Home & Kitchen,,8426.7,,2025-04-17 06:00:00,2026-08-07 20:10:16,order_items.csv,2026-08-07,Missing quantity
ITEM000031001,ORD00019708,SKU03808,Versatile scalable algorithm,Beauty,8.0,-4919.1,-39352.8,2025-04-17 06:00:00,2026-08-07 20:10:16,order_items.csv,2026-08-07,Negative unit_price
ITEM000031022,ORD00010441,SKU00524,Multi-layered real-time secured line,Home & Kitchen,,13331.44,,2025-04-17 06:00:00,2026-08-07 20:10:16,order_items.csv,2026-08-07,Missing quantity
ITEM000031089,ORD00012810,SKU02100,Ergonomic hybrid support,Beauty,,11479.25,,2025-04-17 06:00:00,2026-08-07 20:10:16,order_items.csv,2026-08-07,Missing quantity
ITEM000031101,ORD00038815,SKU00071,Upgradable contextually-based capacity,Clothing,3.0,-9456.32,-28368.96,2025-04-17 06:00:00,2026-08-07 20:10:16,order_items.csv,2026-08-07,Negative unit_price
ITEM000031156,ORD00030810,SKU01688,Diverse static strategy,Grocery,,8476.81,,2025-04-17 06:00:00,2026-08-07 20:10:16,order_items.csv,2026-08-07,Missing quantity
ITEM000031201,ORD00049974,SKU02815,Reverse-engineered bi-directional superstructure,Grocery,1.0,-2870.0,-2870.0,2025-04-17 06:00:00,2026-08-07 20:10:16,order_items.csv,2026-08-07,Negative unit_price
ITEM000031223,ORD00018596,SKU03079,Compatible system-worthy collaboration,Electronics,,11324.51,,2025-04-17 06:00:00,2026-08-07 20:10:16,order_items.csv,2026-08-07,Missing quantity
ITEM000031290,ORD00027116,SKU02011,Cross-platform encompassing algorithm,Toys,,11058.9,,2025-04-17 06:00:00,2026-08-07 20:10:16,order_items.csv,2026-08-07,Missing quantity
ITEM000031301,ORD00019346,SKU04362,Enterprise-wide 24/7 structure,Beauty,10.0,-270.39,-2703.8999999999996,2025-04-17 06:00:00,2026-08-07 20:10:16,order_items.csv,2026-08-07,Negative unit_price
ITEM000031357,ORD00000402,SKU01029,User-centric zero-defect knowledgebase,Electronics,,8171.11,,2025-04-17 06:00:00,2026-08-07 20:10:16,order_items.csv,2026-08-07,Missing quantity
ITEM000031401,ORD00001158,SKU02804,Reactive coherent core,Electronics,8.0,-5981.09,-47848.72,2025-04-17 06:00:00,2026-08-07 20:10:16,order_items.csv,2026-08-07,Negative unit_price
ITEM000031424,ORD00024378,SKU00637,Open-source well-modulated leverage,Electronics,,242.33,,2025-04-17 06:00:00,2026-08-07 20:10:16,order_items.csv,2026-08-07,Missing quantity
ITEM000031491,ORD00041175,SKU04650,Re-engineered exuding ability,Electronics,,11402.61,,2025-04-17 06:00:00,2026-08-07 20:10:16,order_items.csv,2026-08-07,Missing quantity
ITEM000031501,ORD00040020,SKU01150,Phased regional array,Books,7.0,-1346.72,-9427.04,2025-04-17 06:00:00,2026-08-07 20:10:16,order_items.csv,2026-08-07,Negative unit_price
ITEM000031558,ORD00026166,SKU04230,Managed multi-state protocol,Grocery,,8200.03,,2025-04-17 06:00:00,2026-08-07 20:10:16,order_items.csv,2026-08-07,Missing quantity
ITEM000031601,ORD00014387,SKU00752,Ergonomic tertiary secured line,Beauty,10.0,-7204.34,-72043.4,2025-04-17 06:00:00,2026-08-07 20:10:16,order_items.csv,2026-08-07,Negative unit_price
ITEM000031625,ORD00006685,SKU04217,Persistent dedicated throughput,Beauty,,280.49,,2025-04-17 06:00:00,2026-08-07 20:10:16,order_items.csv,2026-08-07,Missing quantity
ITEM000031692,ORD00024663,SKU01620,Polarized optimal neural-net,Books,,4244.21,,2025-04-17 06:00:00,2026-08-07 20:10:16,order_items.csv,2026-08-07,Missing quantity
ITEM000031701,ORD00044814,SKU03954,Optimized intermediate website,Home & Kitchen,5.0,-4862.52,-24312.600000000002,2025-04-17 06:00:00,2026-08-07 20:10:16,order_items.csv,2026-08-07,Negative unit_price
ITEM000031759,ORD00005887,SKU03579,Ameliorated mission-critical array,Sports,,1592.62,,2025-04-17 06:00:00,2026-08-07 20:10:16,order_items.csv,2026-08-07,Missing quantity
ITEM000031801,ORD00030628,SKU02604,Extended non-volatile artificial intelligence,Clothing,8.0,-1061.93,-8495.44,2025-04-17 06:00:00,2026-08-07 20:10:16,order_items.csv,2026-08-07,Negative unit_price
ITEM000031826,ORD00015274,SKU02584,Grass-roots leadingedge leverage,Toys,,4865.16,,2025-04-17 06:00:00,2026-08-07 20:10:16,order_items.csv,2026-08-07,Missing quantity
ITEM000031893,ORD00034171,SKU03933,Team-oriented leadingedge functionalities,Clothing,,11096.42,,2025-04-17 06:00:00,2026-08-07 20:10:16,order_items.csv,2026-08-07,Missing quantity
ITEM000031901,ORD00014109,SKU00359,Cloned impactful model,Beauty,4.0,-9832.77,-39331.08,2025-04-17 06:00:00,2026-08-07 20:10:16,order_items.csv,2026-08-07,Negative unit_price
ITEM000031960,ORD00002400,SKU02736,Enhanced reciprocal service-desk,Clothing,,11914.32,,2025-04-17 06:00:00,2026-08-07 20:10:16,order_items.csv,2026-08-07,Missing quantity
ITEM000032001,ORD00020410,SKU00415,Decentralized client-driven flexibility,Electronics,9.0,-10828.88,-97459.92,2025-04-17 06:00:00,2026-08-07 20:10:16,order_items.csv,2026-08-07,Negative unit_price
ITEM000032027,ORD00036711,SKU04082,Polarized global encryption,Sports,,3409.42,,2025-04-17 06:00:00,2026-08-07 20:10:16,order_items.csv,2026-08-07,Missing quantity
ITEM000032094,ORD00019508,SKU02426,Function-based zero-defect strategy,Home & Kitchen,,14413.99,,2025-04-17 06:00:00,2026-08-07 20:10:16,order_items.csv,2026-08-07,Missing quantity
ITEM000032101,ORD00005899,SKU00620,Diverse bifurcated pricing structure,Toys,5.0,-14449.47,-72247.34999999999,2025-04-17 06:00:00,2026-08-07 20:10:16,order_items.csv,2026-08-07,Negative unit_price
ITEM000032161,ORD00006374,SKU03739,Multi-channeled coherent protocol,Clothing,,10233.17,,2025-04-17 06:00:00,2026-08-07 20:10:16,order_items.csv,2026-08-07,Missing quantity
ITEM000032201,ORD00027171,SKU03949,Configurable human-resource definition,Beauty,10.0,-9264.24,-92642.4,2025-04-17 06:00:00,2026-08-07 20:10:16,order_items.csv,2026-08-07,Negative unit_price
ITEM000032228,ORD00032057,SKU03192,Self-enabling asymmetric productivity,Home & Kitchen,,5803.21,,2025-04-17 06:00:00,2026-08-07 20:10:16,order_items.csv,2026-08-07,Missing quantity
ITEM000032295,ORD00025054,SKU00121,Cloned needs-based standardization,Home & Kitchen,,13749.04,,2025-04-17 06:00:00,2026-08-07 20:10:16,order_items.csv,2026-08-07,Missing quantity
ITEM000032301,ORD00044082,SKU02495,Object-based disintermediate Internet solution,Grocery,1.0,-1517.42,-1517.42,2025-04-17 06:00:00,2026-08-07 20:10:16,order_items.csv,2026-08-07,Negative unit_price
ITEM000032362,ORD00034326,SKU02079,Horizontal reciprocal toolset,Books,,3563.84,,2025-04-17 06:00:00,2026-08-07 20:10:16,order_items.csv,2026-08-07,Missing quantity
ITEM000032401,ORD00034843,SKU03704,Synchronized grid-enabled structure,Books,4.0,-4147.97,-16591.88,2025-04-17 06:00:00,2026-08-07 20:10:16,order_items.csv,2026-08-07,Negative unit_price
ITEM000032429,ORD00047779,SKU02266,Adaptive value-added open architecture,Books,,14173.0,,2025-04-17 06:00:00,2026-08-07 20:10:16,order_items.csv,2026-08-07,Missing quantity
ITEM000032496,ORD00040352,SKU02920,Stand-alone dedicated groupware,Beauty,,12084.13,,2025-04-17 06:00:00,2026-08-07 20:10:16,order_items.csv,2026-08-07,Missing quantity
ITEM000032501,ORD00000621,SKU02618,Customer-focused systemic workforce,Books,5.0,-548.42,-2742.1,2025-04-17 06:00:00,2026-08-07 20:10:16,order_items.csv,2026-08-07,Negative unit_price
ITEM000032563,ORD00027692,SKU03476,Configurable regional productivity,Grocery,,11400.43,,2025-04-17 06:00:00,2026-08-07 20:10:16,order_items.csv,2026-08-07,Missing quantity
ITEM000032601,ORD00006132,SKU03656,Persevering intangible firmware,Grocery,7.0,-14392.9,-100750.3,2025-04-17 06:00:00,2026-08-07 20:10:16,order_items.csv,2026-08-07,Negative unit_price
ITEM000032630,ORD00000543,SKU03593,Configurable 24hour help-desk,Grocery,,5936.39,,2025-04-17 06:00:00,2026-08-07 20:10:16,order_items.csv,2026-08-07,Missing quantity
ITEM000032697,ORD00019676,SKU02037,Reduced background workforce,Toys,,6411.75,,2025-04-17 06:00:00,2026-08-07 20:10:16,order_items.csv,2026-08-07,Missing quantity
ITEM000032701,ORD00048046,SKU04757,Proactive bi-directional projection,Beauty,1.0,-12916.78,-12916.78,2025-04-17 06:00:00,2026-08-07 20:10:16,order_items.csv,2026-08-07,Negative unit_price
ITEM000032764,ORD00003246,SKU04516,Inverse composite productivity,Books,,6897.21,,2025-04-17 06:00:00,2026-08-07 20:10:16,order_items.csv,2026-08-07,Missing quantity
ITEM000032801,ORD00042962,SKU03556,Ameliorated client-server contingency,Books,7.0,-4887.1,-34209.700000000004,2025-04-17 06:00:00,2026-08-07 20:10:16,order_items.csv,2026-08-07,Negative unit_price
ITEM000032831,ORD00033727,SKU03993,Organized national utilization,Clothing,,11142.53,,2025-04-17 06:00:00,2026-08-07 20:10:16,order_items.csv,2026-08-07,Missing quantity
ITEM000032898,ORD00013054,SKU02127,Progressive mission-critical instruction set,Clothing,,6358.25,,2025-04-17 06:00:00,2026-08-07 20:10:16,order_items.csv,2026-08-07,Missing quantity
ITEM000032901,ORD00029229,SKU03807,Customer-focused systemic productivity,Books,1.0,-8045.51,-8045.51,2025-04-17 06:00:00,2026-08-07 20:10:16,order_items.csv,2026-08-07,Negative unit_price
ITEM000032965,ORD00024695,SKU01369,Secured high-level installation,Grocery,,9009.1,,2025-04-17 06:00:00,2026-08-07 20:10:16,order_items.csv,2026-08-07,Missing quantity
ITEM000033001,ORD00036059,SKU00109,Synchronized user-facing Graphic Interface,Toys,4.0,-8236.02,-32944.08,2025-04-17 06:00:00,2026-08-07 20:10:16,order_items.csv,2026-08-07,Negative unit_price
ITEM000033032,ORD00007053,SKU01966,Multi-channeled reciprocal ability,Clothing,,8684.36,,2025-04-17 06:00:00,2026-08-07 20:10:16,order_items.csv,2026-08-07,Missing quantity
ITEM000033099,ORD00020346,SKU01614,Visionary coherent project,Grocery,,11046.47,,2025-04-17 06:00:00,2026-08-07 20:10:16,order_items.csv,2026-08-07,Missing quantity
ITEM000033101,ORD00049385,SKU00073,Enhanced mission-critical Local Area Network,Toys,3.0,-2978.14,-8934.42,2025-04-17 06:00:00,2026-08-07 20:10:16,order_items.csv,2026-08-07,Negative unit_price
ITEM000033166,ORD00027515,SKU02889,User-friendly encompassing matrix,Home & Kitchen,,10234.9,,2025-04-17 06:00:00,2026-08-07 20:10:16,order_items.csv,2026-08-07,Missing quantity
ITEM000033201,ORD00004075,SKU02930,Realigned zero administration function,Home & Kitchen,9.0,-7148.3,-64334.700000000004,2025-04-17 06:00:00,2026-08-07 20:10:16,order_items.csv,2026-08-07,Negative unit_price
ITEM000033233,ORD00042884,SKU04419,Multi-lateral zero-defect projection,Electronics,,7340.6,,2025-04-17 06:00:00,2026-08-07 20:10:16,order_items.csv,2026-08-07,Missing quantity
ITEM000033300,ORD00029352,SKU02773,Compatible interactive support,Electronics,,1001.59,,2025-04-17 06:00:00,2026-08-07 20:10:16,order_items.csv,2026-08-07,Missing quantity
ITEM000033301,ORD00007032,SKU01460,Organized empowering interface,Grocery,4.0,-781.93,-3127.72,2025-04-17 06:00:00,2026-08-07 20:10:16,order_items.csv,2026-08-07,Negative unit_price
ITEM000033367,ORD00029186,SKU04923,Cloned transitional projection,Toys,,14429.32,,2025-04-17 06:00:00,2026-08-07 20:10:16,order_items.csv,2026-08-07,Missing quantity
ITEM000033401,ORD00032547,SKU00996,Vision-oriented coherent secured line,Beauty,9.0,-3671.64,-33044.76,2025-04-17 06:00:00,2026-08-07 20:10:16,order_items.csv,2026-08-07,Negative unit_price
ITEM000033434,ORD00044631,SKU03387,Re-engineered grid-enabled moderator,Beauty,,12046.08,,2025-04-17 06:00:00,2026-08-07 20:10:16,order_items.csv,2026-08-07,Missing quantity
ITEM000033501,ORD00046992,SKU04746,Multi-tiered fresh-thinking workforce,Grocery,,-12026.85,,2025-04-17 06:00:00,2026-08-07 20:10:16,order_items.csv,2026-08-07,Missing quantity
ITEM000033568,ORD00011353,SKU02692,Automated encompassing implementation,Books,,6094.85,,2025-04-17 06:00:00,2026-08-07 20:10:16,order_items.csv,2026-08-07,Missing quantity
ITEM000033601,ORD00022901,SKU02716,Upgradable methodical orchestration,Clothing,2.0,-11453.86,-22907.72,2025-04-17 06:00:00,2026-08-07 20:10:16,order_items.csv,2026-08-07,Negative unit_price
ITEM000033635,ORD00031356,SKU01836,Phased bifurcated concept,Grocery,,415.43,,2025-04-17 06:00:00,2026-08-07 20:10:16,order_items.csv,2026-08-07,Missing quantity
ITEM000033701,ORD00024968,SKU01882,Future-proofed didactic toolset,Sports,10.0,-2201.63,-22016.300000000003,2025-04-17 06:00:00,2026-08-07 20:10:16,order_items.csv,2026-08-07,Negative unit_price
ITEM000033702,ORD00009003,SKU04973,Switchable radical migration,Sports,,9218.24,,2025-04-17 06:00:00,2026-08-07 20:10:16,order_items.csv,2026-08-07,Missing quantity
ITEM000033769,ORD00041723,SKU03861,Virtual attitude-oriented standardization,Grocery,,12119.21,,2025-04-17 06:00:00,2026-08-07 20:10:16,order_items.csv,2026-08-07,Missing quantity
ITEM000033801,ORD00031121,SKU00371,Total scalable customer loyalty,Clothing,3.0,-9340.41,-28021.23,2025-04-17 06:00:00,2026-08-07 20:10:16,order_items.csv,2026-08-07,Negative unit_price
ITEM000033836,ORD00049101,SKU03591,Profound heuristic complexity,Books,,3623.39,,2025-04-17 06:00:00,2026-08-07 20:10:16,order_items.csv,2026-08-07,Missing quantity
ITEM000033901,ORD00046476,SKU02804,Reactive coherent core,Electronics,8.0,-5981.09,-47848.72,2025-04-17 06:00:00,2026-08-07 20:10:16,order_items.csv,2026-08-07,Negative unit_price
ITEM000033903,ORD00029097,SKU01756,Open-source multimedia strategy,Toys,,11806.2,,2025-04-17 06:00:00,2026-08-07 20:10:16,order_items.csv,2026-08-07,Missing quantity
ITEM000033970,ORD00049086,SKU04336,Switchable methodical architecture,Beauty,,800.26,,2025-04-17 06:00:00,2026-08-07 20:10:16,order_items.csv,2026-08-07,Missing quantity
ITEM000034001,ORD00046001,SKU04935,Reactive full-range matrix,Beauty,2.0,-566.08,-1132.16,2025-04-17 06:00:00,2026-08-07 20:10:16,order_items.csv,2026-08-07,Negative unit_price
ITEM000034037,ORD00044226,SKU03938,Front-line even-keeled circuit,Sports,,1329.7,,2025-04-17 06:00:00,2026-08-07 20:10:16,order_items.csv,2026-08-07,Missing quantity
ITEM000034101,ORD00017259,SKU02702,Automated homogeneous interface,Grocery,4.0,-8185.45,-32741.8,2025-04-17 06:00:00,2026-08-07 20:10:16,order_items.csv,2026-08-07,Negative unit_price
ITEM000034104,ORD00042310,SKU04397,Optimized client-driven structure,Toys,,7318.57,,2025-04-17 06:00:00,2026-08-07 20:10:16,order_items.csv,2026-08-07,Missing quantity
ITEM000034171,ORD00022575,SKU00478,Enterprise-wide tangible groupware,Grocery,,7760.69,,2025-04-17 06:00:00,2026-08-07 20:10:16,order_items.csv,2026-08-07,Missing quantity
ITEM000034201,ORD00032356,SKU04773,User-friendly holistic task-force,Beauty,3.0,-3372.38,-10117.14,2025-04-17 06:00:00,2026-08-07 20:10:16,order_items.csv,2026-08-07,Negative unit_price
ITEM000034238,ORD00014854,SKU01591,Phased system-worthy website,Beauty,,13166.02,,2025-04-17 06:00:00,2026-08-07 20:10:16,order_items.csv,2026-08-07,Missing quantity
ITEM000034301,ORD00006431,SKU01182,Managed optimizing website,Clothing,2.0,-9867.17,-19734.34,2025-04-17 06:00:00,2026-08-07 20:10:16,order_items.csv,2026-08-07,Negative unit_price
ITEM000034305,ORD00007067,SKU02464,Polarized 24/7 success,Grocery,,12700.46,,2025-04-17 06:00:00,2026-08-07 20:10:16,order_items.csv,2026-08-07,Missing quantity
ITEM000034372,ORD00035874,SKU04445,Proactive explicit monitoring,Books,,5262.76,,2025-04-17 06:00:00,2026-08-07 20:10:16,order_items.csv,2026-08-07,Missing quantity
ITEM000034401,ORD00025260,SKU02854,Cloned tertiary alliance,Clothing,4.0,-1543.04,-6172.16,2025-04-17 06:00:00,2026-08-07 20:10:16,order_items.csv,2026-08-07,Negative unit_price
ITEM000034439,ORD00004494,SKU00410,Realigned high-level support,Grocery,,7807.44,,2025-04-17 06:00:00,2026-08-07 20:10:16,order_items.csv,2026-08-07,Missing quantity
ITEM000034501,ORD00043300,SKU01111,Synergistic non-volatile approach,Clothing,4.0,-11447.97,-45791.88,2025-04-17 06:00:00,2026-08-07 20:10:16,order_items.csv,2026-08-07,Negative unit_price
ITEM000034506,ORD00040975,SKU03107,Synergistic system-worthy synergy,Books,,3861.92,,2025-04-17 06:00:00,2026-08-07 20:10:16,order_items.csv,2026-08-07,Missing quantity
ITEM000034573,ORD00005599,SKU01233,Automated modular knowledgebase,Toys,,11671.19,,2025-04-17 06:00:00,2026-08-07 20:10:16,order_items.csv,2026-08-07,Missing quantity
ITEM000034601,ORD00031000,SKU00491,Digitized static encoding,Grocery,7.0,-1668.57,-11679.99,2025-04-17 06:00:00,2026-08-07 20:10:16,order_items.csv,2026-08-07,Negative unit_price
ITEM000034640,ORD00027731,SKU03431,Diverse eco-centric alliance,Electronics,,9048.06,,2025-04-17 06:00:00,2026-08-07 20:10:16,order_items.csv,2026-08-07,Missing quantity
ITEM000034701,ORD00041126,SKU01063,Stand-alone web-enabled synergy,Home & Kitchen,4.0,-14208.75,-56835.0,2025-04-17 06:00:00,2026-08-07 20:10:16,order_items.csv,2026-08-07,Negative unit_price
ITEM000034707,ORD00047981,SKU00763,Robust responsive extranet,Sports,,1293.93,,2025-04-17 06:00:00,2026-08-07 20:10:16,order_items.csv,2026-08-07,Missing quantity
ITEM000034774,ORD00035065,SKU03337,Re-engineered national project,Grocery,,1536.96,,2025-04-17 06:00:00,2026-08-07 20:10:16,order_items.csv,2026-08-07,Missing quantity
ITEM000034801,ORD00000366,SKU03712,Team-oriented responsive framework,Clothing,4.0,-6338.34,-25353.36,2025-04-17 06:00:00,2026-08-07 20:10:16,order_items.csv,2026-08-07,Negative unit_price
ITEM000034841,ORD00003318,SKU04166,Open-source next generation moderator,Books,,7199.96,,2025-04-17 06:00:00,2026-08-07 20:10:16,order_items.csv,2026-08-07,Missing quantity
ITEM000034901,ORD00010869,SKU01422,Future-proofed value-added hardware,Beauty,5.0,-6962.29,-34811.45,2025-04-17 06:00:00,2026-08-07 20:10:16,order_items.csv,2026-08-07,Negative unit_price
ITEM000034908,ORD00028605,SKU02569,Multi-lateral logistical challenge,Books,,14648.77,,2025-04-17 06:00:00,2026-08-07 20:10:16,order_items.csv,2026-08-07,Missing quantity
ITEM000034975,ORD00049847,SKU02607,Ergonomic national moratorium,Grocery,,4973.5,,2025-04-17 06:00:00,2026-08-07 20:10:16,order_items.csv,2026-08-07,Missing quantity
ITEM000035001,ORD00005755,SKU00832,Triple-buffered methodical hub,Clothing,1.0,-7867.14,-7867.14,2025-04-17 06:00:00,2026-08-07 20:10:16,order_items.csv,2026-08-07,Negative unit_price
ITEM000035042,ORD00010869,SKU03749,Quality-focused bottom-line benchmark,Electronics,,153.56,,2025-04-17 06:00:00,2026-08-07 20:10:16,order_items.csv,2026-08-07,Missing quantity
ITEM000035101,ORD00003220,SKU03686,Fully-configurable heuristic groupware,Toys,3.0,-4147.68,-12443.04,2025-04-17 06:00:00,2026-08-07 20:10:16,order_items.csv,2026-08-07,Negative unit_price
ITEM000035109,ORD00048191,SKU04064,Business-focused global standardization,Toys,,4633.28,,2025-04-17 06:00:00,2026-08-07 20:10:16,order_items.csv,2026-08-07,Missing quantity
ITEM000035176,ORD00024140,SKU04147,Fundamental non-volatile knowledgebase,Toys,,319.77,,2025-04-17 06:00:00,2026-08-07 20:10:16,order_items.csv,2026-08-07,Missing quantity
ITEM000035201,ORD00041327,SKU04229,Profound 6thgeneration approach,Beauty,4.0,-13467.9,-53871.6,2025-04-17 06:00:00,2026-08-07 20:10:16,order_items.csv,2026-08-07,Negative unit_price
ITEM000035243,ORD00007202,SKU03039,Seamless dedicated monitoring,Books,,13895.63,,2025-04-17 06:00:00,2026-08-07 20:10:16,order_items.csv,2026-08-07,Missing quantity
ITEM000035301,ORD00028204,SKU00560,Stand-alone regional interface,Books,6.0,-8534.83,-51208.979999999996,2025-04-17 06:00:00,2026-08-07 20:10:16,order_items.csv,2026-08-07,Negative unit_price
ITEM000035310,ORD00049754,SKU03428,Managed multi-tasking throughput,Toys,,9578.33,,2025-04-17 06:00:00,2026-08-07 20:10:16,order_items.csv,2026-08-07,Missing quantity
ITEM000035377,ORD00049299,SKU03492,Reactive discrete groupware,Books,,11371.36,,2025-04-17 06:00:00,2026-08-07 20:10:16,order_items.csv,2026-08-07,Missing quantity
ITEM000035401,ORD00035831,SKU02055,Cloned analyzing analyzer,Beauty,4.0,-4074.61,-16298.44,2025-04-17 06:00:00,2026-08-07 20:10:16,order_items.csv,2026-08-07,Negative unit_price
ITEM000035444,ORD00027183,SKU00738,Organized full-range website,Grocery,,1321.34,,2025-04-17 06:00:00,2026-08-07 20:10:16,order_items.csv,2026-08-07,Missing quantity
ITEM000035501,ORD00005390,SKU02690,Decentralized bi-directional customer loyalty,Grocery,3.0,-2396.9,-7190.700000000001,2025-04-17 06:00:00,2026-08-07 20:10:16,order_items.csv,2026-08-07,Negative unit_price
ITEM000035511,ORD00004291,SKU03430,Organic human-resource infrastructure,Electronics,,12676.75,,2025-04-17 06:00:00,2026-08-07 20:10:16,order_items.csv,2026-08-07,Missing quantity
ITEM000035578,ORD00009986,SKU01959,Innovative upward-trending infrastructure,Beauty,,490.58,,2025-04-17 06:00:00,2026-08-07 20:10:16,order_items.csv,2026-08-07,Missing quantity
ITEM000035601,ORD00023465,SKU00718,Synergistic mobile circuit,Home & Kitchen,8.0,-13599.96,-108799.68,2025-04-17 06:00:00,2026-08-07 20:10:16,order_items.csv,2026-08-07,Negative unit_price
ITEM000035645,ORD00034751,SKU02894,Stand-alone radical process improvement,Books,,11664.56,,2025-04-17 06:00:00,2026-08-07 20:10:16,order_items.csv,2026-08-07,Missing quantity
ITEM000035701,ORD00015987,SKU01050,Synchronized leadingedge benchmark,Clothing,3.0,-13068.95,-39206.850000000006,2025-04-17 06:00:00,2026-08-07 20:10:16,order_items.csv,2026-08-07,Negative unit_price
ITEM000035712,ORD00032090,SKU04110,Cross-group solution-oriented definition,Books,,2937.8,,2025-04-17 06:00:00,2026-08-07 20:10:16,order_items.csv,2026-08-07,Missing quantity
ITEM000035779,ORD00049270,SKU00390,Face-to-face 24hour architecture,Electronics,,6422.36,,2025-04-17 06:00:00,2026-08-07 20:10:16,order_items.csv,2026-08-07,Missing quantity
ITEM000035801,ORD00005720,SKU01908,Switchable non-volatile open architecture,Beauty,2.0,-1296.6,-2593.2,2025-04-17 06:00:00,2026-08-07 20:10:16,order_items.csv,2026-08-07,Negative unit_price
ITEM000035846,ORD00045184,SKU02196,Proactive 6thgeneration hardware,Electronics,,8339.36,,2025-04-17 06:00:00,2026-08-07 20:10:16,order_items.csv,2026-08-07,Missing quantity
ITEM000035901,ORD00042377,SKU02913,Managed local project,Books,6.0,-13417.21,-80503.26,2025-04-17 06:00:00,2026-08-07 20:10:16,order_items.csv,2026-08-07,Negative unit_price
ITEM000035913,ORD00024044,SKU00640,Vision-oriented 3rdgeneration superstructure,Home & Kitchen,,13163.47,,2025-04-17 06:00:00,2026-08-07 20:10:16,order_items.csv,2026-08-07,Missing quantity
ITEM000035980,ORD00033723,SKU02872,Polarized uniform matrices,Clothing,,12374.36,,2025-04-17 06:00:00,2026-08-07 20:10:16,order_items.csv,2026-08-07,Missing quantity
ITEM000036001,ORD00049109,SKU01216,Seamless background time-frame,Sports,1.0,-8408.71,-8408.71,2025-04-17 06:00:00,2026-08-07 20:10:16,order_items.csv,2026-08-07,Negative unit_price
ITEM000036047,ORD00009825,SKU03947,Re-contextualized intermediate frame,Clothing,,14470.99,,2025-04-17 06:00:00,2026-08-07 20:10:16,order_items.csv,2026-08-07,Missing quantity
ITEM000036101,ORD00013288,SKU02735,Centralized asymmetric functionalities,Electronics,10.0,-10989.6,-109896.0,2025-04-17 06:00:00,2026-08-07 20:10:16,order_items.csv,2026-08-07,Negative unit_price
ITEM000036114,ORD00049230,SKU01246,Digitized well-modulated framework,Toys,,7644.25,,2025-04-17 06:00:00,2026-08-07 20:10:16,order_items.csv,2026-08-07,Missing quantity
ITEM000036181,ORD00047767,SKU00157,Secured client-driven portal,Electronics,,216.28,,2025-04-17 06:00:00,2026-08-07 20:10:16,order_items.csv,2026-08-07,Missing quantity
ITEM000036201,ORD00005818,SKU04180,Mandatory contextually-based definition,Grocery,2.0,-12104.33,-24208.66,2025-04-17 06:00:00,2026-08-07 20:10:16,order_items.csv,2026-08-07,Negative unit_price
ITEM000036248,ORD00030060,SKU02462,Future-proofed stable pricing structure,Home & Kitchen,,11279.78,,2025-04-17 06:00:00,2026-08-07 20:10:16,order_items.csv,2026-08-07,Missing quantity
ITEM000036301,ORD00007980,SKU01968,Object-based methodical Graphic Interface,Toys,2.0,-13536.68,-27073.36,2025-04-17 06:00:00,2026-08-07 20:10:16,order_items.csv,2026-08-07,Negative unit_price
ITEM000036315,ORD00043332,SKU01163,Public-key fresh-thinking ability,Grocery,,13145.47,,2025-04-17 06:00:00,2026-08-07 20:10:16,order_items.csv,2026-08-07,Missing quantity
ITEM000036382,ORD00018187,SKU02611,Ergonomic motivating focus group,Books,,12788.23,,2025-04-17 06:00:00,2026-08-07 20:10:16,order_items.csv,2026-08-07,Missing quantity
ITEM000036401,ORD00036777,SKU03020,Fully-configurable clear-thinking policy,Home & Kitchen,8.0,-7628.21,-61025.68,2025-04-17 06:00:00,2026-08-07 20:10:16,order_items.csv,2026-08-07,Negative unit_price
ITEM000036449,ORD00041448,SKU03740,Innovative interactive task-force,Sports,,259.44,,2025-04-17 06:00:00,2026-08-07 20:10:16,order_items.csv,2026-08-07,Missing quantity
ITEM000036501,ORD00037633,SKU01497,Proactive 6thgeneration budgetary management,Beauty,1.0,-3135.62,-3135.62,2025-04-17 06:00:00,2026-08-07 20:10:16,order_items.csv,2026-08-07,Negative unit_price
ITEM000036516,ORD00038568,SKU00787,Enterprise-wide contextually-based projection,Clothing,,4161.74,,2025-04-17 06:00:00,2026-08-07 20:10:16,order_items.csv,2026-08-07,Missing quantity
ITEM000036583,ORD00002696,SKU00248,Right-sized system-worthy firmware,Electronics,,12518.15,,2025-04-17 06:00:00,2026-08-07 20:10:16,order_items.csv,2026-08-07,Missing quantity
ITEM000036601,ORD00022294,SKU01014,Enhanced maximized budgetary management,Toys,9.0,-14625.78,-131632.02000000002,2025-04-17 06:00:00,2026-08-07 20:10:16,order_items.csv,2026-08-07,Negative unit_price
ITEM000036650,ORD00019859,SKU02415,Synchronized encompassing capacity,Sports,,3731.57,,2025-04-17 06:00:00,2026-08-07 20:10:16,order_items.csv,2026-08-07,Missing quantity
ITEM000036701,ORD00017946,SKU01580,Streamlined multi-state database,Beauty,10.0,-5082.87,-50828.7,2025-04-17 06:00:00,2026-08-07 20:10:16,order_items.csv,2026-08-07,Negative unit_price
ITEM000036717,ORD00027820,SKU03325,Right-sized even-keeled implementation,Toys,,1874.26,,2025-04-17 06:00:00,2026-08-07 20:10:16,order_items.csv,2026-08-07,Missing quantity
ITEM000036784,ORD00043817,SKU03619,Ameliorated coherent core,Electronics,,12744.53,,2025-04-17 06:00:00,2026-08-07 20:10:16,order_items.csv,2026-08-07,Missing quantity
ITEM000036801,ORD00024050,SKU01728,Visionary heuristic core,Toys,1.0,-11597.76,-11597.76,2025-04-17 06:00:00,2026-08-07 20:10:16,order_items.csv,2026-08-07,Negative unit_price
ITEM000036851,ORD00014652,SKU03134,Cloned didactic hardware,Home & Kitchen,,12062.1,,2025-04-17 06:00:00,2026-08-07 20:10:16,order_items.csv,2026-08-07,Missing quantity
ITEM000036901,ORD00013076,SKU01412,Secured fresh-thinking task-force,Books,3.0,-12355.44,-37066.32,2025-04-17 06:00:00,2026-08-07 20:10:16,order_items.csv,2026-08-07,Negative unit_price
ITEM000036918,ORD00034083,SKU01412,Secured fresh-thinking task-force,Books,,12355.44,,2025-04-17 06:00:00,2026-08-07 20:10:16,order_items.csv,2026-08-07,Missing quantity
ITEM000036985,ORD00039760,SKU03394,Assimilated 24hour infrastructure,Home & Kitchen,,10852.6,,2025-04-17 06:00:00,2026-08-07 20:10:16,order_items.csv,2026-08-07,Missing quantity
ITEM000037001,ORD00018906,SKU03015,Automated neutral matrices,Grocery,4.0,-5901.94,-23607.76,2025-04-17 06:00:00,2026-08-07 20:10:16,order_items.csv,2026-08-07,Negative unit_price
ITEM000037052,ORD00022035,SKU02545,Managed modular Internet solution,Home & Kitchen,,11528.29,,2025-04-17 06:00:00,2026-08-07 20:10:16,order_items.csv,2026-08-07,Missing quantity
ITEM000037101,ORD00043630,SKU02616,Operative reciprocal hardware,Clothing,4.0,-3379.29,-13517.16,2025-04-17 06:00:00,2026-08-07 20:10:16,order_items.csv,2026-08-07,Negative unit_price
ITEM000037119,ORD00010268,SKU02437,Face-to-face zero tolerance software,Sports,,9756.22,,2025-04-17 06:00:00,2026-08-07 20:10:16,order_items.csv,2026-08-07,Missing quantity
ITEM000037186,ORD00006170,SKU03401,Extended static benchmark,Home & Kitchen,,3953.01,,2025-04-17 06:00:00,2026-08-07 20:10:16,order_items.csv,2026-08-07,Missing quantity
ITEM000037201,ORD00023088,SKU02528,Exclusive disintermediate access,Books,6.0,-11126.39,-66758.34,2025-04-17 06:00:00,2026-08-07 20:10:16,order_items.csv,2026-08-07,Negative unit_price
ITEM000037253,ORD00047777,SKU04319,Networked 3rdgeneration pricing structure,Home & Kitchen,,7293.84,,2025-04-17 06:00:00,2026-08-07 20:10:16,order_items.csv,2026-08-07,Missing quantity
ITEM000037301,ORD00032884,SKU04603,Phased analyzing monitoring,Toys,5.0,-14021.38,-70106.9,2025-04-17 06:00:00,2026-08-07 20:10:16,order_items.csv,2026-08-07,Negative unit_price
ITEM000037320,ORD00003582,SKU04585,Team-oriented composite implementation,Clothing,,14883.88,,2025-04-17 06:00:00,2026-08-07 20:10:16,order_items.csv,2026-08-07,Missing quantity
ITEM000037387,ORD00026486,SKU01988,Organized holistic methodology,Sports,,10382.79,,2025-04-17 06:00:00,2026-08-07 20:10:16,order_items.csv,2026-08-07,Missing quantity
ITEM000037401,ORD00043477,SKU00757,Digitized multi-tasking system engine,Books,1.0,-12992.02,-12992.02,2025-04-17 06:00:00,2026-08-07 20:10:16,order_items.csv,2026-08-07,Negative unit_price
ITEM000037454,ORD00027037,SKU02984,Proactive optimizing parallelism,Home & Kitchen,,6235.29,,2025-04-17 06:00:00,2026-08-07 20:10:16,order_items.csv,2026-08-07,Missing quantity
ITEM000037501,ORD00037118,SKU01228,Up-sized context-sensitive infrastructure,Beauty,5.0,-12995.0,-64975.0,2025-04-17 06:00:00,2026-08-07 20:10:16,order_items.csv,2026-08-07,Negative unit_price
ITEM000037521,ORD00019043,SKU01124,Object-based executive methodology,Toys,,8346.82,,2025-04-17 06:00:00,2026-08-07 20:10:16,order_items.csv,2026-08-07,Missing quantity
ITEM000037588,ORD00028233,SKU04985,Cross-platform systematic benchmark,Grocery,,8090.51,,2025-04-17 06:00:00,2026-08-07 20:10:16,order_items.csv,2026-08-07,Missing quantity
ITEM000037601,ORD00020416,SKU03700,Organic leadingedge knowledge user,Toys,7.0,-1929.29,-13505.029999999999,2025-04-17 06:00:00,2026-08-07 20:10:16,order_items.csv,2026-08-07,Negative unit_price
ITEM000037655,ORD00033934,SKU03433,Public-key well-modulated analyzer,Books,,7672.03,,2025-04-17 06:00:00,2026-08-07 20:10:16,order_items.csv,2026-08-07,Missing quantity
ITEM000037701,ORD00039772,SKU03158,Open-source responsive synergy,Books,9.0,-4302.5,-38722.5,2025-04-17 06:00:00,2026-08-07 20:10:16,order_items.csv,2026-08-07,Negative unit_price
ITEM000037722,ORD00037446,SKU04182,Versatile demand-driven matrices,Beauty,,13924.77,,2025-04-17 06:00:00,2026-08-07 20:10:16,order_items.csv,2026-08-07,Missing quantity
ITEM000037789,ORD00030490,SKU00439,Managed 5thgeneration productivity,Home & Kitchen,,11878.21,,2025-04-17 06:00:00,2026-08-07 20:10:16,order_items.csv,2026-08-07,Missing quantity
ITEM000037801,ORD00046227,SKU01303,Quality-focused empowering encoding,Electronics,2.0,-13489.05,-26978.1,2025-04-17 06:00:00,2026-08-07 20:10:16,order_items.csv,2026-08-07,Negative unit_price
ITEM000037856,ORD00028063,SKU00106,Self-enabling zero tolerance middleware,Toys,,1193.69,,2025-04-17 06:00:00,2026-08-07 20:10:16,order_items.csv,2026-08-07,Missing quantity
ITEM000037901,ORD00009478,SKU02491,Advanced neutral access,Clothing,7.0,-397.46,-2782.22,2025-04-17 06:00:00,2026-08-07 20:10:16,order_items.csv,2026-08-07,Negative unit_price
ITEM000037923,ORD00035254,SKU03576,Optimized static frame,Beauty,,12146.95,,2025-04-17 06:00:00,2026-08-07 20:10:16,order_items.csv,2026-08-07,Missing quantity
ITEM000037990,ORD00013956,SKU02520,Future-proofed logistical array,Toys,,10069.18,,2025-04-17 06:00:00,2026-08-07 20:10:16,order_items.csv,2026-08-07,Missing quantity
ITEM000038001,ORD00013801,SKU00051,Fundamental impactful superstructure,Books,3.0,-117.73,-353.19,2025-04-17 06:00:00,2026-08-07 20:10:16,order_items.csv,2026-08-07,Negative unit_price
ITEM000038057,ORD00003209,SKU01397,User-centric directional matrices,Beauty,,9428.88,,2025-04-17 06:00:00,2026-08-07 20:10:16,order_items.csv,2026-08-07,Missing quantity
ITEM000038101,ORD00027049,SKU00136,Adaptive 6thgeneration challenge,Home & Kitchen,6.0,-10568.48,-63410.88,2025-04-17 06:00:00,2026-08-07 20:10:16,order_items.csv,2026-08-07,Negative unit_price
ITEM000038124,ORD00039135,SKU00983,Total client-driven knowledgebase,Toys,,9893.6,,2025-04-17 06:00:00,2026-08-07 20:10:16,order_items.csv,2026-08-07,Missing quantity
ITEM000038191,ORD00042603,SKU04329,Horizontal interactive adapter,Beauty,,9195.19,,2025-04-17 06:00:00,2026-08-07 20:10:16,order_items.csv,2026-08-07,Missing quantity
ITEM000038201,ORD00022855,SKU03742,Inverse analyzing product,Home & Kitchen,5.0,-8514.32,-42571.6,2025-04-17 06:00:00,2026-08-07 20:10:16,order_items.csv,2026-08-07,Negative unit_price
ITEM000038258,ORD00015161,SKU02459,Compatible grid-enabled firmware,Home & Kitchen,,14249.22,,2025-04-17 06:00:00,2026-08-07 20:10:16,order_items.csv,2026-08-07,Missing quantity
ITEM000038301,ORD00030971,SKU04232,Self-enabling background product,Beauty,3.0,-14039.93,-42119.79,2025-04-17 06:00:00,2026-08-07 20:10:16,order_items.csv,2026-08-07,Negative unit_price
ITEM000038325,ORD00007729,SKU04248,Optimized background encryption,Toys,,7457.84,,2025-04-17 06:00:00,2026-08-07 20:10:16,order_items.csv,2026-08-07,Missing quantity
ITEM000038392,ORD00011148,SKU03368,Up-sized 24/7 standardization,Electronics,,4719.02,,2025-04-17 06:00:00,2026-08-07 20:10:16,order_items.csv,2026-08-07,Missing quantity
ITEM000038401,ORD00021248,SKU00441,Managed non-volatile approach,Books,4.0,-12417.17,-49668.68,2025-04-17 06:00:00,2026-08-07 20:10:16,order_items.csv,2026-08-07,Negative unit_price
ITEM000038459,ORD00031825,SKU00466,Stand-alone maximized solution,Books,,10406.32,,2025-04-17 06:00:00,2026-08-07 20:10:16,order_items.csv,2026-08-07,Missing quantity
ITEM000038501,ORD00046373,SKU03850,Self-enabling well-modulated Graphic Interface,Electronics,4.0,-113.81,-455.24,2025-04-17 06:00:00,2026-08-07 20:10:16,order_items.csv,2026-08-07,Negative unit_price
ITEM000038526,ORD00043584,SKU03830,Re-contextualized explicit moderator,Sports,,4950.34,,2025-04-17 06:00:00,2026-08-07 20:10:16,order_items.csv,2026-08-07,Missing quantity
ITEM000038593,ORD00046026,SKU03864,De-engineered real-time help-desk,Grocery,,12986.93,,2025-04-17 06:00:00,2026-08-07 20:10:16,order_items.csv,2026-08-07,Missing quantity
ITEM000038601,ORD00032380,SKU00887,Vision-oriented static capacity,Electronics,6.0,-7717.72,-46306.32,2025-04-17 06:00:00,2026-08-07 20:10:16,order_items.csv,2026-08-07,Negative unit_price
ITEM000038660,ORD00026856,SKU01405,Re-contextualized foreground architecture,Toys,,5459.65,,2025-04-17 06:00:00,2026-08-07 20:10:16,order_items.csv,2026-08-07,Missing quantity
ITEM000038701,ORD00028494,SKU02977,Seamless zero administration artificial intelligen,Electronics,1.0,-13239.78,-13239.78,2025-04-17 06:00:00,2026-08-07 20:10:16,order_items.csv,2026-08-07,Negative unit_price
ITEM000038727,ORD00035708,SKU03648,Upgradable next generation superstructure,Electronics,,1174.77,,2025-04-17 06:00:00,2026-08-07 20:10:16,order_items.csv,2026-08-07,Missing quantity
ITEM000038794,ORD00028325,SKU04836,Diverse transitional success,Grocery,,6352.64,,2025-04-17 06:00:00,2026-08-07 20:10:16,order_items.csv,2026-08-07,Missing quantity
ITEM000038801,ORD00037882,SKU00325,Open-source optimal benchmark,Toys,3.0,-121.95,-365.85,2025-04-17 06:00:00,2026-08-07 20:10:16,order_items.csv,2026-08-07,Negative unit_price
ITEM000038861,ORD00007732,SKU00309,Synergistic value-added application,Grocery,,14319.55,,2025-04-17 06:00:00,2026-08-07 20:10:16,order_items.csv,2026-08-07,Missing quantity
ITEM000038901,ORD00011621,SKU02287,Grass-roots client-server instruction set,Electronics,6.0,-14857.52,-89145.12,2025-04-17 06:00:00,2026-08-07 20:10:16,order_items.csv,2026-08-07,Negative unit_price
ITEM000038928,ORD00032358,SKU00336,Managed holistic structure,Beauty,,5835.9,,2025-04-17 06:00:00,2026-08-07 20:10:16,order_items.csv,2026-08-07,Missing quantity
ITEM000038995,ORD00042471,SKU00919,Seamless encompassing policy,Toys,,440.16,,2025-04-17 06:00:00,2026-08-07 20:10:16,order_items.csv,2026-08-07,Missing quantity
ITEM000039001,ORD00048683,SKU03176,Distributed leadingedge definition,Home & Kitchen,10.0,-7566.31,-75663.1,2025-04-17 06:00:00,2026-08-07 20:10:16,order_items.csv,2026-08-07,Negative unit_price
ITEM000039062,ORD00020710,SKU03116,User-centric static core,Electronics,,4345.6,,2025-04-17 06:00:00,2026-08-07 20:10:16,order_items.csv,2026-08-07,Missing quantity
ITEM000039101,ORD00029460,SKU00798,Face-to-face bottom-line intranet,Electronics,8.0,-12290.08,-98320.64,2025-04-17 06:00:00,2026-08-07 20:10:16,order_items.csv,2026-08-07,Negative unit_price
ITEM000039129,ORD00000342,SKU04130,Re-contextualized real-time time-frame,Home & Kitchen,,10863.27,,2025-04-17 06:00:00,2026-08-07 20:10:16,order_items.csv,2026-08-07,Missing quantity
ITEM000039196,ORD00044460,SKU02089,Exclusive mission-critical portal,Toys,,8523.44,,2025-04-17 06:00:00,2026-08-07 20:10:16,order_items.csv,2026-08-07,Missing quantity
ITEM000039201,ORD00014971,SKU04413,Enterprise-wide leadingedge middleware,Electronics,7.0,-4673.1,-32711.700000000004,2025-04-17 06:00:00,2026-08-07 20:10:16,order_items.csv,2026-08-07,Negative unit_price
ITEM000039263,ORD00002728,SKU04190,Visionary empowering website,Electronics,,11262.01,,2025-04-17 06:00:00,2026-08-07 20:10:16,order_items.csv,2026-08-07,Missing quantity
ITEM000039301,ORD00002416,SKU04585,Team-oriented composite implementation,Clothing,10.0,-14883.88,-148838.8,2025-04-17 06:00:00,2026-08-07 20:10:16,order_items.csv,2026-08-07,Negative unit_price
ITEM000039330,ORD00011273,SKU03713,Reverse-engineered multimedia matrices,Electronics,,8369.49,,2025-04-17 06:00:00,2026-08-07 20:10:16,order_items.csv,2026-08-07,Missing quantity
ITEM000039397,ORD00029682,SKU03613,Mandatory transitional capability,Home & Kitchen,,4956.53,,2025-04-17 06:00:00,2026-08-07 20:10:16,order_items.csv,2026-08-07,Missing quantity
ITEM000039401,ORD00018020,SKU02093,Down-sized didactic strategy,Sports,4.0,-12460.76,-49843.04,2025-04-17 06:00:00,2026-08-07 20:10:16,order_items.csv,2026-08-07,Negative unit_price
ITEM000039464,ORD00038731,SKU02142,Re-engineered solution-oriented matrices,Beauty,,3038.07,,2025-04-17 06:00:00,2026-08-07 20:10:16,order_items.csv,2026-08-07,Missing quantity
ITEM000039501,ORD00045151,SKU03069,Automated intangible structure,Sports,6.0,-6748.7,-40492.2,2025-04-17 06:00:00,2026-08-07 20:10:16,order_items.csv,2026-08-07,Negative unit_price
ITEM000039531,ORD00037451,SKU00002,Ergonomic empowering workforce,Clothing,,6597.28,,2025-04-17 06:00:00,2026-08-07 20:10:16,order_items.csv,2026-08-07,Missing quantity
ITEM000039598,ORD00047852,SKU04758,Ameliorated impactful implementation,Grocery,,12647.92,,2025-04-17 06:00:00,2026-08-07 20:10:16,order_items.csv,2026-08-07,Missing quantity
ITEM000039601,ORD00012924,SKU00233,Upgradable disintermediate Graphic Interface,Beauty,9.0,-8756.12,-78805.08,2025-04-17 06:00:00,2026-08-07 20:10:16,order_items.csv,2026-08-07,Negative unit_price
ITEM000039665,ORD00041423,SKU01543,Up-sized client-server capacity,Toys,,6883.08,,2025-04-17 06:00:00,2026-08-07 20:10:16,order_items.csv,2026-08-07,Missing quantity
ITEM000039701,ORD00017020,SKU02421,Object-based holistic time-frame,Beauty,8.0,-14909.84,-119278.72,2025-04-17 06:00:00,2026-08-07 20:10:16,order_items.csv,2026-08-07,Negative unit_price
ITEM000039732,ORD00024428,SKU00679,Pre-emptive full-range process improvement,Grocery,,8680.88,,2025-04-17 06:00:00,2026-08-07 20:10:16,order_items.csv,2026-08-07,Missing quantity
ITEM000039799,ORD00025042,SKU03976,Customizable maximized paradigm,Home & Kitchen,,291.47,,2025-04-17 06:00:00,2026-08-07 20:10:16,order_items.csv,2026-08-07,Missing quantity
ITEM000039801,ORD00049626,SKU02838,Focused encompassing capacity,Books,7.0,-6723.28,-47062.96,2025-04-17 06:00:00,2026-08-07 20:10:16,order_items.csv,2026-08-07,Negative unit_price
ITEM000039866,ORD00027272,SKU00911,Cross-platform scalable secured line,Electronics,,12880.95,,2025-04-17 06:00:00,2026-08-07 20:10:16,order_items.csv,2026-08-07,Missing quantity
ITEM000039901,ORD00030869,SKU02245,Profit-focused radical installation,Beauty,8.0,-9789.21,-78313.68,2025-04-17 06:00:00,2026-08-07 20:10:16,order_items.csv,2026-08-07,Negative unit_price
ITEM000039933,ORD00018791,SKU02229,Business-focused grid-enabled definition,Beauty,,11050.41,,2025-04-17 06:00:00,2026-08-07 20:10:16,order_items.csv,2026-08-07,Missing quantity
ITEM000040000,ORD00035724,SKU00010,User-friendly system-worthy parallelism,Beauty,,11638.79,,2025-04-17 06:00:00,2026-08-07 20:10:16,order_items.csv,2026-08-07,Missing quantity
ITEM000040001,ORD00048705,SKU01578,Synergistic next generation standardization,Beauty,6.0,-1140.74,-6844.4400000000005,2025-04-17 06:00:00,2026-08-07 20:10:16,order_items.csv,2026-08-07,Negative unit_price
ITEM000040067,ORD00018964,SKU01049,Focused solution-oriented complexity,Grocery,,3386.15,,2025-04-17 06:00:00,2026-08-07 20:10:16,order_items.csv,2026-08-07,Missing quantity
ITEM000040101,ORD00047545,SKU03607,Optional static analyzer,Beauty,8.0,-12709.86,-101678.88,2025-04-17 06:00:00,2026-08-07 20:10:16,order_items.csv,2026-08-07,Negative unit_price
ITEM000040134,ORD00025464,SKU03990,Robust maximized function,Home & Kitchen,,3955.68,,2025-04-17 06:00:00,2026-08-07 20:10:16,order_items.csv,2026-08-07,Missing quantity
ITEM000040201,ORD00002606,SKU00665,Integrated modular interface,Toys,,-1057.73,,2025-04-17 06:00:00,2026-08-07 20:10:16,order_items.csv,2026-08-07,Missing quantity
ITEM000040268,ORD00003879,SKU04355,Devolved uniform ability,Home & Kitchen,,6475.89,,2025-04-17 06:00:00,2026-08-07 20:10:16,order_items.csv,2026-08-07,Missing quantity
ITEM000040301,ORD00033042,SKU00145,Diverse 4thgeneration parallelism,Beauty,4.0,-9227.98,-36911.92,2025-04-17 06:00:00,2026-08-07 20:10:16,order_items.csv,2026-08-07,Negative unit_price
ITEM000040335,ORD00018981,SKU02166,Upgradable dedicated toolset,Grocery,,12513.15,,2025-04-17 06:00:00,2026-08-07 20:10:16,order_items.csv,2026-08-07,Missing quantity
ITEM000040401,ORD00022606,SKU00555,Intuitive tangible hierarchy,Toys,9.0,-12490.6,-112415.40000000001,2025-04-17 06:00:00,2026-08-07 20:10:16,order_items.csv,2026-08-07,Negative unit_price
ITEM000040402,ORD00007270,SKU04559,Compatible homogeneous algorithm,Beauty,,10033.89,,2025-04-17 06:00:00,2026-08-07 20:10:16,order_items.csv,2026-08-07,Missing quantity
ITEM000040469,ORD00049093,SKU03357,Exclusive system-worthy circuit,Electronics,,14604.91,,2025-04-17 06:00:00,2026-08-07 20:10:16,order_items.csv,2026-08-07,Missing quantity
ITEM000040501,ORD00048590,SKU01888,Virtual solution-oriented moderator,Toys,8.0,-13471.66,-107773.28,2025-04-17 06:00:00,2026-08-07 20:10:16,order_items.csv,2026-08-07,Negative unit_price
ITEM000040536,ORD00000232,SKU03566,Horizontal zero-defect success,Beauty,,8047.36,,2025-04-17 06:00:00,2026-08-07 20:10:16,order_items.csv,2026-08-07,Missing quantity
ITEM000040601,ORD00002901,SKU03492,Reactive discrete groupware,Books,9.0,-11371.36,-102342.24,2025-04-17 06:00:00,2026-08-07 20:10:16,order_items.csv,2026-08-07,Negative unit_price
ITEM000040603,ORD00001715,SKU04639,Fundamental motivating moratorium,Sports,,122.22,,2025-04-17 06:00:00,2026-08-07 20:10:16,order_items.csv,2026-08-07,Missing quantity
ITEM000040670,ORD00018556,SKU01613,Organic motivating artificial intelligence,Grocery,,10743.95,,2025-04-17 06:00:00,2026-08-07 20:10:16,order_items.csv,2026-08-07,Missing quantity
ITEM000040701,ORD00003103,SKU04989,Team-oriented zero administration architecture,Toys,2.0,-12130.01,-24260.02,2025-04-17 06:00:00,2026-08-07 20:10:16,order_items.csv,2026-08-07,Negative unit_price
ITEM000040737,ORD00045648,SKU02131,Enhanced responsive circuit,Beauty,,3432.02,,2025-04-17 06:00:00,2026-08-07 20:10:16,order_items.csv,2026-08-07,Missing quantity
ITEM000040801,ORD00037586,SKU00407,Optimized contextually-based moratorium,Books,4.0,-11407.89,-45631.56,2025-04-17 06:00:00,2026-08-07 20:10:16,order_items.csv,2026-08-07,Negative unit_price
ITEM000040804,ORD00011687,SKU03772,Phased 24/7 synergy,Home & Kitchen,,7724.18,,2025-04-17 06:00:00,2026-08-07 20:10:16,order_items.csv,2026-08-07,Missing quantity
ITEM000040871,ORD00033878,SKU00045,Compatible regional implementation,Books,,5133.39,,2025-04-17 06:00:00,2026-08-07 20:10:16,order_items.csv,2026-08-07,Missing quantity
ITEM000040901,ORD00015175,SKU00804,Synchronized even-keeled infrastructure,Sports,1.0,-6730.5,-6730.5,2025-04-17 06:00:00,2026-08-07 20:10:16,order_items.csv,2026-08-07,Negative unit_price
ITEM000040938,ORD00009222,SKU04779,Robust zero-defect Graphical User Interface,Electronics,,2593.72,,2025-04-17 06:00:00,2026-08-07 20:10:16,order_items.csv,2026-08-07,Missing quantity
ITEM000041001,ORD00024977,SKU00873,Multi-lateral intermediate matrix,Grocery,3.0,-1109.62,-3328.8599999999997,2025-04-17 06:00:00,2026-08-07 20:10:16,order_items.csv,2026-08-07,Negative unit_price
ITEM000041005,ORD00010945,SKU00712,Innovative explicit definition,Toys,,1747.51,,2025-04-17 06:00:00,2026-08-07 20:10:16,order_items.csv,2026-08-07,Missing quantity
ITEM000041072,ORD00031943,SKU01308,Diverse multimedia throughput,Books,,13869.65,,2025-04-17 06:00:00,2026-08-07 20:10:16,order_items.csv,2026-08-07,Missing quantity
ITEM000041101,ORD00034585,SKU01629,Public-key systemic knowledgebase,Beauty,6.0,-2998.44,-17990.64,2025-04-17 06:00:00,2026-08-07 20:10:16,order_items.csv,2026-08-07,Negative unit_price
ITEM000041139,ORD00045312,SKU03927,Extended static help-desk,Grocery,,4261.79,,2025-04-17 06:00:00,2026-08-07 20:10:16,order_items.csv,2026-08-07,Missing quantity
ITEM000041201,ORD00014328,SKU01736,Open-architected multi-state parallelism,Beauty,7.0,-5143.09,-36001.630000000005,2025-04-17 06:00:00,2026-08-07 20:10:16,order_items.csv,2026-08-07,Negative unit_price
ITEM000041206,ORD00006448,SKU03118,Progressive modular budgetary management,Grocery,,3044.28,,2025-04-17 06:00:00,2026-08-07 20:10:16,order_items.csv,2026-08-07,Missing quantity
ITEM000041273,ORD00049072,SKU02121,Implemented multimedia circuit,Toys,,1057.27,,2025-04-17 06:00:00,2026-08-07 20:10:16,order_items.csv,2026-08-07,Missing quantity
ITEM000041301,ORD00015798,SKU00321,Front-line human-resource time-frame,Grocery,5.0,-8515.61,-42578.05,2025-04-17 06:00:00,2026-08-07 20:10:16,order_items.csv,2026-08-07,Negative unit_price
ITEM000041340,ORD00041958,SKU04430,Implemented impactful time-frame,Toys,,5172.61,,2025-04-17 06:00:00,2026-08-07 20:10:16,order_items.csv,2026-08-07,Missing quantity
ITEM000041401,ORD00040396,SKU02327,Grass-roots even-keeled function,Beauty,9.0,-3699.36,-33294.24,2025-04-17 06:00:00,2026-08-07 20:10:16,order_items.csv,2026-08-07,Negative unit_price
ITEM000041407,ORD00001242,SKU01453,Adaptive tertiary protocol,Sports,,5909.77,,2025-04-17 06:00:00,2026-08-07 20:10:16,order_items.csv,2026-08-07,Missing quantity
ITEM000041474,ORD00012140,SKU04756,Reduced local parallelism,Home & Kitchen,,9832.6,,2025-04-17 06:00:00,2026-08-07 20:10:16,order_items.csv,2026-08-07,Missing quantity
ITEM000041501,ORD00021397,SKU03023,Quality-focused dynamic project,Home & Kitchen,1.0,-11985.79,-11985.79,2025-04-17 06:00:00,2026-08-07 20:10:16,order_items.csv,2026-08-07,Negative unit_price
ITEM000041541,ORD00038886,SKU03465,Phased 6thgeneration Internet solution,Clothing,,7768.38,,2025-04-17 06:00:00,2026-08-07 20:10:16,order_items.csv,2026-08-07,Missing quantity
ITEM000041601,ORD00026636,SKU00181,Self-enabling uniform circuit,Electronics,1.0,-14357.65,-14357.65,2025-04-17 06:00:00,2026-08-07 20:10:16,order_items.csv,2026-08-07,Negative unit_price
ITEM000041608,ORD00038175,SKU02352,Implemented next generation conglomeration,Sports,,1543.81,,2025-04-17 06:00:00,2026-08-07 20:10:16,order_items.csv,2026-08-07,Missing quantity
ITEM000041675,ORD00041929,SKU04622,Switchable uniform matrix,Home & Kitchen,,10163.51,,2025-04-17 06:00:00,2026-08-07 20:10:16,order_items.csv,2026-08-07,Missing quantity
ITEM000041701,ORD00019130,SKU02899,Realigned dynamic portal,Books,2.0,-2819.04,-5638.08,2025-04-17 06:00:00,2026-08-07 20:10:16,order_items.csv,2026-08-07,Negative unit_price
ITEM000041742,ORD00018354,SKU01653,Digitized incremental initiative,Beauty,,1498.62,,2025-04-17 06:00:00,2026-08-07 20:10:16,order_items.csv,2026-08-07,Missing quantity
ITEM000041801,ORD00019556,SKU00682,Assimilated eco-centric hub,Grocery,8.0,-11235.12,-89880.96,2025-04-17 06:00:00,2026-08-07 20:10:16,order_items.csv,2026-08-07,Negative unit_price
ITEM000041809,ORD00038726,SKU03924,Function-based full-range model,Electronics,,9150.02,,2025-04-17 06:00:00,2026-08-07 20:10:16,order_items.csv,2026-08-07,Missing quantity
ITEM000041876,ORD00047111,SKU04257,Assimilated content-based focus group,Home & Kitchen,,4931.41,,2025-04-17 06:00:00,2026-08-07 20:10:16,order_items.csv,2026-08-07,Missing quantity
ITEM000041901,ORD00037737,SKU00491,Digitized static encoding,Grocery,7.0,-1668.57,-11679.99,2025-04-17 06:00:00,2026-08-07 20:10:16,order_items.csv,2026-08-07,Negative unit_price
ITEM000041943,ORD00047864,SKU03886,Face-to-face logistical circuit,Toys,,7074.75,,2025-04-17 06:00:00,2026-08-07 20:10:16,order_items.csv,2026-08-07,Missing quantity
ITEM000042001,ORD00017899,SKU00442,Down-sized zero administration process improvement,Books,8.0,-344.42,-2755.36,2025-04-17 06:00:00,2026-08-07 20:10:16,order_items.csv,2026-08-07,Negative unit_price
ITEM000042010,ORD00001562,SKU02022,Re-contextualized national benchmark,Home & Kitchen,,5610.29,,2025-04-17 06:00:00,2026-08-07 20:10:16,order_items.csv,2026-08-07,Missing quantity
ITEM000042077,ORD00026780,SKU02522,Function-based dedicated definition,Sports,,3872.22,,2025-04-17 06:00:00,2026-08-07 20:10:16,order_items.csv,2026-08-07,Missing quantity
ITEM000042101,ORD00020364,SKU01902,Distributed multimedia model,Sports,4.0,-13134.82,-52539.28,2025-04-17 06:00:00,2026-08-07 20:10:16,order_items.csv,2026-08-07,Negative unit_price
ITEM000042144,ORD00028559,SKU02667,Multi-layered responsive access,Clothing,,12536.6,,2025-04-17 06:00:00,2026-08-07 20:10:16,order_items.csv,2026-08-07,Missing quantity
ITEM000042201,ORD00036388,SKU03505,Re-contextualized web-enabled projection,Home & Kitchen,2.0,-4066.66,-8133.32,2025-04-17 06:00:00,2026-08-07 20:10:16,order_items.csv,2026-08-07,Negative unit_price
ITEM000042211,ORD00006661,SKU01767,Front-line intermediate throughput,Beauty,,9830.83,,2025-04-17 06:00:00,2026-08-07 20:10:16,order_items.csv,2026-08-07,Missing quantity
ITEM000042278,ORD00022020,SKU00609,Right-sized fault-tolerant complexity,Beauty,,10552.08,,2025-04-17 06:00:00,2026-08-07 20:10:16,order_items.csv,2026-08-07,Missing quantity
ITEM000042301,ORD00012270,SKU00975,Customizable discrete framework,Sports,9.0,-13646.23,-122816.06999999999,2025-04-17 06:00:00,2026-08-07 20:10:16,order_items.csv,2026-08-07,Negative unit_price
ITEM000042345,ORD00011507,SKU02000,Vision-oriented static productivity,Home & Kitchen,,13536.03,,2025-04-17 06:00:00,2026-08-07 20:10:16,order_items.csv,2026-08-07,Missing quantity
ITEM000042401,ORD00003502,SKU03104,Total 6thgeneration installation,Books,1.0,-4002.84,-4002.84,2025-04-17 06:00:00,2026-08-07 20:10:16,order_items.csv,2026-08-07,Negative unit_price
ITEM000042412,ORD00042979,SKU03510,Organic even-keeled Graphical User Interface,Electronics,,3380.76,,2025-04-17 06:00:00,2026-08-07 20:10:16,order_items.csv,2026-08-07,Missing quantity
ITEM000042479,ORD00015498,SKU02088,Inverse scalable migration,Grocery,,3776.26,,2025-04-17 06:00:00,2026-08-07 20:10:16,order_items.csv,2026-08-07,Missing quantity
ITEM000042501,ORD00010755,SKU00648,Front-line context-sensitive synergy,Sports,10.0,-4387.74,-43877.399999999994,2025-04-17 06:00:00,2026-08-07 20:10:16,order_items.csv,2026-08-07,Negative unit_price
ITEM000042546,ORD00045965,SKU00527,User-centric dynamic leverage,Clothing,,14160.83,,2025-04-17 06:00:00,2026-08-07 20:10:16,order_items.csv,2026-08-07,Missing quantity
ITEM000042601,ORD00005179,SKU01902,Distributed multimedia model,Sports,6.0,-13134.82,-78808.92,2025-04-17 06:00:00,2026-08-07 20:10:16,order_items.csv,2026-08-07,Negative unit_price
ITEM000042613,ORD00044402,SKU04643,Phased object-oriented attitude,Books,,6436.02,,2025-04-17 06:00:00,2026-08-07 20:10:16,order_items.csv,2026-08-07,Missing quantity
ITEM000042680,ORD00034358,SKU00039,Down-sized grid-enabled Graphical User Interface,Toys,,2910.17,,2025-04-17 06:00:00,2026-08-07 20:10:16,order_items.csv,2026-08-07,Missing quantity
ITEM000042701,ORD00010818,SKU04011,Cross-platform user-facing hardware,Beauty,1.0,-1750.87,-1750.87,2025-04-17 06:00:00,2026-08-07 20:10:16,order_items.csv,2026-08-07,Negative unit_price
ITEM000042747,ORD00020557,SKU01768,Reverse-engineered non-volatile monitoring,Toys,,10997.53,,2025-04-17 06:00:00,2026-08-07 20:10:16,order_items.csv,2026-08-07,Missing quantity
ITEM000042801,ORD00013360,SKU02825,Visionary national paradigm,Clothing,10.0,-6363.02,-63630.200000000004,2025-04-17 06:00:00,2026-08-07 20:10:16,order_items.csv,2026-08-07,Negative unit_price
ITEM000042814,ORD00009352,SKU01197,Open-architected local interface,Clothing,,2444.66,,2025-04-17 06:00:00,2026-08-07 20:10:16,order_items.csv,2026-08-07,Missing quantity
ITEM000042881,ORD00039236,SKU00796,Function-based reciprocal standardization,Beauty,,8966.99,,2025-04-17 06:00:00,2026-08-07 20:10:16,order_items.csv,2026-08-07,Missing quantity
ITEM000042901,ORD00011206,SKU02159,Streamlined high-level archive,Sports,4.0,-8827.16,-35308.64,2025-04-17 06:00:00,2026-08-07 20:10:16,order_items.csv,2026-08-07,Negative unit_price
ITEM000042948,ORD00020005,SKU02859,Organic 6thgeneration protocol,Books,,460.85,,2025-04-17 06:00:00,2026-08-07 20:10:16,order_items.csv,2026-08-07,Missing quantity
ITEM000043001,ORD00010037,SKU01077,Multi-layered empowering artificial intelligence,Electronics,10.0,-9904.75,-99047.5,2025-04-17 06:00:00,2026-08-07 20:10:16,order_items.csv,2026-08-07,Negative unit_price
ITEM000043015,ORD00005011,SKU01110,Universal directional portal,Clothing,,2347.79,,2025-04-17 06:00:00,2026-08-07 20:10:16,order_items.csv,2026-08-07,Missing quantity
ITEM000043082,ORD00028939,SKU02325,Configurable content-based matrix,Clothing,,6438.94,,2025-04-17 06:00:00,2026-08-07 20:10:16,order_items.csv,2026-08-07,Missing quantity
ITEM000043101,ORD00015025,SKU02408,Organized mobile data-warehouse,Electronics,4.0,-10052.12,-40208.48,2025-04-17 06:00:00,2026-08-07 20:10:16,order_items.csv,2026-08-07,Negative unit_price
ITEM000043149,ORD00001088,SKU02722,Robust needs-based algorithm,Grocery,,4316.98,,2025-04-17 06:00:00,2026-08-07 20:10:16,order_items.csv,2026-08-07,Missing quantity
ITEM000043201,ORD00037994,SKU04070,Front-line national hardware,Electronics,10.0,-11704.35,-117043.5,2025-04-17 06:00:00,2026-08-07 20:10:16,order_items.csv,2026-08-07,Negative unit_price
ITEM000043216,ORD00008221,SKU00165,User-centric cohesive encryption,Toys,,706.57,,2025-04-17 06:00:00,2026-08-07 20:10:16,order_items.csv,2026-08-07,Missing quantity
ITEM000043283,ORD00018420,SKU04737,Progressive 4thgeneration parallelism,Clothing,,1361.38,,2025-04-17 06:00:00,2026-08-07 20:10:16,order_items.csv,2026-08-07,Missing quantity
ITEM000043301,ORD00011430,SKU00609,Right-sized fault-tolerant complexity,Beauty,7.0,-10552.08,-73864.56,2025-04-17 06:00:00,2026-08-07 20:10:16,order_items.csv,2026-08-07,Negative unit_price
ITEM000043350,ORD00006176,SKU00395,Adaptive multi-state database,Grocery,,10056.18,,2025-04-17 06:00:00,2026-08-07 20:10:16,order_items.csv,2026-08-07,Missing quantity
ITEM000043401,ORD00044333,SKU03044,Cross-platform homogeneous service-desk,Electronics,5.0,-6583.41,-32917.05,2025-04-17 06:00:00,2026-08-07 20:10:16,order_items.csv,2026-08-07,Negative unit_price
ITEM000043417,ORD00025251,SKU04034,Visionary user-facing task-force,Grocery,,7555.46,,2025-04-17 06:00:00,2026-08-07 20:10:16,order_items.csv,2026-08-07,Missing quantity
ITEM000043484,ORD00046724,SKU04209,Adaptive demand-driven function,Books,,284.16,,2025-04-17 06:00:00,2026-08-07 20:10:16,order_items.csv,2026-08-07,Missing quantity
ITEM000043501,ORD00040452,SKU01324,Enterprise-wide system-worthy intranet,Electronics,3.0,-12377.13,-37131.39,2025-04-17 06:00:00,2026-08-07 20:10:16,order_items.csv,2026-08-07,Negative unit_price
ITEM000043551,ORD00016880,SKU02750,Versatile systematic utilization,Beauty,,1351.07,,2025-04-17 06:00:00,2026-08-07 20:10:16,order_items.csv,2026-08-07,Missing quantity
ITEM000043601,ORD00013761,SKU03634,Centralized foreground frame,Grocery,9.0,-5382.38,-48441.42,2025-04-17 06:00:00,2026-08-07 20:10:16,order_items.csv,2026-08-07,Negative unit_price
ITEM000043618,ORD00025451,SKU02239,Virtual local interface,Grocery,,12805.79,,2025-04-17 06:00:00,2026-08-07 20:10:16,order_items.csv,2026-08-07,Missing quantity
ITEM000043685,ORD00014668,SKU01193,Re-engineered modular customer loyalty,Clothing,,12576.15,,2025-04-17 06:00:00,2026-08-07 20:10:16,order_items.csv,2026-08-07,Missing quantity
ITEM000043701,ORD00007348,SKU04288,Organic incremental data-warehouse,Grocery,6.0,-7432.26,-44593.56,2025-04-17 06:00:00,2026-08-07 20:10:16,order_items.csv,2026-08-07,Negative unit_price
ITEM000043752,ORD00012732,SKU01391,Reactive full-range leverage,Toys,,1655.2,,2025-04-17 06:00:00,2026-08-07 20:10:16,order_items.csv,2026-08-07,Missing quantity
ITEM000043801,ORD00006528,SKU00813,Distributed high-level core,Home & Kitchen,4.0,-10844.55,-43378.2,2025-04-17 06:00:00,2026-08-07 20:10:16,order_items.csv,2026-08-07,Negative unit_price
ITEM000043819,ORD00033480,SKU00145,Diverse 4thgeneration parallelism,Beauty,,9227.98,,2025-04-17 06:00:00,2026-08-07 20:10:16,order_items.csv,2026-08-07,Missing quantity
ITEM000043886,ORD00032000,SKU00007,Future-proofed homogeneous challenge,Clothing,,12380.98,,2025-04-17 06:00:00,2026-08-07 20:10:16,order_items.csv,2026-08-07,Missing quantity
ITEM000043901,ORD00033982,SKU02380,Compatible solution-oriented standardization,Home & Kitchen,8.0,-13997.19,-111977.52,2025-04-17 06:00:00,2026-08-07 20:10:16,order_items.csv,2026-08-07,Negative unit_price
ITEM000043953,ORD00019465,SKU01751,Ameliorated mobile analyzer,Books,,6844.99,,2025-04-17 06:00:00,2026-08-07 20:10:16,order_items.csv,2026-08-07,Missing quantity
ITEM000044001,ORD00015653,SKU00599,Decentralized homogeneous superstructure,Home & Kitchen,1.0,-3418.66,-3418.66,2025-04-17 06:00:00,2026-08-07 20:10:16,order_items.csv,2026-08-07,Negative unit_price
ITEM000044020,ORD00010700,SKU03081,Universal holistic leverage,Grocery,,13167.24,,2025-04-17 06:00:00,2026-08-07 20:10:16,order_items.csv,2026-08-07,Missing quantity
ITEM000044087,ORD00032472,SKU00512,Front-line encompassing matrices,Sports,,11581.3,,2025-04-17 06:00:00,2026-08-07 20:10:16,order_items.csv,2026-08-07,Missing quantity
ITEM000044101,ORD00027985,SKU03447,Phased full-range encryption,Sports,10.0,-2932.04,-29320.4,2025-04-17 06:00:00,2026-08-07 20:10:16,order_items.csv,2026-08-07,Negative unit_price
ITEM000044154,ORD00043203,SKU01358,Extended demand-driven open architecture,Clothing,,1665.0,,2025-04-17 06:00:00,2026-08-07 20:10:16,order_items.csv,2026-08-07,Missing quantity
ITEM000044201,ORD00049448,SKU02095,Managed interactive website,Toys,6.0,-9869.33,-59215.979999999996,2025-04-17 06:00:00,2026-08-07 20:10:16,order_items.csv,2026-08-07,Negative unit_price
ITEM000044221,ORD00024717,SKU02450,Enhanced grid-enabled software,Home & Kitchen,,3637.89,,2025-04-17 06:00:00,2026-08-07 20:10:16,order_items.csv,2026-08-07,Missing quantity
ITEM000044288,ORD00007783,SKU03658,Upgradable incremental complexity,Electronics,,6914.02,,2025-04-17 06:00:00,2026-08-07 20:10:16,order_items.csv,2026-08-07,Missing quantity
ITEM000044301,ORD00011457,SKU02837,Organized client-server task-force,Toys,8.0,-9760.06,-78080.48,2025-04-17 06:00:00,2026-08-07 20:10:16,order_items.csv,2026-08-07,Negative unit_price
ITEM000044355,ORD00037848,SKU04575,Upgradable empowering collaboration,Toys,,10558.43,,2025-04-17 06:00:00,2026-08-07 20:10:16,order_items.csv,2026-08-07,Missing quantity
ITEM000044401,ORD00008860,SKU03512,Open-source didactic methodology,Electronics,4.0,-7711.99,-30847.96,2025-04-17 06:00:00,2026-08-07 20:10:16,order_items.csv,2026-08-07,Negative unit_price
ITEM000044422,ORD00020372,SKU01448,Self-enabling full-range help-desk,Books,,14925.63,,2025-04-17 06:00:00,2026-08-07 20:10:16,order_items.csv,2026-08-07,Missing quantity
ITEM000044489,ORD00017790,SKU03666,Ergonomic reciprocal protocol,Books,,11147.15,,2025-04-17 06:00:00,2026-08-07 20:10:16,order_items.csv,2026-08-07,Missing quantity
ITEM000044501,ORD00023107,SKU00446,Seamless dynamic portal,Books,5.0,-10732.96,-53664.799999999996,2025-04-17 06:00:00,2026-08-07 20:10:16,order_items.csv,2026-08-07,Negative unit_price
ITEM000044556,ORD00049647,SKU04592,Open-architected maximized Local Area Network,Home & Kitchen,,11711.42,,2025-04-17 06:00:00,2026-08-07 20:10:16,order_items.csv,2026-08-07,Missing quantity
ITEM000044601,ORD00037051,SKU02707,Open-source actuating extranet,Home & Kitchen,1.0,-12155.6,-12155.6,2025-04-17 06:00:00,2026-08-07 20:10:16,order_items.csv,2026-08-07,Negative unit_price
ITEM000044623,ORD00002327,SKU02057,Multi-channeled 24/7 project,Sports,,2195.36,,2025-04-17 06:00:00,2026-08-07 20:10:16,order_items.csv,2026-08-07,Missing quantity
ITEM000044690,ORD00030949,SKU03947,Re-contextualized intermediate frame,Clothing,,14470.99,,2025-04-17 06:00:00,2026-08-07 20:10:16,order_items.csv,2026-08-07,Missing quantity
ITEM000044701,ORD00037161,SKU03036,Focused asynchronous encoding,Toys,10.0,-10593.97,-105939.7,2025-04-17 06:00:00,2026-08-07 20:10:16,order_items.csv,2026-08-07,Negative unit_price
ITEM000044757,ORD00047693,SKU01709,Streamlined tangible workforce,Books,,4809.27,,2025-04-17 06:00:00,2026-08-07 20:10:16,order_items.csv,2026-08-07,Missing quantity
ITEM000044801,ORD00036735,SKU00991,Business-focused 4thgeneration leverage,Books,5.0,-952.24,-4761.2,2025-04-17 06:00:00,2026-08-07 20:10:16,order_items.csv,2026-08-07,Negative unit_price
ITEM000044824,ORD00004853,SKU01145,Switchable 3rdgeneration standardization,Home & Kitchen,,11542.48,,2025-04-17 06:00:00,2026-08-07 20:10:16,order_items.csv,2026-08-07,Missing quantity
ITEM000044891,ORD00043691,SKU02943,Object-based bottom-line knowledgebase,Home & Kitchen,,3161.99,,2025-04-17 06:00:00,2026-08-07 20:10:16,order_items.csv,2026-08-07,Missing quantity
ITEM000044901,ORD00045661,SKU02097,Inverse background emulation,Sports,7.0,-1134.63,-7942.410000000001,2025-04-17 06:00:00,2026-08-07 20:10:16,order_items.csv,2026-08-07,Negative unit_price
ITEM000044958,ORD00005225,SKU03879,Adaptive bi-directional toolset,Toys,,1792.78,,2025-04-17 06:00:00,2026-08-07 20:10:16,order_items.csv,2026-08-07,Missing quantity
ITEM000045001,ORD00012946,SKU01828,Multi-tiered asymmetric interface,Books,7.0,-9500.94,-66506.58,2025-04-17 06:00:00,2026-08-07 20:10:16,order_items.csv,2026-08-07,Negative unit_price
ITEM000045025,ORD00030462,SKU04252,Phased explicit capacity,Beauty,,5093.99,,2025-04-17 06:00:00,2026-08-07 20:10:16,order_items.csv,2026-08-07,Missing quantity
ITEM000045092,ORD00012873,SKU04697,Compatible 4thgeneration function,Home & Kitchen,,2709.41,,2025-04-17 06:00:00,2026-08-07 20:10:16,order_items.csv,2026-08-07,Missing quantity
ITEM000045101,ORD00037798,SKU03778,Re-contextualized next generation monitoring,Home & Kitchen,1.0,-9881.06,-9881.06,2025-04-17 06:00:00,2026-08-07 20:10:16,order_items.csv,2026-08-07,Negative unit_price
ITEM000045159,ORD00015129,SKU00596,Business-focused foreground throughput,Clothing,,10369.65,,2025-04-17 06:00:00,2026-08-07 20:10:16,order_items.csv,2026-08-07,Missing quantity
ITEM000045201,ORD00038217,SKU03136,Enhanced non-volatile product,Toys,3.0,-2841.4,-8524.2,2025-04-17 06:00:00,2026-08-07 20:10:16,order_items.csv,2026-08-07,Negative unit_price
ITEM000045226,ORD00006066,SKU00285,Multi-channeled foreground benchmark,Clothing,,3246.75,,2025-04-17 06:00:00,2026-08-07 20:10:16,order_items.csv,2026-08-07,Missing quantity
ITEM000045293,ORD00024281,SKU03812,Fundamental homogeneous ability,Sports,,14115.47,,2025-04-17 06:00:00,2026-08-07 20:10:16,order_items.csv,2026-08-07,Missing quantity
ITEM000045301,ORD00007179,SKU01657,Pre-emptive multi-tasking help-desk,Beauty,7.0,-3189.27,-22324.89,2025-04-17 06:00:00,2026-08-07 20:10:16,order_items.csv,2026-08-07,Negative unit_price
ITEM000045360,ORD00019770,SKU03441,Grass-roots asymmetric customer loyalty,Grocery,,5987.78,,2025-04-17 06:00:00,2026-08-07 20:10:16,order_items.csv,2026-08-07,Missing quantity
ITEM000045401,ORD00026761,SKU00504,Networked context-sensitive benchmark,Toys,10.0,-2393.6,-23936.0,2025-04-17 06:00:00,2026-08-07 20:10:16,order_items.csv,2026-08-07,Negative unit_price
ITEM000045427,ORD00045011,SKU02029,Quality-focused upward-trending Local Area Network,Beauty,,9912.49,,2025-04-17 06:00:00,2026-08-07 20:10:16,order_items.csv,2026-08-07,Missing quantity
ITEM000045494,ORD00024997,SKU03733,Robust dedicated budgetary management,Clothing,,537.42,,2025-04-17 06:00:00,2026-08-07 20:10:16,order_items.csv,2026-08-07,Missing quantity
ITEM000045501,ORD00041825,SKU01488,Inverse hybrid encryption,Grocery,2.0,-3841.04,-7682.08,2025-04-17 06:00:00,2026-08-07 20:10:16,order_items.csv,2026-08-07,Negative unit_price
ITEM000045561,ORD00043426,SKU00943,Diverse value-added application,Clothing,,6887.66,,2025-04-17 06:00:00,2026-08-07 20:10:16,order_items.csv,2026-08-07,Missing quantity
ITEM000045601,ORD00013094,SKU03356,Mandatory motivating budgetary management,Clothing,2.0,-194.78,-389.56,2025-04-17 06:00:00,2026-08-07 20:10:16,order_items.csv,2026-08-07,Negative unit_price
ITEM000045628,ORD00009231,SKU02775,Future-proofed actuating capacity,Sports,,1173.05,,2025-04-17 06:00:00,2026-08-07 20:10:16,order_items.csv,2026-08-07,Missing quantity
ITEM000045695,ORD00005691,SKU03549,Innovative multimedia knowledge user,Home & Kitchen,,500.11,,2025-04-17 06:00:00,2026-08-07 20:10:16,order_items.csv,2026-08-07,Missing quantity
ITEM000045701,ORD00014137,SKU04606,Reduced intermediate knowledge user,Grocery,8.0,-5789.32,-46314.56,2025-04-17 06:00:00,2026-08-07 20:10:16,order_items.csv,2026-08-07,Negative unit_price
ITEM000045762,ORD00036017,SKU02835,Polarized dedicated Internet solution,Books,,7221.89,,2025-04-17 06:00:00,2026-08-07 20:10:16,order_items.csv,2026-08-07,Missing quantity
ITEM000045801,ORD00040083,SKU00162,Vision-oriented asymmetric artificial intelligence,Grocery,3.0,-14092.17,-42276.51,2025-04-17 06:00:00,2026-08-07 20:10:16,order_items.csv,2026-08-07,Negative unit_price
ITEM000045829,ORD00005310,SKU02413,Adaptive directional info-mediaries,Clothing,,4083.09,,2025-04-17 06:00:00,2026-08-07 20:10:16,order_items.csv,2026-08-07,Missing quantity
ITEM000045896,ORD00017674,SKU01654,Pre-emptive demand-driven budgetary management,Beauty,,8940.43,,2025-04-17 06:00:00,2026-08-07 20:10:16,order_items.csv,2026-08-07,Missing quantity
ITEM000045901,ORD00009129,SKU01174,Versatile attitude-oriented methodology,Home & Kitchen,3.0,-8325.4,-24976.199999999997,2025-04-17 06:00:00,2026-08-07 20:10:16,order_items.csv,2026-08-07,Negative unit_price
ITEM000045963,ORD00015266,SKU01506,Face-to-face intangible structure,Sports,,2231.31,,2025-04-17 06:00:00,2026-08-07 20:10:16,order_items.csv,2026-08-07,Missing quantity
ITEM000046001,ORD00003670,SKU04232,Self-enabling background product,Beauty,10.0,-14039.93,-140399.3,2025-04-17 06:00:00,2026-08-07 20:10:16,order_items.csv,2026-08-07,Negative unit_price
ITEM000046030,ORD00020043,SKU02584,Grass-roots leadingedge leverage,Toys,,4865.16,,2025-04-17 06:00:00,2026-08-07 20:10:16,order_items.csv,2026-08-07,Missing quantity
ITEM000046097,ORD00030867,SKU02457,Phased exuding encryption,Books,,11665.33,,2025-04-17 06:00:00,2026-08-07 20:10:16,order_items.csv,2026-08-07,Missing quantity
ITEM000046101,ORD00017479,SKU04039,Ameliorated 24/7 productivity,Toys,5.0,-9059.96,-45299.799999999996,2025-04-17 06:00:00,2026-08-07 20:10:16,order_items.csv,2026-08-07,Negative unit_price
ITEM000046164,ORD00038587,SKU01627,Function-based intermediate hardware,Electronics,,14150.17,,2025-04-17 06:00:00,2026-08-07 20:10:16,order_items.csv,2026-08-07,Missing quantity
ITEM000046201,ORD00013791,SKU04363,Self-enabling systematic leverage,Grocery,9.0,-1561.77,-14055.93,2025-04-17 06:00:00,2026-08-07 20:10:16,order_items.csv,2026-08-07,Negative unit_price
ITEM000046231,ORD00015654,SKU04161,Self-enabling non-volatile matrix,Beauty,,10162.95,,2025-04-17 06:00:00,2026-08-07 20:10:16,order_items.csv,2026-08-07,Missing quantity
ITEM000046298,ORD00049416,SKU04814,Fundamental reciprocal orchestration,Clothing,,12693.96,,2025-04-17 06:00:00,2026-08-07 20:10:16,order_items.csv,2026-08-07,Missing quantity
ITEM000046301,ORD00026666,SKU00172,Profit-focused systematic software,Grocery,6.0,-10933.68,-65602.08,2025-04-17 06:00:00,2026-08-07 20:10:16,order_items.csv,2026-08-07,Negative unit_price
ITEM000046365,ORD00024927,SKU03111,Customer-focused dynamic functionalities,Beauty,,13832.41,,2025-04-17 06:00:00,2026-08-07 20:10:16,order_items.csv,2026-08-07,Missing quantity
ITEM000046401,ORD00042388,SKU02890,Optimized 24/7 benchmark,Beauty,10.0,-8513.86,-85138.6,2025-04-17 06:00:00,2026-08-07 20:10:16,order_items.csv,2026-08-07,Negative unit_price
ITEM000046432,ORD00033678,SKU01919,Mandatory radical workforce,Home & Kitchen,,1239.26,,2025-04-17 06:00:00,2026-08-07 20:10:16,order_items.csv,2026-08-07,Missing quantity
ITEM000046499,ORD00039430,SKU04364,Enhanced multimedia collaboration,Clothing,,14480.75,,2025-04-17 06:00:00,2026-08-07 20:10:16,order_items.csv,2026-08-07,Missing quantity
ITEM000046501,ORD00031916,SKU02860,Front-line optimizing array,Electronics,2.0,-13447.53,-26895.06,2025-04-17 06:00:00,2026-08-07 20:10:16,order_items.csv,2026-08-07,Negative unit_price
ITEM000046566,ORD00010697,SKU03080,Devolved holistic extranet,Toys,,10533.54,,2025-04-17 06:00:00,2026-08-07 20:10:16,order_items.csv,2026-08-07,Missing quantity
ITEM000046601,ORD00028358,SKU03121,Optional multimedia knowledgebase,Grocery,8.0,-14641.68,-117133.44,2025-04-17 06:00:00,2026-08-07 20:10:16,order_items.csv,2026-08-07,Negative unit_price
ITEM000046633,ORD00027585,SKU01644,Distributed attitude-oriented array,Books,,11798.16,,2025-04-17 06:00:00,2026-08-07 20:10:16,order_items.csv,2026-08-07,Missing quantity
ITEM000046700,ORD00040357,SKU01227,Managed fresh-thinking contingency,Books,,9136.69,,2025-04-17 06:00:00,2026-08-07 20:10:16,order_items.csv,2026-08-07,Missing quantity
ITEM000046701,ORD00038329,SKU03799,Optimized responsive contingency,Grocery,9.0,-1717.92,-15461.28,2025-04-17 06:00:00,2026-08-07 20:10:16,order_items.csv,2026-08-07,Negative unit_price
ITEM000046767,ORD00020559,SKU01625,Multi-channeled grid-enabled access,Sports,,12417.22,,2025-04-17 06:00:00,2026-08-07 20:10:16,order_items.csv,2026-08-07,Missing quantity
ITEM000046801,ORD00018842,SKU03477,Proactive dedicated model,Grocery,2.0,-4681.08,-9362.16,2025-04-17 06:00:00,2026-08-07 20:10:16,order_items.csv,2026-08-07,Negative unit_price
ITEM000046834,ORD00018832,SKU03222,Managed high-level attitude,Toys,,9913.41,,2025-04-17 06:00:00,2026-08-07 20:10:16,order_items.csv,2026-08-07,Missing quantity
ITEM000046901,ORD00000795,SKU00721,Implemented 4thgeneration product,Beauty,,-12178.61,,2025-04-17 06:00:00,2026-08-07 20:10:16,order_items.csv,2026-08-07,Missing quantity
ITEM000046968,ORD00001435,SKU00240,Balanced web-enabled open architecture,Electronics,,9976.65,,2025-04-17 06:00:00,2026-08-07 20:10:16,order_items.csv,2026-08-07,Missing quantity
ITEM000047001,ORD00042275,SKU00908,Optimized composite emulation,Toys,3.0,-14465.17,-43395.51,2025-04-17 06:00:00,2026-08-07 20:10:16,order_items.csv,2026-08-07,Negative unit_price
ITEM000047035,ORD00041632,SKU01617,Organized explicit framework,Home & Kitchen,,673.71,,2025-04-17 06:00:00,2026-08-07 20:10:16,order_items.csv,2026-08-07,Missing quantity
ITEM000047101,ORD00048280,SKU01587,Robust optimizing focus group,Sports,6.0,-2057.91,-12347.46,2025-04-17 06:00:00,2026-08-07 20:10:16,order_items.csv,2026-08-07,Negative unit_price
ITEM000047102,ORD00032195,SKU01686,Integrated web-enabled installation,Toys,,700.68,,2025-04-17 06:00:00,2026-08-07 20:10:16,order_items.csv,2026-08-07,Missing quantity
ITEM000047169,ORD00041034,SKU03199,Visionary background interface,Sports,,5461.13,,2025-04-17 06:00:00,2026-08-07 20:10:16,order_items.csv,2026-08-07,Missing quantity
ITEM000047201,ORD00043659,SKU01615,Decentralized 24/7 policy,Grocery,10.0,-6997.55,-69975.5,2025-04-17 06:00:00,2026-08-07 20:10:16,order_items.csv,2026-08-07,Negative unit_price
ITEM000047236,ORD00043518,SKU00883,Visionary system-worthy system engine,Clothing,,13111.31,,2025-04-17 06:00:00,2026-08-07 20:10:16,order_items.csv,2026-08-07,Missing quantity
ITEM000047301,ORD00005609,SKU01608,Pre-emptive high-level collaboration,Sports,1.0,-1702.35,-1702.35,2025-04-17 06:00:00,2026-08-07 20:10:16,order_items.csv,2026-08-07,Negative unit_price
ITEM000047303,ORD00028301,SKU04445,Proactive explicit monitoring,Books,,5262.76,,2025-04-17 06:00:00,2026-08-07 20:10:16,order_items.csv,2026-08-07,Missing quantity
ITEM000047370,ORD00025272,SKU00384,User-friendly background groupware,Toys,,6255.03,,2025-04-17 06:00:00,2026-08-07 20:10:16,order_items.csv,2026-08-07,Missing quantity
ITEM000047401,ORD00015525,SKU00927,Streamlined mobile database,Electronics,2.0,-8413.52,-16827.04,2025-04-17 06:00:00,2026-08-07 20:10:16,order_items.csv,2026-08-07,Negative unit_price
ITEM000047437,ORD00016958,SKU01011,Up-sized real-time task-force,Home & Kitchen,,7557.07,,2025-04-17 06:00:00,2026-08-07 20:10:16,order_items.csv,2026-08-07,Missing quantity
ITEM000047501,ORD00023309,SKU01982,Distributed 3rdgeneration capability,Books,2.0,-8803.77,-17607.54,2025-04-17 06:00:00,2026-08-07 20:10:16,order_items.csv,2026-08-07,Negative unit_price
ITEM000047504,ORD00043581,SKU04439,Synergized bandwidth-monitored attitude,Home & Kitchen,,14425.66,,2025-04-17 06:00:00,2026-08-07 20:10:16,order_items.csv,2026-08-07,Missing quantity
ITEM000047571,ORD00023998,SKU02672,Secured mobile challenge,Sports,,6576.55,,2025-04-17 06:00:00,2026-08-07 20:10:16,order_items.csv,2026-08-07,Missing quantity
ITEM000047601,ORD00047953,SKU00560,Stand-alone regional interface,Books,2.0,-8534.83,-17069.66,2025-04-17 06:00:00,2026-08-07 20:10:16,order_items.csv,2026-08-07,Negative unit_price
ITEM000047638,ORD00016057,SKU01305,Upgradable leadingedge superstructure,Books,,5405.34,,2025-04-17 06:00:00,2026-08-07 20:10:16,order_items.csv,2026-08-07,Missing quantity
ITEM000047701,ORD00035284,SKU01474,Persevering value-added service-desk,Grocery,9.0,-2877.59,-25898.31,2025-04-17 06:00:00,2026-08-07 20:10:16,order_items.csv,2026-08-07,Negative unit_price
ITEM000047705,ORD00018218,SKU01219,Stand-alone hybrid standardization,Sports,,2545.45,,2025-04-17 06:00:00,2026-08-07 20:10:16,order_items.csv,2026-08-07,Missing quantity
ITEM000047772,ORD00020690,SKU00636,Upgradable uniform structure,Sports,,10664.58,,2025-04-17 06:00:00,2026-08-07 20:10:16,order_items.csv,2026-08-07,Missing quantity
ITEM000047801,ORD00037292,SKU02211,Centralized fresh-thinking neural-net,Books,8.0,-9522.9,-76183.2,2025-04-17 06:00:00,2026-08-07 20:10:16,order_items.csv,2026-08-07,Negative unit_price
ITEM000047839,ORD00016536,SKU00445,Future-proofed reciprocal firmware,Grocery,,14004.4,,2025-04-17 06:00:00,2026-08-07 20:10:16,order_items.csv,2026-08-07,Missing quantity
ITEM000047901,ORD00024060,SKU02798,Self-enabling clear-thinking synergy,Books,2.0,-7132.84,-14265.68,2025-04-17 06:00:00,2026-08-07 20:10:16,order_items.csv,2026-08-07,Negative unit_price
ITEM000047906,ORD00020483,SKU01485,Exclusive logistical task-force,Electronics,,4848.0,,2025-04-17 06:00:00,2026-08-07 20:10:16,order_items.csv,2026-08-07,Missing quantity
ITEM000047973,ORD00008538,SKU03574,Self-enabling cohesive throughput,Home & Kitchen,,11176.13,,2025-04-17 06:00:00,2026-08-07 20:10:16,order_items.csv,2026-08-07,Missing quantity
ITEM000048001,ORD00032939,SKU03765,Progressive full-range Graphic Interface,Beauty,3.0,-14402.38,-43207.14,2025-04-17 06:00:00,2026-08-07 20:10:16,order_items.csv,2026-08-07,Negative unit_price
ITEM000048040,ORD00021797,SKU04221,Fully-configurable 24/7 algorithm,Beauty,,763.47,,2025-04-17 06:00:00,2026-08-07 20:10:16,order_items.csv,2026-08-07,Missing quantity
ITEM000048101,ORD00031727,SKU02470,Ameliorated coherent concept,Electronics,2.0,-2514.59,-5029.18,2025-04-17 06:00:00,2026-08-07 20:10:16,order_items.csv,2026-08-07,Negative unit_price
ITEM000048107,ORD00018498,SKU01978,Open-architected executive encoding,Beauty,,10523.78,,2025-04-17 06:00:00,2026-08-07 20:10:16,order_items.csv,2026-08-07,Missing quantity
ITEM000048174,ORD00046963,SKU00172,Profit-focused systematic software,Grocery,,10933.68,,2025-04-17 06:00:00,2026-08-07 20:10:16,order_items.csv,2026-08-07,Missing quantity
ITEM000048201,ORD00009739,SKU01965,User-centric background moderator,Sports,1.0,-8168.22,-8168.22,2025-04-17 06:00:00,2026-08-07 20:10:16,order_items.csv,2026-08-07,Negative unit_price
ITEM000048241,ORD00043572,SKU01364,Intuitive content-based hub,Toys,,11605.23,,2025-04-17 06:00:00,2026-08-07 20:10:16,order_items.csv,2026-08-07,Missing quantity
ITEM000048301,ORD00020547,SKU04746,Multi-tiered fresh-thinking workforce,Grocery,1.0,-12026.85,-12026.85,2025-04-17 06:00:00,2026-08-07 20:10:16,order_items.csv,2026-08-07,Negative unit_price
ITEM000048308,ORD00029455,SKU01658,Enterprise-wide value-added benchmark,Home & Kitchen,,3122.3,,2025-04-17 06:00:00,2026-08-07 20:10:16,order_items.csv,2026-08-07,Missing quantity
ITEM000048375,ORD00024237,SKU04555,Team-oriented scalable initiative,Beauty,,14989.37,,2025-04-17 06:00:00,2026-08-07 20:10:16,order_items.csv,2026-08-07,Missing quantity
ITEM000048401,ORD00028222,SKU04471,Diverse local productivity,Toys,2.0,-12543.49,-25086.98,2025-04-17 06:00:00,2026-08-07 20:10:16,order_items.csv,2026-08-07,Negative unit_price
ITEM000048442,ORD00019542,SKU00095,Profit-focused intangible support,Books,,937.95,,2025-04-17 06:00:00,2026-08-07 20:10:16,order_items.csv,2026-08-07,Missing quantity
ITEM000048501,ORD00011109,SKU00925,Total full-range help-desk,Grocery,9.0,-936.01,-8424.09,2025-04-17 06:00:00,2026-08-07 20:10:16,order_items.csv,2026-08-07,Negative unit_price
ITEM000048509,ORD00020172,SKU00355,Inverse real-time application,Home & Kitchen,,3515.83,,2025-04-17 06:00:00,2026-08-07 20:10:16,order_items.csv,2026-08-07,Missing quantity
ITEM000048576,ORD00031546,SKU03785,Horizontal methodical circuit,Grocery,,13567.0,,2025-04-17 06:00:00,2026-08-07 20:10:16,order_items.csv,2026-08-07,Missing quantity
ITEM000048601,ORD00044500,SKU03578,Customer-focused value-added concept,Books,8.0,-12266.03,-98128.24,2025-04-17 06:00:00,2026-08-07 20:10:16,order_items.csv,2026-08-07,Negative unit_price
ITEM000048643,ORD00044675,SKU04570,Visionary multimedia model,Grocery,,4676.47,,2025-04-17 06:00:00,2026-08-07 20:10:16,order_items.csv,2026-08-07,Missing quantity
ITEM000048701,ORD00005569,SKU01579,Fully-configurable multi-tasking definition,Beauty,4.0,-4204.66,-16818.64,2025-04-17 06:00:00,2026-08-07 20:10:16,order_items.csv,2026-08-07,Negative unit_price
ITEM000048710,ORD00043097,SKU03779,Multi-channeled analyzing intranet,Beauty,,13104.99,,2025-04-17 06:00:00,2026-08-07 20:10:16,order_items.csv,2026-08-07,Missing quantity
ITEM000048777,ORD00030830,SKU03233,Profit-focused bi-directional help-desk,Books,,4118.06,,2025-04-17 06:00:00,2026-08-07 20:10:16,order_items.csv,2026-08-07,Missing quantity
ITEM000048801,ORD00049776,SKU01211,Integrated holistic throughput,Clothing,7.0,-2766.47,-19365.289999999997,2025-04-17 06:00:00,2026-08-07 20:10:16,order_items.csv,2026-08-07,Negative unit_price
ITEM000048844,ORD00009873,SKU01134,Extended attitude-oriented conglomeration,Electronics,,6238.87,,2025-04-17 06:00:00,2026-08-07 20:10:16,order_items.csv,2026-08-07,Missing quantity
ITEM000048901,ORD00019676,SKU02492,Seamless background Graphical User Interface,Toys,7.0,-10033.68,-70235.76000000001,2025-04-17 06:00:00,2026-08-07 20:10:16,order_items.csv,2026-08-07,Negative unit_price
ITEM000048911,ORD00023155,SKU00910,Innovative zero-defect customer loyalty,Sports,,14608.3,,2025-04-17 06:00:00,2026-08-07 20:10:16,order_items.csv,2026-08-07,Missing quantity
ITEM000048978,ORD00008681,SKU00859,Profit-focused analyzing software,Electronics,,4490.45,,2025-04-17 06:00:00,2026-08-07 20:10:16,order_items.csv,2026-08-07,Missing quantity
ITEM000049001,ORD00014255,SKU02420,Innovative executive interface,Clothing,1.0,-4053.17,-4053.17,2025-04-17 06:00:00,2026-08-07 20:10:16,order_items.csv,2026-08-07,Negative unit_price
ITEM000049045,ORD00012009,SKU04045,Synergized dynamic service-desk,Electronics,,1181.76,,2025-04-17 06:00:00,2026-08-07 20:10:16,order_items.csv,2026-08-07,Missing quantity
ITEM000049101,ORD00033205,SKU04029,Visionary content-based portal,Sports,7.0,-13990.66,-97934.62,2025-04-17 06:00:00,2026-08-07 20:10:16,order_items.csv,2026-08-07,Negative unit_price
ITEM000049112,ORD00008092,SKU03946,Profit-focused next generation complexity,Clothing,,5174.28,,2025-04-17 06:00:00,2026-08-07 20:10:16,order_items.csv,2026-08-07,Missing quantity
ITEM000049179,ORD00007516,SKU00644,Persevering national frame,Toys,,12550.42,,2025-04-17 06:00:00,2026-08-07 20:10:16,order_items.csv,2026-08-07,Missing quantity
ITEM000049201,ORD00024593,SKU02923,Intuitive homogeneous challenge,Electronics,4.0,-9616.5,-38466.0,2025-04-17 06:00:00,2026-08-07 20:10:16,order_items.csv,2026-08-07,Negative unit_price
ITEM000049246,ORD00017928,SKU03440,Assimilated heuristic core,Sports,,990.23,,2025-04-17 06:00:00,2026-08-07 20:10:16,order_items.csv,2026-08-07,Missing quantity
ITEM000049301,ORD00042387,SKU02449,Object-based multi-state Internet solution,Toys,3.0,-12163.02,-36489.06,2025-04-17 06:00:00,2026-08-07 20:10:16,order_items.csv,2026-08-07,Negative unit_price
ITEM000049313,ORD00037150,SKU02767,Versatile human-resource throughput,Books,,3849.79,,2025-04-17 06:00:00,2026-08-07 20:10:16,order_items.csv,2026-08-07,Missing quantity
ITEM000049380,ORD00022953,SKU03276,Diverse context-sensitive architecture,Toys,,12411.63,,2025-04-17 06:00:00,2026-08-07 20:10:16,order_items.csv,2026-08-07,Missing quantity
ITEM000049401,ORD00038782,SKU03537,Centralized systemic leverage,Books,5.0,-13193.65,-65968.25,2025-04-17 06:00:00,2026-08-07 20:10:16,order_items.csv,2026-08-07,Negative unit_price
ITEM000049447,ORD00015728,SKU00810,Enhanced didactic matrix,Grocery,,8865.72,,2025-04-17 06:00:00,2026-08-07 20:10:16,order_items.csv,2026-08-07,Missing quantity
ITEM000049501,ORD00028965,SKU02513,Face-to-face incremental toolset,Home & Kitchen,10.0,-5256.56,-52565.600000000006,2025-04-17 06:00:00,2026-08-07 20:10:16,order_items.csv,2026-08-07,Negative unit_price
ITEM000049514,ORD00010374,SKU00033,Stand-alone zero administration toolset,Toys,,9019.23,,2025-04-17 06:00:00,2026-08-07 20:10:16,order_items.csv,2026-08-07,Missing quantity
ITEM000049581,ORD00021875,SKU01575,Grass-roots systemic interface,Sports,,9896.41,,2025-04-17 06:00:00,2026-08-07 20:10:16,order_items.csv,2026-08-07,Missing quantity
ITEM000049601,ORD00041755,SKU03543,Monitored well-modulated software,Grocery,10.0,-10481.98,-104819.79999999999,2025-04-17 06:00:00,2026-08-07 20:10:16,order_items.csv,2026-08-07,Negative unit_price
ITEM000049648,ORD00015140,SKU02873,Enterprise-wide analyzing access,Electronics,,14547.51,,2025-04-17 06:00:00,2026-08-07 20:10:16,order_items.csv,2026-08-07,Missing quantity
ITEM000049701,ORD00041415,SKU00993,Mandatory systemic artificial intelligence,Beauty,8.0,-14552.52,-116420.16,2025-04-17 06:00:00,2026-08-07 20:10:16,order_items.csv,2026-08-07,Negative unit_price
ITEM000049715,ORD00023448,SKU03386,Advanced responsive paradigm,Home & Kitchen,,5878.75,,2025-04-17 06:00:00,2026-08-07 20:10:16,order_items.csv,2026-08-07,Missing quantity
ITEM000049782,ORD00023269,SKU01711,Focused object-oriented customer loyalty,Books,,9138.27,,2025-04-17 06:00:00,2026-08-07 20:10:16,order_items.csv,2026-08-07,Missing quantity
ITEM000049801,ORD00012572,SKU00442,Down-sized zero administration process improvement,Books,1.0,-344.42,-344.42,2025-04-17 06:00:00,2026-08-07 20:10:16,order_items.csv,2026-08-07,Negative unit_price
ITEM000049849,ORD00015808,SKU04205,Quality-focused mission-critical process improveme,Books,,10798.96,,2025-04-17 06:00:00,2026-08-07 20:10:16,order_items.csv,2026-08-07,Missing quantity
ITEM000049901,ORD00004318,SKU04584,Mandatory national standardization,Grocery,7.0,-14073.18,-98512.26000000001,2025-04-17 06:00:00,2026-08-07 20:10:16,order_items.csv,2026-08-07,Negative unit_price
ITEM000049916,ORD00016791,SKU02179,Networked bandwidth-monitored workforce,Sports,,7574.14,,2025-04-17 06:00:00,2026-08-07 20:10:16,order_items.csv,2026-08-07,Missing quantity
ITEM000049983,ORD00033213,SKU01341,Inverse real-time projection,Grocery,,3989.44,,2025-04-17 06:00:00,2026-08-07 20:10:16,order_items.csv,2026-08-07,Missing quantity
ITEM000050001,ORD00046294,SKU02540,Down-sized 5thgeneration encryption,Clothing,1.0,-7918.2,-7918.2,2025-04-17 06:00:00,2026-08-07 20:10:16,order_items.csv,2026-08-07,Negative unit_price
ITEM000050050,ORD00010113,SKU04708,Versatile tangible encryption,Books,,9552.4,,2025-04-17 06:00:00,2026-08-07 20:10:16,order_items.csv,2026-08-07,Missing quantity
ITEM000050101,ORD00018501,SKU00276,Secured dynamic conglomeration,Toys,7.0,-3597.4,-25181.8,2025-04-17 06:00:00,2026-08-07 20:10:16,order_items.csv,2026-08-07,Negative unit_price
ITEM000050117,ORD00034392,SKU04109,Fully-configurable regional hierarchy,Clothing,,11910.6,,2025-04-17 06:00:00,2026-08-07 20:10:16,order_items.csv,2026-08-07,Missing quantity
ITEM000050184,ORD00020792,SKU02394,Down-sized content-based project,Books,,14641.17,,2025-04-17 06:00:00,2026-08-07 20:10:16,order_items.csv,2026-08-07,Missing quantity
ITEM000050201,ORD00033896,SKU00816,Synergistic optimizing middleware,Toys,1.0,-13442.4,-13442.4,2025-04-17 06:00:00,2026-08-07 20:10:16,order_items.csv,2026-08-07,Negative unit_price
ITEM000050251,ORD00033015,SKU02926,Exclusive attitude-oriented implementation,Beauty,,5082.65,,2025-04-17 06:00:00,2026-08-07 20:10:16,order_items.csv,2026-08-07,Missing quantity
ITEM000050301,ORD00026195,SKU03148,Seamless user-facing system engine,Home & Kitchen,5.0,-12075.7,-60378.5,2025-04-17 06:00:00,2026-08-07 20:10:16,order_items.csv,2026-08-07,Negative unit_price
ITEM000050318,ORD00028732,SKU04246,Extended systematic moderator,Grocery,,13444.88,,2025-04-17 06:00:00,2026-08-07 20:10:16,order_items.csv,2026-08-07,Missing quantity
ITEM000050385,ORD00006756,SKU03736,Ameliorated 5thgeneration installation,Electronics,,10129.3,,2025-04-17 06:00:00,2026-08-07 20:10:16,order_items.csv,2026-08-07,Missing quantity
ITEM000050401,ORD00036439,SKU04100,Triple-buffered demand-driven flexibility,Beauty,6.0,-6930.8,-41584.8,2025-04-17 06:00:00,2026-08-07 20:10:16,order_items.csv,2026-08-07,Negative unit_price
ITEM000050452,ORD00028743,SKU02976,Streamlined directional definition,Books,,5581.97,,2025-04-17 06:00:00,2026-08-07 20:10:16,order_items.csv,2026-08-07,Missing quantity
ITEM000050501,ORD00005431,SKU01189,Team-oriented full-range architecture,Grocery,9.0,-2511.18,-22600.62,2025-04-17 06:00:00,2026-08-07 20:10:16,order_items.csv,2026-08-07,Negative unit_price
ITEM000050519,ORD00031226,SKU01961,Cloned maximized paradigm,Clothing,,6940.28,,2025-04-17 06:00:00,2026-08-07 20:10:16,order_items.csv,2026-08-07,Missing quantity
ITEM000050586,ORD00017847,SKU02334,Sharable responsive monitoring,Grocery,,12850.4,,2025-04-17 06:00:00,2026-08-07 20:10:16,order_items.csv,2026-08-07,Missing quantity
ITEM000050601,ORD00037569,SKU04598,Total client-server paradigm,Electronics,2.0,-9212.99,-18425.98,2025-04-17 06:00:00,2026-08-07 20:10:16,order_items.csv,2026-08-07,Negative unit_price
ITEM000050653,ORD00038828,SKU00294,Multi-channeled even-keeled customer loyalty,Grocery,,740.84,,2025-04-17 06:00:00,2026-08-07 20:10:16,order_items.csv,2026-08-07,Missing quantity
ITEM000050701,ORD00049305,SKU00725,User-centric transitional implementation,Electronics,5.0,-3979.65,-19898.25,2025-04-17 06:00:00,2026-08-07 20:10:16,order_items.csv,2026-08-07,Negative unit_price
ITEM000050720,ORD00034299,SKU04428,Reverse-engineered transitional artificial intelli,Sports,,4289.12,,2025-04-17 06:00:00,2026-08-07 20:10:16,order_items.csv,2026-08-07,Missing quantity
ITEM000050787,ORD00000791,SKU00558,Balanced maximized intranet,Books,,3523.81,,2025-04-17 06:00:00,2026-08-07 20:10:16,order_items.csv,2026-08-07,Missing quantity
ITEM000050801,ORD00034277,SKU04013,Customer-focused web-enabled framework,Electronics,10.0,-4246.41,-42464.1,2025-04-17 06:00:00,2026-08-07 20:10:16,order_items.csv,2026-08-07,Negative unit_price
ITEM000050854,ORD00025252,SKU02381,Proactive interactive open system,Beauty,,4714.56,,2025-04-17 06:00:00,2026-08-07 20:10:16,order_items.csv,2026-08-07,Missing quantity
ITEM000050901,ORD00016658,SKU02560,Visionary radical knowledge user,Grocery,8.0,-6668.15,-53345.2,2025-04-17 06:00:00,2026-08-07 20:10:16,order_items.csv,2026-08-07,Negative unit_price
ITEM000050921,ORD00034324,SKU04714,Self-enabling multi-state function,Toys,,4929.06,,2025-04-17 06:00:00,2026-08-07 20:10:16,order_items.csv,2026-08-07,Missing quantity
ITEM000050988,ORD00028683,SKU01174,Versatile attitude-oriented methodology,Home & Kitchen,,8325.4,,2025-04-17 06:00:00,2026-08-07 20:10:16,order_items.csv,2026-08-07,Missing quantity
ITEM000051001,ORD00023000,SKU02424,Seamless optimal challenge,Home & Kitchen,1.0,-14423.39,-14423.39,2025-04-17 06:00:00,2026-08-07 20:10:16,order_items.csv,2026-08-07,Negative unit_price
ITEM000051055,ORD00049584,SKU03101,Switchable encompassing task-force,Clothing,,10180.35,,2025-04-17 06:00:00,2026-08-07 20:10:16,order_items.csv,2026-08-07,Missing quantity
ITEM000051101,ORD00028733,SKU02770,Managed even-keeled definition,Home & Kitchen,3.0,-6806.43,-20419.29,2025-04-17 06:00:00,2026-08-07 20:10:16,order_items.csv,2026-08-07,Negative unit_price
ITEM000051122,ORD00021387,SKU04236,Future-proofed tangible service-desk,Grocery,,5228.63,,2025-04-17 06:00:00,2026-08-07 20:10:16,order_items.csv,2026-08-07,Missing quantity
ITEM000051189,ORD00015948,SKU02282,Future-proofed user-facing moratorium,Grocery,,13110.92,,2025-04-17 06:00:00,2026-08-07 20:10:16,order_items.csv,2026-08-07,Missing quantity
ITEM000051201,ORD00030346,SKU03618,Future-proofed empowering projection,Grocery,4.0,-3681.9,-14727.6,2025-04-17 06:00:00,2026-08-07 20:10:16,order_items.csv,2026-08-07,Negative unit_price
ITEM000051256,ORD00018180,SKU00649,Sharable local circuit,Clothing,,4971.51,,2025-04-17 06:00:00,2026-08-07 20:10:16,order_items.csv,2026-08-07,Missing quantity
ITEM000051301,ORD00011149,SKU03194,Polarized didactic encoding,Beauty,1.0,-6822.41,-6822.41,2025-04-17 06:00:00,2026-08-07 20:10:16,order_items.csv,2026-08-07,Negative unit_price
ITEM000051323,ORD00035299,SKU00290,Public-key object-oriented challenge,Sports,,9945.04,,2025-04-17 06:00:00,2026-08-07 20:10:16,order_items.csv,2026-08-07,Missing quantity
ITEM000051390,ORD00046565,SKU03755,Re-engineered 3rdgeneration groupware,Clothing,,14634.31,,2025-04-17 06:00:00,2026-08-07 20:10:16,order_items.csv,2026-08-07,Missing quantity
ITEM000051401,ORD00022738,SKU02552,Enterprise-wide exuding strategy,Electronics,2.0,-7918.71,-15837.42,2025-04-17 06:00:00,2026-08-07 20:10:16,order_items.csv,2026-08-07,Negative unit_price
ITEM000051457,ORD00008152,SKU01078,Mandatory impactful framework,Books,,6665.41,,2025-04-17 06:00:00,2026-08-07 20:10:16,order_items.csv,2026-08-07,Missing quantity
ITEM000051501,ORD00028352,SKU03029,Robust local paradigm,Toys,2.0,-8883.92,-17767.84,2025-04-17 06:00:00,2026-08-07 20:10:16,order_items.csv,2026-08-07,Negative unit_price
ITEM000051524,ORD00027432,SKU04908,Balanced object-oriented focus group,Sports,,1742.42,,2025-04-17 06:00:00,2026-08-07 20:10:16,order_items.csv,2026-08-07,Missing quantity
ITEM000051591,ORD00016234,SKU00063,Ameliorated 4thgeneration adapter,Books,,14546.37,,2025-04-17 06:00:00,2026-08-07 20:10:16,order_items.csv,2026-08-07,Missing quantity
ITEM000051601,ORD00035551,SKU02192,Organic full-range frame,Electronics,8.0,-432.35,-3458.8,2025-04-17 06:00:00,2026-08-07 20:10:16,order_items.csv,2026-08-07,Negative unit_price
ITEM000051658,ORD00025583,SKU02786,Persevering client-server forecast,Beauty,,9701.33,,2025-04-17 06:00:00,2026-08-07 20:10:16,order_items.csv,2026-08-07,Missing quantity
ITEM000051701,ORD00013157,SKU00920,Profound tertiary website,Clothing,9.0,-1437.69,-12939.210000000001,2025-04-17 06:00:00,2026-08-07 20:10:16,order_items.csv,2026-08-07,Negative unit_price
ITEM000051725,ORD00031145,SKU01648,Triple-buffered system-worthy task-force,Clothing,,12051.85,,2025-04-17 06:00:00,2026-08-07 20:10:16,order_items.csv,2026-08-07,Missing quantity
ITEM000051792,ORD00028908,SKU03289,Multi-channeled local portal,Clothing,,9006.3,,2025-04-17 06:00:00,2026-08-07 20:10:16,order_items.csv,2026-08-07,Missing quantity
ITEM000051801,ORD00021391,SKU01191,Cloned contextually-based alliance,Books,9.0,-4452.67,-40074.03,2025-04-17 06:00:00,2026-08-07 20:10:16,order_items.csv,2026-08-07,Negative unit_price
ITEM000051859,ORD00029360,SKU04955,Balanced optimal task-force,Home & Kitchen,,12981.01,,2025-04-17 06:00:00,2026-08-07 20:10:16,order_items.csv,2026-08-07,Missing quantity
ITEM000051901,ORD00024674,SKU02004,Inverse global Internet solution,Sports,4.0,-5560.33,-22241.32,2025-04-17 06:00:00,2026-08-07 20:10:16,order_items.csv,2026-08-07,Negative unit_price
ITEM000051926,ORD00031624,SKU00632,Polarized 6thgeneration Local Area Network,Grocery,,9215.43,,2025-04-17 06:00:00,2026-08-07 20:10:16,order_items.csv,2026-08-07,Missing quantity
ITEM000051993,ORD00041908,SKU01501,Streamlined non-volatile Graphical User Interface,Beauty,,6788.07,,2025-04-17 06:00:00,2026-08-07 20:10:16,order_items.csv,2026-08-07,Missing quantity
ITEM000052001,ORD00016362,SKU02022,Re-contextualized national benchmark,Home & Kitchen,3.0,-5610.29,-16830.87,2025-04-17 06:00:00,2026-08-07 20:10:16,order_items.csv,2026-08-07,Negative unit_price
ITEM000052060,ORD00001091,SKU01994,Quality-focused cohesive structure,Clothing,,1623.53,,2025-04-17 06:00:00,2026-08-07 20:10:16,order_items.csv,2026-08-07,Missing quantity
ITEM000052101,ORD00048727,SKU02514,Ameliorated systematic ability,Home & Kitchen,6.0,-13259.48,-79556.88,2025-04-17 06:00:00,2026-08-07 20:10:16,order_items.csv,2026-08-07,Negative unit_price
ITEM000052127,ORD00002906,SKU01912,Re-engineered local leverage,Toys,,8804.97,,2025-04-17 06:00:00,2026-08-07 20:10:16,order_items.csv,2026-08-07,Missing quantity
ITEM000052194,ORD00008901,SKU02068,Horizontal disintermediate Internet solution,Electronics,,7593.82,,2025-04-17 06:00:00,2026-08-07 20:10:16,order_items.csv,2026-08-07,Missing quantity
ITEM000052201,ORD00004303,SKU02879,Upgradable fault-tolerant array,Electronics,9.0,-5844.6,-52601.4,2025-04-17 06:00:00,2026-08-07 20:10:16,order_items.csv,2026-08-07,Negative unit_price
ITEM000052261,ORD00015456,SKU04533,Cross-platform bandwidth-monitored extranet,Grocery,,13067.07,,2025-04-17 06:00:00,2026-08-07 20:10:16,order_items.csv,2026-08-07,Missing quantity
ITEM000052301,ORD00032503,SKU00904,Future-proofed global model,Electronics,10.0,-2483.28,-24832.800000000003,2025-04-17 06:00:00,2026-08-07 20:10:16,order_items.csv,2026-08-07,Negative unit_price
ITEM000052328,ORD00018183,SKU01800,Adaptive contextually-based data-warehouse,Books,,9698.05,,2025-04-17 06:00:00,2026-08-07 20:10:16,order_items.csv,2026-08-07,Missing quantity
ITEM000052395,ORD00026666,SKU04554,Up-sized high-level project,Beauty,,12857.21,,2025-04-17 06:00:00,2026-08-07 20:10:16,order_items.csv,2026-08-07,Missing quantity
ITEM000052401,ORD00005254,SKU03517,Object-based web-enabled adapter,Home & Kitchen,9.0,-5416.54,-48748.86,2025-04-17 06:00:00,2026-08-07 20:10:16,order_items.csv,2026-08-07,Negative unit_price
ITEM000052462,ORD00010738,SKU03750,Expanded neutral architecture,Books,,6868.17,,2025-04-17 06:00:00,2026-08-07 20:10:16,order_items.csv,2026-08-07,Missing quantity
ITEM000052501,ORD00030671,SKU03929,Diverse zero administration capability,Home & Kitchen,10.0,-7618.63,-76186.3,2025-04-17 06:00:00,2026-08-07 20:10:16,order_items.csv,2026-08-07,Negative unit_price
ITEM000052529,ORD00018181,SKU03268,Innovative upward-trending solution,Clothing,,7714.23,,2025-04-17 06:00:00,2026-08-07 20:10:16,order_items.csv,2026-08-07,Missing quantity
ITEM000052596,ORD00046114,SKU04150,Team-oriented holistic model,Electronics,,14191.52,,2025-04-17 06:00:00,2026-08-07 20:10:16,order_items.csv,2026-08-07,Missing quantity
ITEM000052601,ORD00020996,SKU03426,Monitored user-facing help-desk,Grocery,2.0,-3328.74,-6657.48,2025-04-17 06:00:00,2026-08-07 20:10:16,order_items.csv,2026-08-07,Negative unit_price
ITEM000052663,ORD00005339,SKU01665,Horizontal contextually-based superstructure,Toys,,1674.58,,2025-04-17 06:00:00,2026-08-07 20:10:16,order_items.csv,2026-08-07,Missing quantity
ITEM000052701,ORD00002787,SKU04418,Quality-focused upward-trending strategy,Toys,8.0,-10574.7,-84597.6,2025-04-17 06:00:00,2026-08-07 20:10:16,order_items.csv,2026-08-07,Negative unit_price
ITEM000052730,ORD00019283,SKU04066,Distributed homogeneous initiative,Toys,,12443.32,,2025-04-17 06:00:00,2026-08-07 20:10:16,order_items.csv,2026-08-07,Missing quantity
ITEM000052797,ORD00027299,SKU02843,Enhanced 5thgeneration alliance,Sports,,5965.54,,2025-04-17 06:00:00,2026-08-07 20:10:16,order_items.csv,2026-08-07,Missing quantity
ITEM000052801,ORD00047788,SKU00353,Open-architected asynchronous migration,Home & Kitchen,4.0,-8330.78,-33323.12,2025-04-17 06:00:00,2026-08-07 20:10:16,order_items.csv,2026-08-07,Negative unit_price
ITEM000052864,ORD00001595,SKU00646,Operative non-volatile process improvement,Clothing,,14145.87,,2025-04-17 06:00:00,2026-08-07 20:10:16,order_items.csv,2026-08-07,Missing quantity
ITEM000052901,ORD00046519,SKU04538,Secured system-worthy hub,Grocery,3.0,-11589.61,-34768.83,2025-04-17 06:00:00,2026-08-07 20:10:16,order_items.csv,2026-08-07,Negative unit_price
ITEM000052931,ORD00030882,SKU02719,Reverse-engineered logistical Graphical User Inter,Books,,9305.86,,2025-04-17 06:00:00,2026-08-07 20:10:16,order_items.csv,2026-08-07,Missing quantity
ITEM000052998,ORD00018539,SKU00062,Business-focused tertiary infrastructure,Sports,,3948.35,,2025-04-17 06:00:00,2026-08-07 20:10:16,order_items.csv,2026-08-07,Missing quantity
ITEM000053001,ORD00003965,SKU03922,Reactive discrete moratorium,Clothing,6.0,-4459.23,-26755.379999999997,2025-04-17 06:00:00,2026-08-07 20:10:16,order_items.csv,2026-08-07,Negative unit_price
ITEM000053065,ORD00048758,SKU02282,Future-proofed user-facing moratorium,Grocery,,13110.92,,2025-04-17 06:00:00,2026-08-07 20:10:16,order_items.csv,2026-08-07,Missing quantity
ITEM000053101,ORD00045130,SKU01846,Reduced intermediate structure,Home & Kitchen,10.0,-14427.71,-144277.09999999998,2025-04-17 06:00:00,2026-08-07 20:10:16,order_items.csv,2026-08-07,Negative unit_price
ITEM000053132,ORD00015126,SKU02889,User-friendly encompassing matrix,Home & Kitchen,,10234.9,,2025-04-17 06:00:00,2026-08-07 20:10:16,order_items.csv,2026-08-07,Missing quantity
ITEM000053199,ORD00008306,SKU01662,Diverse explicit contingency,Clothing,,14667.67,,2025-04-17 06:00:00,2026-08-07 20:10:16,order_items.csv,2026-08-07,Missing quantity
ITEM000053201,ORD00044646,SKU04062,Business-focused next generation matrix,Books,2.0,-949.59,-1899.18,2025-04-17 06:00:00,2026-08-07 20:10:16,order_items.csv,2026-08-07,Negative unit_price
ITEM000053266,ORD00031282,SKU00329,Integrated national hierarchy,Electronics,,190.38,,2025-04-17 06:00:00,2026-08-07 20:10:16,order_items.csv,2026-08-07,Missing quantity
ITEM000053301,ORD00013854,SKU02123,Up-sized demand-driven project,Grocery,10.0,-8324.02,-83240.20000000001,2025-04-17 06:00:00,2026-08-07 20:10:16,order_items.csv,2026-08-07,Negative unit_price
ITEM000053333,ORD00035258,SKU01010,Reduced regional throughput,Toys,,5438.74,,2025-04-17 06:00:00,2026-08-07 20:10:16,order_items.csv,2026-08-07,Missing quantity
ITEM000053400,ORD00038910,SKU00497,Enterprise-wide contextually-based functionalities,Books,,7830.4,,2025-04-17 06:00:00,2026-08-07 20:10:16,order_items.csv,2026-08-07,Missing quantity
ITEM000053401,ORD00005612,SKU03209,De-engineered methodical archive,Electronics,7.0,-11799.14,-82593.98,2025-04-17 06:00:00,2026-08-07 20:10:16,order_items.csv,2026-08-07,Negative unit_price
ITEM000053467,ORD00005894,SKU02677,Customer-focused hybrid pricing structure,Beauty,,1132.29,,2025-04-17 06:00:00,2026-08-07 20:10:16,order_items.csv,2026-08-07,Missing quantity
ITEM000053501,ORD00025004,SKU03849,Programmable real-time challenge,Toys,9.0,-13428.3,-120854.7,2025-04-17 06:00:00,2026-08-07 20:10:16,order_items.csv,2026-08-07,Negative unit_price
ITEM000053534,ORD00036382,SKU02620,Versatile local website,Grocery,,2470.15,,2025-04-17 06:00:00,2026-08-07 20:10:16,order_items.csv,2026-08-07,Missing quantity
ITEM000053601,ORD00036204,SKU03223,Digitized optimal flexibility,Home & Kitchen,,-9513.27,,2025-04-17 06:00:00,2026-08-07 20:10:16,order_items.csv,2026-08-07,Missing quantity
ITEM000053668,ORD00032334,SKU04248,Optimized background encryption,Toys,,7457.84,,2025-04-17 06:00:00,2026-08-07 20:10:16,order_items.csv,2026-08-07,Missing quantity
ITEM000053701,ORD00011778,SKU03148,Seamless user-facing system engine,Home & Kitchen,5.0,-12075.7,-60378.5,2025-04-17 06:00:00,2026-08-07 20:10:16,order_items.csv,2026-08-07,Negative unit_price
ITEM000053735,ORD00024162,SKU03382,Reactive disintermediate extranet,Electronics,,1510.32,,2025-04-17 06:00:00,2026-08-07 20:10:16,order_items.csv,2026-08-07,Missing quantity
ITEM000053801,ORD00041519,SKU02459,Compatible grid-enabled firmware,Home & Kitchen,7.0,-14249.22,-99744.54,2025-04-17 06:00:00,2026-08-07 20:10:16,order_items.csv,2026-08-07,Negative unit_price
ITEM000053802,ORD00023023,SKU02458,Optimized 5thgeneration process improvement,Sports,,10462.93,,2025-04-17 06:00:00,2026-08-07 20:10:16,order_items.csv,2026-08-07,Missing quantity
ITEM000053869,ORD00038031,SKU01169,Profit-focused global functionalities,Beauty,,7583.83,,2025-04-17 06:00:00,2026-08-07 20:10:16,order_items.csv,2026-08-07,Missing quantity
ITEM000053901,ORD00000890,SKU04725,Ameliorated 5thgeneration access,Toys,5.0,-12574.04,-62870.200000000004,2025-04-17 06:00:00,2026-08-07 20:10:16,order_items.csv,2026-08-07,Negative unit_price
ITEM000053936,ORD00043825,SKU02806,Phased radical infrastructure,Beauty,,12934.44,,2025-04-17 06:00:00,2026-08-07 20:10:16,order_items.csv,2026-08-07,Missing quantity
ITEM000054001,ORD00004104,SKU01065,Stand-alone full-range conglomeration,Electronics,4.0,-11964.38,-47857.52,2025-04-17 06:00:00,2026-08-07 20:10:16,order_items.csv,2026-08-07,Negative unit_price
ITEM000054003,ORD00045047,SKU03175,Vision-oriented real-time success,Books,,1037.12,,2025-04-17 06:00:00,2026-08-07 20:10:16,order_items.csv,2026-08-07,Missing quantity
ITEM000054070,ORD00038399,SKU02008,Upgradable well-modulated support,Home & Kitchen,,3802.36,,2025-04-17 06:00:00,2026-08-07 20:10:16,order_items.csv,2026-08-07,Missing quantity
ITEM000054101,ORD00022410,SKU02605,Open-architected clear-thinking ability,Grocery,8.0,-2510.63,-20085.04,2025-04-17 06:00:00,2026-08-07 20:10:16,order_items.csv,2026-08-07,Negative unit_price
ITEM000054137,ORD00047684,SKU00271,Vision-oriented multimedia collaboration,Beauty,,7222.77,,2025-04-17 06:00:00,2026-08-07 20:10:16,order_items.csv,2026-08-07,Missing quantity
ITEM000054201,ORD00045251,SKU04671,Decentralized web-enabled structure,Electronics,5.0,-991.69,-4958.450000000001,2025-04-17 06:00:00,2026-08-07 20:10:16,order_items.csv,2026-08-07,Negative unit_price
ITEM000054204,ORD00048205,SKU00011,Profit-focused zero administration access,Toys,,10451.66,,2025-04-17 06:00:00,2026-08-07 20:10:16,order_items.csv,2026-08-07,Missing quantity
ITEM000054271,ORD00008794,SKU00910,Innovative zero-defect customer loyalty,Sports,,14608.3,,2025-04-17 06:00:00,2026-08-07 20:10:16,order_items.csv,2026-08-07,Missing quantity
ITEM000054301,ORD00026647,SKU04998,Compatible client-server standardization,Grocery,1.0,-4000.82,-4000.82,2025-04-17 06:00:00,2026-08-07 20:10:16,order_items.csv,2026-08-07,Negative unit_price
ITEM000054338,ORD00023959,SKU01358,Extended demand-driven open architecture,Clothing,,1665.0,,2025-04-17 06:00:00,2026-08-07 20:10:16,order_items.csv,2026-08-07,Missing quantity
ITEM000054401,ORD00000962,SKU04415,Managed context-sensitive matrix,Sports,6.0,-13817.51,-82905.06,2025-04-17 06:00:00,2026-08-07 20:10:16,order_items.csv,2026-08-07,Negative unit_price
ITEM000054405,ORD00011328,SKU02242,Virtual leadingedge middleware,Home & Kitchen,,10743.09,,2025-04-17 06:00:00,2026-08-07 20:10:16,order_items.csv,2026-08-07,Missing quantity
ITEM000054472,ORD00014517,SKU04694,Team-oriented zero administration superstructure,Home & Kitchen,,298.66,,2025-04-17 06:00:00,2026-08-07 20:10:16,order_items.csv,2026-08-07,Missing quantity
ITEM000054501,ORD00010493,SKU03320,Reactive motivating project,Toys,6.0,-12025.73,-72154.38,2025-04-17 06:00:00,2026-08-07 20:10:16,order_items.csv,2026-08-07,Negative unit_price
ITEM000054539,ORD00033635,SKU00629,User-centric 3rdgeneration projection,Beauty,,2282.72,,2025-04-17 06:00:00,2026-08-07 20:10:16,order_items.csv,2026-08-07,Missing quantity
ITEM000054601,ORD00007941,SKU01904,Programmable user-facing structure,Clothing,6.0,-8225.35,-49352.100000000006,2025-04-17 06:00:00,2026-08-07 20:10:16,order_items.csv,2026-08-07,Negative unit_price
ITEM000054606,ORD00036290,SKU03906,Sharable 3rdgeneration approach,Grocery,,5453.06,,2025-04-17 06:00:00,2026-08-07 20:10:16,order_items.csv,2026-08-07,Missing quantity
ITEM000054673,ORD00015251,SKU02024,Ergonomic 4thgeneration project,Home & Kitchen,,534.68,,2025-04-17 06:00:00,2026-08-07 20:10:16,order_items.csv,2026-08-07,Missing quantity
ITEM000054701,ORD00032337,SKU01252,Compatible empowering architecture,Beauty,5.0,-8938.19,-44690.950000000004,2025-04-17 06:00:00,2026-08-07 20:10:16,order_items.csv,2026-08-07,Negative unit_price
ITEM000054740,ORD00001102,SKU01544,Customizable maximized structure,Toys,,4716.96,,2025-04-17 06:00:00,2026-08-07 20:10:16,order_items.csv,2026-08-07,Missing quantity
ITEM000054801,ORD00047308,SKU00753,Decentralized mission-critical database,Home & Kitchen,9.0,-13577.98,-122201.81999999999,2025-04-17 06:00:00,2026-08-07 20:10:16,order_items.csv,2026-08-07,Negative unit_price
ITEM000054807,ORD00030132,SKU02806,Phased radical infrastructure,Beauty,,12934.44,,2025-04-17 06:00:00,2026-08-07 20:10:16,order_items.csv,2026-08-07,Missing quantity
ITEM000054874,ORD00016856,SKU04071,Digitized static groupware,Toys,,14463.47,,2025-04-17 06:00:00,2026-08-07 20:10:16,order_items.csv,2026-08-07,Missing quantity
ITEM000054901,ORD00048259,SKU02944,Ameliorated demand-driven database,Clothing,2.0,-2990.31,-5980.62,2025-04-17 06:00:00,2026-08-07 20:10:16,order_items.csv,2026-08-07,Negative unit_price
ITEM000054941,ORD00014016,SKU01351,Phased national adapter,Toys,,11399.03,,2025-04-17 06:00:00,2026-08-07 20:10:16,order_items.csv,2026-08-07,Missing quantity
ITEM000055001,ORD00005886,SKU03713,Reverse-engineered multimedia matrices,Electronics,4.0,-8369.49,-33477.96,2025-04-17 06:00:00,2026-08-07 20:10:16,order_items.csv,2026-08-07,Negative unit_price
ITEM000055008,ORD00026605,SKU02698,Cloned systematic database,Clothing,,6000.3,,2025-04-17 06:00:00,2026-08-07 20:10:16,order_items.csv,2026-08-07,Missing quantity
ITEM000055075,ORD00049058,SKU00449,Operative non-volatile model,Grocery,,10645.09,,2025-04-17 06:00:00,2026-08-07 20:10:16,order_items.csv,2026-08-07,Missing quantity
ITEM000055101,ORD00019452,SKU02679,Multi-tiered even-keeled encryption,Beauty,4.0,-149.09,-596.36,2025-04-17 06:00:00,2026-08-07 20:10:16,order_items.csv,2026-08-07,Negative unit_price
ITEM000055142,ORD00038329,SKU00875,Universal maximized knowledge user,Sports,,5334.13,,2025-04-17 06:00:00,2026-08-07 20:10:16,order_items.csv,2026-08-07,Missing quantity
ITEM000055201,ORD00044942,SKU03372,Reduced secondary projection,Electronics,9.0,-7192.49,-64732.409999999996,2025-04-17 06:00:00,2026-08-07 20:10:16,order_items.csv,2026-08-07,Negative unit_price
ITEM000055209,ORD00026682,SKU03860,Multi-tiered analyzing website,Sports,,6866.47,,2025-04-17 06:00:00,2026-08-07 20:10:16,order_items.csv,2026-08-07,Missing quantity
ITEM000055276,ORD00028061,SKU04422,Mandatory homogeneous artificial intelligence,Electronics,,8833.66,,2025-04-17 06:00:00,2026-08-07 20:10:16,order_items.csv,2026-08-07,Missing quantity
ITEM000055301,ORD00009070,SKU01791,Up-sized clear-thinking array,Toys,4.0,-13986.59,-55946.36,2025-04-17 06:00:00,2026-08-07 20:10:16,order_items.csv,2026-08-07,Negative unit_price
ITEM000055343,ORD00030602,SKU01085,Secured cohesive definition,Sports,,11629.2,,2025-04-17 06:00:00,2026-08-07 20:10:16,order_items.csv,2026-08-07,Missing quantity
ITEM000055401,ORD00039508,SKU03357,Exclusive system-worthy circuit,Electronics,7.0,-14604.91,-102234.37,2025-04-17 06:00:00,2026-08-07 20:10:16,order_items.csv,2026-08-07,Negative unit_price
ITEM000055410,ORD00026888,SKU04134,Profit-focused discrete encoding,Electronics,,4689.86,,2025-04-17 06:00:00,2026-08-07 20:10:16,order_items.csv,2026-08-07,Missing quantity
ITEM000055477,ORD00037915,SKU02515,Balanced clear-thinking superstructure,Grocery,,3142.86,,2025-04-17 06:00:00,2026-08-07 20:10:16,order_items.csv,2026-08-07,Missing quantity
ITEM000055501,ORD00036309,SKU04453,Multi-tiered 6thgeneration solution,Books,6.0,-13799.18,-82795.08,2025-04-17 06:00:00,2026-08-07 20:10:16,order_items.csv,2026-08-07,Negative unit_price
ITEM000055544,ORD00012590,SKU00678,Distributed zero administration product,Clothing,,11120.08,,2025-04-17 06:00:00,2026-08-07 20:10:16,order_items.csv,2026-08-07,Missing quantity
ITEM000055601,ORD00022762,SKU02625,Extended high-level collaboration,Beauty,5.0,-10342.26,-51711.3,2025-04-17 06:00:00,2026-08-07 20:10:16,order_items.csv,2026-08-07,Negative unit_price
ITEM000055611,ORD00007267,SKU03749,Quality-focused bottom-line benchmark,Electronics,,153.56,,2025-04-17 06:00:00,2026-08-07 20:10:16,order_items.csv,2026-08-07,Missing quantity
ITEM000055678,ORD00020344,SKU00937,Persevering client-server leverage,Grocery,,2972.01,,2025-04-17 06:00:00,2026-08-07 20:10:16,order_items.csv,2026-08-07,Missing quantity
ITEM000055701,ORD00002871,SKU02665,Pre-emptive heuristic superstructure,Sports,4.0,-4294.74,-17178.96,2025-04-17 06:00:00,2026-08-07 20:10:16,order_items.csv,2026-08-07,Negative unit_price
ITEM000055745,ORD00041252,SKU01826,Multi-layered cohesive intranet,Sports,,12241.86,,2025-04-17 06:00:00,2026-08-07 20:10:16,order_items.csv,2026-08-07,Missing quantity
ITEM000055801,ORD00019262,SKU00055,Digitized content-based functionalities,Sports,3.0,-6881.93,-20645.79,2025-04-17 06:00:00,2026-08-07 20:10:16,order_items.csv,2026-08-07,Negative unit_price
ITEM000055812,ORD00025510,SKU01621,Versatile methodical support,Grocery,,14429.51,,2025-04-17 06:00:00,2026-08-07 20:10:16,order_items.csv,2026-08-07,Missing quantity
ITEM000055879,ORD00036470,SKU00228,User-centric heuristic knowledge user,Beauty,,1074.4,,2025-04-17 06:00:00,2026-08-07 20:10:16,order_items.csv,2026-08-07,Missing quantity
ITEM000055901,ORD00001260,SKU00406,Optional hybrid hardware,Clothing,4.0,-2708.37,-10833.48,2025-04-17 06:00:00,2026-08-07 20:10:16,order_items.csv,2026-08-07,Negative unit_price
ITEM000055946,ORD00020568,SKU01943,Optimized intermediate groupware,Grocery,,3546.24,,2025-04-17 06:00:00,2026-08-07 20:10:16,order_items.csv,2026-08-07,Missing quantity
ITEM000056001,ORD00030118,SKU01847,Extended attitude-oriented Internet solution,Books,6.0,-13276.3,-79657.79999999999,2025-04-17 06:00:00,2026-08-07 20:10:16,order_items.csv,2026-08-07,Negative unit_price
ITEM000056013,ORD00038430,SKU03180,Ergonomic well-modulated function,Sports,,10194.27,,2025-04-17 06:00:00,2026-08-07 20:10:16,order_items.csv,2026-08-07,Missing quantity
ITEM000056080,ORD00015843,SKU00457,Optional motivating neural-net,Grocery,,1695.62,,2025-04-17 06:00:00,2026-08-07 20:10:16,order_items.csv,2026-08-07,Missing quantity
ITEM000056101,ORD00038016,SKU00716,Profit-focused optimizing hierarchy,Grocery,7.0,-10171.16,-71198.12,2025-04-17 06:00:00,2026-08-07 20:10:16,order_items.csv,2026-08-07,Negative unit_price
ITEM000056147,ORD00035018,SKU01712,Robust analyzing adapter,Beauty,,1839.42,,2025-04-17 06:00:00,2026-08-07 20:10:16,order_items.csv,2026-08-07,Missing quantity
ITEM000056201,ORD00038632,SKU00632,Polarized 6thgeneration Local Area Network,Grocery,5.0,-9215.43,-46077.15,2025-04-17 06:00:00,2026-08-07 20:10:16,order_items.csv,2026-08-07,Negative unit_price
ITEM000056214,ORD00012539,SKU00500,Compatible tertiary infrastructure,Clothing,,4401.19,,2025-04-17 06:00:00,2026-08-07 20:10:16,order_items.csv,2026-08-07,Missing quantity
ITEM000056281,ORD00048294,SKU03419,Sharable client-driven parallelism,Home & Kitchen,,7743.89,,2025-04-17 06:00:00,2026-08-07 20:10:16,order_items.csv,2026-08-07,Missing quantity
ITEM000056301,ORD00040225,SKU02310,Phased tangible strategy,Home & Kitchen,6.0,-1616.35,-9698.099999999999,2025-04-17 06:00:00,2026-08-07 20:10:16,order_items.csv,2026-08-07,Negative unit_price
ITEM000056348,ORD00002541,SKU04779,Robust zero-defect Graphical User Interface,Electronics,,2593.72,,2025-04-17 06:00:00,2026-08-07 20:10:16,order_items.csv,2026-08-07,Missing quantity
ITEM000056401,ORD00031966,SKU03756,Sharable foreground matrices,Home & Kitchen,1.0,-6842.43,-6842.43,2025-04-17 06:00:00,2026-08-07 20:10:16,order_items.csv,2026-08-07,Negative unit_price
ITEM000056415,ORD00001983,SKU04970,Grass-roots zero-defect projection,Beauty,,757.66,,2025-04-17 06:00:00,2026-08-07 20:10:16,order_items.csv,2026-08-07,Missing quantity
ITEM000056482,ORD00041729,SKU00479,Enterprise-wide local firmware,Electronics,,11541.27,,2025-04-17 06:00:00,2026-08-07 20:10:16,order_items.csv,2026-08-07,Missing quantity
ITEM000056501,ORD00021347,SKU02710,Virtual zero-defect extranet,Books,9.0,-5093.39,-45840.51,2025-04-17 06:00:00,2026-08-07 20:10:16,order_items.csv,2026-08-07,Negative unit_price
ITEM000056549,ORD00012742,SKU03952,Versatile 24hour algorithm,Beauty,,3270.99,,2025-04-17 06:00:00,2026-08-07 20:10:16,order_items.csv,2026-08-07,Missing quantity
ITEM000056601,ORD00031046,SKU02840,Reactive static knowledge user,Books,6.0,-8127.67,-48766.020000000004,2025-04-17 06:00:00,2026-08-07 20:10:16,order_items.csv,2026-08-07,Negative unit_price
ITEM000056616,ORD00010125,SKU04989,Team-oriented zero administration architecture,Toys,,12130.01,,2025-04-17 06:00:00,2026-08-07 20:10:16,order_items.csv,2026-08-07,Missing quantity
ITEM000056683,ORD00022704,SKU00122,Multi-lateral well-modulated toolset,Books,,12582.63,,2025-04-17 06:00:00,2026-08-07 20:10:16,order_items.csv,2026-08-07,Missing quantity
ITEM000056701,ORD00010317,SKU04391,Assimilated holistic customer loyalty,Electronics,2.0,-3439.08,-6878.16,2025-04-17 06:00:00,2026-08-07 20:10:16,order_items.csv,2026-08-07,Negative unit_price
ITEM000056750,ORD00044449,SKU01308,Diverse multimedia throughput,Books,,13869.65,,2025-04-17 06:00:00,2026-08-07 20:10:16,order_items.csv,2026-08-07,Missing quantity
ITEM000056801,ORD00021281,SKU01223,Focused intermediate Internet solution,Books,9.0,-5445.16,-49006.44,2025-04-17 06:00:00,2026-08-07 20:10:16,order_items.csv,2026-08-07,Negative unit_price
ITEM000056817,ORD00024706,SKU04308,Exclusive intermediate monitoring,Home & Kitchen,,13864.59,,2025-04-17 06:00:00,2026-08-07 20:10:16,order_items.csv,2026-08-07,Missing quantity
ITEM000056884,ORD00037584,SKU02824,Pre-emptive value-added Internet solution,Grocery,,8795.32,,2025-04-17 06:00:00,2026-08-07 20:10:16,order_items.csv,2026-08-07,Missing quantity
ITEM000056901,ORD00048300,SKU02059,Distributed stable hierarchy,Grocery,6.0,-5657.99,-33947.94,2025-04-17 06:00:00,2026-08-07 20:10:16,order_items.csv,2026-08-07,Negative unit_price
ITEM000056951,ORD00033503,SKU02648,Ergonomic methodical neural-net,Grocery,,9497.9,,2025-04-17 06:00:00,2026-08-07 20:10:16,order_items.csv,2026-08-07,Missing quantity
ITEM000057001,ORD00033743,SKU02740,Reactive fresh-thinking Local Area Network,Books,1.0,-4936.79,-4936.79,2025-04-17 06:00:00,2026-08-07 20:10:16,order_items.csv,2026-08-07,Negative unit_price
ITEM000057018,ORD00009819,SKU00508,Programmable optimizing structure,Clothing,,9906.46,,2025-04-17 06:00:00,2026-08-07 20:10:16,order_items.csv,2026-08-07,Missing quantity
ITEM000057085,ORD00015631,SKU02189,Stand-alone logistical flexibility,Home & Kitchen,,4777.74,,2025-04-17 06:00:00,2026-08-07 20:10:16,order_items.csv,2026-08-07,Missing quantity
ITEM000057101,ORD00025753,SKU00708,Universal 5thgeneration functionalities,Electronics,3.0,-2866.2,-8598.599999999999,2025-04-17 06:00:00,2026-08-07 20:10:16,order_items.csv,2026-08-07,Negative unit_price
ITEM000057152,ORD00043561,SKU00585,Cloned 5thgeneration policy,Sports,,11827.33,,2025-04-17 06:00:00,2026-08-07 20:10:16,order_items.csv,2026-08-07,Missing quantity
ITEM000057201,ORD00031633,SKU04894,Optimized maximized initiative,Home & Kitchen,9.0,-5702.41,-51321.69,2025-04-17 06:00:00,2026-08-07 20:10:16,order_items.csv,2026-08-07,Negative unit_price
ITEM000057219,ORD00039197,SKU04641,Universal disintermediate knowledge user,Toys,,12574.23,,2025-04-17 06:00:00,2026-08-07 20:10:16,order_items.csv,2026-08-07,Missing quantity
ITEM000057286,ORD00047536,SKU01479,Robust multimedia support,Home & Kitchen,,5292.49,,2025-04-17 06:00:00,2026-08-07 20:10:16,order_items.csv,2026-08-07,Missing quantity
ITEM000057301,ORD00012914,SKU00985,Face-to-face responsive product,Grocery,10.0,-14261.25,-142612.5,2025-04-17 06:00:00,2026-08-07 20:10:16,order_items.csv,2026-08-07,Negative unit_price
ITEM000057353,ORD00047206,SKU00502,Cross-platform 5thgeneration interface,Toys,,4745.67,,2025-04-17 06:00:00,2026-08-07 20:10:16,order_items.csv,2026-08-07,Missing quantity
ITEM000057401,ORD00048189,SKU03313,Customer-focused 24/7 algorithm,Clothing,3.0,-5582.88,-16748.64,2025-04-17 06:00:00,2026-08-07 20:10:16,order_items.csv,2026-08-07,Negative unit_price
ITEM000057420,ORD00014666,SKU04783,Triple-buffered directional website,Toys,,12296.33,,2025-04-17 06:00:00,2026-08-07 20:10:16,order_items.csv,2026-08-07,Missing quantity
ITEM000057487,ORD00037377,SKU04734,Compatible didactic algorithm,Sports,,2233.24,,2025-04-17 06:00:00,2026-08-07 20:10:16,order_items.csv,2026-08-07,Missing quantity
ITEM000057501,ORD00026173,SKU02359,Open-source national synergy,Home & Kitchen,5.0,-3614.7,-18073.5,2025-04-17 06:00:00,2026-08-07 20:10:16,order_items.csv,2026-08-07,Negative unit_price
ITEM000057554,ORD00004214,SKU01158,Networked well-modulated adapter,Home & Kitchen,,3670.9,,2025-04-17 06:00:00,2026-08-07 20:10:16,order_items.csv,2026-08-07,Missing quantity
ITEM000057601,ORD00022724,SKU04084,Exclusive discrete challenge,Electronics,9.0,-2379.77,-21417.93,2025-04-17 06:00:00,2026-08-07 20:10:16,order_items.csv,2026-08-07,Negative unit_price
ITEM000057621,ORD00036586,SKU04361,Fully-configurable even-keeled moratorium,Electronics,,9941.45,,2025-04-17 06:00:00,2026-08-07 20:10:16,order_items.csv,2026-08-07,Missing quantity
ITEM000057688,ORD00007433,SKU00604,Innovative cohesive system engine,Toys,,11436.07,,2025-04-17 06:00:00,2026-08-07 20:10:16,order_items.csv,2026-08-07,Missing quantity
ITEM000057701,ORD00023702,SKU03574,Self-enabling cohesive throughput,Home & Kitchen,7.0,-11176.13,-78232.90999999999,2025-04-17 06:00:00,2026-08-07 20:10:16,order_items.csv,2026-08-07,Negative unit_price
ITEM000057755,ORD00022697,SKU00646,Operative non-volatile process improvement,Clothing,,14145.87,,2025-04-17 06:00:00,2026-08-07 20:10:16,order_items.csv,2026-08-07,Missing quantity
ITEM000057801,ORD00013497,SKU02149,Sharable context-sensitive support,Electronics,4.0,-10771.02,-43084.08,2025-04-17 06:00:00,2026-08-07 20:10:16,order_items.csv,2026-08-07,Negative unit_price
ITEM000057822,ORD00031701,SKU04738,Programmable methodical time-frame,Beauty,,3468.81,,2025-04-17 06:00:00,2026-08-07 20:10:16,order_items.csv,2026-08-07,Missing quantity
ITEM000057889,ORD00003963,SKU04853,Reduced incremental firmware,Toys,,5917.61,,2025-04-17 06:00:00,2026-08-07 20:10:16,order_items.csv,2026-08-07,Missing quantity
ITEM000057901,ORD00043100,SKU01454,Open-source dedicated capacity,Beauty,3.0,-6409.41,-19228.23,2025-04-17 06:00:00,2026-08-07 20:10:16,order_items.csv,2026-08-07,Negative unit_price
ITEM000057956,ORD00043132,SKU04410,Compatible high-level protocol,Sports,,2425.38,,2025-04-17 06:00:00,2026-08-07 20:10:16,order_items.csv,2026-08-07,Missing quantity
ITEM000058001,ORD00047419,SKU04675,Mandatory encompassing paradigm,Home & Kitchen,7.0,-11266.91,-78868.37,2025-04-17 06:00:00,2026-08-07 20:10:16,order_items.csv,2026-08-07,Negative unit_price
ITEM000058023,ORD00011654,SKU03165,Cloned value-added circuit,Electronics,,13658.83,,2025-04-17 06:00:00,2026-08-07 20:10:16,order_items.csv,2026-08-07,Missing quantity
ITEM000058090,ORD00018485,SKU02786,Persevering client-server forecast,Beauty,,9701.33,,2025-04-17 06:00:00,2026-08-07 20:10:16,order_items.csv,2026-08-07,Missing quantity
ITEM000058101,ORD00046537,SKU03101,Switchable encompassing task-force,Clothing,10.0,-10180.35,-101803.5,2025-04-17 06:00:00,2026-08-07 20:10:16,order_items.csv,2026-08-07,Negative unit_price
ITEM000058157,ORD00000832,SKU01017,Optional tangible model,Books,,201.13,,2025-04-17 06:00:00,2026-08-07 20:10:16,order_items.csv,2026-08-07,Missing quantity
ITEM000058201,ORD00026538,SKU04216,Pre-emptive attitude-oriented support,Toys,1.0,-9737.09,-9737.09,2025-04-17 06:00:00,2026-08-07 20:10:16,order_items.csv,2026-08-07,Negative unit_price
ITEM000058224,ORD00041114,SKU04429,Optional fault-tolerant access,Books,,12358.98,,2025-04-17 06:00:00,2026-08-07 20:10:16,order_items.csv,2026-08-07,Missing quantity
ITEM000058291,ORD00038923,SKU03355,Seamless static encryption,Beauty,,1997.81,,2025-04-17 06:00:00,2026-08-07 20:10:16,order_items.csv,2026-08-07,Missing quantity
ITEM000058301,ORD00003309,SKU00391,Assimilated regional focus group,Grocery,7.0,-14668.46,-102679.22,2025-04-17 06:00:00,2026-08-07 20:10:16,order_items.csv,2026-08-07,Negative unit_price
ITEM000058358,ORD00036345,SKU02244,Devolved interactive alliance,Books,,9507.3,,2025-04-17 06:00:00,2026-08-07 20:10:16,order_items.csv,2026-08-07,Missing quantity
ITEM000058401,ORD00031405,SKU02748,Innovative modular framework,Electronics,6.0,-12630.5,-75783.0,2025-04-17 06:00:00,2026-08-07 20:10:16,order_items.csv,2026-08-07,Negative unit_price
ITEM000058425,ORD00024137,SKU03753,Open-source mission-critical throughput,Home & Kitchen,,14096.09,,2025-04-17 06:00:00,2026-08-07 20:10:16,order_items.csv,2026-08-07,Missing quantity
ITEM000058492,ORD00048728,SKU04672,Decentralized neutral Local Area Network,Toys,,5750.1,,2025-04-17 06:00:00,2026-08-07 20:10:16,order_items.csv,2026-08-07,Missing quantity
ITEM000058501,ORD00036639,SKU04287,Proactive global contingency,Books,5.0,-5493.44,-27467.199999999997,2025-04-17 06:00:00,2026-08-07 20:10:16,order_items.csv,2026-08-07,Negative unit_price
ITEM000058559,ORD00007610,SKU03868,Innovative foreground hierarchy,Books,,5757.93,,2025-04-17 06:00:00,2026-08-07 20:10:16,order_items.csv,2026-08-07,Missing quantity
ITEM000058601,ORD00022412,SKU03860,Multi-tiered analyzing website,Sports,7.0,-6866.47,-48065.29,2025-04-17 06:00:00,2026-08-07 20:10:16,order_items.csv,2026-08-07,Negative unit_price
ITEM000058626,ORD00004378,SKU03812,Fundamental homogeneous ability,Sports,,14115.47,,2025-04-17 06:00:00,2026-08-07 20:10:16,order_items.csv,2026-08-07,Missing quantity
ITEM000058693,ORD00041611,SKU00492,Public-key web-enabled Local Area Network,Beauty,,4283.41,,2025-04-17 06:00:00,2026-08-07 20:10:16,order_items.csv,2026-08-07,Missing quantity
ITEM000058701,ORD00003227,SKU00646,Operative non-volatile process improvement,Clothing,2.0,-14145.87,-28291.74,2025-04-17 06:00:00,2026-08-07 20:10:16,order_items.csv,2026-08-07,Negative unit_price
ITEM000058760,ORD00025324,SKU00523,Digitized motivating framework,Home & Kitchen,,11017.88,,2025-04-17 06:00:00,2026-08-07 20:10:16,order_items.csv,2026-08-07,Missing quantity
ITEM000058801,ORD00003580,SKU04616,Enterprise-wide holistic ability,Clothing,2.0,-12993.41,-25986.82,2025-04-17 06:00:00,2026-08-07 20:10:16,order_items.csv,2026-08-07,Negative unit_price
ITEM000058827,ORD00038351,SKU02143,Fundamental encompassing workforce,Clothing,,9855.13,,2025-04-17 06:00:00,2026-08-07 20:10:16,order_items.csv,2026-08-07,Missing quantity
ITEM000058894,ORD00031350,SKU04932,Universal multimedia Internet solution,Books,,2161.4,,2025-04-17 06:00:00,2026-08-07 20:10:16,order_items.csv,2026-08-07,Missing quantity
ITEM000058901,ORD00014717,SKU00458,Secured clear-thinking infrastructure,Grocery,3.0,-14243.44,-42730.32,2025-04-17 06:00:00,2026-08-07 20:10:16,order_items.csv,2026-08-07,Negative unit_price
ITEM000058961,ORD00035145,SKU03592,Realigned zero-defect access,Home & Kitchen,,347.85,,2025-04-17 06:00:00,2026-08-07 20:10:16,order_items.csv,2026-08-07,Missing quantity
ITEM000059001,ORD00003249,SKU03356,Mandatory motivating budgetary management,Clothing,6.0,-194.78,-1168.68,2025-04-17 06:00:00,2026-08-07 20:10:16,order_items.csv,2026-08-07,Negative unit_price
ITEM000059028,ORD00007973,SKU01715,Multi-tiered needs-based knowledge user,Toys,,14570.2,,2025-04-17 06:00:00,2026-08-07 20:10:16,order_items.csv,2026-08-07,Missing quantity
ITEM000059095,ORD00007091,SKU04041,Multi-lateral non-volatile architecture,Toys,,11915.15,,2025-04-17 06:00:00,2026-08-07 20:10:16,order_items.csv,2026-08-07,Missing quantity
ITEM000059101,ORD00037598,SKU03308,Virtual empowering application,Home & Kitchen,5.0,-8669.28,-43346.4,2025-04-17 06:00:00,2026-08-07 20:10:16,order_items.csv,2026-08-07,Negative unit_price
ITEM000059162,ORD00005382,SKU04576,Switchable stable access,Books,,9247.94,,2025-04-17 06:00:00,2026-08-07 20:10:16,order_items.csv,2026-08-07,Missing quantity
ITEM000059201,ORD00013366,SKU00384,User-friendly background groupware,Toys,10.0,-6255.03,-62550.299999999996,2025-04-17 06:00:00,2026-08-07 20:10:16,order_items.csv,2026-08-07,Negative unit_price
ITEM000059229,ORD00029403,SKU02030,Triple-buffered global Internet solution,Home & Kitchen,,8915.85,,2025-04-17 06:00:00,2026-08-07 20:10:16,order_items.csv,2026-08-07,Missing quantity
ITEM000059296,ORD00035115,SKU04452,Diverse system-worthy Local Area Network,Clothing,,417.15,,2025-04-17 06:00:00,2026-08-07 20:10:16,order_items.csv,2026-08-07,Missing quantity
ITEM000059301,ORD00008034,SKU00619,Balanced methodical circuit,Sports,9.0,-10248.74,-92238.66,2025-04-17 06:00:00,2026-08-07 20:10:16,order_items.csv,2026-08-07,Negative unit_price
ITEM000059363,ORD00021585,SKU00212,Proactive bottom-line parallelism,Books,,5652.18,,2025-04-17 06:00:00,2026-08-07 20:10:16,order_items.csv,2026-08-07,Missing quantity
ITEM000059401,ORD00030418,SKU00663,Extended optimal encryption,Electronics,8.0,-14542.08,-116336.64,2025-04-17 06:00:00,2026-08-07 20:10:16,order_items.csv,2026-08-07,Negative unit_price
ITEM000059430,ORD00049650,SKU02416,Extended global pricing structure,Clothing,,12151.99,,2025-04-17 06:00:00,2026-08-07 20:10:16,order_items.csv,2026-08-07,Missing quantity
ITEM000059497,ORD00011946,SKU02335,Future-proofed full-range focus group,Electronics,,8660.06,,2025-04-17 06:00:00,2026-08-07 20:10:16,order_items.csv,2026-08-07,Missing quantity
ITEM000059501,ORD00029397,SKU04439,Synergized bandwidth-monitored attitude,Home & Kitchen,10.0,-14425.66,-144256.6,2025-04-17 06:00:00,2026-08-07 20:10:16,order_items.csv,2026-08-07,Negative unit_price
ITEM000059564,ORD00047107,SKU00266,Integrated even-keeled orchestration,Toys,,729.86,,2025-04-17 06:00:00,2026-08-07 20:10:16,order_items.csv,2026-08-07,Missing quantity
ITEM000059601,ORD00007424,SKU02142,Re-engineered solution-oriented matrices,Beauty,1.0,-3038.07,-3038.07,2025-04-17 06:00:00,2026-08-07 20:10:16,order_items.csv,2026-08-07,Negative unit_price
ITEM000059631,ORD00041667,SKU01325,Multi-layered intermediate success,Sports,,8798.79,,2025-04-17 06:00:00,2026-08-07 20:10:16,order_items.csv,2026-08-07,Missing quantity
ITEM000059698,ORD00004613,SKU01791,Up-sized clear-thinking array,Toys,,13986.59,,2025-04-17 06:00:00,2026-08-07 20:10:16,order_items.csv,2026-08-07,Missing quantity
ITEM000059701,ORD00035829,SKU02385,Inverse context-sensitive benchmark,Electronics,3.0,-10246.7,-30740.100000000002,2025-04-17 06:00:00,2026-08-07 20:10:16,order_items.csv,2026-08-07,Negative unit_price
ITEM000059765,ORD00025000,SKU02876,Vision-oriented neutral Graphical User Interface,Electronics,,1799.8,,2025-04-17 06:00:00,2026-08-07 20:10:16,order_items.csv,2026-08-07,Missing quantity
ITEM000059801,ORD00005169,SKU02746,Enhanced real-time Graphic Interface,Sports,10.0,-740.71,-7407.1,2025-04-17 06:00:00,2026-08-07 20:10:16,order_items.csv,2026-08-07,Negative unit_price
ITEM000059832,ORD00045434,SKU04238,Grass-roots motivating software,Sports,,9500.38,,2025-04-17 06:00:00,2026-08-07 20:10:16,order_items.csv,2026-08-07,Missing quantity
ITEM000059899,ORD00003561,SKU03793,Versatile content-based monitoring,Grocery,,3775.43,,2025-04-17 06:00:00,2026-08-07 20:10:16,order_items.csv,2026-08-07,Missing quantity
ITEM000059901,ORD00011891,SKU00546,Re-contextualized incremental budgetary management,Books,3.0,-5972.66,-17917.98,2025-04-17 06:00:00,2026-08-07 20:10:16,order_items.csv,2026-08-07,Negative unit_price
ITEM000059966,ORD00023792,SKU00342,Integrated impactful strategy,Toys,,10262.7,,2025-04-17 06:00:00,2026-08-07 20:10:16,order_items.csv,2026-08-07,Missing quantity
ITEM000060001,ORD00039848,SKU04413,Enterprise-wide leadingedge middleware,Electronics,4.0,-4673.1,-18692.4,2025-04-17 06:00:00,2026-08-07 20:10:16,order_items.csv,2026-08-07,Negative unit_price
ITEM000060033,ORD00015501,SKU04727,Monitored empowering policy,Grocery,,13135.8,,2025-04-17 06:00:00,2026-08-07 20:10:16,order_items.csv,2026-08-07,Missing quantity
ITEM000060100,ORD00029050,SKU03078,Extended 6thgeneration middleware,Sports,,5623.85,,2025-04-17 06:00:00,2026-08-07 20:10:16,order_items.csv,2026-08-07,Missing quantity
ITEM000060101,ORD00012639,SKU01336,Down-sized full-range capacity,Sports,6.0,-8233.92,-49403.520000000004,2025-04-17 06:00:00,2026-08-07 20:10:16,order_items.csv,2026-08-07,Negative unit_price
ITEM000060167,ORD00036803,SKU02913,Managed local project,Books,,13417.21,,2025-04-17 06:00:00,2026-08-07 20:10:16,order_items.csv,2026-08-07,Missing quantity
ITEM000060201,ORD00020534,SKU04210,Multi-tiered fresh-thinking extranet,Sports,1.0,-6393.18,-6393.18,2025-04-17 06:00:00,2026-08-07 20:10:16,order_items.csv,2026-08-07,Negative unit_price
ITEM000060234,ORD00034604,SKU03363,Persevering national array,Grocery,,7455.2,,2025-04-17 06:00:00,2026-08-07 20:10:16,order_items.csv,2026-08-07,Missing quantity
ITEM000060301,ORD00018251,SKU02322,Diverse explicit frame,Clothing,,-6062.2,,2025-04-17 06:00:00,2026-08-07 20:10:16,order_items.csv,2026-08-07,Missing quantity
ITEM000060368,ORD00037568,SKU04661,Balanced upward-trending framework,Electronics,,3209.34,,2025-04-17 06:00:00,2026-08-07 20:10:16,order_items.csv,2026-08-07,Missing quantity
ITEM000060401,ORD00005998,SKU02122,Programmable reciprocal analyzer,Toys,9.0,-13557.93,-122021.37,2025-04-17 06:00:00,2026-08-07 20:10:16,order_items.csv,2026-08-07,Negative unit_price
ITEM000060435,ORD00017067,SKU02101,Universal disintermediate architecture,Electronics,,11241.72,,2025-04-17 06:00:00,2026-08-07 20:10:16,order_items.csv,2026-08-07,Missing quantity
ITEM000060501,ORD00013700,SKU03700,Organic leadingedge knowledge user,Toys,9.0,-1929.29,-17363.61,2025-04-17 06:00:00,2026-08-07 20:10:16,order_items.csv,2026-08-07,Negative unit_price
ITEM000060502,ORD00033860,SKU03128,Self-enabling uniform encoding,Home & Kitchen,,3982.77,,2025-04-17 06:00:00,2026-08-07 20:10:16,order_items.csv,2026-08-07,Missing quantity
ITEM000060569,ORD00019396,SKU01273,Organized multimedia help-desk,Sports,,12281.52,,2025-04-17 06:00:00,2026-08-07 20:10:16,order_items.csv,2026-08-07,Missing quantity
ITEM000060601,ORD00022483,SKU03922,Reactive discrete moratorium,Clothing,7.0,-4459.23,-31214.609999999997,2025-04-17 06:00:00,2026-08-07 20:10:16,order_items.csv,2026-08-07,Negative unit_price
ITEM000060636,ORD00018596,SKU03960,User-centric radical parallelism,Electronics,,434.82,,2025-04-17 06:00:00,2026-08-07 20:10:16,order_items.csv,2026-08-07,Missing quantity
ITEM000060701,ORD00022547,SKU01652,Future-proofed 3rdgeneration policy,Home & Kitchen,5.0,-3749.54,-18747.7,2025-04-17 06:00:00,2026-08-07 20:10:16,order_items.csv,2026-08-07,Negative unit_price
ITEM000060703,ORD00016611,SKU02919,Programmable actuating focus group,Grocery,,14491.29,,2025-04-17 06:00:00,2026-08-07 20:10:16,order_items.csv,2026-08-07,Missing quantity
ITEM000060770,ORD00016804,SKU01261,Cross-platform context-sensitive portal,Electronics,,11604.14,,2025-04-17 06:00:00,2026-08-07 20:10:16,order_items.csv,2026-08-07,Missing quantity
ITEM000060801,ORD00024706,SKU02841,Versatile exuding firmware,Grocery,4.0,-13324.06,-53296.24,2025-04-17 06:00:00,2026-08-07 20:10:16,order_items.csv,2026-08-07,Negative unit_price
ITEM000060837,ORD00016278,SKU04379,Triple-buffered analyzing approach,Books,,3436.43,,2025-04-17 06:00:00,2026-08-07 20:10:16,order_items.csv,2026-08-07,Missing quantity
ITEM000060901,ORD00002320,SKU03528,Stand-alone bandwidth-monitored focus group,Beauty,4.0,-6899.65,-27598.6,2025-04-17 06:00:00,2026-08-07 20:10:16,order_items.csv,2026-08-07,Negative unit_price
ITEM000060904,ORD00014978,SKU02184,Profound incremental migration,Clothing,,5917.43,,2025-04-17 06:00:00,2026-08-07 20:10:16,order_items.csv,2026-08-07,Missing quantity
ITEM000060971,ORD00007315,SKU00512,Front-line encompassing matrices,Sports,,11581.3,,2025-04-17 06:00:00,2026-08-07 20:10:16,order_items.csv,2026-08-07,Missing quantity
ITEM000061001,ORD00001112,SKU00727,Innovative executive analyzer,Toys,6.0,-10827.05,-64962.299999999996,2025-04-17 06:00:00,2026-08-07 20:10:16,order_items.csv,2026-08-07,Negative unit_price
ITEM000061038,ORD00006654,SKU02060,Operative systemic instruction set,Sports,,6287.6,,2025-04-17 06:00:00,2026-08-07 20:10:16,order_items.csv,2026-08-07,Missing quantity
ITEM000061101,ORD00006608,SKU02517,Networked analyzing service-desk,Books,8.0,-9804.26,-78434.08,2025-04-17 06:00:00,2026-08-07 20:10:16,order_items.csv,2026-08-07,Negative unit_price
ITEM000061105,ORD00014214,SKU02502,Decentralized demand-driven synergy,Books,,12976.44,,2025-04-17 06:00:00,2026-08-07 20:10:16,order_items.csv,2026-08-07,Missing quantity
ITEM000061172,ORD00038813,SKU03297,Reactive regional Internet solution,Clothing,,3200.28,,2025-04-17 06:00:00,2026-08-07 20:10:16,order_items.csv,2026-08-07,Missing quantity
ITEM000061201,ORD00028239,SKU02220,Multi-channeled logistical workforce,Electronics,4.0,-5702.17,-22808.68,2025-04-17 06:00:00,2026-08-07 20:10:16,order_items.csv,2026-08-07,Negative unit_price
ITEM000061239,ORD00003286,SKU02882,Profit-focused secondary concept,Electronics,,386.35,,2025-04-17 06:00:00,2026-08-07 20:10:16,order_items.csv,2026-08-07,Missing quantity
ITEM000061301,ORD00042937,SKU04747,Compatible zero administration data-warehouse,Grocery,4.0,-13691.78,-54767.12,2025-04-17 06:00:00,2026-08-07 20:10:16,order_items.csv,2026-08-07,Negative unit_price
ITEM000061306,ORD00016594,SKU00514,Profit-focused user-facing model,Grocery,,5894.08,,2025-04-17 06:00:00,2026-08-07 20:10:16,order_items.csv,2026-08-07,Missing quantity
ITEM000061373,ORD00002814,SKU01167,Reduced mobile contingency,Toys,,2301.53,,2025-04-17 06:00:00,2026-08-07 20:10:16,order_items.csv,2026-08-07,Missing quantity
ITEM000061401,ORD00017925,SKU00908,Optimized composite emulation,Toys,10.0,-14465.17,-144651.7,2025-04-17 06:00:00,2026-08-07 20:10:16,order_items.csv,2026-08-07,Negative unit_price
ITEM000061440,ORD00026406,SKU00064,Versatile 24/7 policy,Beauty,,328.77,,2025-04-17 06:00:00,2026-08-07 20:10:16,order_items.csv,2026-08-07,Missing quantity
ITEM000061501,ORD00025241,SKU00409,Grass-roots real-time process improvement,Sports,1.0,-3003.42,-3003.42,2025-04-17 06:00:00,2026-08-07 20:10:16,order_items.csv,2026-08-07,Negative unit_price
ITEM000061507,ORD00043829,SKU01466,Innovative empowering array,Toys,,471.16,,2025-04-17 06:00:00,2026-08-07 20:10:16,order_items.csv,2026-08-07,Missing quantity
ITEM000061574,ORD00003191,SKU04417,Reactive multi-state intranet,Grocery,,4841.05,,2025-04-17 06:00:00,2026-08-07 20:10:16,order_items.csv,2026-08-07,Missing quantity
ITEM000061601,ORD00044296,SKU03268,Innovative upward-trending solution,Clothing,3.0,-7714.23,-23142.69,2025-04-17 06:00:00,2026-08-07 20:10:16,order_items.csv,2026-08-07,Negative unit_price
ITEM000061641,ORD00006400,SKU01605,Down-sized eco-centric superstructure,Grocery,,3874.4,,2025-04-17 06:00:00,2026-08-07 20:10:16,order_items.csv,2026-08-07,Missing quantity
ITEM000061701,ORD00036304,SKU01422,Future-proofed value-added hardware,Beauty,10.0,-6962.29,-69622.9,2025-04-17 06:00:00,2026-08-07 20:10:16,order_items.csv,2026-08-07,Negative unit_price
ITEM000061708,ORD00046313,SKU00443,Self-enabling secondary application,Books,,9454.62,,2025-04-17 06:00:00,2026-08-07 20:10:16,order_items.csv,2026-08-07,Missing quantity
ITEM000061775,ORD00035036,SKU03312,Fully-configurable global initiative,Clothing,,14580.8,,2025-04-17 06:00:00,2026-08-07 20:10:16,order_items.csv,2026-08-07,Missing quantity
ITEM000061801,ORD00032330,SKU02029,Quality-focused upward-trending Local Area Network,Beauty,3.0,-9912.49,-29737.47,2025-04-17 06:00:00,2026-08-07 20:10:16,order_items.csv,2026-08-07,Negative unit_price
ITEM000061842,ORD00028476,SKU04215,Up-sized intangible solution,Grocery,,10452.68,,2025-04-17 06:00:00,2026-08-07 20:10:16,order_items.csv,2026-08-07,Missing quantity
ITEM000061901,ORD00021486,SKU01971,Down-sized zero administration website,Clothing,3.0,-13983.19,-41949.57,2025-04-17 06:00:00,2026-08-07 20:10:16,order_items.csv,2026-08-07,Negative unit_price
ITEM000061909,ORD00008866,SKU01544,Customizable maximized structure,Toys,,4716.96,,2025-04-17 06:00:00,2026-08-07 20:10:16,order_items.csv,2026-08-07,Missing quantity
ITEM000061976,ORD00031761,SKU02466,Ergonomic context-sensitive algorithm,Books,,2866.42,,2025-04-17 06:00:00,2026-08-07 20:10:16,order_items.csv,2026-08-07,Missing quantity
ITEM000062001,ORD00006188,SKU02193,Distributed needs-based alliance,Electronics,5.0,-6788.63,-33943.15,2025-04-17 06:00:00,2026-08-07 20:10:16,order_items.csv,2026-08-07,Negative unit_price
ITEM000062043,ORD00029206,SKU03013,Pre-emptive context-sensitive forecast,Clothing,,13530.02,,2025-04-17 06:00:00,2026-08-07 20:10:16,order_items.csv,2026-08-07,Missing quantity
ITEM000062101,ORD00024191,SKU02686,Profit-focused multi-tasking open system,Toys,9.0,-13237.22,-119134.98,2025-04-17 06:00:00,2026-08-07 20:10:16,order_items.csv,2026-08-07,Negative unit_price
ITEM000062110,ORD00045184,SKU00599,Decentralized homogeneous superstructure,Home & Kitchen,,3418.66,,2025-04-17 06:00:00,2026-08-07 20:10:16,order_items.csv,2026-08-07,Missing quantity
ITEM000062177,ORD00031527,SKU01728,Visionary heuristic core,Toys,,11597.76,,2025-04-17 06:00:00,2026-08-07 20:10:16,order_items.csv,2026-08-07,Missing quantity
ITEM000062201,ORD00015301,SKU04002,Reactive static database,Toys,8.0,-7460.75,-59686.0,2025-04-17 06:00:00,2026-08-07 20:10:16,order_items.csv,2026-08-07,Negative unit_price
ITEM000062244,ORD00026531,SKU00454,Advanced 3rdgeneration archive,Electronics,,14123.64,,2025-04-17 06:00:00,2026-08-07 20:10:16,order_items.csv,2026-08-07,Missing quantity
ITEM000062301,ORD00004144,SKU04926,Inverse next generation database,Books,1.0,-3297.26,-3297.26,2025-04-17 06:00:00,2026-08-07 20:10:16,order_items.csv,2026-08-07,Negative unit_price
ITEM000062311,ORD00011899,SKU01825,Business-focused dedicated structure,Electronics,,9526.98,,2025-04-17 06:00:00,2026-08-07 20:10:16,order_items.csv,2026-08-07,Missing quantity
ITEM000062378,ORD00047385,SKU04607,Enterprise-wide cohesive support,Books,,1324.64,,2025-04-17 06:00:00,2026-08-07 20:10:16,order_items.csv,2026-08-07,Missing quantity
ITEM000062401,ORD00036393,SKU01159,Networked actuating emulation,Clothing,10.0,-13253.71,-132537.09999999998,2025-04-17 06:00:00,2026-08-07 20:10:16,order_items.csv,2026-08-07,Negative unit_price
ITEM000062445,ORD00000876,SKU03563,Advanced regional installation,Toys,,11977.81,,2025-04-17 06:00:00,2026-08-07 20:10:16,order_items.csv,2026-08-07,Missing quantity
ITEM000062501,ORD00017507,SKU01965,User-centric background moderator,Sports,8.0,-8168.22,-65345.76,2025-04-17 06:00:00,2026-08-07 20:10:16,order_items.csv,2026-08-07,Negative unit_price
ITEM000062512,ORD00011790,SKU02724,Organized bi-directional Graphical User Interface,Clothing,,13351.88,,2025-04-17 06:00:00,2026-08-07 20:10:16,order_items.csv,2026-08-07,Missing quantity
ITEM000062579,ORD00011620,SKU02984,Proactive optimizing parallelism,Home & Kitchen,,6235.29,,2025-04-17 06:00:00,2026-08-07 20:10:16,order_items.csv,2026-08-07,Missing quantity
ITEM000062601,ORD00031176,SKU04164,Enterprise-wide full-range capability,Home & Kitchen,2.0,-4932.11,-9864.22,2025-04-17 06:00:00,2026-08-07 20:10:16,order_items.csv,2026-08-07,Negative unit_price
ITEM000062646,ORD00027777,SKU02562,Operative attitude-oriented capability,Home & Kitchen,,7554.88,,2025-04-17 06:00:00,2026-08-07 20:10:16,order_items.csv,2026-08-07,Missing quantity
ITEM000062701,ORD00012593,SKU00959,Fundamental holistic circuit,Home & Kitchen,1.0,-10372.46,-10372.46,2025-04-17 06:00:00,2026-08-07 20:10:16,order_items.csv,2026-08-07,Negative unit_price
ITEM000062713,ORD00037294,SKU02901,Open-source bi-directional Local Area Network,Home & Kitchen,,11728.05,,2025-04-17 06:00:00,2026-08-07 20:10:16,order_items.csv,2026-08-07,Missing quantity
ITEM000062780,ORD00014985,SKU00135,Re-contextualized next generation software,Clothing,,12295.91,,2025-04-17 06:00:00,2026-08-07 20:10:16,order_items.csv,2026-08-07,Missing quantity
ITEM000062801,ORD00034869,SKU04080,Vision-oriented needs-based installation,Beauty,2.0,-13575.27,-27150.54,2025-04-17 06:00:00,2026-08-07 20:10:16,order_items.csv,2026-08-07,Negative unit_price
ITEM000062847,ORD00032763,SKU00411,Self-enabling coherent ability,Grocery,,1699.25,,2025-04-17 06:00:00,2026-08-07 20:10:16,order_items.csv,2026-08-07,Missing quantity
ITEM000062901,ORD00020514,SKU02800,Open-source non-volatile capability,Electronics,6.0,-11079.39,-66476.34,2025-04-17 06:00:00,2026-08-07 20:10:16,order_items.csv,2026-08-07,Negative unit_price
ITEM000062914,ORD00014852,SKU01402,Upgradable non-volatile website,Toys,,656.33,,2025-04-17 06:00:00,2026-08-07 20:10:16,order_items.csv,2026-08-07,Missing quantity
ITEM000062981,ORD00012296,SKU04914,Self-enabling 6thgeneration service-desk,Toys,,14503.13,,2025-04-17 06:00:00,2026-08-07 20:10:16,order_items.csv,2026-08-07,Missing quantity
ITEM000063001,ORD00028942,SKU03262,Balanced optimal encryption,Electronics,7.0,-8058.74,-56411.18,2025-04-17 06:00:00,2026-08-07 20:10:16,order_items.csv,2026-08-07,Negative unit_price
ITEM000063048,ORD00020579,SKU00511,Total multi-state hub,Clothing,,12754.52,,2025-04-17 06:00:00,2026-08-07 20:10:16,order_items.csv,2026-08-07,Missing quantity
ITEM000063101,ORD00035971,SKU03871,Profound mission-critical contingency,Toys,3.0,-10205.92,-30617.760000000002,2025-04-17 06:00:00,2026-08-07 20:10:16,order_items.csv,2026-08-07,Negative unit_price
ITEM000063115,ORD00047122,SKU00746,Persistent needs-based implementation,Beauty,,7573.88,,2025-04-17 06:00:00,2026-08-07 20:10:16,order_items.csv,2026-08-07,Missing quantity
ITEM000063182,ORD00048885,SKU03767,Customer-focused bi-directional firmware,Sports,,10807.65,,2025-04-17 06:00:00,2026-08-07 20:10:16,order_items.csv,2026-08-07,Missing quantity
ITEM000063201,ORD00019369,SKU03497,Inverse global Internet solution,Electronics,7.0,-6428.32,-44998.24,2025-04-17 06:00:00,2026-08-07 20:10:16,order_items.csv,2026-08-07,Negative unit_price
ITEM000063249,ORD00005731,SKU01242,Focused zero-defect migration,Books,,2396.49,,2025-04-17 06:00:00,2026-08-07 20:10:16,order_items.csv,2026-08-07,Missing quantity
ITEM000063301,ORD00029183,SKU02444,Profit-focused tangible artificial intelligence,Books,6.0,-8670.3,-52021.799999999996,2025-04-17 06:00:00,2026-08-07 20:10:16,order_items.csv,2026-08-07,Negative unit_price
ITEM000063316,ORD00033065,SKU00932,Horizontal methodical middleware,Home & Kitchen,,7892.75,,2025-04-17 06:00:00,2026-08-07 20:10:16,order_items.csv,2026-08-07,Missing quantity
ITEM000063383,ORD00041155,SKU04454,Reverse-engineered solution-oriented pricing struc,Books,,14223.14,,2025-04-17 06:00:00,2026-08-07 20:10:16,order_items.csv,2026-08-07,Missing quantity
ITEM000063401,ORD00015026,SKU02031,Adaptive systematic capacity,Grocery,5.0,-8642.98,-43214.899999999994,2025-04-17 06:00:00,2026-08-07 20:10:16,order_items.csv,2026-08-07,Negative unit_price
ITEM000063450,ORD00045239,SKU04705,Expanded zero tolerance complexity,Sports,,11006.98,,2025-04-17 06:00:00,2026-08-07 20:10:16,order_items.csv,2026-08-07,Missing quantity
ITEM000063501,ORD00044205,SKU02726,Organized global emulation,Beauty,3.0,-3876.04,-11628.119999999999,2025-04-17 06:00:00,2026-08-07 20:10:16,order_items.csv,2026-08-07,Negative unit_price
ITEM000063517,ORD00007907,SKU00985,Face-to-face responsive product,Grocery,,14261.25,,2025-04-17 06:00:00,2026-08-07 20:10:16,order_items.csv,2026-08-07,Missing quantity
ITEM000063584,ORD00006495,SKU02927,Public-key 5thgeneration intranet,Books,,3668.29,,2025-04-17 06:00:00,2026-08-07 20:10:16,order_items.csv,2026-08-07,Missing quantity
ITEM000063601,ORD00036482,SKU04865,Cross-group exuding synergy,Sports,2.0,-10832.81,-21665.62,2025-04-17 06:00:00,2026-08-07 20:10:16,order_items.csv,2026-08-07,Negative unit_price
ITEM000063651,ORD00023434,SKU00938,Sharable 4thgeneration attitude,Home & Kitchen,,14295.07,,2025-04-17 06:00:00,2026-08-07 20:10:16,order_items.csv,2026-08-07,Missing quantity
ITEM000063701,ORD00038894,SKU03252,Public-key global synergy,Home & Kitchen,3.0,-2286.14,-6858.42,2025-04-17 06:00:00,2026-08-07 20:10:16,order_items.csv,2026-08-07,Negative unit_price
ITEM000063718,ORD00003309,SKU03195,Decentralized well-modulated workforce,Electronics,,3867.25,,2025-04-17 06:00:00,2026-08-07 20:10:16,order_items.csv,2026-08-07,Missing quantity
ITEM000063785,ORD00007720,SKU04707,Phased empowering middleware,Grocery,,1713.35,,2025-04-17 06:00:00,2026-08-07 20:10:16,order_items.csv,2026-08-07,Missing quantity
ITEM000063801,ORD00017309,SKU03499,Upgradable analyzing algorithm,Books,2.0,-10148.07,-20296.14,2025-04-17 06:00:00,2026-08-07 20:10:16,order_items.csv,2026-08-07,Negative unit_price
ITEM000063852,ORD00010716,SKU03180,Ergonomic well-modulated function,Sports,,10194.27,,2025-04-17 06:00:00,2026-08-07 20:10:16,order_items.csv,2026-08-07,Missing quantity
ITEM000063901,ORD00041490,SKU03512,Open-source didactic methodology,Electronics,9.0,-7711.99,-69407.91,2025-04-17 06:00:00,2026-08-07 20:10:16,order_items.csv,2026-08-07,Negative unit_price
ITEM000063919,ORD00040942,SKU00293,Multi-tiered bi-directional strategy,Electronics,,7646.97,,2025-04-17 06:00:00,2026-08-07 20:10:16,order_items.csv,2026-08-07,Missing quantity
ITEM000063986,ORD00039099,SKU00108,Stand-alone fault-tolerant adapter,Electronics,,4245.93,,2025-04-17 06:00:00,2026-08-07 20:10:16,order_items.csv,2026-08-07,Missing quantity
ITEM000064001,ORD00032954,SKU01643,Reduced systemic firmware,Beauty,5.0,-6975.5,-34877.5,2025-04-17 06:00:00,2026-08-07 20:10:16,order_items.csv,2026-08-07,Negative unit_price
ITEM000064053,ORD00049160,SKU02145,Monitored bandwidth-monitored Graphic Interface,Toys,,5804.82,,2025-04-17 06:00:00,2026-08-07 20:10:16,order_items.csv,2026-08-07,Missing quantity
ITEM000064101,ORD00006714,SKU02978,Intuitive client-driven help-desk,Beauty,2.0,-5965.22,-11930.44,2025-04-17 06:00:00,2026-08-07 20:10:16,order_items.csv,2026-08-07,Negative unit_price
ITEM000064120,ORD00025275,SKU03471,Organized homogeneous instruction set,Home & Kitchen,,13326.37,,2025-04-17 06:00:00,2026-08-07 20:10:16,order_items.csv,2026-08-07,Missing quantity
ITEM000064187,ORD00037877,SKU00007,Future-proofed homogeneous challenge,Clothing,,12380.98,,2025-04-17 06:00:00,2026-08-07 20:10:16,order_items.csv,2026-08-07,Missing quantity
ITEM000064201,ORD00049231,SKU00886,Open-source user-facing architecture,Toys,10.0,-11487.26,-114872.6,2025-04-17 06:00:00,2026-08-07 20:10:16,order_items.csv,2026-08-07,Negative unit_price
ITEM000064254,ORD00030527,SKU03871,Profound mission-critical contingency,Toys,,10205.92,,2025-04-17 06:00:00,2026-08-07 20:10:16,order_items.csv,2026-08-07,Missing quantity
ITEM000064301,ORD00031873,SKU01674,Phased eco-centric standardization,Grocery,10.0,-10755.27,-107552.70000000001,2025-04-17 06:00:00,2026-08-07 20:10:16,order_items.csv,2026-08-07,Negative unit_price
ITEM000064321,ORD00044619,SKU00602,Universal systematic initiative,Books,,6943.38,,2025-04-17 06:00:00,2026-08-07 20:10:16,order_items.csv,2026-08-07,Missing quantity
ITEM000064388,ORD00006656,SKU00300,Re-contextualized full-range initiative,Toys,,12218.14,,2025-04-17 06:00:00,2026-08-07 20:10:16,order_items.csv,2026-08-07,Missing quantity
ITEM000064401,ORD00014780,SKU02664,Business-focused web-enabled success,Sports,1.0,-3974.26,-3974.26,2025-04-17 06:00:00,2026-08-07 20:10:16,order_items.csv,2026-08-07,Negative unit_price
ITEM000064455,ORD00019660,SKU04005,Integrated 24hour instruction set,Home & Kitchen,,7472.21,,2025-04-17 06:00:00,2026-08-07 20:10:16,order_items.csv,2026-08-07,Missing quantity
ITEM000064501,ORD00006059,SKU03688,Face-to-face contextually-based installation,Beauty,3.0,-2911.89,-8735.67,2025-04-17 06:00:00,2026-08-07 20:10:16,order_items.csv,2026-08-07,Negative unit_price
ITEM000064522,ORD00002201,SKU01429,Phased fresh-thinking ability,Home & Kitchen,,4107.57,,2025-04-17 06:00:00,2026-08-07 20:10:16,order_items.csv,2026-08-07,Missing quantity
ITEM000064589,ORD00030278,SKU03342,Diverse client-server functionalities,Books,,12966.66,,2025-04-17 06:00:00,2026-08-07 20:10:16,order_items.csv,2026-08-07,Missing quantity
ITEM000064601,ORD00043725,SKU03380,Reactive coherent moratorium,Sports,3.0,-11539.64,-34618.92,2025-04-17 06:00:00,2026-08-07 20:10:16,order_items.csv,2026-08-07,Negative unit_price
ITEM000064656,ORD00022888,SKU04205,Quality-focused mission-critical process improveme,Books,,10798.96,,2025-04-17 06:00:00,2026-08-07 20:10:16,order_items.csv,2026-08-07,Missing quantity
ITEM000064701,ORD00034014,SKU02134,Versatile bifurcated system engine,Beauty,8.0,-5904.31,-47234.48,2025-04-17 06:00:00,2026-08-07 20:10:16,order_items.csv,2026-08-07,Negative unit_price
ITEM000064723,ORD00002387,SKU00292,Operative regional pricing structure,Grocery,,2576.31,,2025-04-17 06:00:00,2026-08-07 20:10:16,order_items.csv,2026-08-07,Missing quantity
ITEM000064790,ORD00033910,SKU00172,Profit-focused systematic software,Grocery,,10933.68,,2025-04-17 06:00:00,2026-08-07 20:10:16,order_items.csv,2026-08-07,Missing quantity
ITEM000064801,ORD00042185,SKU02070,Decentralized fault-tolerant interface,Electronics,3.0,-9475.39,-28426.17,2025-04-17 06:00:00,2026-08-07 20:10:16,order_items.csv,2026-08-07,Negative unit_price
ITEM000064857,ORD00022816,SKU00131,Mandatory attitude-oriented definition,Toys,,4987.87,,2025-04-17 06:00:00,2026-08-07 20:10:16,order_items.csv,2026-08-07,Missing quantity
ITEM000064901,ORD00047505,SKU02146,Multi-channeled analyzing core,Sports,7.0,-7228.41,-50598.869999999995,2025-04-17 06:00:00,2026-08-07 20:10:16,order_items.csv,2026-08-07,Negative unit_price
ITEM000064924,ORD00008881,SKU02625,Extended high-level collaboration,Beauty,,10342.26,,2025-04-17 06:00:00,2026-08-07 20:10:16,order_items.csv,2026-08-07,Missing quantity
ITEM000064991,ORD00001723,SKU02916,Automated even-keeled adapter,Beauty,,6335.88,,2025-04-17 06:00:00,2026-08-07 20:10:16,order_items.csv,2026-08-07,Missing quantity
ITEM000065001,ORD00040251,SKU01256,Horizontal optimizing open architecture,Electronics,7.0,-10767.67,-75373.69,2025-04-17 06:00:00,2026-08-07 20:10:16,order_items.csv,2026-08-07,Negative unit_price
ITEM000065058,ORD00029556,SKU04276,Multi-lateral disintermediate forecast,Toys,,7118.01,,2025-04-17 06:00:00,2026-08-07 20:10:16,order_items.csv,2026-08-07,Missing quantity
ITEM000065101,ORD00017085,SKU01271,Compatible content-based contingency,Books,10.0,-3315.24,-33152.399999999994,2025-04-17 06:00:00,2026-08-07 20:10:16,order_items.csv,2026-08-07,Negative unit_price
ITEM000065125,ORD00031468,SKU04439,Synergized bandwidth-monitored attitude,Home & Kitchen,,14425.66,,2025-04-17 06:00:00,2026-08-07 20:10:16,order_items.csv,2026-08-07,Missing quantity
ITEM000065192,ORD00030143,SKU01151,Down-sized 5thgeneration functionalities,Sports,,2730.71,,2025-04-17 06:00:00,2026-08-07 20:10:16,order_items.csv,2026-08-07,Missing quantity
ITEM000065201,ORD00034039,SKU01954,Customizable 4thgeneration model,Grocery,10.0,-2546.62,-25466.199999999997,2025-04-17 06:00:00,2026-08-07 20:10:16,order_items.csv,2026-08-07,Negative unit_price
ITEM000065259,ORD00013370,SKU01919,Mandatory radical workforce,Home & Kitchen,,1239.26,,2025-04-17 06:00:00,2026-08-07 20:10:16,order_items.csv,2026-08-07,Missing quantity
ITEM000065301,ORD00049609,SKU04534,Implemented reciprocal intranet,Clothing,6.0,-1843.79,-11062.74,2025-04-17 06:00:00,2026-08-07 20:10:16,order_items.csv,2026-08-07,Negative unit_price
ITEM000065326,ORD00028796,SKU01846,Reduced intermediate structure,Home & Kitchen,,14427.71,,2025-04-17 06:00:00,2026-08-07 20:10:16,order_items.csv,2026-08-07,Missing quantity
ITEM000065393,ORD00041554,SKU02717,Devolved radical solution,Electronics,,6665.74,,2025-04-17 06:00:00,2026-08-07 20:10:16,order_items.csv,2026-08-07,Missing quantity
ITEM000065401,ORD00012526,SKU01070,Sharable web-enabled protocol,Sports,5.0,-1415.92,-7079.6,2025-04-17 06:00:00,2026-08-07 20:10:16,order_items.csv,2026-08-07,Negative unit_price
ITEM000065460,ORD00017054,SKU04945,Implemented neutral parallelism,Sports,,13060.3,,2025-04-17 06:00:00,2026-08-07 20:10:16,order_items.csv,2026-08-07,Missing quantity
ITEM000065501,ORD00009886,SKU04454,Reverse-engineered solution-oriented pricing struc,Books,5.0,-14223.14,-71115.7,2025-04-17 06:00:00,2026-08-07 20:10:16,order_items.csv,2026-08-07,Negative unit_price
ITEM000065527,ORD00029863,SKU03806,Decentralized responsive project,Clothing,,7862.5,,2025-04-17 06:00:00,2026-08-07 20:10:16,order_items.csv,2026-08-07,Missing quantity
ITEM000065594,ORD00045045,SKU04976,Centralized radical product,Grocery,,9639.92,,2025-04-17 06:00:00,2026-08-07 20:10:16,order_items.csv,2026-08-07,Missing quantity
ITEM000065601,ORD00042359,SKU02608,Reverse-engineered 24/7 budgetary management,Electronics,4.0,-5500.27,-22001.08,2025-04-17 06:00:00,2026-08-07 20:10:16,order_items.csv,2026-08-07,Negative unit_price
ITEM000065661,ORD00032044,SKU03627,Enterprise-wide directional extranet,Grocery,,7984.78,,2025-04-17 06:00:00,2026-08-07 20:10:16,order_items.csv,2026-08-07,Missing quantity
ITEM000065701,ORD00011442,SKU03737,Switchable executive strategy,Home & Kitchen,2.0,-13305.31,-26610.62,2025-04-17 06:00:00,2026-08-07 20:10:16,order_items.csv,2026-08-07,Negative unit_price
ITEM000065728,ORD00014592,SKU00524,Multi-layered real-time secured line,Home & Kitchen,,13331.44,,2025-04-17 06:00:00,2026-08-07 20:10:16,order_items.csv,2026-08-07,Missing quantity
ITEM000065795,ORD00012880,SKU02683,Virtual empowering pricing structure,Books,,7356.26,,2025-04-17 06:00:00,2026-08-07 20:10:16,order_items.csv,2026-08-07,Missing quantity
ITEM000065801,ORD00034929,SKU03545,Balanced cohesive migration,Toys,6.0,-14951.71,-89710.26,2025-04-17 06:00:00,2026-08-07 20:10:16,order_items.csv,2026-08-07,Negative unit_price
ITEM000065862,ORD00037458,SKU01380,Triple-buffered uniform array,Home & Kitchen,,4031.03,,2025-04-17 06:00:00,2026-08-07 20:10:16,order_items.csv,2026-08-07,Missing quantity
ITEM000065901,ORD00021381,SKU00429,Ergonomic content-based open system,Toys,1.0,-11548.76,-11548.76,2025-04-17 06:00:00,2026-08-07 20:10:16,order_items.csv,2026-08-07,Negative unit_price
ITEM000065929,ORD00031576,SKU03586,Secured cohesive hardware,Books,,1387.64,,2025-04-17 06:00:00,2026-08-07 20:10:16,order_items.csv,2026-08-07,Missing quantity
ITEM000065996,ORD00018783,SKU03264,Right-sized actuating protocol,Grocery,,1241.95,,2025-04-17 06:00:00,2026-08-07 20:10:16,order_items.csv,2026-08-07,Missing quantity
ITEM000066001,ORD00018191,SKU03132,Integrated secondary hardware,Sports,3.0,-1607.99,-4823.97,2025-04-17 06:00:00,2026-08-07 20:10:16,order_items.csv,2026-08-07,Negative unit_price
ITEM000066063,ORD00012354,SKU01876,Object-based 6thgeneration monitoring,Books,,10594.82,,2025-04-17 06:00:00,2026-08-07 20:10:16,order_items.csv,2026-08-07,Missing quantity
ITEM000066101,ORD00048154,SKU01559,Innovative user-facing circuit,Books,10.0,-10499.42,-104994.2,2025-04-17 06:00:00,2026-08-07 20:10:16,order_items.csv,2026-08-07,Negative unit_price
ITEM000066130,ORD00044350,SKU02789,Function-based zero-defect collaboration,Electronics,,14199.86,,2025-04-17 06:00:00,2026-08-07 20:10:16,order_items.csv,2026-08-07,Missing quantity
ITEM000066197,ORD00039479,SKU02627,Re-engineered heuristic framework,Grocery,,2311.17,,2025-04-17 06:00:00,2026-08-07 20:10:16,order_items.csv,2026-08-07,Missing quantity
ITEM000066201,ORD00033162,SKU01774,Profound background workforce,Grocery,9.0,-1282.6,-11543.4,2025-04-17 06:00:00,2026-08-07 20:10:16,order_items.csv,2026-08-07,Negative unit_price
ITEM000066264,ORD00045753,SKU03031,Reduced logistical frame,Home & Kitchen,,959.38,,2025-04-17 06:00:00,2026-08-07 20:10:16,order_items.csv,2026-08-07,Missing quantity
ITEM000066301,ORD00004846,SKU02736,Enhanced reciprocal service-desk,Clothing,3.0,-11914.32,-35742.96,2025-04-17 06:00:00,2026-08-07 20:10:16,order_items.csv,2026-08-07,Negative unit_price
ITEM000066331,ORD00015212,SKU01357,Stand-alone object-oriented customer loyalty,Beauty,,11861.33,,2025-04-17 06:00:00,2026-08-07 20:10:16,order_items.csv,2026-08-07,Missing quantity
ITEM000066398,ORD00034636,SKU02068,Horizontal disintermediate Internet solution,Electronics,,7593.82,,2025-04-17 06:00:00,2026-08-07 20:10:16,order_items.csv,2026-08-07,Missing quantity
ITEM000066401,ORD00016553,SKU00834,Sharable 24/7 open system,Toys,7.0,-6520.23,-45641.61,2025-04-17 06:00:00,2026-08-07 20:10:16,order_items.csv,2026-08-07,Negative unit_price
ITEM000066465,ORD00021500,SKU04955,Balanced optimal task-force,Home & Kitchen,,12981.01,,2025-04-17 06:00:00,2026-08-07 20:10:16,order_items.csv,2026-08-07,Missing quantity
ITEM000066501,ORD00038334,SKU00668,Polarized incremental complexity,Toys,9.0,-6672.17,-60049.53,2025-04-17 06:00:00,2026-08-07 20:10:16,order_items.csv,2026-08-07,Negative unit_price
ITEM000066532,ORD00022001,SKU01791,Up-sized clear-thinking array,Toys,,13986.59,,2025-04-17 06:00:00,2026-08-07 20:10:16,order_items.csv,2026-08-07,Missing quantity
ITEM000066599,ORD00011784,SKU00042,Enhanced web-enabled implementation,Sports,,10988.24,,2025-04-17 06:00:00,2026-08-07 20:10:16,order_items.csv,2026-08-07,Missing quantity
ITEM000066601,ORD00018772,SKU02203,Face-to-face next generation concept,Beauty,10.0,-8492.52,-84925.20000000001,2025-04-17 06:00:00,2026-08-07 20:10:16,order_items.csv,2026-08-07,Negative unit_price
ITEM000066666,ORD00039449,SKU01486,Ameliorated cohesive functionalities,Grocery,,5639.97,,2025-04-17 06:00:00,2026-08-07 20:10:16,order_items.csv,2026-08-07,Missing quantity
ITEM000066701,ORD00001288,SKU00983,Total client-driven knowledgebase,Toys,9.0,-9893.6,-89042.40000000001,2025-04-17 06:00:00,2026-08-07 20:10:16,order_items.csv,2026-08-07,Negative unit_price
ITEM000066733,ORD00026586,SKU01728,Visionary heuristic core,Toys,,11597.76,,2025-04-17 06:00:00,2026-08-07 20:10:16,order_items.csv,2026-08-07,Missing quantity
ITEM000066800,ORD00035849,SKU03296,De-engineered web-enabled hardware,Beauty,,7185.46,,2025-04-17 06:00:00,2026-08-07 20:10:16,order_items.csv,2026-08-07,Missing quantity
ITEM000066801,ORD00017548,SKU00566,Vision-oriented coherent infrastructure,Sports,10.0,-7623.17,-76231.7,2025-04-17 06:00:00,2026-08-07 20:10:16,order_items.csv,2026-08-07,Negative unit_price
ITEM000066867,ORD00048789,SKU04664,Balanced full-range capacity,Books,,13275.51,,2025-04-17 06:00:00,2026-08-07 20:10:16,order_items.csv,2026-08-07,Missing quantity
ITEM000066901,ORD00032446,SKU01973,Up-sized asynchronous workforce,Books,3.0,-4614.74,-13844.22,2025-04-17 06:00:00,2026-08-07 20:10:16,order_items.csv,2026-08-07,Negative unit_price
ITEM000066934,ORD00041978,SKU02831,Fundamental actuating extranet,Home & Kitchen,,13599.91,,2025-04-17 06:00:00,2026-08-07 20:10:16,order_items.csv,2026-08-07,Missing quantity
ITEM000067001,ORD00031802,SKU04420,Visionary optimizing customer loyalty,Clothing,,-5470.15,,2025-04-17 06:00:00,2026-08-07 20:10:16,order_items.csv,2026-08-07,Missing quantity
ITEM000067068,ORD00017382,SKU02146,Multi-channeled analyzing core,Sports,,7228.41,,2025-04-17 06:00:00,2026-08-07 20:10:16,order_items.csv,2026-08-07,Missing quantity
ITEM000067101,ORD00024611,SKU04983,Horizontal context-sensitive secured line,Beauty,2.0,-484.95,-969.9,2025-04-17 06:00:00,2026-08-07 20:10:16,order_items.csv,2026-08-07,Negative unit_price
ITEM000067135,ORD00009654,SKU03356,Mandatory motivating budgetary management,Clothing,,194.78,,2025-04-17 06:00:00,2026-08-07 20:10:16,order_items.csv,2026-08-07,Missing quantity
ITEM000067201,ORD00029553,SKU01772,Fully-configurable contextually-based groupware,Electronics,2.0,-14893.34,-29786.68,2025-04-17 06:00:00,2026-08-07 20:10:16,order_items.csv,2026-08-07,Negative unit_price
ITEM000067202,ORD00001395,SKU01660,Customer-focused system-worthy encryption,Electronics,,5718.75,,2025-04-17 06:00:00,2026-08-07 20:10:16,order_items.csv,2026-08-07,Missing quantity
ITEM000067269,ORD00043725,SKU03105,Robust solution-oriented time-frame,Beauty,,13281.22,,2025-04-17 06:00:00,2026-08-07 20:10:16,order_items.csv,2026-08-07,Missing quantity
ITEM000067301,ORD00031925,SKU04156,Profit-focused 6thgeneration circuit,Electronics,7.0,-12658.73,-88611.11,2025-04-17 06:00:00,2026-08-07 20:10:16,order_items.csv,2026-08-07,Negative unit_price
ITEM000067336,ORD00024101,SKU01016,Expanded coherent service-desk,Beauty,,2618.87,,2025-04-17 06:00:00,2026-08-07 20:10:16,order_items.csv,2026-08-07,Missing quantity
ITEM000067401,ORD00002320,SKU04693,Managed even-keeled frame,Grocery,3.0,-7491.17,-22473.510000000002,2025-04-17 06:00:00,2026-08-07 20:10:16,order_items.csv,2026-08-07,Negative unit_price
ITEM000067403,ORD00009174,SKU04924,Switchable 24hour capacity,Grocery,,1174.78,,2025-04-17 06:00:00,2026-08-07 20:10:16,order_items.csv,2026-08-07,Missing quantity
ITEM000067470,ORD00003455,SKU04551,Organized human-resource circuit,Home & Kitchen,,5014.8,,2025-04-17 06:00:00,2026-08-07 20:10:16,order_items.csv,2026-08-07,Missing quantity
ITEM000067501,ORD00031095,SKU02609,Synergized web-enabled open system,Grocery,6.0,-2171.93,-13031.579999999998,2025-04-17 06:00:00,2026-08-07 20:10:16,order_items.csv,2026-08-07,Negative unit_price
ITEM000067537,ORD00044150,SKU02686,Profit-focused multi-tasking open system,Toys,,13237.22,,2025-04-17 06:00:00,2026-08-07 20:10:16,order_items.csv,2026-08-07,Missing quantity
ITEM000067601,ORD00033938,SKU01489,Digitized systematic alliance,Home & Kitchen,5.0,-6078.3,-30391.5,2025-04-17 06:00:00,2026-08-07 20:10:16,order_items.csv,2026-08-07,Negative unit_price
ITEM000067604,ORD00019080,SKU03047,Object-based systematic matrix,Beauty,,12556.3,,2025-04-17 06:00:00,2026-08-07 20:10:16,order_items.csv,2026-08-07,Missing quantity
ITEM000067671,ORD00029439,SKU01576,Future-proofed logistical protocol,Beauty,,6868.23,,2025-04-17 06:00:00,2026-08-07 20:10:16,order_items.csv,2026-08-07,Missing quantity
ITEM000067701,ORD00020067,SKU03771,Profit-focused zero tolerance interface,Clothing,3.0,-8458.24,-25374.72,2025-04-17 06:00:00,2026-08-07 20:10:16,order_items.csv,2026-08-07,Negative unit_price
ITEM000067738,ORD00047052,SKU00973,Future-proofed non-volatile solution,Beauty,,8796.88,,2025-04-17 06:00:00,2026-08-07 20:10:16,order_items.csv,2026-08-07,Missing quantity
ITEM000067801,ORD00046408,SKU01159,Networked actuating emulation,Clothing,1.0,-13253.71,-13253.71,2025-04-17 06:00:00,2026-08-07 20:10:16,order_items.csv,2026-08-07,Negative unit_price
ITEM000067805,ORD00037876,SKU00784,Cloned logistical framework,Grocery,,5720.84,,2025-04-17 06:00:00,2026-08-07 20:10:16,order_items.csv,2026-08-07,Missing quantity
ITEM000067872,ORD00003250,SKU02581,De-engineered zero-defect challenge,Beauty,,5631.03,,2025-04-17 06:00:00,2026-08-07 20:10:16,order_items.csv,2026-08-07,Missing quantity
ITEM000067901,ORD00019322,SKU00243,Innovative holistic challenge,Grocery,9.0,-2045.7,-18411.3,2025-04-17 06:00:00,2026-08-07 20:10:16,order_items.csv,2026-08-07,Negative unit_price
ITEM000067939,ORD00044578,SKU02230,Profit-focused incremental circuit,Beauty,,1164.79,,2025-04-17 06:00:00,2026-08-07 20:10:16,order_items.csv,2026-08-07,Missing quantity
ITEM000068001,ORD00004518,SKU00905,Reactive eco-centric pricing structure,Clothing,7.0,-8697.02,-60879.14,2025-04-17 06:00:00,2026-08-07 20:10:16,order_items.csv,2026-08-07,Negative unit_price
ITEM000068006,ORD00017163,SKU02335,Future-proofed full-range focus group,Electronics,,8660.06,,2025-04-17 06:00:00,2026-08-07 20:10:16,order_items.csv,2026-08-07,Missing quantity
ITEM000068073,ORD00018399,SKU04427,Future-proofed intangible monitoring,Grocery,,5206.73,,2025-04-17 06:00:00,2026-08-07 20:10:16,order_items.csv,2026-08-07,Missing quantity
ITEM000068101,ORD00021644,SKU01562,Seamless foreground capability,Toys,10.0,-11186.87,-111868.70000000001,2025-04-17 06:00:00,2026-08-07 20:10:16,order_items.csv,2026-08-07,Negative unit_price
ITEM000068140,ORD00023147,SKU04609,Customer-focused multi-tasking open system,Electronics,,836.98,,2025-04-17 06:00:00,2026-08-07 20:10:16,order_items.csv,2026-08-07,Missing quantity
ITEM000068201,ORD00025070,SKU04245,Profound multi-tasking access,Toys,2.0,-6600.41,-13200.82,2025-04-17 06:00:00,2026-08-07 20:10:16,order_items.csv,2026-08-07,Negative unit_price
ITEM000068207,ORD00019313,SKU02704,Front-line non-volatile throughput,Electronics,,10122.56,,2025-04-17 06:00:00,2026-08-07 20:10:16,order_items.csv,2026-08-07,Missing quantity
ITEM000068274,ORD00019579,SKU03207,Cross-platform mission-critical encryption,Toys,,13203.89,,2025-04-17 06:00:00,2026-08-07 20:10:16,order_items.csv,2026-08-07,Missing quantity
ITEM000068301,ORD00012553,SKU03107,Synergistic system-worthy synergy,Books,6.0,-3861.92,-23171.52,2025-04-17 06:00:00,2026-08-07 20:10:16,order_items.csv,2026-08-07,Negative unit_price
ITEM000068341,ORD00047569,SKU02450,Enhanced grid-enabled software,Home & Kitchen,,3637.89,,2025-04-17 06:00:00,2026-08-07 20:10:16,order_items.csv,2026-08-07,Missing quantity
ITEM000068401,ORD00038787,SKU04438,Vision-oriented global open architecture,Toys,6.0,-10074.55,-60447.299999999996,2025-04-17 06:00:00,2026-08-07 20:10:16,order_items.csv,2026-08-07,Negative unit_price
ITEM000068408,ORD00035240,SKU02860,Front-line optimizing array,Electronics,,13447.53,,2025-04-17 06:00:00,2026-08-07 20:10:16,order_items.csv,2026-08-07,Missing quantity
ITEM000068475,ORD00042965,SKU02216,Secured didactic workforce,Grocery,,1118.57,,2025-04-17 06:00:00,2026-08-07 20:10:16,order_items.csv,2026-08-07,Missing quantity
ITEM000068501,ORD00048987,SKU01745,Proactive system-worthy access,Toys,5.0,-11772.47,-58862.35,2025-04-17 06:00:00,2026-08-07 20:10:16,order_items.csv,2026-08-07,Negative unit_price
ITEM000068542,ORD00041192,SKU03086,Diverse modular portal,Books,,11633.0,,2025-04-17 06:00:00,2026-08-07 20:10:16,order_items.csv,2026-08-07,Missing quantity
ITEM000068601,ORD00036541,SKU00169,Right-sized bi-directional contingency,Beauty,3.0,-6562.99,-19688.97,2025-04-17 06:00:00,2026-08-07 20:10:16,order_items.csv,2026-08-07,Negative unit_price
ITEM000068609,ORD00001447,SKU01902,Distributed multimedia model,Sports,,13134.82,,2025-04-17 06:00:00,2026-08-07 20:10:16,order_items.csv,2026-08-07,Missing quantity
ITEM000068676,ORD00046796,SKU02110,Reactive demand-driven projection,Home & Kitchen,,11416.2,,2025-04-17 06:00:00,2026-08-07 20:10:16,order_items.csv,2026-08-07,Missing quantity
ITEM000068701,ORD00046537,SKU03018,Adaptive non-volatile Local Area Network,Grocery,2.0,-5250.56,-10501.12,2025-04-17 06:00:00,2026-08-07 20:10:16,order_items.csv,2026-08-07,Negative unit_price
ITEM000068743,ORD00028255,SKU00198,Exclusive even-keeled matrices,Sports,,14562.45,,2025-04-17 06:00:00,2026-08-07 20:10:16,order_items.csv,2026-08-07,Missing quantity
ITEM000068801,ORD00032239,SKU02987,Face-to-face solution-oriented benchmark,Toys,2.0,-13901.75,-27803.5,2025-04-17 06:00:00,2026-08-07 20:10:16,order_items.csv,2026-08-07,Negative unit_price
ITEM000068810,ORD00013367,SKU03049,Cloned attitude-oriented artificial intelligence,Grocery,,5625.8,,2025-04-17 06:00:00,2026-08-07 20:10:16,order_items.csv,2026-08-07,Missing quantity
ITEM000068877,ORD00022145,SKU01781,Centralized regional capacity,Grocery,,2638.16,,2025-04-17 06:00:00,2026-08-07 20:10:16,order_items.csv,2026-08-07,Missing quantity
ITEM000068901,ORD00038657,SKU02484,Balanced 4thgeneration workforce,Clothing,2.0,-1765.75,-3531.5,2025-04-17 06:00:00,2026-08-07 20:10:16,order_items.csv,2026-08-07,Negative unit_price
ITEM000068944,ORD00010474,SKU01423,Self-enabling modular open architecture,Clothing,,12748.41,,2025-04-17 06:00:00,2026-08-07 20:10:16,order_items.csv,2026-08-07,Missing quantity
ITEM000069001,ORD00041611,SKU03711,Total non-volatile installation,Electronics,1.0,-9080.32,-9080.32,2025-04-17 06:00:00,2026-08-07 20:10:16,order_items.csv,2026-08-07,Negative unit_price
ITEM000069011,ORD00014570,SKU02618,Customer-focused systemic workforce,Books,,548.42,,2025-04-17 06:00:00,2026-08-07 20:10:16,order_items.csv,2026-08-07,Missing quantity
ITEM000069078,ORD00019687,SKU03698,Adaptive analyzing installation,Beauty,,9597.56,,2025-04-17 06:00:00,2026-08-07 20:10:16,order_items.csv,2026-08-07,Missing quantity
ITEM000069101,ORD00000565,SKU01022,Automated contextually-based circuit,Electronics,6.0,-10815.82,-64894.92,2025-04-17 06:00:00,2026-08-07 20:10:16,order_items.csv,2026-08-07,Negative unit_price
ITEM000069145,ORD00047260,SKU01545,Compatible multi-tasking contingency,Books,,11948.66,,2025-04-17 06:00:00,2026-08-07 20:10:16,order_items.csv,2026-08-07,Missing quantity
ITEM000069201,ORD00009623,SKU04579,Integrated solution-oriented instruction set,Books,10.0,-4162.06,-41620.600000000006,2025-04-17 06:00:00,2026-08-07 20:10:16,order_items.csv,2026-08-07,Negative unit_price
ITEM000069212,ORD00043519,SKU01138,Compatible grid-enabled algorithm,Sports,,9323.46,,2025-04-17 06:00:00,2026-08-07 20:10:16,order_items.csv,2026-08-07,Missing quantity
ITEM000069279,ORD00044366,SKU03526,Optimized even-keeled infrastructure,Toys,,9032.35,,2025-04-17 06:00:00,2026-08-07 20:10:16,order_items.csv,2026-08-07,Missing quantity
ITEM000069301,ORD00017255,SKU04221,Fully-configurable 24/7 algorithm,Beauty,6.0,-763.47,-4580.82,2025-04-17 06:00:00,2026-08-07 20:10:16,order_items.csv,2026-08-07,Negative unit_price
ITEM000069346,ORD00029250,SKU02739,Pre-emptive logistical function,Clothing,,4720.12,,2025-04-17 06:00:00,2026-08-07 20:10:16,order_items.csv,2026-08-07,Missing quantity
ITEM000069401,ORD00048989,SKU01346,Fundamental systemic knowledge user,Books,7.0,-11865.07,-83055.48999999999,2025-04-17 06:00:00,2026-08-07 20:10:16,order_items.csv,2026-08-07,Negative unit_price
ITEM000069413,ORD00034134,SKU04740,Persistent modular budgetary management,Home & Kitchen,,8899.2,,2025-04-17 06:00:00,2026-08-07 20:10:16,order_items.csv,2026-08-07,Missing quantity
ITEM000069480,ORD00046021,SKU02542,Total incremental adapter,Beauty,,5073.15,,2025-04-17 06:00:00,2026-08-07 20:10:16,order_items.csv,2026-08-07,Missing quantity
ITEM000069501,ORD00000447,SKU02976,Streamlined directional definition,Books,4.0,-5581.97,-22327.88,2025-04-17 06:00:00,2026-08-07 20:10:16,order_items.csv,2026-08-07,Negative unit_price
ITEM000069547,ORD00031431,SKU00734,Quality-focused fault-tolerant moderator,Home & Kitchen,,13689.85,,2025-04-17 06:00:00,2026-08-07 20:10:16,order_items.csv,2026-08-07,Missing quantity
ITEM000069601,ORD00035687,SKU01109,Multi-layered homogeneous capacity,Electronics,10.0,-7381.42,-73814.2,2025-04-17 06:00:00,2026-08-07 20:10:16,order_items.csv,2026-08-07,Negative unit_price
ITEM000069614,ORD00026396,SKU01189,Team-oriented full-range architecture,Grocery,,2511.18,,2025-04-17 06:00:00,2026-08-07 20:10:16,order_items.csv,2026-08-07,Missing quantity
ITEM000069681,ORD00004520,SKU00193,Monitored client-server moderator,Sports,,11024.29,,2025-04-17 06:00:00,2026-08-07 20:10:16,order_items.csv,2026-08-07,Missing quantity
ITEM000069701,ORD00005175,SKU02354,Right-sized clear-thinking structure,Sports,6.0,-3256.84,-19541.04,2025-04-17 06:00:00,2026-08-07 20:10:16,order_items.csv,2026-08-07,Negative unit_price
ITEM000069748,ORD00042308,SKU03832,Organized systemic parallelism,Beauty,,12558.59,,2025-04-17 06:00:00,2026-08-07 20:10:16,order_items.csv,2026-08-07,Missing quantity
ITEM000069801,ORD00047791,SKU02123,Up-sized demand-driven project,Grocery,4.0,-8324.02,-33296.08,2025-04-17 06:00:00,2026-08-07 20:10:16,order_items.csv,2026-08-07,Negative unit_price
ITEM000069815,ORD00045637,SKU00561,Multi-tiered systematic artificial intelligence,Books,,10917.05,,2025-04-17 06:00:00,2026-08-07 20:10:16,order_items.csv,2026-08-07,Missing quantity
ITEM000069882,ORD00025512,SKU00064,Versatile 24/7 policy,Beauty,,328.77,,2025-04-17 06:00:00,2026-08-07 20:10:16,order_items.csv,2026-08-07,Missing quantity
ITEM000069901,ORD00002435,SKU02192,Organic full-range frame,Electronics,2.0,-432.35,-864.7,2025-04-17 06:00:00,2026-08-07 20:10:16,order_items.csv,2026-08-07,Negative unit_price
ITEM000069949,ORD00018857,SKU02720,Networked tangible focus group,Beauty,,12690.51,,2025-04-17 06:00:00,2026-08-07 20:10:16,order_items.csv,2026-08-07,Missing quantity
ITEM000070001,ORD00008893,SKU00269,Adaptive impactful project,Books,5.0,-754.57,-3772.8500000000004,2025-04-17 06:00:00,2026-08-07 20:10:16,order_items.csv,2026-08-07,Negative unit_price
ITEM000070016,ORD00019017,SKU04059,Expanded actuating time-frame,Sports,,7649.15,,2025-04-17 06:00:00,2026-08-07 20:10:16,order_items.csv,2026-08-07,Missing quantity
ITEM000070083,ORD00003425,SKU01864,Polarized motivating matrix,Electronics,,701.79,,2025-04-17 06:00:00,2026-08-07 20:10:16,order_items.csv,2026-08-07,Missing quantity
ITEM000070101,ORD00021108,SKU02002,Cloned 24/7 core,Grocery,8.0,-5651.12,-45208.96,2025-04-17 06:00:00,2026-08-07 20:10:16,order_items.csv,2026-08-07,Negative unit_price
ITEM000070150,ORD00033841,SKU04959,Fundamental system-worthy process improvement,Beauty,,9856.51,,2025-04-17 06:00:00,2026-08-07 20:10:16,order_items.csv,2026-08-07,Missing quantity
ITEM000070201,ORD00008732,SKU03960,User-centric radical parallelism,Electronics,7.0,-434.82,-3043.74,2025-04-17 06:00:00,2026-08-07 20:10:16,order_items.csv,2026-08-07,Negative unit_price
ITEM000070217,ORD00041507,SKU00405,Balanced cohesive array,Home & Kitchen,,5220.11,,2025-04-17 06:00:00,2026-08-07 20:10:16,order_items.csv,2026-08-07,Missing quantity
ITEM000070284,ORD00035329,SKU00754,Balanced systematic leverage,Home & Kitchen,,8209.05,,2025-04-17 06:00:00,2026-08-07 20:10:16,order_items.csv,2026-08-07,Missing quantity
ITEM000070301,ORD00038246,SKU03835,Advanced foreground orchestration,Electronics,8.0,-2350.19,-18801.52,2025-04-17 06:00:00,2026-08-07 20:10:16,order_items.csv,2026-08-07,Negative unit_price
ITEM000070351,ORD00004196,SKU00556,Programmable client-driven alliance,Home & Kitchen,,13832.61,,2025-04-17 06:00:00,2026-08-07 20:10:16,order_items.csv,2026-08-07,Missing quantity
ITEM000070401,ORD00022827,SKU01126,Fully-configurable methodical moratorium,Clothing,9.0,-8582.27,-77240.43000000001,2025-04-17 06:00:00,2026-08-07 20:10:16,order_items.csv,2026-08-07,Negative unit_price
ITEM000070418,ORD00034874,SKU00132,Quality-focused executive capacity,Grocery,,5210.17,,2025-04-17 06:00:00,2026-08-07 20:10:16,order_items.csv,2026-08-07,Missing quantity
ITEM000070485,ORD00034127,SKU02706,Upgradable hybrid instruction set,Sports,,5987.81,,2025-04-17 06:00:00,2026-08-07 20:10:16,order_items.csv,2026-08-07,Missing quantity
ITEM000070501,ORD00013296,SKU01551,Fully-configurable secondary superstructure,Books,8.0,-14986.13,-119889.04,2025-04-17 06:00:00,2026-08-07 20:10:16,order_items.csv,2026-08-07,Negative unit_price
ITEM000070552,ORD00016859,SKU04159,Cross-platform 4thgeneration toolset,Clothing,,10419.5,,2025-04-17 06:00:00,2026-08-07 20:10:16,order_items.csv,2026-08-07,Missing quantity
ITEM000070601,ORD00047919,SKU02451,Team-oriented zero administration approach,Grocery,2.0,-5139.82,-10279.64,2025-04-17 06:00:00,2026-08-07 20:10:16,order_items.csv,2026-08-07,Negative unit_price
ITEM000070619,ORD00032819,SKU02688,Multi-tiered web-enabled algorithm,Sports,,8774.37,,2025-04-17 06:00:00,2026-08-07 20:10:16,order_items.csv,2026-08-07,Missing quantity
ITEM000070686,ORD00010460,SKU03389,Organic object-oriented challenge,Books,,11013.86,,2025-04-17 06:00:00,2026-08-07 20:10:16,order_items.csv,2026-08-07,Missing quantity
ITEM000070701,ORD00015604,SKU04834,Face-to-face intermediate toolset,Books,5.0,-3991.14,-19955.7,2025-04-17 06:00:00,2026-08-07 20:10:16,order_items.csv,2026-08-07,Negative unit_price
ITEM000070753,ORD00021622,SKU02196,Proactive 6thgeneration hardware,Electronics,,8339.36,,2025-04-17 06:00:00,2026-08-07 20:10:16,order_items.csv,2026-08-07,Missing quantity
ITEM000070801,ORD00011189,SKU01554,Re-engineered intangible frame,Electronics,5.0,-4698.5,-23492.5,2025-04-17 06:00:00,2026-08-07 20:10:16,order_items.csv,2026-08-07,Negative unit_price
ITEM000070820,ORD00020394,SKU03314,Down-sized hybrid parallelism,Electronics,,14823.67,,2025-04-17 06:00:00,2026-08-07 20:10:16,order_items.csv,2026-08-07,Missing quantity
ITEM000070887,ORD00019378,SKU03796,Persistent even-keeled flexibility,Toys,,8383.86,,2025-04-17 06:00:00,2026-08-07 20:10:16,order_items.csv,2026-08-07,Missing quantity
ITEM000070901,ORD00037408,SKU02643,Networked uniform software,Books,7.0,-3573.9,-25017.3,2025-04-17 06:00:00,2026-08-07 20:10:16,order_items.csv,2026-08-07,Negative unit_price
ITEM000070954,ORD00040243,SKU01986,Down-sized scalable approach,Electronics,,14089.2,,2025-04-17 06:00:00,2026-08-07 20:10:16,order_items.csv,2026-08-07,Missing quantity
ITEM000071001,ORD00033154,SKU00545,Multi-lateral multi-tasking hardware,Beauty,2.0,-4465.07,-8930.14,2025-04-17 06:00:00,2026-08-07 20:10:16,order_items.csv,2026-08-07,Negative unit_price
ITEM000071021,ORD00031537,SKU04559,Compatible homogeneous algorithm,Beauty,,10033.89,,2025-04-17 06:00:00,2026-08-07 20:10:16,order_items.csv,2026-08-07,Missing quantity
ITEM000071088,ORD00012716,SKU02646,Configurable impactful projection,Electronics,,3934.76,,2025-04-17 06:00:00,2026-08-07 20:10:16,order_items.csv,2026-08-07,Missing quantity
ITEM000071101,ORD00028459,SKU03069,Automated intangible structure,Sports,8.0,-6748.7,-53989.6,2025-04-17 06:00:00,2026-08-07 20:10:16,order_items.csv,2026-08-07,Negative unit_price
ITEM000071155,ORD00036740,SKU00333,Face-to-face systemic focus group,Sports,,14918.45,,2025-04-17 06:00:00,2026-08-07 20:10:16,order_items.csv,2026-08-07,Missing quantity
ITEM000071201,ORD00031608,SKU01836,Phased bifurcated concept,Grocery,7.0,-415.43,-2908.01,2025-04-17 06:00:00,2026-08-07 20:10:16,order_items.csv,2026-08-07,Negative unit_price
ITEM000071222,ORD00010346,SKU00464,Cross-group 6thgeneration algorithm,Electronics,,4750.16,,2025-04-17 06:00:00,2026-08-07 20:10:16,order_items.csv,2026-08-07,Missing quantity
ITEM000071289,ORD00014218,SKU02817,Polarized exuding alliance,Sports,,10850.32,,2025-04-17 06:00:00,2026-08-07 20:10:16,order_items.csv,2026-08-07,Missing quantity
ITEM000071301,ORD00019994,SKU02604,Extended non-volatile artificial intelligence,Clothing,7.0,-1061.93,-7433.51,2025-04-17 06:00:00,2026-08-07 20:10:16,order_items.csv,2026-08-07,Negative unit_price
ITEM000071356,ORD00034855,SKU01891,Innovative encompassing portal,Sports,,11285.29,,2025-04-17 06:00:00,2026-08-07 20:10:16,order_items.csv,2026-08-07,Missing quantity
ITEM000071401,ORD00041717,SKU00374,Multi-lateral dynamic algorithm,Grocery,7.0,-3084.59,-21592.13,2025-04-17 06:00:00,2026-08-07 20:10:16,order_items.csv,2026-08-07,Negative unit_price
ITEM000071423,ORD00034999,SKU00769,Open-architected content-based workforce,Beauty,,10993.54,,2025-04-17 06:00:00,2026-08-07 20:10:16,order_items.csv,2026-08-07,Missing quantity
ITEM000071490,ORD00036450,SKU03357,Exclusive system-worthy circuit,Electronics,,14604.91,,2025-04-17 06:00:00,2026-08-07 20:10:16,order_items.csv,2026-08-07,Missing quantity
ITEM000071501,ORD00010406,SKU03272,Mandatory client-driven customer loyalty,Clothing,4.0,-9092.48,-36369.92,2025-04-17 06:00:00,2026-08-07 20:10:16,order_items.csv,2026-08-07,Negative unit_price
ITEM000071557,ORD00040013,SKU00047,Right-sized real-time adapter,Beauty,,9151.24,,2025-04-17 06:00:00,2026-08-07 20:10:16,order_items.csv,2026-08-07,Missing quantity
ITEM000071601,ORD00039089,SKU01471,Synergized multi-state pricing structure,Sports,2.0,-10972.57,-21945.14,2025-04-17 06:00:00,2026-08-07 20:10:16,order_items.csv,2026-08-07,Negative unit_price
ITEM000071624,ORD00001651,SKU02586,Multi-layered 5thgeneration infrastructure,Toys,,1928.99,,2025-04-17 06:00:00,2026-08-07 20:10:16,order_items.csv,2026-08-07,Missing quantity
ITEM000071691,ORD00013619,SKU02411,Reactive incremental neural-net,Beauty,,3761.5,,2025-04-17 06:00:00,2026-08-07 20:10:16,order_items.csv,2026-08-07,Missing quantity
ITEM000071701,ORD00029438,SKU03728,Horizontal multi-tasking archive,Sports,4.0,-8132.84,-32531.36,2025-04-17 06:00:00,2026-08-07 20:10:16,order_items.csv,2026-08-07,Negative unit_price
ITEM000071758,ORD00008860,SKU00903,Future-proofed 4thgeneration Graphical User Interf,Books,,639.53,,2025-04-17 06:00:00,2026-08-07 20:10:16,order_items.csv,2026-08-07,Missing quantity
ITEM000071801,ORD00007917,SKU03973,Programmable directional knowledgebase,Books,3.0,-9514.15,-28542.449999999997,2025-04-17 06:00:00,2026-08-07 20:10:16,order_items.csv,2026-08-07,Negative unit_price
ITEM000071825,ORD00036642,SKU03523,Horizontal dedicated capacity,Toys,,13925.21,,2025-04-17 06:00:00,2026-08-07 20:10:16,order_items.csv,2026-08-07,Missing quantity
ITEM000071892,ORD00028585,SKU00762,Organic disintermediate database,Sports,,2046.37,,2025-04-17 06:00:00,2026-08-07 20:10:16,order_items.csv,2026-08-07,Missing quantity
ITEM000071901,ORD00002624,SKU03148,Seamless user-facing system engine,Home & Kitchen,8.0,-12075.7,-96605.6,2025-04-17 06:00:00,2026-08-07 20:10:16,order_items.csv,2026-08-07,Negative unit_price
ITEM000071959,ORD00032865,SKU02990,Implemented bottom-line function,Electronics,,14908.84,,2025-04-17 06:00:00,2026-08-07 20:10:16,order_items.csv,2026-08-07,Missing quantity
ITEM000072001,ORD00048076,SKU01931,Customer-focused system-worthy groupware,Electronics,6.0,-746.48,-4478.88,2025-04-17 06:00:00,2026-08-07 20:10:16,order_items.csv,2026-08-07,Negative unit_price
ITEM000072026,ORD00023831,SKU03114,De-engineered hybrid attitude,Beauty,,10605.28,,2025-04-17 06:00:00,2026-08-07 20:10:16,order_items.csv,2026-08-07,Missing quantity
ITEM000072093,ORD00039185,SKU04787,Devolved multimedia access,Grocery,,9703.69,,2025-04-17 06:00:00,2026-08-07 20:10:16,order_items.csv,2026-08-07,Missing quantity
ITEM000072101,ORD00036473,SKU02526,Fundamental interactive conglomeration,Toys,6.0,-3921.7,-23530.199999999997,2025-04-17 06:00:00,2026-08-07 20:10:16,order_items.csv,2026-08-07,Negative unit_price
ITEM000072160,ORD00001655,SKU00978,Quality-focused intermediate migration,Beauty,,6754.65,,2025-04-17 06:00:00,2026-08-07 20:10:16,order_items.csv,2026-08-07,Missing quantity
ITEM000072201,ORD00007073,SKU04678,Extended web-enabled hub,Clothing,8.0,-11022.38,-88179.04,2025-04-17 06:00:00,2026-08-07 20:10:16,order_items.csv,2026-08-07,Negative unit_price
ITEM000072227,ORD00003154,SKU03104,Total 6thgeneration installation,Books,,4002.84,,2025-04-17 06:00:00,2026-08-07 20:10:16,order_items.csv,2026-08-07,Missing quantity
ITEM000072294,ORD00032296,SKU02464,Polarized 24/7 success,Grocery,,12700.46,,2025-04-17 06:00:00,2026-08-07 20:10:16,order_items.csv,2026-08-07,Missing quantity
ITEM000072301,ORD00040374,SKU01651,Upgradable multi-state throughput,Books,7.0,-934.86,-6544.02,2025-04-17 06:00:00,2026-08-07 20:10:16,order_items.csv,2026-08-07,Negative unit_price
ITEM000072361,ORD00042275,SKU04142,Enterprise-wide coherent Graphic Interface,Clothing,,3562.4,,2025-04-17 06:00:00,2026-08-07 20:10:16,order_items.csv,2026-08-07,Missing quantity
ITEM000072401,ORD00020573,SKU01560,Right-sized composite throughput,Grocery,10.0,-14499.61,-144996.1,2025-04-17 06:00:00,2026-08-07 20:10:16,order_items.csv,2026-08-07,Negative unit_price
ITEM000072428,ORD00032803,SKU02687,Exclusive hybrid secured line,Sports,,11446.63,,2025-04-17 06:00:00,2026-08-07 20:10:16,order_items.csv,2026-08-07,Missing quantity
ITEM000072495,ORD00024560,SKU00085,Multi-layered dedicated solution,Toys,,13358.37,,2025-04-17 06:00:00,2026-08-07 20:10:16,order_items.csv,2026-08-07,Missing quantity
ITEM000072501,ORD00026933,SKU00569,Optimized upward-trending functionalities,Clothing,6.0,-3948.58,-23691.48,2025-04-17 06:00:00,2026-08-07 20:10:16,order_items.csv,2026-08-07,Negative unit_price
ITEM000072562,ORD00045644,SKU04177,Inverse modular capability,Sports,,4070.5,,2025-04-17 06:00:00,2026-08-07 20:10:16,order_items.csv,2026-08-07,Missing quantity
ITEM000072601,ORD00008060,SKU02436,Focused contextually-based methodology,Sports,8.0,-3565.06,-28520.48,2025-04-17 06:00:00,2026-08-07 20:10:16,order_items.csv,2026-08-07,Negative unit_price
ITEM000072629,ORD00029192,SKU02222,Secured tertiary hub,Toys,,4888.26,,2025-04-17 06:00:00,2026-08-07 20:10:16,order_items.csv,2026-08-07,Missing quantity
ITEM000072696,ORD00028233,SKU00709,Up-sized multi-state challenge,Grocery,,7335.12,,2025-04-17 06:00:00,2026-08-07 20:10:16,order_items.csv,2026-08-07,Missing quantity
ITEM000072701,ORD00026344,SKU04614,Switchable exuding approach,Grocery,2.0,-14906.22,-29812.44,2025-04-17 06:00:00,2026-08-07 20:10:16,order_items.csv,2026-08-07,Negative unit_price
ITEM000072763,ORD00000668,SKU01211,Integrated holistic throughput,Clothing,,2766.47,,2025-04-17 06:00:00,2026-08-07 20:10:16,order_items.csv,2026-08-07,Missing quantity
ITEM000072801,ORD00010168,SKU00021,User-centric multi-state open architecture,Clothing,6.0,-13378.82,-80272.92,2025-04-17 06:00:00,2026-08-07 20:10:16,order_items.csv,2026-08-07,Negative unit_price
ITEM000072830,ORD00035403,SKU03512,Open-source didactic methodology,Electronics,,7711.99,,2025-04-17 06:00:00,2026-08-07 20:10:16,order_items.csv,2026-08-07,Missing quantity
ITEM000072897,ORD00007829,SKU01149,Advanced asynchronous matrices,Electronics,,2414.15,,2025-04-17 06:00:00,2026-08-07 20:10:16,order_items.csv,2026-08-07,Missing quantity
ITEM000072901,ORD00026792,SKU00711,Cross-group actuating ability,Beauty,5.0,-10438.17,-52190.85,2025-04-17 06:00:00,2026-08-07 20:10:16,order_items.csv,2026-08-07,Negative unit_price
ITEM000072964,ORD00036413,SKU01119,Open-architected client-driven policy,Clothing,,8337.79,,2025-04-17 06:00:00,2026-08-07 20:10:16,order_items.csv,2026-08-07,Missing quantity
ITEM000073001,ORD00008158,SKU02852,Seamless human-resource array,Electronics,10.0,-6721.41,-67214.1,2025-04-17 06:00:00,2026-08-07 20:10:16,order_items.csv,2026-08-07,Negative unit_price
ITEM000073031,ORD00039530,SKU02674,Up-sized bi-directional emulation,Home & Kitchen,,4916.97,,2025-04-17 06:00:00,2026-08-07 20:10:16,order_items.csv,2026-08-07,Missing quantity
ITEM000073098,ORD00031639,SKU00914,Re-engineered reciprocal model,Home & Kitchen,,392.75,,2025-04-17 06:00:00,2026-08-07 20:10:16,order_items.csv,2026-08-07,Missing quantity
ITEM000073101,ORD00045602,SKU03574,Self-enabling cohesive throughput,Home & Kitchen,5.0,-11176.13,-55880.649999999994,2025-04-17 06:00:00,2026-08-07 20:10:16,order_items.csv,2026-08-07,Negative unit_price
ITEM000073165,ORD00041354,SKU03751,Face-to-face asynchronous strategy,Grocery,,9462.95,,2025-04-17 06:00:00,2026-08-07 20:10:16,order_items.csv,2026-08-07,Missing quantity
ITEM000073201,ORD00024087,SKU02977,Seamless zero administration artificial intelligen,Electronics,2.0,-13239.78,-26479.56,2025-04-17 06:00:00,2026-08-07 20:10:16,order_items.csv,2026-08-07,Negative unit_price
ITEM000073232,ORD00019130,SKU01129,Versatile intangible secured line,Clothing,,6103.98,,2025-04-17 06:00:00,2026-08-07 20:10:16,order_items.csv,2026-08-07,Missing quantity
ITEM000073299,ORD00043030,SKU01907,Cloned cohesive success,Sports,,13347.93,,2025-04-17 06:00:00,2026-08-07 20:10:16,order_items.csv,2026-08-07,Missing quantity
ITEM000073301,ORD00020266,SKU01658,Enterprise-wide value-added benchmark,Home & Kitchen,4.0,-3122.3,-12489.2,2025-04-17 06:00:00,2026-08-07 20:10:16,order_items.csv,2026-08-07,Negative unit_price
ITEM000073366,ORD00003836,SKU03469,Grass-roots real-time circuit,Sports,,8730.43,,2025-04-17 06:00:00,2026-08-07 20:10:16,order_items.csv,2026-08-07,Missing quantity
ITEM000073401,ORD00042701,SKU00229,Distributed didactic encryption,Sports,10.0,-9080.03,-90800.3,2025-04-17 06:00:00,2026-08-07 20:10:16,order_items.csv,2026-08-07,Negative unit_price
ITEM000073433,ORD00001757,SKU03703,Open-architected bottom-line orchestration,Electronics,,5302.82,,2025-04-17 06:00:00,2026-08-07 20:10:16,order_items.csv,2026-08-07,Missing quantity
ITEM000073500,ORD00047297,SKU00434,Public-key reciprocal architecture,Electronics,,10730.26,,2025-04-17 06:00:00,2026-08-07 20:10:16,order_items.csv,2026-08-07,Missing quantity
ITEM000073501,ORD00026475,SKU04045,Synergized dynamic service-desk,Electronics,5.0,-1181.76,-5908.8,2025-04-17 06:00:00,2026-08-07 20:10:16,order_items.csv,2026-08-07,Negative unit_price
ITEM000073567,ORD00031272,SKU02897,Down-sized modular infrastructure,Toys,,8926.03,,2025-04-17 06:00:00,2026-08-07 20:10:16,order_items.csv,2026-08-07,Missing quantity
ITEM000073601,ORD00012543,SKU02506,Ameliorated encompassing utilization,Clothing,3.0,-185.67,-557.01,2025-04-17 06:00:00,2026-08-07 20:10:16,order_items.csv,2026-08-07,Negative unit_price
ITEM000073634,ORD00004238,SKU03872,Organized didactic infrastructure,Home & Kitchen,,9558.43,,2025-04-17 06:00:00,2026-08-07 20:10:16,order_items.csv,2026-08-07,Missing quantity
ITEM000073701,ORD00045206,SKU02880,Integrated zero-defect throughput,Sports,,-11762.25,,2025-04-17 06:00:00,2026-08-07 20:10:16,order_items.csv,2026-08-07,Missing quantity
ITEM000073768,ORD00047444,SKU01950,Reverse-engineered grid-enabled matrices,Toys,,6808.66,,2025-04-17 06:00:00,2026-08-07 20:10:16,order_items.csv,2026-08-07,Missing quantity
ITEM000073801,ORD00025837,SKU03657,Integrated neutral utilization,Home & Kitchen,8.0,-1132.38,-9059.04,2025-04-17 06:00:00,2026-08-07 20:10:16,order_items.csv,2026-08-07,Negative unit_price
ITEM000073835,ORD00015172,SKU01591,Phased system-worthy website,Beauty,,13166.02,,2025-04-17 06:00:00,2026-08-07 20:10:16,order_items.csv,2026-08-07,Missing quantity
ITEM000073901,ORD00029880,SKU02798,Self-enabling clear-thinking synergy,Books,6.0,-7132.84,-42797.04,2025-04-17 06:00:00,2026-08-07 20:10:16,order_items.csv,2026-08-07,Negative unit_price
ITEM000073902,ORD00036611,SKU02627,Re-engineered heuristic framework,Grocery,,2311.17,,2025-04-17 06:00:00,2026-08-07 20:10:16,order_items.csv,2026-08-07,Missing quantity
ITEM000073969,ORD00002917,SKU01780,Visionary holistic circuit,Clothing,,3797.85,,2025-04-17 06:00:00,2026-08-07 20:10:16,order_items.csv,2026-08-07,Missing quantity
ITEM000074001,ORD00031113,SKU04746,Multi-tiered fresh-thinking workforce,Grocery,3.0,-12026.85,-36080.55,2025-04-17 06:00:00,2026-08-07 20:10:16,order_items.csv,2026-08-07,Negative unit_price
ITEM000074036,ORD00016222,SKU00379,Phased stable adapter,Home & Kitchen,,7929.71,,2025-04-17 06:00:00,2026-08-07 20:10:16,order_items.csv,2026-08-07,Missing quantity
ITEM000074101,ORD00007994,SKU02152,Cloned uniform alliance,Grocery,5.0,-14295.17,-71475.85,2025-04-17 06:00:00,2026-08-07 20:10:16,order_items.csv,2026-08-07,Negative unit_price
ITEM000074103,ORD00031834,SKU03645,Proactive methodical software,Electronics,,7356.27,,2025-04-17 06:00:00,2026-08-07 20:10:16,order_items.csv,2026-08-07,Missing quantity
ITEM000074170,ORD00008985,SKU03706,Customer-focused encompassing hierarchy,Books,,4301.4,,2025-04-17 06:00:00,2026-08-07 20:10:16,order_items.csv,2026-08-07,Missing quantity
ITEM000074201,ORD00029353,SKU01453,Adaptive tertiary protocol,Sports,7.0,-5909.77,-41368.39,2025-04-17 06:00:00,2026-08-07 20:10:16,order_items.csv,2026-08-07,Negative unit_price
ITEM000074237,ORD00032677,SKU01528,Reverse-engineered full-range secured line,Toys,,5911.38,,2025-04-17 06:00:00,2026-08-07 20:10:16,order_items.csv,2026-08-07,Missing quantity
ITEM000074301,ORD00041586,SKU00478,Enterprise-wide tangible groupware,Grocery,8.0,-7760.69,-62085.52,2025-04-17 06:00:00,2026-08-07 20:10:16,order_items.csv,2026-08-07,Negative unit_price
ITEM000074304,ORD00006422,SKU00924,Synergistic cohesive encryption,Toys,,10311.96,,2025-04-17 06:00:00,2026-08-07 20:10:16,order_items.csv,2026-08-07,Missing quantity
ITEM000074371,ORD00029603,SKU01936,Organized explicit contingency,Toys,,2444.65,,2025-04-17 06:00:00,2026-08-07 20:10:16,order_items.csv,2026-08-07,Missing quantity
ITEM000074401,ORD00011684,SKU02414,Horizontal contextually-based open system,Grocery,5.0,-1130.91,-5654.55,2025-04-17 06:00:00,2026-08-07 20:10:16,order_items.csv,2026-08-07,Negative unit_price
ITEM000074438,ORD00042360,SKU02867,Reduced secondary knowledgebase,Clothing,,1984.31,,2025-04-17 06:00:00,2026-08-07 20:10:16,order_items.csv,2026-08-07,Missing quantity
ITEM000074501,ORD00038559,SKU01474,Persevering value-added service-desk,Grocery,8.0,-2877.59,-23020.72,2025-04-17 06:00:00,2026-08-07 20:10:16,order_items.csv,2026-08-07,Negative unit_price
ITEM000074505,ORD00036115,SKU02451,Team-oriented zero administration approach,Grocery,,5139.82,,2025-04-17 06:00:00,2026-08-07 20:10:16,order_items.csv,2026-08-07,Missing quantity
ITEM000074572,ORD00005282,SKU03281,Phased mobile firmware,Sports,,14983.99,,2025-04-17 06:00:00,2026-08-07 20:10:16,order_items.csv,2026-08-07,Missing quantity
ITEM000074601,ORD00017674,SKU04827,Re-contextualized global capability,Beauty,8.0,-13587.17,-108697.36,2025-04-17 06:00:00,2026-08-07 20:10:16,order_items.csv,2026-08-07,Negative unit_price
ITEM000074639,ORD00048110,SKU00013,Sharable value-added ability,Home & Kitchen,,10554.14,,2025-04-17 06:00:00,2026-08-07 20:10:16,order_items.csv,2026-08-07,Missing quantity
ITEM000074701,ORD00005604,SKU01281,Compatible intangible projection,Home & Kitchen,9.0,-6177.92,-55601.28,2025-04-17 06:00:00,2026-08-07 20:10:16,order_items.csv,2026-08-07,Negative unit_price
ITEM000074706,ORD00028380,SKU01971,Down-sized zero administration website,Clothing,,13983.19,,2025-04-17 06:00:00,2026-08-07 20:10:16,order_items.csv,2026-08-07,Missing quantity
ITEM000074773,ORD00011995,SKU00737,Focused full-range functionalities,Home & Kitchen,,1731.5,,2025-04-17 06:00:00,2026-08-07 20:10:16,order_items.csv,2026-08-07,Missing quantity
ITEM000074801,ORD00014420,SKU01541,Quality-focused responsive algorithm,Toys,6.0,-6078.52,-36471.12,2025-04-17 06:00:00,2026-08-07 20:10:16,order_items.csv,2026-08-07,Negative unit_price
ITEM000074840,ORD00010442,SKU03258,Adaptive static intranet,Clothing,,13495.76,,2025-04-17 06:00:00,2026-08-07 20:10:16,order_items.csv,2026-08-07,Missing quantity
ITEM000074901,ORD00022344,SKU00212,Proactive bottom-line parallelism,Books,6.0,-5652.18,-33913.08,2025-04-17 06:00:00,2026-08-07 20:10:16,order_items.csv,2026-08-07,Negative unit_price
ITEM000074907,ORD00002747,SKU02482,Persistent needs-based system engine,Toys,,3267.98,,2025-04-17 06:00:00,2026-08-07 20:10:16,order_items.csv,2026-08-07,Missing quantity
ITEM000074974,ORD00032488,SKU00121,Cloned needs-based standardization,Home & Kitchen,,13749.04,,2025-04-17 06:00:00,2026-08-07 20:10:16,order_items.csv,2026-08-07,Missing quantity
ITEM000075001,ORD00002023,SKU02346,Universal 4thgeneration emulation,Sports,7.0,-8093.53,-56654.71,2025-04-17 06:00:00,2026-08-07 20:10:16,order_items.csv,2026-08-07,Negative unit_price
ITEM000075041,ORD00044520,SKU02569,Multi-lateral logistical challenge,Books,,14648.77,,2025-04-17 06:00:00,2026-08-07 20:10:16,order_items.csv,2026-08-07,Missing quantity
ITEM000075101,ORD00006315,SKU02161,Open-architected web-enabled approach,Grocery,7.0,-6238.27,-43667.89,2025-04-17 06:00:00,2026-08-07 20:10:16,order_items.csv,2026-08-07,Negative unit_price
ITEM000075108,ORD00010986,SKU04956,Triple-buffered homogeneous approach,Beauty,,14160.64,,2025-04-17 06:00:00,2026-08-07 20:10:16,order_items.csv,2026-08-07,Missing quantity
ITEM000075175,ORD00013746,SKU00782,Realigned encompassing system engine,Beauty,,1439.09,,2025-04-17 06:00:00,2026-08-07 20:10:16,order_items.csv,2026-08-07,Missing quantity
ITEM000075201,ORD00001744,SKU04666,Quality-focused uniform system engine,Grocery,1.0,-8886.34,-8886.34,2025-04-17 06:00:00,2026-08-07 20:10:16,order_items.csv,2026-08-07,Negative unit_price
ITEM000075242,ORD00012963,SKU02565,Secured real-time frame,Clothing,,9024.28,,2025-04-17 06:00:00,2026-08-07 20:10:16,order_items.csv,2026-08-07,Missing quantity
ITEM000075301,ORD00011792,SKU04131,Multi-lateral foreground challenge,Electronics,4.0,-1617.57,-6470.28,2025-04-17 06:00:00,2026-08-07 20:10:16,order_items.csv,2026-08-07,Negative unit_price
ITEM000075309,ORD00045651,SKU04738,Programmable methodical time-frame,Beauty,,3468.81,,2025-04-17 06:00:00,2026-08-07 20:10:16,order_items.csv,2026-08-07,Missing quantity
ITEM000075376,ORD00046448,SKU02775,Future-proofed actuating capacity,Sports,,1173.05,,2025-04-17 06:00:00,2026-08-07 20:10:16,order_items.csv,2026-08-07,Missing quantity
ITEM000075401,ORD00033393,SKU03791,Synergistic client-server project,Electronics,5.0,-12308.58,-61542.9,2025-04-17 06:00:00,2026-08-07 20:10:16,order_items.csv,2026-08-07,Negative unit_price
ITEM000075443,ORD00047577,SKU00232,Enterprise-wide context-sensitive core,Grocery,,4118.09,,2025-04-17 06:00:00,2026-08-07 20:10:16,order_items.csv,2026-08-07,Missing quantity
ITEM000075501,ORD00004416,SKU03170,Horizontal regional help-desk,Home & Kitchen,3.0,-3964.33,-11892.99,2025-04-17 06:00:00,2026-08-07 20:10:16,order_items.csv,2026-08-07,Negative unit_price
ITEM000075510,ORD00003322,SKU03645,Proactive methodical software,Electronics,,7356.27,,2025-04-17 06:00:00,2026-08-07 20:10:16,order_items.csv,2026-08-07,Missing quantity
ITEM000075577,ORD00011738,SKU03136,Enhanced non-volatile product,Toys,,2841.4,,2025-04-17 06:00:00,2026-08-07 20:10:16,order_items.csv,2026-08-07,Missing quantity
ITEM000075601,ORD00012261,SKU03986,Integrated asynchronous adapter,Electronics,2.0,-8248.56,-16497.12,2025-04-17 06:00:00,2026-08-07 20:10:16,order_items.csv,2026-08-07,Negative unit_price
ITEM000075644,ORD00033842,SKU00297,Organic bottom-line challenge,Grocery,,10351.19,,2025-04-17 06:00:00,2026-08-07 20:10:16,order_items.csv,2026-08-07,Missing quantity
ITEM000075701,ORD00029028,SKU01824,Automated regional structure,Home & Kitchen,2.0,-1906.79,-3813.58,2025-04-17 06:00:00,2026-08-07 20:10:16,order_items.csv,2026-08-07,Negative unit_price
ITEM000075711,ORD00000839,SKU02618,Customer-focused systemic workforce,Books,,548.42,,2025-04-17 06:00:00,2026-08-07 20:10:16,order_items.csv,2026-08-07,Missing quantity
ITEM000075778,ORD00000835,SKU00083,Synchronized 5thgeneration algorithm,Grocery,,13247.79,,2025-04-17 06:00:00,2026-08-07 20:10:16,order_items.csv,2026-08-07,Missing quantity
ITEM000075801,ORD00033898,SKU04852,Devolved reciprocal process improvement,Electronics,2.0,-8106.69,-16213.38,2025-04-17 06:00:00,2026-08-07 20:10:16,order_items.csv,2026-08-07,Negative unit_price
ITEM000075845,ORD00034393,SKU01662,Diverse explicit contingency,Clothing,,14667.67,,2025-04-17 06:00:00,2026-08-07 20:10:16,order_items.csv,2026-08-07,Missing quantity
ITEM000075901,ORD00037626,SKU00876,Enterprise-wide human-resource function,Beauty,7.0,-14645.13,-102515.90999999999,2025-04-17 06:00:00,2026-08-07 20:10:16,order_items.csv,2026-08-07,Negative unit_price
ITEM000075912,ORD00017428,SKU01205,User-centric even-keeled instruction set,Home & Kitchen,,1857.79,,2025-04-17 06:00:00,2026-08-07 20:10:16,order_items.csv,2026-08-07,Missing quantity
ITEM000075979,ORD00042085,SKU01575,Grass-roots systemic interface,Sports,,9896.41,,2025-04-17 06:00:00,2026-08-07 20:10:16,order_items.csv,2026-08-07,Missing quantity
ITEM000076001,ORD00025566,SKU01662,Diverse explicit contingency,Clothing,4.0,-14667.67,-58670.68,2025-04-17 06:00:00,2026-08-07 20:10:16,order_items.csv,2026-08-07,Negative unit_price
ITEM000076046,ORD00023910,SKU03161,Universal transitional application,Grocery,,5183.26,,2025-04-17 06:00:00,2026-08-07 20:10:16,order_items.csv,2026-08-07,Missing quantity
ITEM000076101,ORD00046138,SKU04919,Open-architected scalable process improvement,Books,9.0,-13946.94,-125522.46,2025-04-17 06:00:00,2026-08-07 20:10:16,order_items.csv,2026-08-07,Negative unit_price
ITEM000076113,ORD00001618,SKU04081,Assimilated client-driven parallelism,Beauty,,11551.19,,2025-04-17 06:00:00,2026-08-07 20:10:16,order_items.csv,2026-08-07,Missing quantity
ITEM000076180,ORD00046537,SKU04327,Robust cohesive workforce,Toys,,10977.89,,2025-04-17 06:00:00,2026-08-07 20:10:16,order_items.csv,2026-08-07,Missing quantity
ITEM000076201,ORD00024532,SKU02989,Extended mobile intranet,Electronics,8.0,-12526.37,-100210.96,2025-04-17 06:00:00,2026-08-07 20:10:16,order_items.csv,2026-08-07,Negative unit_price
ITEM000076247,ORD00022028,SKU03690,Implemented well-modulated database,Grocery,,10775.87,,2025-04-17 06:00:00,2026-08-07 20:10:16,order_items.csv,2026-08-07,Missing quantity
ITEM000076301,ORD00012515,SKU01306,Persistent demand-driven algorithm,Electronics,10.0,-14678.15,-146781.5,2025-04-17 06:00:00,2026-08-07 20:10:16,order_items.csv,2026-08-07,Negative unit_price
ITEM000076314,ORD00015189,SKU02952,Organic multi-state matrix,Beauty,,8872.35,,2025-04-17 06:00:00,2026-08-07 20:10:16,order_items.csv,2026-08-07,Missing quantity
ITEM000076381,ORD00009506,SKU01693,Face-to-face global pricing structure,Beauty,,2371.65,,2025-04-17 06:00:00,2026-08-07 20:10:16,order_items.csv,2026-08-07,Missing quantity
ITEM000076401,ORD00001214,SKU04004,Sharable optimal Internet solution,Beauty,7.0,-3762.58,-26338.059999999998,2025-04-17 06:00:00,2026-08-07 20:10:16,order_items.csv,2026-08-07,Negative unit_price
ITEM000076448,ORD00013093,SKU02506,Ameliorated encompassing utilization,Clothing,,185.67,,2025-04-17 06:00:00,2026-08-07 20:10:16,order_items.csv,2026-08-07,Missing quantity
ITEM000076501,ORD00022660,SKU01347,Robust hybrid artificial intelligence,Beauty,8.0,-13858.3,-110866.4,2025-04-17 06:00:00,2026-08-07 20:10:16,order_items.csv,2026-08-07,Negative unit_price
ITEM000076515,ORD00023520,SKU04762,De-engineered zero tolerance toolset,Books,,6198.28,,2025-04-17 06:00:00,2026-08-07 20:10:16,order_items.csv,2026-08-07,Missing quantity
ITEM000076582,ORD00001029,SKU03795,Multi-tiered directional complexity,Grocery,,5430.8,,2025-04-17 06:00:00,2026-08-07 20:10:16,order_items.csv,2026-08-07,Missing quantity
ITEM000076601,ORD00028418,SKU04281,Realigned multi-tasking extranet,Grocery,8.0,-3844.28,-30754.24,2025-04-17 06:00:00,2026-08-07 20:10:16,order_items.csv,2026-08-07,Negative unit_price
ITEM000076649,ORD00043371,SKU01971,Down-sized zero administration website,Clothing,,13983.19,,2025-04-17 06:00:00,2026-08-07 20:10:16,order_items.csv,2026-08-07,Missing quantity
ITEM000076701,ORD00027291,SKU03849,Programmable real-time challenge,Toys,1.0,-13428.3,-13428.3,2025-04-17 06:00:00,2026-08-07 20:10:16,order_items.csv,2026-08-07,Negative unit_price
ITEM000076716,ORD00041231,SKU00533,Universal zero-defect capacity,Books,,1084.67,,2025-04-17 06:00:00,2026-08-07 20:10:16,order_items.csv,2026-08-07,Missing quantity
ITEM000076783,ORD00015892,SKU01825,Business-focused dedicated structure,Electronics,,9526.98,,2025-04-17 06:00:00,2026-08-07 20:10:16,order_items.csv,2026-08-07,Missing quantity
ITEM000076801,ORD00015147,SKU03143,Optimized regional capacity,Toys,6.0,-1178.26,-7069.5599999999995,2025-04-17 06:00:00,2026-08-07 20:10:16,order_items.csv,2026-08-07,Negative unit_price
ITEM000076850,ORD00031530,SKU04956,Triple-buffered homogeneous approach,Beauty,,14160.64,,2025-04-17 06:00:00,2026-08-07 20:10:16,order_items.csv,2026-08-07,Missing quantity
ITEM000076901,ORD00003639,SKU00630,Secured heuristic attitude,Clothing,9.0,-9276.88,-83491.92,2025-04-17 06:00:00,2026-08-07 20:10:16,order_items.csv,2026-08-07,Negative unit_price
ITEM000076917,ORD00010550,SKU02008,Upgradable well-modulated support,Home & Kitchen,,3802.36,,2025-04-17 06:00:00,2026-08-07 20:10:16,order_items.csv,2026-08-07,Missing quantity
ITEM000076984,ORD00007320,SKU01526,Object-based holistic Graphic Interface,Electronics,,13586.42,,2025-04-17 06:00:00,2026-08-07 20:10:16,order_items.csv,2026-08-07,Missing quantity
ITEM000077001,ORD00034413,SKU03589,Horizontal zero-defect migration,Grocery,6.0,-6376.17,-38257.020000000004,2025-04-17 06:00:00,2026-08-07 20:10:16,order_items.csv,2026-08-07,Negative unit_price
ITEM000077051,ORD00029717,SKU00436,Decentralized executive approach,Toys,,6670.98,,2025-04-17 06:00:00,2026-08-07 20:10:16,order_items.csv,2026-08-07,Missing quantity
ITEM000077101,ORD00009865,SKU04083,Seamless mobile capability,Books,8.0,-8259.27,-66074.16,2025-04-17 06:00:00,2026-08-07 20:10:16,order_items.csv,2026-08-07,Negative unit_price
ITEM000077118,ORD00012007,SKU00609,Right-sized fault-tolerant complexity,Beauty,,10552.08,,2025-04-17 06:00:00,2026-08-07 20:10:16,order_items.csv,2026-08-07,Missing quantity
ITEM000077185,ORD00044170,SKU00677,Multi-channeled 4thgeneration policy,Books,,155.14,,2025-04-17 06:00:00,2026-08-07 20:10:16,order_items.csv,2026-08-07,Missing quantity
ITEM000077201,ORD00040518,SKU02164,Decentralized motivating flexibility,Home & Kitchen,2.0,-8462.71,-16925.42,2025-04-17 06:00:00,2026-08-07 20:10:16,order_items.csv,2026-08-07,Negative unit_price
ITEM000077252,ORD00039091,SKU01550,Team-oriented background complexity,Sports,,5948.31,,2025-04-17 06:00:00,2026-08-07 20:10:16,order_items.csv,2026-08-07,Missing quantity
ITEM000077301,ORD00032372,SKU00098,Operative 24/7 alliance,Sports,2.0,-5183.91,-10367.82,2025-04-17 06:00:00,2026-08-07 20:10:16,order_items.csv,2026-08-07,Negative unit_price
ITEM000077319,ORD00010486,SKU02458,Optimized 5thgeneration process improvement,Sports,,10462.93,,2025-04-17 06:00:00,2026-08-07 20:10:16,order_items.csv,2026-08-07,Missing quantity
ITEM000077386,ORD00043257,SKU02939,Diverse directional throughput,Clothing,,8816.96,,2025-04-17 06:00:00,2026-08-07 20:10:16,order_items.csv,2026-08-07,Missing quantity
ITEM000077401,ORD00019688,SKU03695,Phased zero-defect Internet solution,Clothing,10.0,-9333.73,-93337.29999999999,2025-04-17 06:00:00,2026-08-07 20:10:16,order_items.csv,2026-08-07,Negative unit_price
ITEM000077453,ORD00013649,SKU04465,Enterprise-wide neutral methodology,Clothing,,10860.42,,2025-04-17 06:00:00,2026-08-07 20:10:16,order_items.csv,2026-08-07,Missing quantity
ITEM000077501,ORD00041869,SKU01003,Assimilated contextually-based concept,Electronics,8.0,-12170.6,-97364.8,2025-04-17 06:00:00,2026-08-07 20:10:16,order_items.csv,2026-08-07,Negative unit_price
ITEM000077520,ORD00006841,SKU04247,Organized optimal interface,Clothing,,9626.79,,2025-04-17 06:00:00,2026-08-07 20:10:16,order_items.csv,2026-08-07,Missing quantity
ITEM000077587,ORD00016580,SKU00746,Persistent needs-based implementation,Beauty,,7573.88,,2025-04-17 06:00:00,2026-08-07 20:10:16,order_items.csv,2026-08-07,Missing quantity
ITEM000077601,ORD00047439,SKU01037,Secured client-server process improvement,Beauty,7.0,-4642.09,-32494.63,2025-04-17 06:00:00,2026-08-07 20:10:16,order_items.csv,2026-08-07,Negative unit_price
ITEM000077654,ORD00011669,SKU03781,Ergonomic national circuit,Beauty,,10433.7,,2025-04-17 06:00:00,2026-08-07 20:10:16,order_items.csv,2026-08-07,Missing quantity
ITEM000077701,ORD00046595,SKU04742,Pre-emptive value-added application,Clothing,5.0,-6224.8,-31124.0,2025-04-17 06:00:00,2026-08-07 20:10:16,order_items.csv,2026-08-07,Negative unit_price
ITEM000077721,ORD00008504,SKU01259,Horizontal non-volatile conglomeration,Beauty,,13183.5,,2025-04-17 06:00:00,2026-08-07 20:10:16,order_items.csv,2026-08-07,Missing quantity
ITEM000077788,ORD00003882,SKU03747,User-friendly contextually-based support,Home & Kitchen,,14860.84,,2025-04-17 06:00:00,2026-08-07 20:10:16,order_items.csv,2026-08-07,Missing quantity
ITEM000077801,ORD00045399,SKU03289,Multi-channeled local portal,Clothing,7.0,-9006.3,-63044.09999999999,2025-04-17 06:00:00,2026-08-07 20:10:16,order_items.csv,2026-08-07,Negative unit_price
ITEM000077855,ORD00009116,SKU02811,Down-sized tangible service-desk,Clothing,,2821.39,,2025-04-17 06:00:00,2026-08-07 20:10:16,order_items.csv,2026-08-07,Missing quantity
ITEM000077901,ORD00038434,SKU01774,Profound background workforce,Grocery,10.0,-1282.6,-12826.0,2025-04-17 06:00:00,2026-08-07 20:10:16,order_items.csv,2026-08-07,Negative unit_price
ITEM000077922,ORD00005643,SKU00573,Grass-roots mobile emulation,Home & Kitchen,,1820.71,,2025-04-17 06:00:00,2026-08-07 20:10:16,order_items.csv,2026-08-07,Missing quantity
ITEM000077989,ORD00039384,SKU04664,Balanced full-range capacity,Books,,13275.51,,2025-04-17 06:00:00,2026-08-07 20:10:16,order_items.csv,2026-08-07,Missing quantity
ITEM000078001,ORD00003448,SKU00534,Devolved motivating encryption,Toys,4.0,-4112.91,-16451.64,2025-04-17 06:00:00,2026-08-07 20:10:16,order_items.csv,2026-08-07,Negative unit_price
ITEM000078056,ORD00017539,SKU02897,Down-sized modular infrastructure,Toys,,8926.03,,2025-04-17 06:00:00,2026-08-07 20:10:16,order_items.csv,2026-08-07,Missing quantity
ITEM000078101,ORD00020583,SKU00470,Realigned asymmetric functionalities,Clothing,3.0,-5818.81,-17456.43,2025-04-17 06:00:00,2026-08-07 20:10:16,order_items.csv,2026-08-07,Negative unit_price
ITEM000078123,ORD00044978,SKU00739,Profit-focused grid-enabled capability,Home & Kitchen,,13272.69,,2025-04-17 06:00:00,2026-08-07 20:10:16,order_items.csv,2026-08-07,Missing quantity
ITEM000078190,ORD00006347,SKU02269,Visionary foreground hierarchy,Sports,,12805.84,,2025-04-17 06:00:00,2026-08-07 20:10:16,order_items.csv,2026-08-07,Missing quantity
ITEM000078201,ORD00009468,SKU00768,Progressive fault-tolerant knowledge user,Sports,9.0,-920.32,-8282.880000000001,2025-04-17 06:00:00,2026-08-07 20:10:16,order_items.csv,2026-08-07,Negative unit_price
ITEM000078257,ORD00031911,SKU03569,Right-sized 3rdgeneration secured line,Grocery,,12570.98,,2025-04-17 06:00:00,2026-08-07 20:10:16,order_items.csv,2026-08-07,Missing quantity
ITEM000078301,ORD00038584,SKU00679,Pre-emptive full-range process improvement,Grocery,4.0,-8680.88,-34723.52,2025-04-17 06:00:00,2026-08-07 20:10:16,order_items.csv,2026-08-07,Negative unit_price
ITEM000078324,ORD00029326,SKU03014,Configurable uniform workforce,Grocery,,2354.71,,2025-04-17 06:00:00,2026-08-07 20:10:16,order_items.csv,2026-08-07,Missing quantity
ITEM000078391,ORD00014420,SKU02423,Ergonomic interactive firmware,Toys,,12164.86,,2025-04-17 06:00:00,2026-08-07 20:10:16,order_items.csv,2026-08-07,Missing quantity
ITEM000078401,ORD00049847,SKU02686,Profit-focused multi-tasking open system,Toys,6.0,-13237.22,-79423.31999999999,2025-04-17 06:00:00,2026-08-07 20:10:16,order_items.csv,2026-08-07,Negative unit_price
ITEM000078458,ORD00017685,SKU02787,Secured analyzing moderator,Grocery,,14706.98,,2025-04-17 06:00:00,2026-08-07 20:10:16,order_items.csv,2026-08-07,Missing quantity
ITEM000078501,ORD00034627,SKU02809,Down-sized motivating open system,Grocery,3.0,-14051.44,-42154.32,2025-04-17 06:00:00,2026-08-07 20:10:16,order_items.csv,2026-08-07,Negative unit_price
ITEM000078525,ORD00015604,SKU03911,Profound stable moratorium,Home & Kitchen,,11160.16,,2025-04-17 06:00:00,2026-08-07 20:10:16,order_items.csv,2026-08-07,Missing quantity
ITEM000078592,ORD00005409,SKU02017,Managed 3rdgeneration Graphical User Interface,Electronics,,2124.96,,2025-04-17 06:00:00,2026-08-07 20:10:16,order_items.csv,2026-08-07,Missing quantity
ITEM000078601,ORD00038085,SKU03976,Customizable maximized paradigm,Home & Kitchen,8.0,-291.47,-2331.76,2025-04-17 06:00:00,2026-08-07 20:10:16,order_items.csv,2026-08-07,Negative unit_price
ITEM000078659,ORD00002437,SKU02015,Assimilated multi-state capability,Electronics,,6399.87,,2025-04-17 06:00:00,2026-08-07 20:10:16,order_items.csv,2026-08-07,Missing quantity
ITEM000078701,ORD00033266,SKU03811,Optimized mission-critical intranet,Electronics,6.0,-12918.27,-77509.62,2025-04-17 06:00:00,2026-08-07 20:10:16,order_items.csv,2026-08-07,Negative unit_price
ITEM000078726,ORD00037975,SKU04013,Customer-focused web-enabled framework,Electronics,,4246.41,,2025-04-17 06:00:00,2026-08-07 20:10:16,order_items.csv,2026-08-07,Missing quantity
ITEM000078793,ORD00049575,SKU01786,Profit-focused homogeneous synergy,Toys,,6828.02,,2025-04-17 06:00:00,2026-08-07 20:10:16,order_items.csv,2026-08-07,Missing quantity
ITEM000078801,ORD00049592,SKU00423,User-centric well-modulated knowledge user,Beauty,8.0,-6345.51,-50764.08,2025-04-17 06:00:00,2026-08-07 20:10:16,order_items.csv,2026-08-07,Negative unit_price
ITEM000078860,ORD00037001,SKU01727,User-friendly local extranet,Sports,,5240.19,,2025-04-17 06:00:00,2026-08-07 20:10:16,order_items.csv,2026-08-07,Missing quantity
ITEM000078901,ORD00047567,SKU03567,Progressive zero-defect projection,Beauty,1.0,-489.57,-489.57,2025-04-17 06:00:00,2026-08-07 20:10:16,order_items.csv,2026-08-07,Negative unit_price
ITEM000078927,ORD00043666,SKU03060,Synchronized upward-trending conglomeration,Beauty,,12641.07,,2025-04-17 06:00:00,2026-08-07 20:10:16,order_items.csv,2026-08-07,Missing quantity
ITEM000078994,ORD00028200,SKU03090,Triple-buffered foreground productivity,Beauty,,3117.12,,2025-04-17 06:00:00,2026-08-07 20:10:16,order_items.csv,2026-08-07,Missing quantity
ITEM000079001,ORD00011809,SKU03029,Robust local paradigm,Toys,2.0,-8883.92,-17767.84,2025-04-17 06:00:00,2026-08-07 20:10:16,order_items.csv,2026-08-07,Negative unit_price
ITEM000079061,ORD00031955,SKU03472,Configurable full-range process improvement,Clothing,,8396.07,,2025-04-17 06:00:00,2026-08-07 20:10:16,order_items.csv,2026-08-07,Missing quantity
ITEM000079101,ORD00002273,SKU01817,Persevering hybrid protocol,Toys,8.0,-14017.36,-112138.88,2025-04-17 06:00:00,2026-08-07 20:10:16,order_items.csv,2026-08-07,Negative unit_price
ITEM000079128,ORD00018068,SKU01810,Re-engineered needs-based solution,Clothing,,14065.02,,2025-04-17 06:00:00,2026-08-07 20:10:16,order_items.csv,2026-08-07,Missing quantity
ITEM000079195,ORD00024347,SKU00223,Open-architected attitude-oriented capability,Home & Kitchen,,5824.85,,2025-04-17 06:00:00,2026-08-07 20:10:16,order_items.csv,2026-08-07,Missing quantity
ITEM000079201,ORD00016810,SKU00073,Enhanced mission-critical Local Area Network,Toys,5.0,-2978.14,-14890.699999999999,2025-04-17 06:00:00,2026-08-07 20:10:16,order_items.csv,2026-08-07,Negative unit_price
ITEM000079262,ORD00006800,SKU03576,Optimized static frame,Beauty,,12146.95,,2025-04-17 06:00:00,2026-08-07 20:10:16,order_items.csv,2026-08-07,Missing quantity
ITEM000079301,ORD00000382,SKU00652,Synchronized fresh-thinking archive,Electronics,3.0,-4801.87,-14405.61,2025-04-17 06:00:00,2026-08-07 20:10:16,order_items.csv,2026-08-07,Negative unit_price
ITEM000079329,ORD00034926,SKU00343,Open-source contextually-based orchestration,Sports,,14151.94,,2025-04-17 06:00:00,2026-08-07 20:10:16,order_items.csv,2026-08-07,Missing quantity
ITEM000079396,ORD00018616,SKU02623,Monitored exuding model,Clothing,,12172.71,,2025-04-17 06:00:00,2026-08-07 20:10:16,order_items.csv,2026-08-07,Missing quantity
ITEM000079401,ORD00027129,SKU02710,Virtual zero-defect extranet,Books,3.0,-5093.39,-15280.170000000002,2025-04-17 06:00:00,2026-08-07 20:10:16,order_items.csv,2026-08-07,Negative unit_price
ITEM000079463,ORD00044976,SKU01040,Secured solution-oriented alliance,Grocery,,3013.37,,2025-04-17 06:00:00,2026-08-07 20:10:16,order_items.csv,2026-08-07,Missing quantity
ITEM000079501,ORD00030452,SKU01244,Secured optimal encryption,Clothing,5.0,-12511.38,-62556.899999999994,2025-04-17 06:00:00,2026-08-07 20:10:16,order_items.csv,2026-08-07,Negative unit_price
ITEM000079530,ORD00036920,SKU03601,Business-focused fresh-thinking moderator,Toys,,3941.62,,2025-04-17 06:00:00,2026-08-07 20:10:16,order_items.csv,2026-08-07,Missing quantity
ITEM000079597,ORD00024939,SKU00325,Open-source optimal benchmark,Toys,,121.95,,2025-04-17 06:00:00,2026-08-07 20:10:16,order_items.csv,2026-08-07,Missing quantity
ITEM000079601,ORD00022070,SKU00471,Multi-layered holistic methodology,Toys,1.0,-14504.94,-14504.94,2025-04-17 06:00:00,2026-08-07 20:10:16,order_items.csv,2026-08-07,Negative unit_price
ITEM000079664,ORD00032896,SKU04259,Virtual static encoding,Toys,,4655.11,,2025-04-17 06:00:00,2026-08-07 20:10:16,order_items.csv,2026-08-07,Missing quantity
ITEM000079701,ORD00009569,SKU01464,Reverse-engineered impactful application,Home & Kitchen,1.0,-13220.07,-13220.07,2025-04-17 06:00:00,2026-08-07 20:10:16,order_items.csv,2026-08-07,Negative unit_price
ITEM000079731,ORD00020654,SKU02752,Reactive maximized knowledge user,Toys,,7210.11,,2025-04-17 06:00:00,2026-08-07 20:10:16,order_items.csv,2026-08-07,Missing quantity
ITEM000079798,ORD00024163,SKU00014,Optimized multimedia artificial intelligence,Beauty,,9780.21,,2025-04-17 06:00:00,2026-08-07 20:10:16,order_items.csv,2026-08-07,Missing quantity
ITEM000079801,ORD00048138,SKU00459,Phased regional alliance,Home & Kitchen,4.0,-14383.95,-57535.8,2025-04-17 06:00:00,2026-08-07 20:10:16,order_items.csv,2026-08-07,Negative unit_price
ITEM000079865,ORD00000780,SKU00219,Down-sized grid-enabled parallelism,Beauty,,6161.08,,2025-04-17 06:00:00,2026-08-07 20:10:16,order_items.csv,2026-08-07,Missing quantity
ITEM000079901,ORD00011230,SKU00630,Secured heuristic attitude,Clothing,7.0,-9276.88,-64938.159999999996,2025-04-17 06:00:00,2026-08-07 20:10:16,order_items.csv,2026-08-07,Negative unit_price
ITEM000079932,ORD00017006,SKU03248,Polarized real-time software,Electronics,,4074.45,,2025-04-17 06:00:00,2026-08-07 20:10:16,order_items.csv,2026-08-07,Missing quantity
ITEM000079999,ORD00002709,SKU00566,Vision-oriented coherent infrastructure,Sports,,7623.17,,2025-04-17 06:00:00,2026-08-07 20:10:16,order_items.csv,2026-08-07,Missing quantity
ITEM000080001,ORD00005444,SKU00723,Enhanced incremental task-force,Grocery,4.0,-7501.36,-30005.44,2025-04-17 06:00:00,2026-08-07 20:10:16,order_items.csv,2026-08-07,Negative unit_price
ITEM000080066,ORD00032620,SKU02443,Ergonomic full-range open system,Beauty,,8184.12,,2025-04-17 06:00:00,2026-08-07 20:10:16,order_items.csv,2026-08-07,Missing quantity
ITEM000080101,ORD00040535,SKU03541,Managed regional infrastructure,Grocery,6.0,-2010.24,-12061.44,2025-04-17 06:00:00,2026-08-07 20:10:16,order_items.csv,2026-08-07,Negative unit_price
ITEM000080133,ORD00004263,SKU01053,Secured contextually-based Graphical User Interfac,Home & Kitchen,,4690.77,,2025-04-17 06:00:00,2026-08-07 20:10:16,order_items.csv,2026-08-07,Missing quantity
ITEM000080200,ORD00004269,SKU02654,Multi-tiered maximized superstructure,Beauty,,867.0,,2025-04-17 06:00:00,2026-08-07 20:10:16,order_items.csv,2026-08-07,Missing quantity
ITEM000080201,ORD00043990,SKU00492,Public-key web-enabled Local Area Network,Beauty,4.0,-4283.41,-17133.64,2025-04-17 06:00:00,2026-08-07 20:10:16,order_items.csv,2026-08-07,Negative unit_price
ITEM000080267,ORD00035751,SKU04401,Fully-configurable user-facing middleware,Toys,,2982.41,,2025-04-17 06:00:00,2026-08-07 20:10:16,order_items.csv,2026-08-07,Missing quantity
ITEM000080301,ORD00045481,SKU03947,Re-contextualized intermediate frame,Clothing,4.0,-14470.99,-57883.96,2025-04-17 06:00:00,2026-08-07 20:10:16,order_items.csv,2026-08-07,Negative unit_price
ITEM000080334,ORD00021620,SKU02426,Function-based zero-defect strategy,Home & Kitchen,,14413.99,,2025-04-17 06:00:00,2026-08-07 20:10:16,order_items.csv,2026-08-07,Missing quantity
ITEM000080401,ORD00019871,SKU02705,Team-oriented heuristic core,Toys,,-12698.18,,2025-04-17 06:00:00,2026-08-07 20:10:16,order_items.csv,2026-08-07,Missing quantity
ITEM000080468,ORD00031286,SKU03911,Profound stable moratorium,Home & Kitchen,,11160.16,,2025-04-17 06:00:00,2026-08-07 20:10:16,order_items.csv,2026-08-07,Missing quantity
ITEM000080501,ORD00006351,SKU01046,User-centric systemic secured line,Beauty,10.0,-11978.12,-119781.20000000001,2025-04-17 06:00:00,2026-08-07 20:10:16,order_items.csv,2026-08-07,Negative unit_price
ITEM000080535,ORD00015225,SKU04422,Mandatory homogeneous artificial intelligence,Electronics,,8833.66,,2025-04-17 06:00:00,2026-08-07 20:10:16,order_items.csv,2026-08-07,Missing quantity
ITEM000080601,ORD00002817,SKU01148,Organic heuristic project,Toys,2.0,-2403.15,-4806.3,2025-04-17 06:00:00,2026-08-07 20:10:16,order_items.csv,2026-08-07,Negative unit_price
ITEM000080602,ORD00034277,SKU03377,Virtual well-modulated hub,Toys,,2167.11,,2025-04-17 06:00:00,2026-08-07 20:10:16,order_items.csv,2026-08-07,Missing quantity
ITEM000080669,ORD00014305,SKU02314,Reactive impactful product,Sports,,13734.58,,2025-04-17 06:00:00,2026-08-07 20:10:16,order_items.csv,2026-08-07,Missing quantity
ITEM000080701,ORD00022056,SKU00693,Reduced 6thgeneration middleware,Books,3.0,-13817.48,-41452.44,2025-04-17 06:00:00,2026-08-07 20:10:16,order_items.csv,2026-08-07,Negative unit_price
ITEM000080736,ORD00038396,SKU04385,Organic hybrid info-mediaries,Toys,,2587.06,,2025-04-17 06:00:00,2026-08-07 20:10:16,order_items.csv,2026-08-07,Missing quantity
ITEM000080801,ORD00049728,SKU00572,Ergonomic dedicated application,Clothing,6.0,-7191.48,-43148.88,2025-04-17 06:00:00,2026-08-07 20:10:16,order_items.csv,2026-08-07,Negative unit_price
ITEM000080803,ORD00019792,SKU03324,Multi-layered full-range Local Area Network,Sports,,10165.28,,2025-04-17 06:00:00,2026-08-07 20:10:16,order_items.csv,2026-08-07,Missing quantity
ITEM000080870,ORD00041600,SKU04930,Switchable stable help-desk,Toys,,5285.25,,2025-04-17 06:00:00,2026-08-07 20:10:16,order_items.csv,2026-08-07,Missing quantity
ITEM000080901,ORD00011694,SKU02525,Integrated high-level utilization,Home & Kitchen,3.0,-10679.55,-32038.649999999998,2025-04-17 06:00:00,2026-08-07 20:10:16,order_items.csv,2026-08-07,Negative unit_price
ITEM000080937,ORD00042863,SKU00475,Customer-focused background encoding,Grocery,,14241.23,,2025-04-17 06:00:00,2026-08-07 20:10:16,order_items.csv,2026-08-07,Missing quantity
ITEM000081001,ORD00015658,SKU00308,Switchable 24hour Local Area Network,Clothing,1.0,-2858.03,-2858.03,2025-04-17 06:00:00,2026-08-07 20:10:16,order_items.csv,2026-08-07,Negative unit_price
ITEM000081004,ORD00048449,SKU01339,Optional even-keeled interface,Grocery,,1805.32,,2025-04-17 06:00:00,2026-08-07 20:10:16,order_items.csv,2026-08-07,Missing quantity
ITEM000081071,ORD00017568,SKU01725,Reduced bandwidth-monitored migration,Grocery,,2303.61,,2025-04-17 06:00:00,2026-08-07 20:10:16,order_items.csv,2026-08-07,Missing quantity
ITEM000081101,ORD00001796,SKU00884,Synergistic upward-trending database,Beauty,5.0,-7396.82,-36984.1,2025-04-17 06:00:00,2026-08-07 20:10:16,order_items.csv,2026-08-07,Negative unit_price
ITEM000081138,ORD00036004,SKU00982,Future-proofed incremental paradigm,Books,,7276.73,,2025-04-17 06:00:00,2026-08-07 20:10:16,order_items.csv,2026-08-07,Missing quantity
ITEM000081201,ORD00004367,SKU03467,Decentralized multi-tasking process improvement,Books,7.0,-99.11,-693.77,2025-04-17 06:00:00,2026-08-07 20:10:16,order_items.csv,2026-08-07,Negative unit_price
ITEM000081205,ORD00046882,SKU04275,Open-source motivating superstructure,Clothing,,10463.07,,2025-04-17 06:00:00,2026-08-07 20:10:16,order_items.csv,2026-08-07,Missing quantity
ITEM000081272,ORD00019322,SKU01475,Total zero tolerance functionalities,Clothing,,7376.46,,2025-04-17 06:00:00,2026-08-07 20:10:16,order_items.csv,2026-08-07,Missing quantity
ITEM000081301,ORD00036746,SKU04132,Compatible context-sensitive process improvement,Beauty,3.0,-14106.48,-42319.44,2025-04-17 06:00:00,2026-08-07 20:10:16,order_items.csv,2026-08-07,Negative unit_price
ITEM000081339,ORD00019433,SKU02196,Proactive 6thgeneration hardware,Electronics,,8339.36,,2025-04-17 06:00:00,2026-08-07 20:10:16,order_items.csv,2026-08-07,Missing quantity
ITEM000081401,ORD00047649,SKU02188,Horizontal demand-driven moratorium,Clothing,5.0,-2092.15,-10460.75,2025-04-17 06:00:00,2026-08-07 20:10:16,order_items.csv,2026-08-07,Negative unit_price
ITEM000081406,ORD00041844,SKU02966,Mandatory even-keeled success,Grocery,,2527.84,,2025-04-17 06:00:00,2026-08-07 20:10:16,order_items.csv,2026-08-07,Missing quantity
ITEM000081473,ORD00012745,SKU00600,Cross-group 4thgeneration productivity,Home & Kitchen,,14663.79,,2025-04-17 06:00:00,2026-08-07 20:10:16,order_items.csv,2026-08-07,Missing quantity
ITEM000081501,ORD00009882,SKU00605,Adaptive scalable website,Sports,7.0,-11413.8,-79896.59999999999,2025-04-17 06:00:00,2026-08-07 20:10:16,order_items.csv,2026-08-07,Negative unit_price
ITEM000081540,ORD00021104,SKU00699,Digitized object-oriented structure,Clothing,,12105.24,,2025-04-17 06:00:00,2026-08-07 20:10:16,order_items.csv,2026-08-07,Missing quantity
ITEM000081601,ORD00035689,SKU03905,Quality-focused executive utilization,Books,5.0,-11448.55,-57242.75,2025-04-17 06:00:00,2026-08-07 20:10:16,order_items.csv,2026-08-07,Negative unit_price
ITEM000081607,ORD00033790,SKU01856,Persistent multi-tasking product,Clothing,,735.58,,2025-04-17 06:00:00,2026-08-07 20:10:16,order_items.csv,2026-08-07,Missing quantity
ITEM000081674,ORD00007697,SKU04518,Cloned even-keeled initiative,Toys,,1435.51,,2025-04-17 06:00:00,2026-08-07 20:10:16,order_items.csv,2026-08-07,Missing quantity
ITEM000081701,ORD00006624,SKU03551,Re-engineered demand-driven hub,Sports,8.0,-3090.5,-24724.0,2025-04-17 06:00:00,2026-08-07 20:10:16,order_items.csv,2026-08-07,Negative unit_price
ITEM000081741,ORD00003746,SKU03301,Extended uniform software,Books,,3804.17,,2025-04-17 06:00:00,2026-08-07 20:10:16,order_items.csv,2026-08-07,Missing quantity
ITEM000081801,ORD00042027,SKU01860,Synchronized system-worthy success,Grocery,3.0,-9457.31,-28371.93,2025-04-17 06:00:00,2026-08-07 20:10:16,order_items.csv,2026-08-07,Negative unit_price
ITEM000081808,ORD00009682,SKU01171,Intuitive holistic concept,Home & Kitchen,,2971.55,,2025-04-17 06:00:00,2026-08-07 20:10:16,order_items.csv,2026-08-07,Missing quantity
ITEM000081875,ORD00040145,SKU04528,Synergized hybrid leverage,Sports,,5513.32,,2025-04-17 06:00:00,2026-08-07 20:10:16,order_items.csv,2026-08-07,Missing quantity
ITEM000081901,ORD00003320,SKU01055,Function-based value-added superstructure,Grocery,9.0,-4459.6,-40136.4,2025-04-17 06:00:00,2026-08-07 20:10:16,order_items.csv,2026-08-07,Negative unit_price
ITEM000081942,ORD00010251,SKU04273,Synergistic content-based superstructure,Toys,,7400.54,,2025-04-17 06:00:00,2026-08-07 20:10:16,order_items.csv,2026-08-07,Missing quantity
ITEM000082001,ORD00040433,SKU02476,Team-oriented analyzing synergy,Beauty,8.0,-9967.63,-79741.04,2025-04-17 06:00:00,2026-08-07 20:10:16,order_items.csv,2026-08-07,Negative unit_price
ITEM000082009,ORD00002717,SKU04464,Total composite orchestration,Clothing,,439.5,,2025-04-17 06:00:00,2026-08-07 20:10:16,order_items.csv,2026-08-07,Missing quantity
ITEM000082076,ORD00014213,SKU01937,Sharable needs-based access,Books,,1719.96,,2025-04-17 06:00:00,2026-08-07 20:10:16,order_items.csv,2026-08-07,Missing quantity
ITEM000082101,ORD00035276,SKU01766,Devolved content-based archive,Clothing,8.0,-12326.25,-98610.0,2025-04-17 06:00:00,2026-08-07 20:10:16,order_items.csv,2026-08-07,Negative unit_price
ITEM000082143,ORD00035293,SKU04388,Right-sized optimizing frame,Home & Kitchen,,9590.9,,2025-04-17 06:00:00,2026-08-07 20:10:16,order_items.csv,2026-08-07,Missing quantity
ITEM000082201,ORD00039325,SKU04079,Fundamental demand-driven service-desk,Home & Kitchen,6.0,-12530.58,-75183.48,2025-04-17 06:00:00,2026-08-07 20:10:16,order_items.csv,2026-08-07,Negative unit_price
ITEM000082210,ORD00001530,SKU01449,User-centric disintermediate functionalities,Electronics,,7811.03,,2025-04-17 06:00:00,2026-08-07 20:10:16,order_items.csv,2026-08-07,Missing quantity
ITEM000082277,ORD00047215,SKU00286,Intuitive analyzing archive,Electronics,,10322.88,,2025-04-17 06:00:00,2026-08-07 20:10:16,order_items.csv,2026-08-07,Missing quantity
ITEM000082301,ORD00026351,SKU04985,Cross-platform systematic benchmark,Grocery,9.0,-8090.51,-72814.59,2025-04-17 06:00:00,2026-08-07 20:10:16,order_items.csv,2026-08-07,Negative unit_price
ITEM000082344,ORD00049153,SKU03713,Reverse-engineered multimedia matrices,Electronics,,8369.49,,2025-04-17 06:00:00,2026-08-07 20:10:16,order_items.csv,2026-08-07,Missing quantity
ITEM000082401,ORD00001708,SKU01501,Streamlined non-volatile Graphical User Interface,Beauty,2.0,-6788.07,-13576.14,2025-04-17 06:00:00,2026-08-07 20:10:16,order_items.csv,2026-08-07,Negative unit_price
ITEM000082411,ORD00049865,SKU00139,Multi-channeled fresh-thinking hierarchy,Home & Kitchen,,996.55,,2025-04-17 06:00:00,2026-08-07 20:10:16,order_items.csv,2026-08-07,Missing quantity
ITEM000082478,ORD00016825,SKU03964,Team-oriented zero administration analyzer,Sports,,9358.2,,2025-04-17 06:00:00,2026-08-07 20:10:16,order_items.csv,2026-08-07,Missing quantity
ITEM000082501,ORD00025779,SKU00734,Quality-focused fault-tolerant moderator,Home & Kitchen,9.0,-13689.85,-123208.65000000001,2025-04-17 06:00:00,2026-08-07 20:10:16,order_items.csv,2026-08-07,Negative unit_price
ITEM000082545,ORD00007341,SKU04650,Re-engineered exuding ability,Electronics,,11402.61,,2025-04-17 06:00:00,2026-08-07 20:10:16,order_items.csv,2026-08-07,Missing quantity
ITEM000082601,ORD00049100,SKU01635,Robust 5thgeneration projection,Sports,6.0,-7442.62,-44655.72,2025-04-17 06:00:00,2026-08-07 20:10:16,order_items.csv,2026-08-07,Negative unit_price
ITEM000082612,ORD00002575,SKU03001,Re-engineered web-enabled concept,Clothing,,5771.1,,2025-04-17 06:00:00,2026-08-07 20:10:16,order_items.csv,2026-08-07,Missing quantity
ITEM000082679,ORD00029699,SKU00227,Realigned maximized synergy,Clothing,,9126.89,,2025-04-17 06:00:00,2026-08-07 20:10:16,order_items.csv,2026-08-07,Missing quantity
ITEM000082701,ORD00033598,SKU03232,Organic well-modulated array,Electronics,9.0,-14531.01,-130779.09,2025-04-17 06:00:00,2026-08-07 20:10:16,order_items.csv,2026-08-07,Negative unit_price
ITEM000082746,ORD00034657,SKU04702,Ergonomic mission-critical interface,Sports,,12672.92,,2025-04-17 06:00:00,2026-08-07 20:10:16,order_items.csv,2026-08-07,Missing quantity
ITEM000082801,ORD00016150,SKU00234,Horizontal well-modulated flexibility,Beauty,3.0,-4579.74,-13739.22,2025-04-17 06:00:00,2026-08-07 20:10:16,order_items.csv,2026-08-07,Negative unit_price
ITEM000082813,ORD00020365,SKU04507,Organic leadingedge firmware,Sports,,10104.72,,2025-04-17 06:00:00,2026-08-07 20:10:16,order_items.csv,2026-08-07,Missing quantity
ITEM000082880,ORD00029371,SKU04918,Vision-oriented bi-directional monitoring,Toys,,14132.81,,2025-04-17 06:00:00,2026-08-07 20:10:16,order_items.csv,2026-08-07,Missing quantity
ITEM000082901,ORD00007584,SKU02587,Virtual responsive firmware,Books,8.0,-9170.51,-73364.08,2025-04-17 06:00:00,2026-08-07 20:10:16,order_items.csv,2026-08-07,Negative unit_price
ITEM000082947,ORD00012337,SKU04701,Integrated value-added matrix,Toys,,523.11,,2025-04-17 06:00:00,2026-08-07 20:10:16,order_items.csv,2026-08-07,Missing quantity
ITEM000083001,ORD00024617,SKU00062,Business-focused tertiary infrastructure,Sports,7.0,-3948.35,-27638.45,2025-04-17 06:00:00,2026-08-07 20:10:16,order_items.csv,2026-08-07,Negative unit_price
ITEM000083014,ORD00030811,SKU00735,Optimized value-added moderator,Books,,10303.71,,2025-04-17 06:00:00,2026-08-07 20:10:16,order_items.csv,2026-08-07,Missing quantity
ITEM000083081,ORD00045909,SKU01509,Seamless content-based product,Toys,,9188.87,,2025-04-17 06:00:00,2026-08-07 20:10:16,order_items.csv,2026-08-07,Missing quantity
ITEM000083101,ORD00043678,SKU00209,Reduced contextually-based software,Sports,9.0,-6566.61,-59099.49,2025-04-17 06:00:00,2026-08-07 20:10:16,order_items.csv,2026-08-07,Negative unit_price
ITEM000083148,ORD00035168,SKU02525,Integrated high-level utilization,Home & Kitchen,,10679.55,,2025-04-17 06:00:00,2026-08-07 20:10:16,order_items.csv,2026-08-07,Missing quantity
ITEM000083201,ORD00045695,SKU03171,Organized 24hour database,Grocery,10.0,-2297.58,-22975.8,2025-04-17 06:00:00,2026-08-07 20:10:16,order_items.csv,2026-08-07,Negative unit_price
ITEM000083215,ORD00028877,SKU04007,Streamlined 24hour algorithm,Clothing,,12850.89,,2025-04-17 06:00:00,2026-08-07 20:10:16,order_items.csv,2026-08-07,Missing quantity
ITEM000083282,ORD00006876,SKU01367,Robust global initiative,Grocery,,4207.51,,2025-04-17 06:00:00,2026-08-07 20:10:16,order_items.csv,2026-08-07,Missing quantity
ITEM000083301,ORD00023039,SKU00220,Re-contextualized dynamic productivity,Electronics,1.0,-2602.15,-2602.15,2025-04-17 06:00:00,2026-08-07 20:10:16,order_items.csv,2026-08-07,Negative unit_price
ITEM000083349,ORD00043179,SKU04784,Compatible zero tolerance hierarchy,Grocery,,11033.42,,2025-04-17 06:00:00,2026-08-07 20:10:16,order_items.csv,2026-08-07,Missing quantity
ITEM000083401,ORD00029418,SKU01726,Centralized next generation initiative,Grocery,5.0,-1326.6,-6633.0,2025-04-17 06:00:00,2026-08-07 20:10:16,order_items.csv,2026-08-07,Negative unit_price
ITEM000083416,ORD00010207,SKU01748,Universal fault-tolerant software,Clothing,,866.29,,2025-04-17 06:00:00,2026-08-07 20:10:16,order_items.csv,2026-08-07,Missing quantity
ITEM000083483,ORD00013134,SKU02843,Enhanced 5thgeneration alliance,Sports,,5965.54,,2025-04-17 06:00:00,2026-08-07 20:10:16,order_items.csv,2026-08-07,Missing quantity
ITEM000083501,ORD00010312,SKU01767,Front-line intermediate throughput,Beauty,8.0,-9830.83,-78646.64,2025-04-17 06:00:00,2026-08-07 20:10:16,order_items.csv,2026-08-07,Negative unit_price
ITEM000083550,ORD00003302,SKU03036,Focused asynchronous encoding,Toys,,10593.97,,2025-04-17 06:00:00,2026-08-07 20:10:16,order_items.csv,2026-08-07,Missing quantity
ITEM000083601,ORD00021088,SKU03091,Re-contextualized 3rdgeneration superstructure,Home & Kitchen,3.0,-3058.65,-9175.95,2025-04-17 06:00:00,2026-08-07 20:10:16,order_items.csv,2026-08-07,Negative unit_price
ITEM000083617,ORD00049637,SKU03115,Networked web-enabled product,Home & Kitchen,,6303.11,,2025-04-17 06:00:00,2026-08-07 20:10:16,order_items.csv,2026-08-07,Missing quantity
ITEM000083684,ORD00049754,SKU00037,User-friendly fresh-thinking Graphic Interface,Sports,,9822.89,,2025-04-17 06:00:00,2026-08-07 20:10:16,order_items.csv,2026-08-07,Missing quantity
ITEM000083701,ORD00034444,SKU04148,Polarized multimedia middleware,Sports,7.0,-5490.59,-38434.130000000005,2025-04-17 06:00:00,2026-08-07 20:10:16,order_items.csv,2026-08-07,Negative unit_price
ITEM000083751,ORD00024180,SKU02085,Horizontal bandwidth-monitored ability,Sports,,4620.36,,2025-04-17 06:00:00,2026-08-07 20:10:16,order_items.csv,2026-08-07,Missing quantity
ITEM000083801,ORD00017277,SKU00672,Multi-channeled 3rdgeneration monitoring,Clothing,5.0,-14959.94,-74799.7,2025-04-17 06:00:00,2026-08-07 20:10:16,order_items.csv,2026-08-07,Negative unit_price
ITEM000083818,ORD00008118,SKU01299,Persistent optimizing throughput,Beauty,,14947.91,,2025-04-17 06:00:00,2026-08-07 20:10:16,order_items.csv,2026-08-07,Missing quantity
ITEM000083885,ORD00045238,SKU02658,Inverse stable array,Home & Kitchen,,11565.64,,2025-04-17 06:00:00,2026-08-07 20:10:16,order_items.csv,2026-08-07,Missing quantity
ITEM000083901,ORD00032047,SKU03249,De-engineered bi-directional website,Grocery,7.0,-6673.82,-46716.74,2025-04-17 06:00:00,2026-08-07 20:10:16,order_items.csv,2026-08-07,Negative unit_price
ITEM000083952,ORD00027651,SKU03264,Right-sized actuating protocol,Grocery,,1241.95,,2025-04-17 06:00:00,2026-08-07 20:10:16,order_items.csv,2026-08-07,Missing quantity
ITEM000084001,ORD00011758,SKU02250,Multi-channeled clear-thinking archive,Beauty,3.0,-4154.89,-12464.670000000002,2025-04-17 06:00:00,2026-08-07 20:10:16,order_items.csv,2026-08-07,Negative unit_price
ITEM000084019,ORD00000201,SKU04875,Profit-focused static database,Home & Kitchen,,1523.26,,2025-04-17 06:00:00,2026-08-07 20:10:16,order_items.csv,2026-08-07,Missing quantity
ITEM000084086,ORD00032002,SKU03866,Face-to-face coherent access,Electronics,,6019.48,,2025-04-17 06:00:00,2026-08-07 20:10:16,order_items.csv,2026-08-07,Missing quantity
ITEM000084101,ORD00010051,SKU02969,Innovative optimizing access,Toys,1.0,-4736.77,-4736.77,2025-04-17 06:00:00,2026-08-07 20:10:16,order_items.csv,2026-08-07,Negative unit_price
ITEM000084153,ORD00033378,SKU02916,Automated even-keeled adapter,Beauty,,6335.88,,2025-04-17 06:00:00,2026-08-07 20:10:16,order_items.csv,2026-08-07,Missing quantity
ITEM000084201,ORD00047455,SKU02607,Ergonomic national moratorium,Grocery,5.0,-4973.5,-24867.5,2025-04-17 06:00:00,2026-08-07 20:10:16,order_items.csv,2026-08-07,Negative unit_price
ITEM000084220,ORD00021445,SKU00062,Business-focused tertiary infrastructure,Sports,,3948.35,,2025-04-17 06:00:00,2026-08-07 20:10:16,order_items.csv,2026-08-07,Missing quantity
ITEM000084287,ORD00036651,SKU01999,Programmable didactic customer loyalty,Clothing,,14681.6,,2025-04-17 06:00:00,2026-08-07 20:10:16,order_items.csv,2026-08-07,Missing quantity
ITEM000084301,ORD00045139,SKU04159,Cross-platform 4thgeneration toolset,Clothing,5.0,-10419.5,-52097.5,2025-04-17 06:00:00,2026-08-07 20:10:16,order_items.csv,2026-08-07,Negative unit_price
ITEM000084354,ORD00036449,SKU03466,Self-enabling needs-based methodology,Books,,7825.46,,2025-04-17 06:00:00,2026-08-07 20:10:16,order_items.csv,2026-08-07,Missing quantity
ITEM000084401,ORD00020689,SKU04810,Total interactive methodology,Toys,5.0,-10706.27,-53531.350000000006,2025-04-17 06:00:00,2026-08-07 20:10:16,order_items.csv,2026-08-07,Negative unit_price
ITEM000084421,ORD00034978,SKU03279,Team-oriented client-server process improvement,Home & Kitchen,,14556.72,,2025-04-17 06:00:00,2026-08-07 20:10:16,order_items.csv,2026-08-07,Missing quantity
ITEM000084488,ORD00004506,SKU03781,Ergonomic national circuit,Beauty,,10433.7,,2025-04-17 06:00:00,2026-08-07 20:10:16,order_items.csv,2026-08-07,Missing quantity
ITEM000084501,ORD00003300,SKU00386,Customer-focused uniform firmware,Grocery,2.0,-3830.29,-7660.58,2025-04-17 06:00:00,2026-08-07 20:10:16,order_items.csv,2026-08-07,Negative unit_price
ITEM000084555,ORD00030236,SKU01662,Diverse explicit contingency,Clothing,,14667.67,,2025-04-17 06:00:00,2026-08-07 20:10:16,order_items.csv,2026-08-07,Missing quantity
ITEM000084601,ORD00044784,SKU01217,Business-focused asynchronous architecture,Clothing,4.0,-1293.29,-5173.16,2025-04-17 06:00:00,2026-08-07 20:10:16,order_items.csv,2026-08-07,Negative unit_price
ITEM000084622,ORD00028555,SKU00564,Ameliorated asymmetric task-force,Grocery,,9731.54,,2025-04-17 06:00:00,2026-08-07 20:10:16,order_items.csv,2026-08-07,Missing quantity
ITEM000084689,ORD00027593,SKU04956,Triple-buffered homogeneous approach,Beauty,,14160.64,,2025-04-17 06:00:00,2026-08-07 20:10:16,order_items.csv,2026-08-07,Missing quantity
ITEM000084701,ORD00036717,SKU03342,Diverse client-server functionalities,Books,4.0,-12966.66,-51866.64,2025-04-17 06:00:00,2026-08-07 20:10:16,order_items.csv,2026-08-07,Negative unit_price
ITEM000084756,ORD00039255,SKU03801,Reactive context-sensitive superstructure,Books,,4321.43,,2025-04-17 06:00:00,2026-08-07 20:10:16,order_items.csv,2026-08-07,Missing quantity
ITEM000084801,ORD00013452,SKU00964,Front-line responsive intranet,Sports,8.0,-12849.18,-102793.44,2025-04-17 06:00:00,2026-08-07 20:10:16,order_items.csv,2026-08-07,Negative unit_price
ITEM000084823,ORD00008197,SKU03379,Centralized fresh-thinking paradigm,Clothing,,4056.45,,2025-04-17 06:00:00,2026-08-07 20:10:16,order_items.csv,2026-08-07,Missing quantity
ITEM000084890,ORD00010983,SKU02609,Synergized web-enabled open system,Grocery,,2171.93,,2025-04-17 06:00:00,2026-08-07 20:10:16,order_items.csv,2026-08-07,Missing quantity
ITEM000084901,ORD00029620,SKU03240,Synergistic 24hour attitude,Clothing,7.0,-4693.75,-32856.25,2025-04-17 06:00:00,2026-08-07 20:10:16,order_items.csv,2026-08-07,Negative unit_price
ITEM000084957,ORD00018316,SKU02428,Visionary optimizing architecture,Clothing,,2278.03,,2025-04-17 06:00:00,2026-08-07 20:10:16,order_items.csv,2026-08-07,Missing quantity
ITEM000085001,ORD00033563,SKU04245,Profound multi-tasking access,Toys,3.0,-6600.41,-19801.23,2025-04-17 06:00:00,2026-08-07 20:10:16,order_items.csv,2026-08-07,Negative unit_price
ITEM000085024,ORD00047775,SKU01411,Seamless mobile approach,Clothing,,6051.73,,2025-04-17 06:00:00,2026-08-07 20:10:16,order_items.csv,2026-08-07,Missing quantity
ITEM000085091,ORD00027818,SKU03449,Ameliorated leadingedge toolset,Clothing,,1027.42,,2025-04-17 06:00:00,2026-08-07 20:10:16,order_items.csv,2026-08-07,Missing quantity
ITEM000085101,ORD00046174,SKU03566,Horizontal zero-defect success,Beauty,6.0,-8047.36,-48284.159999999996,2025-04-17 06:00:00,2026-08-07 20:10:16,order_items.csv,2026-08-07,Negative unit_price
ITEM000085158,ORD00012322,SKU04524,Digitized logistical conglomeration,Beauty,,5860.52,,2025-04-17 06:00:00,2026-08-07 20:10:16,order_items.csv,2026-08-07,Missing quantity
ITEM000085201,ORD00018792,SKU00183,Ergonomic 3rdgeneration productivity,Books,3.0,-9612.09,-28836.27,2025-04-17 06:00:00,2026-08-07 20:10:16,order_items.csv,2026-08-07,Negative unit_price
ITEM000085225,ORD00036987,SKU04262,Stand-alone 4thgeneration monitoring,Sports,,13572.51,,2025-04-17 06:00:00,2026-08-07 20:10:16,order_items.csv,2026-08-07,Missing quantity
ITEM000085292,ORD00048623,SKU01652,Future-proofed 3rdgeneration policy,Home & Kitchen,,3749.54,,2025-04-17 06:00:00,2026-08-07 20:10:16,order_items.csv,2026-08-07,Missing quantity
ITEM000085301,ORD00007097,SKU01151,Down-sized 5thgeneration functionalities,Sports,9.0,-2730.71,-24576.39,2025-04-17 06:00:00,2026-08-07 20:10:16,order_items.csv,2026-08-07,Negative unit_price
ITEM000085359,ORD00010346,SKU04212,Face-to-face radical array,Beauty,,5070.46,,2025-04-17 06:00:00,2026-08-07 20:10:16,order_items.csv,2026-08-07,Missing quantity
ITEM000085401,ORD00007913,SKU04832,Cross-platform neutral installation,Sports,1.0,-7215.82,-7215.82,2025-04-17 06:00:00,2026-08-07 20:10:16,order_items.csv,2026-08-07,Negative unit_price
ITEM000085426,ORD00011079,SKU04709,Triple-buffered eco-centric alliance,Home & Kitchen,,14062.39,,2025-04-17 06:00:00,2026-08-07 20:10:16,order_items.csv,2026-08-07,Missing quantity
ITEM000085493,ORD00032682,SKU02885,Fundamental high-level task-force,Home & Kitchen,,12902.18,,2025-04-17 06:00:00,2026-08-07 20:10:16,order_items.csv,2026-08-07,Missing quantity
ITEM000085501,ORD00026261,SKU01723,Quality-focused empowering support,Beauty,6.0,-9117.73,-54706.38,2025-04-17 06:00:00,2026-08-07 20:10:16,order_items.csv,2026-08-07,Negative unit_price
ITEM000085560,ORD00013144,SKU02607,Ergonomic national moratorium,Grocery,,4973.5,,2025-04-17 06:00:00,2026-08-07 20:10:16,order_items.csv,2026-08-07,Missing quantity
ITEM000085601,ORD00038518,SKU00765,Phased content-based open system,Grocery,9.0,-91.31,-821.79,2025-04-17 06:00:00,2026-08-07 20:10:16,order_items.csv,2026-08-07,Negative unit_price
ITEM000085627,ORD00019993,SKU00424,Organized foreground superstructure,Clothing,,7849.47,,2025-04-17 06:00:00,2026-08-07 20:10:16,order_items.csv,2026-08-07,Missing quantity
ITEM000085694,ORD00015767,SKU04273,Synergistic content-based superstructure,Toys,,7400.54,,2025-04-17 06:00:00,2026-08-07 20:10:16,order_items.csv,2026-08-07,Missing quantity
ITEM000085701,ORD00026232,SKU00632,Polarized 6thgeneration Local Area Network,Grocery,4.0,-9215.43,-36861.72,2025-04-17 06:00:00,2026-08-07 20:10:16,order_items.csv,2026-08-07,Negative unit_price
ITEM000085761,ORD00009767,SKU01803,Streamlined systematic ability,Books,,881.37,,2025-04-17 06:00:00,2026-08-07 20:10:16,order_items.csv,2026-08-07,Missing quantity
ITEM000085801,ORD00022427,SKU01032,Visionary encompassing Internet solution,Books,7.0,-8023.96,-56167.72,2025-04-17 06:00:00,2026-08-07 20:10:16,order_items.csv,2026-08-07,Negative unit_price
ITEM000085828,ORD00019006,SKU02316,Optimized scalable framework,Toys,,5686.7,,2025-04-17 06:00:00,2026-08-07 20:10:16,order_items.csv,2026-08-07,Missing quantity
ITEM000085895,ORD00014550,SKU04536,Decentralized client-driven superstructure,Clothing,,4025.94,,2025-04-17 06:00:00,2026-08-07 20:10:16,order_items.csv,2026-08-07,Missing quantity
ITEM000085901,ORD00014842,SKU01058,Re-contextualized clear-thinking protocol,Beauty,3.0,-6560.42,-19681.260000000002,2025-04-17 06:00:00,2026-08-07 20:10:16,order_items.csv,2026-08-07,Negative unit_price
ITEM000085962,ORD00015306,SKU04133,Profound zero-defect conglomeration,Electronics,,10860.47,,2025-04-17 06:00:00,2026-08-07 20:10:16,order_items.csv,2026-08-07,Missing quantity
ITEM000086001,ORD00034690,SKU03945,Optional empowering interface,Home & Kitchen,9.0,-13973.41,-125760.69,2025-04-17 06:00:00,2026-08-07 20:10:16,order_items.csv,2026-08-07,Negative unit_price
ITEM000086029,ORD00032529,SKU02584,Grass-roots leadingedge leverage,Toys,,4865.16,,2025-04-17 06:00:00,2026-08-07 20:10:16,order_items.csv,2026-08-07,Missing quantity
ITEM000086096,ORD00021140,SKU04505,Organized empowering policy,Toys,,3620.31,,2025-04-17 06:00:00,2026-08-07 20:10:16,order_items.csv,2026-08-07,Missing quantity
ITEM000086101,ORD00033304,SKU03957,Down-sized interactive paradigm,Home & Kitchen,2.0,-4798.13,-9596.26,2025-04-17 06:00:00,2026-08-07 20:10:16,order_items.csv,2026-08-07,Negative unit_price
ITEM000086163,ORD00040884,SKU03208,Optimized secondary moderator,Toys,,5443.59,,2025-04-17 06:00:00,2026-08-07 20:10:16,order_items.csv,2026-08-07,Missing quantity
ITEM000086201,ORD00037933,SKU02760,Exclusive context-sensitive synergy,Grocery,9.0,-14563.53,-131071.77,2025-04-17 06:00:00,2026-08-07 20:10:16,order_items.csv,2026-08-07,Negative unit_price
ITEM000086230,ORD00035480,SKU00311,Future-proofed client-driven flexibility,Toys,,10942.95,,2025-04-17 06:00:00,2026-08-07 20:10:16,order_items.csv,2026-08-07,Missing quantity
ITEM000086297,ORD00039724,SKU04977,Synergized asymmetric protocol,Sports,,7679.7,,2025-04-17 06:00:00,2026-08-07 20:10:16,order_items.csv,2026-08-07,Missing quantity
ITEM000086301,ORD00003833,SKU01735,Fully-configurable directional framework,Toys,9.0,-7429.69,-66867.20999999999,2025-04-17 06:00:00,2026-08-07 20:10:16,order_items.csv,2026-08-07,Negative unit_price
ITEM000086364,ORD00035328,SKU00817,Pre-emptive uniform implementation,Home & Kitchen,,12612.43,,2025-04-17 06:00:00,2026-08-07 20:10:16,order_items.csv,2026-08-07,Missing quantity
ITEM000086401,ORD00027423,SKU03268,Innovative upward-trending solution,Clothing,3.0,-7714.23,-23142.69,2025-04-17 06:00:00,2026-08-07 20:10:16,order_items.csv,2026-08-07,Negative unit_price
ITEM000086431,ORD00023362,SKU00622,Face-to-face tertiary Graphical User Interface,Toys,,1605.89,,2025-04-17 06:00:00,2026-08-07 20:10:16,order_items.csv,2026-08-07,Missing quantity
ITEM000086498,ORD00022334,SKU03400,Adaptive systemic core,Books,,6221.83,,2025-04-17 06:00:00,2026-08-07 20:10:16,order_items.csv,2026-08-07,Missing quantity
ITEM000086501,ORD00003500,SKU00183,Ergonomic 3rdgeneration productivity,Books,1.0,-9612.09,-9612.09,2025-04-17 06:00:00,2026-08-07 20:10:16,order_items.csv,2026-08-07,Negative unit_price
ITEM000086565,ORD00002027,SKU00860,Profit-focused tertiary methodology,Toys,,7516.94,,2025-04-17 06:00:00,2026-08-07 20:10:16,order_items.csv,2026-08-07,Missing quantity
ITEM000086601,ORD00014865,SKU01800,Adaptive contextually-based data-warehouse,Books,3.0,-9698.05,-29094.149999999998,2025-04-17 06:00:00,2026-08-07 20:10:16,order_items.csv,2026-08-07,Negative unit_price
ITEM000086632,ORD00016387,SKU02234,Self-enabling leadingedge toolset,Electronics,,2703.29,,2025-04-17 06:00:00,2026-08-07 20:10:16,order_items.csv,2026-08-07,Missing quantity
ITEM000086699,ORD00005200,SKU03002,Synchronized didactic process improvement,Grocery,,10083.91,,2025-04-17 06:00:00,2026-08-07 20:10:16,order_items.csv,2026-08-07,Missing quantity
ITEM000086701,ORD00041936,SKU00849,Configurable next generation approach,Grocery,5.0,-7520.6,-37603.0,2025-04-17 06:00:00,2026-08-07 20:10:16,order_items.csv,2026-08-07,Negative unit_price
ITEM000086766,ORD00022389,SKU02357,Automated global orchestration,Clothing,,4101.2,,2025-04-17 06:00:00,2026-08-07 20:10:16,order_items.csv,2026-08-07,Missing quantity
ITEM000086801,ORD00011013,SKU02519,Organic multi-tasking approach,Clothing,8.0,-3941.61,-31532.88,2025-04-17 06:00:00,2026-08-07 20:10:16,order_items.csv,2026-08-07,Negative unit_price
ITEM000086833,ORD00040993,SKU01701,Enterprise-wide 6thgeneration hierarchy,Clothing,,6951.96,,2025-04-17 06:00:00,2026-08-07 20:10:16,order_items.csv,2026-08-07,Missing quantity
ITEM000086900,ORD00033888,SKU02240,Customer-focused user-facing standardization,Electronics,,12367.12,,2025-04-17 06:00:00,2026-08-07 20:10:16,order_items.csv,2026-08-07,Missing quantity
ITEM000086901,ORD00032734,SKU04684,Extended mobile capability,Toys,1.0,-1867.07,-1867.07,2025-04-17 06:00:00,2026-08-07 20:10:16,order_items.csv,2026-08-07,Negative unit_price
ITEM000086967,ORD00026900,SKU03196,Multi-channeled coherent infrastructure,Books,,6641.89,,2025-04-17 06:00:00,2026-08-07 20:10:16,order_items.csv,2026-08-07,Missing quantity
ITEM000087001,ORD00009617,SKU03047,Object-based systematic matrix,Beauty,1.0,-12556.3,-12556.3,2025-04-17 06:00:00,2026-08-07 20:10:16,order_items.csv,2026-08-07,Negative unit_price
ITEM000087034,ORD00012856,SKU04794,Customizable stable capacity,Beauty,,397.26,,2025-04-17 06:00:00,2026-08-07 20:10:16,order_items.csv,2026-08-07,Missing quantity
ITEM000087101,ORD00027016,SKU01213,Team-oriented directional collaboration,Sports,,-14722.63,,2025-04-17 06:00:00,2026-08-07 20:10:16,order_items.csv,2026-08-07,Missing quantity
ITEM000087168,ORD00028413,SKU01364,Intuitive content-based hub,Toys,,11605.23,,2025-04-17 06:00:00,2026-08-07 20:10:16,order_items.csv,2026-08-07,Missing quantity
ITEM000087201,ORD00047532,SKU02095,Managed interactive website,Toys,8.0,-9869.33,-78954.64,2025-04-17 06:00:00,2026-08-07 20:10:16,order_items.csv,2026-08-07,Negative unit_price
ITEM000087235,ORD00015342,SKU03052,Face-to-face cohesive Internet solution,Electronics,,2439.1,,2025-04-17 06:00:00,2026-08-07 20:10:16,order_items.csv,2026-08-07,Missing quantity
ITEM000087301,ORD00032124,SKU00508,Programmable optimizing structure,Clothing,4.0,-9906.46,-39625.84,2025-04-17 06:00:00,2026-08-07 20:10:16,order_items.csv,2026-08-07,Negative unit_price
ITEM000087302,ORD00046437,SKU03478,Virtual bifurcated installation,Sports,,7984.77,,2025-04-17 06:00:00,2026-08-07 20:10:16,order_items.csv,2026-08-07,Missing quantity
ITEM000087369,ORD00023231,SKU01910,Front-line client-server strategy,Books,,10446.28,,2025-04-17 06:00:00,2026-08-07 20:10:16,order_items.csv,2026-08-07,Missing quantity
ITEM000087401,ORD00032039,SKU04984,Configurable encompassing middleware,Beauty,6.0,-9676.6,-58059.600000000006,2025-04-17 06:00:00,2026-08-07 20:10:16,order_items.csv,2026-08-07,Negative unit_price
ITEM000087436,ORD00028914,SKU01920,Re-contextualized full-range software,Clothing,,8261.5,,2025-04-17 06:00:00,2026-08-07 20:10:16,order_items.csv,2026-08-07,Missing quantity
ITEM000087501,ORD00010822,SKU04450,Operative reciprocal Internet solution,Electronics,10.0,-9840.7,-98407.0,2025-04-17 06:00:00,2026-08-07 20:10:16,order_items.csv,2026-08-07,Negative unit_price
ITEM000087503,ORD00022400,SKU02853,Decentralized maximized hierarchy,Grocery,,959.77,,2025-04-17 06:00:00,2026-08-07 20:10:16,order_items.csv,2026-08-07,Missing quantity
ITEM000087570,ORD00030107,SKU02121,Implemented multimedia circuit,Toys,,1057.27,,2025-04-17 06:00:00,2026-08-07 20:10:16,order_items.csv,2026-08-07,Missing quantity
ITEM000087601,ORD00012149,SKU03953,Persevering 4thgeneration challenge,Grocery,1.0,-13455.5,-13455.5,2025-04-17 06:00:00,2026-08-07 20:10:16,order_items.csv,2026-08-07,Negative unit_price
ITEM000087637,ORD00040430,SKU00515,Configurable leadingedge hierarchy,Sports,,2371.63,,2025-04-17 06:00:00,2026-08-07 20:10:16,order_items.csv,2026-08-07,Missing quantity
ITEM000087701,ORD00020856,SKU04845,Multi-channeled tangible ability,Toys,9.0,-4257.49,-38317.409999999996,2025-04-17 06:00:00,2026-08-07 20:10:16,order_items.csv,2026-08-07,Negative unit_price
ITEM000087704,ORD00015340,SKU01288,Re-contextualized regional help-desk,Electronics,,7364.72,,2025-04-17 06:00:00,2026-08-07 20:10:16,order_items.csv,2026-08-07,Missing quantity
ITEM000087771,ORD00018334,SKU02024,Ergonomic 4thgeneration project,Home & Kitchen,,534.68,,2025-04-17 06:00:00,2026-08-07 20:10:16,order_items.csv,2026-08-07,Missing quantity
ITEM000087801,ORD00044921,SKU00992,Multi-lateral logistical artificial intelligence,Home & Kitchen,5.0,-10985.24,-54926.2,2025-04-17 06:00:00,2026-08-07 20:10:16,order_items.csv,2026-08-07,Negative unit_price
ITEM000087838,ORD00006954,SKU01812,Upgradable dynamic emulation,Toys,,14330.84,,2025-04-17 06:00:00,2026-08-07 20:10:16,order_items.csv,2026-08-07,Missing quantity
ITEM000087901,ORD00018347,SKU02073,Synergized object-oriented matrix,Grocery,3.0,-14096.16,-42288.479999999996,2025-04-17 06:00:00,2026-08-07 20:10:16,order_items.csv,2026-08-07,Negative unit_price
ITEM000087905,ORD00031445,SKU04065,Cross-platform transitional protocol,Home & Kitchen,,4944.69,,2025-04-17 06:00:00,2026-08-07 20:10:16,order_items.csv,2026-08-07,Missing quantity
ITEM000087972,ORD00040452,SKU00337,Fundamental tertiary model,Grocery,,819.39,,2025-04-17 06:00:00,2026-08-07 20:10:16,order_items.csv,2026-08-07,Missing quantity
ITEM000088001,ORD00048613,SKU03482,Managed foreground Local Area Network,Books,6.0,-14129.43,-84776.58,2025-04-17 06:00:00,2026-08-07 20:10:16,order_items.csv,2026-08-07,Negative unit_price
ITEM000088039,ORD00030325,SKU04040,Enterprise-wide intermediate archive,Sports,,9127.03,,2025-04-17 06:00:00,2026-08-07 20:10:16,order_items.csv,2026-08-07,Missing quantity
ITEM000088101,ORD00043159,SKU03249,De-engineered bi-directional website,Grocery,9.0,-6673.82,-60064.38,2025-04-17 06:00:00,2026-08-07 20:10:16,order_items.csv,2026-08-07,Negative unit_price
ITEM000088106,ORD00034612,SKU01527,Business-focused national Graphic Interface,Beauty,,4083.7,,2025-04-17 06:00:00,2026-08-07 20:10:16,order_items.csv,2026-08-07,Missing quantity
ITEM000088173,ORD00030117,SKU04353,Configurable scalable capacity,Sports,,3555.72,,2025-04-17 06:00:00,2026-08-07 20:10:16,order_items.csv,2026-08-07,Missing quantity
ITEM000088201,ORD00014441,SKU03873,Visionary homogeneous Internet solution,Home & Kitchen,1.0,-3955.65,-3955.65,2025-04-17 06:00:00,2026-08-07 20:10:16,order_items.csv,2026-08-07,Negative unit_price
ITEM000088240,ORD00014492,SKU01851,User-friendly local task-force,Electronics,,3354.66,,2025-04-17 06:00:00,2026-08-07 20:10:16,order_items.csv,2026-08-07,Missing quantity
ITEM000088301,ORD00016660,SKU04866,Cloned reciprocal flexibility,Books,7.0,-10275.13,-71925.90999999999,2025-04-17 06:00:00,2026-08-07 20:10:16,order_items.csv,2026-08-07,Negative unit_price
ITEM000088307,ORD00042456,SKU02327,Grass-roots even-keeled function,Beauty,,3699.36,,2025-04-17 06:00:00,2026-08-07 20:10:16,order_items.csv,2026-08-07,Missing quantity
ITEM000088374,ORD00041208,SKU01388,Devolved foreground productivity,Clothing,,12753.46,,2025-04-17 06:00:00,2026-08-07 20:10:16,order_items.csv,2026-08-07,Missing quantity
ITEM000088401,ORD00000289,SKU00521,Phased multi-tasking artificial intelligence,Toys,4.0,-145.7,-582.8,2025-04-17 06:00:00,2026-08-07 20:10:16,order_items.csv,2026-08-07,Negative unit_price
ITEM000088441,ORD00001694,SKU03945,Optional empowering interface,Home & Kitchen,,13973.41,,2025-04-17 06:00:00,2026-08-07 20:10:16,order_items.csv,2026-08-07,Missing quantity
ITEM000088501,ORD00006412,SKU02742,Business-focused content-based function,Sports,3.0,-2000.27,-6000.8099999999995,2025-04-17 06:00:00,2026-08-07 20:10:16,order_items.csv,2026-08-07,Negative unit_price
ITEM000088508,ORD00023219,SKU04564,Configurable national leverage,Sports,,10045.59,,2025-04-17 06:00:00,2026-08-07 20:10:16,order_items.csv,2026-08-07,Missing quantity
ITEM000088575,ORD00018388,SKU01999,Programmable didactic customer loyalty,Clothing,,14681.6,,2025-04-17 06:00:00,2026-08-07 20:10:16,order_items.csv,2026-08-07,Missing quantity
ITEM000088601,ORD00008536,SKU01619,Focused global attitude,Toys,10.0,-13944.42,-139444.2,2025-04-17 06:00:00,2026-08-07 20:10:16,order_items.csv,2026-08-07,Negative unit_price
ITEM000088642,ORD00037657,SKU02815,Reverse-engineered bi-directional superstructure,Grocery,,2870.0,,2025-04-17 06:00:00,2026-08-07 20:10:16,order_items.csv,2026-08-07,Missing quantity
ITEM000088701,ORD00043214,SKU04268,Persevering mission-critical challenge,Beauty,8.0,-11000.41,-88003.28,2025-04-17 06:00:00,2026-08-07 20:10:16,order_items.csv,2026-08-07,Negative unit_price
ITEM000088709,ORD00025486,SKU04031,Stand-alone didactic database,Beauty,,1087.41,,2025-04-17 06:00:00,2026-08-07 20:10:16,order_items.csv,2026-08-07,Missing quantity
ITEM000088776,ORD00012965,SKU00778,Grass-roots 3rdgeneration core,Toys,,4853.3,,2025-04-17 06:00:00,2026-08-07 20:10:16,order_items.csv,2026-08-07,Missing quantity
ITEM000088801,ORD00029252,SKU02980,Focused holistic application,Sports,6.0,-8530.05,-51180.299999999996,2025-04-17 06:00:00,2026-08-07 20:10:16,order_items.csv,2026-08-07,Negative unit_price
ITEM000088843,ORD00017637,SKU03876,Versatile client-driven benchmark,Home & Kitchen,,8191.37,,2025-04-17 06:00:00,2026-08-07 20:10:16,order_items.csv,2026-08-07,Missing quantity
ITEM000088901,ORD00026190,SKU03888,Devolved optimizing knowledgebase,Home & Kitchen,8.0,-4407.61,-35260.88,2025-04-17 06:00:00,2026-08-07 20:10:16,order_items.csv,2026-08-07,Negative unit_price
ITEM000088910,ORD00001824,SKU00399,Grass-roots modular circuit,Beauty,,7607.54,,2025-04-17 06:00:00,2026-08-07 20:10:16,order_items.csv,2026-08-07,Missing quantity
ITEM000088977,ORD00044765,SKU01391,Reactive full-range leverage,Toys,,1655.2,,2025-04-17 06:00:00,2026-08-07 20:10:16,order_items.csv,2026-08-07,Missing quantity
ITEM000089001,ORD00029321,SKU04729,Multi-channeled discrete archive,Beauty,5.0,-389.07,-1945.35,2025-04-17 06:00:00,2026-08-07 20:10:16,order_items.csv,2026-08-07,Negative unit_price
ITEM000089044,ORD00030077,SKU00760,Optional cohesive Local Area Network,Grocery,,14542.74,,2025-04-17 06:00:00,2026-08-07 20:10:16,order_items.csv,2026-08-07,Missing quantity
ITEM000089101,ORD00012712,SKU00556,Programmable client-driven alliance,Home & Kitchen,4.0,-13832.61,-55330.44,2025-04-17 06:00:00,2026-08-07 20:10:16,order_items.csv,2026-08-07,Negative unit_price
ITEM000089111,ORD00039980,SKU02896,Optional cohesive core,Toys,,1539.62,,2025-04-17 06:00:00,2026-08-07 20:10:16,order_items.csv,2026-08-07,Missing quantity
ITEM000089178,ORD00010563,SKU00946,Open-source non-volatile monitoring,Clothing,,5579.58,,2025-04-17 06:00:00,2026-08-07 20:10:16,order_items.csv,2026-08-07,Missing quantity
ITEM000089201,ORD00004732,SKU03075,Multi-channeled static migration,Books,8.0,-13409.12,-107272.96,2025-04-17 06:00:00,2026-08-07 20:10:16,order_items.csv,2026-08-07,Negative unit_price
ITEM000089245,ORD00017389,SKU04289,Universal local standardization,Electronics,,5993.12,,2025-04-17 06:00:00,2026-08-07 20:10:16,order_items.csv,2026-08-07,Missing quantity
ITEM000089301,ORD00019257,SKU00218,Proactive stable hardware,Clothing,5.0,-1650.93,-8254.65,2025-04-17 06:00:00,2026-08-07 20:10:16,order_items.csv,2026-08-07,Negative unit_price
ITEM000089312,ORD00028871,SKU01191,Cloned contextually-based alliance,Books,,4452.67,,2025-04-17 06:00:00,2026-08-07 20:10:16,order_items.csv,2026-08-07,Missing quantity
ITEM000089379,ORD00006805,SKU02994,Expanded directional analyzer,Grocery,,14950.51,,2025-04-17 06:00:00,2026-08-07 20:10:16,order_items.csv,2026-08-07,Missing quantity
ITEM000089401,ORD00037548,SKU03329,Customer-focused multi-state solution,Home & Kitchen,6.0,-1105.52,-6633.12,2025-04-17 06:00:00,2026-08-07 20:10:16,order_items.csv,2026-08-07,Negative unit_price
ITEM000089446,ORD00026840,SKU01469,Optimized background budgetary management,Beauty,,12986.54,,2025-04-17 06:00:00,2026-08-07 20:10:16,order_items.csv,2026-08-07,Missing quantity
ITEM000089501,ORD00030405,SKU03833,Centralized systemic artificial intelligence,Grocery,6.0,-4086.37,-24518.22,2025-04-17 06:00:00,2026-08-07 20:10:16,order_items.csv,2026-08-07,Negative unit_price
ITEM000089513,ORD00040078,SKU04584,Mandatory national standardization,Grocery,,14073.18,,2025-04-17 06:00:00,2026-08-07 20:10:16,order_items.csv,2026-08-07,Missing quantity
ITEM000089580,ORD00000417,SKU03670,Integrated object-oriented infrastructure,Grocery,,12737.44,,2025-04-17 06:00:00,2026-08-07 20:10:16,order_items.csv,2026-08-07,Missing quantity
ITEM000089601,ORD00009787,SKU04834,Face-to-face intermediate toolset,Books,2.0,-3991.14,-7982.28,2025-04-17 06:00:00,2026-08-07 20:10:16,order_items.csv,2026-08-07,Negative unit_price
ITEM000089647,ORD00025303,SKU04549,Robust holistic architecture,Books,,7441.64,,2025-04-17 06:00:00,2026-08-07 20:10:16,order_items.csv,2026-08-07,Missing quantity
ITEM000089701,ORD00027603,SKU04001,Streamlined 24/7 access,Toys,5.0,-584.89,-2924.45,2025-04-17 06:00:00,2026-08-07 20:10:16,order_items.csv,2026-08-07,Negative unit_price
ITEM000089714,ORD00035088,SKU00752,Ergonomic tertiary secured line,Beauty,,7204.34,,2025-04-17 06:00:00,2026-08-07 20:10:16,order_items.csv,2026-08-07,Missing quantity
ITEM000089781,ORD00044689,SKU02848,Distributed explicit focus group,Books,,7786.24,,2025-04-17 06:00:00,2026-08-07 20:10:16,order_items.csv,2026-08-07,Missing quantity
ITEM000089801,ORD00020024,SKU00590,De-engineered non-volatile portal,Sports,1.0,-9996.39,-9996.39,2025-04-17 06:00:00,2026-08-07 20:10:16,order_items.csv,2026-08-07,Negative unit_price
ITEM000089848,ORD00021003,SKU01351,Phased national adapter,Toys,,11399.03,,2025-04-17 06:00:00,2026-08-07 20:10:16,order_items.csv,2026-08-07,Missing quantity
ITEM000089901,ORD00036974,SKU02363,Realigned bottom-line hierarchy,Sports,6.0,-3916.42,-23498.52,2025-04-17 06:00:00,2026-08-07 20:10:16,order_items.csv,2026-08-07,Negative unit_price
ITEM000089915,ORD00045607,SKU02171,Sharable neutral hardware,Electronics,,13859.05,,2025-04-17 06:00:00,2026-08-07 20:10:16,order_items.csv,2026-08-07,Missing quantity
ITEM000089982,ORD00004163,SKU04597,Persevering foreground extranet,Home & Kitchen,,4401.06,,2025-04-17 06:00:00,2026-08-07 20:10:16,order_items.csv,2026-08-07,Missing quantity
ITEM000090001,ORD00017389,SKU04281,Realigned multi-tasking extranet,Grocery,6.0,-3844.28,-23065.68,2025-04-17 06:00:00,2026-08-07 20:10:16,order_items.csv,2026-08-07,Negative unit_price
ITEM000090049,ORD00014148,SKU03325,Right-sized even-keeled implementation,Toys,,1874.26,,2025-04-17 06:00:00,2026-08-07 20:10:16,order_items.csv,2026-08-07,Missing quantity
ITEM000090101,ORD00020796,SKU02099,Reactive analyzing time-frame,Electronics,6.0,-11822.57,-70935.42,2025-04-17 06:00:00,2026-08-07 20:10:16,order_items.csv,2026-08-07,Negative unit_price
ITEM000090116,ORD00042928,SKU00767,Devolved 3rdgeneration frame,Electronics,,7219.1,,2025-04-17 06:00:00,2026-08-07 20:10:16,order_items.csv,2026-08-07,Missing quantity
ITEM000090183,ORD00010563,SKU01738,Organic grid-enabled process improvement,Sports,,9298.26,,2025-04-17 06:00:00,2026-08-07 20:10:16,order_items.csv,2026-08-07,Missing quantity
ITEM000090201,ORD00028396,SKU02300,Multi-layered explicit strategy,Home & Kitchen,9.0,-7320.84,-65887.56,2025-04-17 06:00:00,2026-08-07 20:10:16,order_items.csv,2026-08-07,Negative unit_price
ITEM000090250,ORD00006661,SKU02644,Progressive uniform circuit,Sports,,4118.6,,2025-04-17 06:00:00,2026-08-07 20:10:16,order_items.csv,2026-08-07,Missing quantity
ITEM000090301,ORD00022614,SKU00349,Extended methodical pricing structure,Beauty,3.0,-7052.39,-21157.170000000002,2025-04-17 06:00:00,2026-08-07 20:10:16,order_items.csv,2026-08-07,Negative unit_price
ITEM000090317,ORD00010179,SKU00819,Pre-emptive user-facing archive,Clothing,,14718.77,,2025-04-17 06:00:00,2026-08-07 20:10:16,order_items.csv,2026-08-07,Missing quantity
ITEM000090384,ORD00042350,SKU04416,Cross-platform local focus group,Grocery,,11850.84,,2025-04-17 06:00:00,2026-08-07 20:10:16,order_items.csv,2026-08-07,Missing quantity
ITEM000090401,ORD00038322,SKU01408,Organic cohesive capacity,Books,7.0,-718.97,-5032.79,2025-04-17 06:00:00,2026-08-07 20:10:16,order_items.csv,2026-08-07,Negative unit_price
ITEM000090451,ORD00045342,SKU01117,Expanded coherent flexibility,Books,,13756.91,,2025-04-17 06:00:00,2026-08-07 20:10:16,order_items.csv,2026-08-07,Missing quantity
ITEM000090501,ORD00026569,SKU04166,Open-source next generation moderator,Books,6.0,-7199.96,-43199.76,2025-04-17 06:00:00,2026-08-07 20:10:16,order_items.csv,2026-08-07,Negative unit_price
ITEM000090518,ORD00036792,SKU01007,Profit-focused empowering firmware,Grocery,,10851.92,,2025-04-17 06:00:00,2026-08-07 20:10:16,order_items.csv,2026-08-07,Missing quantity
ITEM000090585,ORD00044607,SKU01184,Networked fresh-thinking budgetary management,Clothing,,277.62,,2025-04-17 06:00:00,2026-08-07 20:10:16,order_items.csv,2026-08-07,Missing quantity
ITEM000090601,ORD00025409,SKU01882,Future-proofed didactic toolset,Sports,2.0,-2201.63,-4403.26,2025-04-17 06:00:00,2026-08-07 20:10:16,order_items.csv,2026-08-07,Negative unit_price
ITEM000090652,ORD00008694,SKU00922,Reactive fault-tolerant architecture,Books,,953.38,,2025-04-17 06:00:00,2026-08-07 20:10:16,order_items.csv,2026-08-07,Missing quantity
ITEM000090701,ORD00013347,SKU03485,Quality-focused asymmetric superstructure,Home & Kitchen,4.0,-3682.43,-14729.72,2025-04-17 06:00:00,2026-08-07 20:10:16,order_items.csv,2026-08-07,Negative unit_price
ITEM000090719,ORD00009138,SKU04940,Reverse-engineered static matrix,Electronics,,4691.37,,2025-04-17 06:00:00,2026-08-07 20:10:16,order_items.csv,2026-08-07,Missing quantity
ITEM000090786,ORD00039115,SKU00700,Reverse-engineered value-added pricing structure,Clothing,,13208.41,,2025-04-17 06:00:00,2026-08-07 20:10:16,order_items.csv,2026-08-07,Missing quantity
ITEM000090801,ORD00000340,SKU02295,Sharable dedicated extranet,Electronics,9.0,-1846.96,-16622.64,2025-04-17 06:00:00,2026-08-07 20:10:16,order_items.csv,2026-08-07,Negative unit_price
ITEM000090853,ORD00001374,SKU02567,Reverse-engineered clear-thinking toolset,Grocery,,12971.25,,2025-04-17 06:00:00,2026-08-07 20:10:16,order_items.csv,2026-08-07,Missing quantity
ITEM000090901,ORD00008994,SKU04829,Adaptive uniform support,Clothing,5.0,-5139.6,-25698.0,2025-04-17 06:00:00,2026-08-07 20:10:16,order_items.csv,2026-08-07,Negative unit_price
ITEM000090920,ORD00046449,SKU04695,Customizable clear-thinking focus group,Home & Kitchen,,264.48,,2025-04-17 06:00:00,2026-08-07 20:10:16,order_items.csv,2026-08-07,Missing quantity
ITEM000090987,ORD00007480,SKU01891,Innovative encompassing portal,Sports,,11285.29,,2025-04-17 06:00:00,2026-08-07 20:10:16,order_items.csv,2026-08-07,Missing quantity
ITEM000091001,ORD00015249,SKU02868,Function-based incremental Internet solution,Beauty,6.0,-7176.45,-43058.7,2025-04-17 06:00:00,2026-08-07 20:10:16,order_items.csv,2026-08-07,Negative unit_price
ITEM000091054,ORD00028702,SKU02387,Fundamental foreground contingency,Toys,,13658.78,,2025-04-17 06:00:00,2026-08-07 20:10:16,order_items.csv,2026-08-07,Missing quantity
ITEM000091101,ORD00003147,SKU02133,Robust didactic parallelism,Grocery,1.0,-3130.97,-3130.97,2025-04-17 06:00:00,2026-08-07 20:10:16,order_items.csv,2026-08-07,Negative unit_price
ITEM000091121,ORD00017689,SKU02754,Mandatory intangible customer loyalty,Home & Kitchen,,14504.58,,2025-04-17 06:00:00,2026-08-07 20:10:16,order_items.csv,2026-08-07,Missing quantity
ITEM000091188,ORD00036569,SKU01566,Organic modular help-desk,Books,,14555.18,,2025-04-17 06:00:00,2026-08-07 20:10:16,order_items.csv,2026-08-07,Missing quantity
ITEM000091201,ORD00032965,SKU00288,Ameliorated systematic data-warehouse,Sports,2.0,-11715.83,-23431.66,2025-04-17 06:00:00,2026-08-07 20:10:16,order_items.csv,2026-08-07,Negative unit_price
ITEM000091255,ORD00025405,SKU04033,Ameliorated upward-trending archive,Electronics,,1374.94,,2025-04-17 06:00:00,2026-08-07 20:10:16,order_items.csv,2026-08-07,Missing quantity
ITEM000091301,ORD00044363,SKU00756,Down-sized non-volatile access,Toys,10.0,-3894.5,-38945.0,2025-04-17 06:00:00,2026-08-07 20:10:16,order_items.csv,2026-08-07,Negative unit_price
ITEM000091322,ORD00015032,SKU03368,Up-sized 24/7 standardization,Electronics,,4719.02,,2025-04-17 06:00:00,2026-08-07 20:10:16,order_items.csv,2026-08-07,Missing quantity
ITEM000091389,ORD00025368,SKU02244,Devolved interactive alliance,Books,,9507.3,,2025-04-17 06:00:00,2026-08-07 20:10:16,order_items.csv,2026-08-07,Missing quantity
ITEM000091401,ORD00046964,SKU01298,Diverse transitional extranet,Sports,10.0,-14225.07,-142250.7,2025-04-17 06:00:00,2026-08-07 20:10:16,order_items.csv,2026-08-07,Negative unit_price
ITEM000091456,ORD00035897,SKU01327,Innovative impactful Graphical User Interface,Books,,13765.88,,2025-04-17 06:00:00,2026-08-07 20:10:16,order_items.csv,2026-08-07,Missing quantity
ITEM000091501,ORD00022004,SKU00678,Distributed zero administration product,Clothing,8.0,-11120.08,-88960.64,2025-04-17 06:00:00,2026-08-07 20:10:16,order_items.csv,2026-08-07,Negative unit_price
ITEM000091523,ORD00045869,SKU04228,User-friendly responsive benchmark,Electronics,,7341.68,,2025-04-17 06:00:00,2026-08-07 20:10:16,order_items.csv,2026-08-07,Missing quantity
ITEM000091590,ORD00005186,SKU03181,Reactive asynchronous policy,Home & Kitchen,,14908.81,,2025-04-17 06:00:00,2026-08-07 20:10:16,order_items.csv,2026-08-07,Missing quantity
ITEM000091601,ORD00026143,SKU02919,Programmable actuating focus group,Grocery,8.0,-14491.29,-115930.32,2025-04-17 06:00:00,2026-08-07 20:10:16,order_items.csv,2026-08-07,Negative unit_price
ITEM000091657,ORD00021458,SKU03977,Secured next generation collaboration,Clothing,,10204.18,,2025-04-17 06:00:00,2026-08-07 20:10:16,order_items.csv,2026-08-07,Missing quantity
ITEM000091701,ORD00027603,SKU02236,De-engineered homogeneous interface,Books,9.0,-10337.85,-93040.65000000001,2025-04-17 06:00:00,2026-08-07 20:10:16,order_items.csv,2026-08-07,Negative unit_price
ITEM000091724,ORD00037224,SKU03281,Phased mobile firmware,Sports,,14983.99,,2025-04-17 06:00:00,2026-08-07 20:10:16,order_items.csv,2026-08-07,Missing quantity
ITEM000091791,ORD00026600,SKU00723,Enhanced incremental task-force,Grocery,,7501.36,,2025-04-17 06:00:00,2026-08-07 20:10:16,order_items.csv,2026-08-07,Missing quantity
ITEM000091801,ORD00047103,SKU03512,Open-source didactic methodology,Electronics,4.0,-7711.99,-30847.96,2025-04-17 06:00:00,2026-08-07 20:10:16,order_items.csv,2026-08-07,Negative unit_price
ITEM000091858,ORD00035947,SKU00863,Expanded incremental hub,Toys,,13372.96,,2025-04-17 06:00:00,2026-08-07 20:10:16,order_items.csv,2026-08-07,Missing quantity
ITEM000091901,ORD00043978,SKU00246,Multi-tiered neutral groupware,Beauty,10.0,-7040.52,-70405.20000000001,2025-04-17 06:00:00,2026-08-07 20:10:16,order_items.csv,2026-08-07,Negative unit_price
ITEM000091925,ORD00007729,SKU00291,Devolved global benchmark,Sports,,14622.92,,2025-04-17 06:00:00,2026-08-07 20:10:16,order_items.csv,2026-08-07,Missing quantity
ITEM000091992,ORD00044543,SKU03489,Reactive fault-tolerant superstructure,Sports,,5816.45,,2025-04-17 06:00:00,2026-08-07 20:10:16,order_items.csv,2026-08-07,Missing quantity
ITEM000092001,ORD00002895,SKU02601,Devolved hybrid archive,Home & Kitchen,9.0,-6101.18,-54910.62,2025-04-17 06:00:00,2026-08-07 20:10:16,order_items.csv,2026-08-07,Negative unit_price
ITEM000092059,ORD00034174,SKU04829,Adaptive uniform support,Clothing,,5139.6,,2025-04-17 06:00:00,2026-08-07 20:10:16,order_items.csv,2026-08-07,Missing quantity
ITEM000092101,ORD00049728,SKU04792,Fully-configurable composite ability,Books,8.0,-644.38,-5155.04,2025-04-17 06:00:00,2026-08-07 20:10:16,order_items.csv,2026-08-07,Negative unit_price
ITEM000092126,ORD00041285,SKU03189,Cloned fault-tolerant solution,Books,,11519.86,,2025-04-17 06:00:00,2026-08-07 20:10:16,order_items.csv,2026-08-07,Missing quantity
ITEM000092193,ORD00025259,SKU02913,Managed local project,Books,,13417.21,,2025-04-17 06:00:00,2026-08-07 20:10:16,order_items.csv,2026-08-07,Missing quantity
ITEM000092201,ORD00015066,SKU01826,Multi-layered cohesive intranet,Sports,7.0,-12241.86,-85693.02,2025-04-17 06:00:00,2026-08-07 20:10:16,order_items.csv,2026-08-07,Negative unit_price
ITEM000092260,ORD00012085,SKU00461,Customer-focused mission-critical contingency,Home & Kitchen,,12688.37,,2025-04-17 06:00:00,2026-08-07 20:10:16,order_items.csv,2026-08-07,Missing quantity
ITEM000092301,ORD00035214,SKU03065,Polarized empowering matrices,Clothing,3.0,-1951.27,-5853.8099999999995,2025-04-17 06:00:00,2026-08-07 20:10:16,order_items.csv,2026-08-07,Negative unit_price
ITEM000092327,ORD00027897,SKU00293,Multi-tiered bi-directional strategy,Electronics,,7646.97,,2025-04-17 06:00:00,2026-08-07 20:10:16,order_items.csv,2026-08-07,Missing quantity
ITEM000092394,ORD00026583,SKU00382,Quality-focused user-facing emulation,Beauty,,14209.38,,2025-04-17 06:00:00,2026-08-07 20:10:16,order_items.csv,2026-08-07,Missing quantity
ITEM000092401,ORD00028239,SKU04947,Versatile multi-tasking software,Home & Kitchen,9.0,-6930.21,-62371.89,2025-04-17 06:00:00,2026-08-07 20:10:16,order_items.csv,2026-08-07,Negative unit_price
ITEM000092461,ORD00022364,SKU04816,Customizable neutral support,Home & Kitchen,,11762.12,,2025-04-17 06:00:00,2026-08-07 20:10:16,order_items.csv,2026-08-07,Missing quantity
ITEM000092501,ORD00014771,SKU01285,Devolved zero tolerance Internet solution,Clothing,1.0,-1954.27,-1954.27,2025-04-17 06:00:00,2026-08-07 20:10:16,order_items.csv,2026-08-07,Negative unit_price
ITEM000092528,ORD00024040,SKU04108,Cloned incremental superstructure,Toys,,14628.39,,2025-04-17 06:00:00,2026-08-07 20:10:16,order_items.csv,2026-08-07,Missing quantity
ITEM000092595,ORD00018504,SKU01813,Innovative grid-enabled algorithm,Books,,12127.89,,2025-04-17 06:00:00,2026-08-07 20:10:16,order_items.csv,2026-08-07,Missing quantity
ITEM000092601,ORD00026063,SKU01326,Multi-layered user-facing implementation,Home & Kitchen,4.0,-9833.39,-39333.56,2025-04-17 06:00:00,2026-08-07 20:10:16,order_items.csv,2026-08-07,Negative unit_price
ITEM000092662,ORD00003849,SKU01431,Object-based bandwidth-monitored policy,Electronics,,2183.13,,2025-04-17 06:00:00,2026-08-07 20:10:16,order_items.csv,2026-08-07,Missing quantity
ITEM000092701,ORD00004663,SKU04831,Versatile logistical help-desk,Toys,5.0,-10361.51,-51807.55,2025-04-17 06:00:00,2026-08-07 20:10:16,order_items.csv,2026-08-07,Negative unit_price
ITEM000092729,ORD00006403,SKU01294,Devolved dedicated leverage,Sports,,13170.73,,2025-04-17 06:00:00,2026-08-07 20:10:16,order_items.csv,2026-08-07,Missing quantity
ITEM000092796,ORD00022493,SKU03821,Implemented exuding extranet,Beauty,,2480.33,,2025-04-17 06:00:00,2026-08-07 20:10:16,order_items.csv,2026-08-07,Missing quantity
ITEM000092801,ORD00049748,SKU04763,Progressive high-level monitoring,Home & Kitchen,5.0,-1908.76,-9543.8,2025-04-17 06:00:00,2026-08-07 20:10:16,order_items.csv,2026-08-07,Negative unit_price
ITEM000092863,ORD00002165,SKU02793,Versatile system-worthy monitoring,Sports,,7352.38,,2025-04-17 06:00:00,2026-08-07 20:10:16,order_items.csv,2026-08-07,Missing quantity
ITEM000092901,ORD00048677,SKU01393,Open-architected discrete Graphic Interface,Home & Kitchen,4.0,-1362.31,-5449.24,2025-04-17 06:00:00,2026-08-07 20:10:16,order_items.csv,2026-08-07,Negative unit_price
ITEM000092930,ORD00005828,SKU01796,Reactive web-enabled service-desk,Grocery,,7961.84,,2025-04-17 06:00:00,2026-08-07 20:10:16,order_items.csv,2026-08-07,Missing quantity
ITEM000092997,ORD00007748,SKU04393,Monitored secondary synergy,Electronics,,8748.98,,2025-04-17 06:00:00,2026-08-07 20:10:16,order_items.csv,2026-08-07,Missing quantity
ITEM000093001,ORD00012007,SKU03968,Synergistic encompassing support,Clothing,2.0,-13186.96,-26373.92,2025-04-17 06:00:00,2026-08-07 20:10:16,order_items.csv,2026-08-07,Negative unit_price
ITEM000093064,ORD00044130,SKU01830,Future-proofed asynchronous array,Home & Kitchen,,4879.34,,2025-04-17 06:00:00,2026-08-07 20:10:16,order_items.csv,2026-08-07,Missing quantity
ITEM000093101,ORD00013829,SKU01621,Versatile methodical support,Grocery,10.0,-14429.51,-144295.1,2025-04-17 06:00:00,2026-08-07 20:10:16,order_items.csv,2026-08-07,Negative unit_price
ITEM000093131,ORD00038699,SKU04783,Triple-buffered directional website,Toys,,12296.33,,2025-04-17 06:00:00,2026-08-07 20:10:16,order_items.csv,2026-08-07,Missing quantity
ITEM000093198,ORD00035910,SKU01320,Universal exuding hardware,Grocery,,10299.14,,2025-04-17 06:00:00,2026-08-07 20:10:16,order_items.csv,2026-08-07,Missing quantity
ITEM000093201,ORD00037651,SKU00089,Function-based full-range encoding,Beauty,2.0,-2118.14,-4236.28,2025-04-17 06:00:00,2026-08-07 20:10:16,order_items.csv,2026-08-07,Negative unit_price
ITEM000093265,ORD00030959,SKU02280,Self-enabling zero-defect moratorium,Home & Kitchen,,13527.79,,2025-04-17 06:00:00,2026-08-07 20:10:16,order_items.csv,2026-08-07,Missing quantity
ITEM000093301,ORD00000034,SKU03381,Centralized disintermediate success,Sports,10.0,-5858.23,-58582.299999999996,2025-04-17 06:00:00,2026-08-07 20:10:16,order_items.csv,2026-08-07,Negative unit_price
ITEM000093332,ORD00034942,SKU01654,Pre-emptive demand-driven budgetary management,Beauty,,8940.43,,2025-04-17 06:00:00,2026-08-07 20:10:16,order_items.csv,2026-08-07,Missing quantity
ITEM000093399,ORD00011194,SKU00009,Integrated human-resource solution,Books,,179.72,,2025-04-17 06:00:00,2026-08-07 20:10:16,order_items.csv,2026-08-07,Missing quantity
ITEM000093401,ORD00037879,SKU00126,Assimilated modular website,Sports,9.0,-13515.49,-121639.41,2025-04-17 06:00:00,2026-08-07 20:10:16,order_items.csv,2026-08-07,Negative unit_price
ITEM000093466,ORD00005947,SKU04496,Enterprise-wide zero administration functionalitie,Clothing,,4760.97,,2025-04-17 06:00:00,2026-08-07 20:10:16,order_items.csv,2026-08-07,Missing quantity
ITEM000093501,ORD00002455,SKU01967,Devolved tertiary protocol,Beauty,1.0,-10495.58,-10495.58,2025-04-17 06:00:00,2026-08-07 20:10:16,order_items.csv,2026-08-07,Negative unit_price
ITEM000093533,ORD00048818,SKU04409,Switchable bandwidth-monitored standardization,Sports,,13689.97,,2025-04-17 06:00:00,2026-08-07 20:10:16,order_items.csv,2026-08-07,Missing quantity
ITEM000093600,ORD00015252,SKU03204,Universal regional Local Area Network,Grocery,,14368.24,,2025-04-17 06:00:00,2026-08-07 20:10:16,order_items.csv,2026-08-07,Missing quantity
ITEM000093601,ORD00008090,SKU02344,Phased dedicated methodology,Clothing,5.0,-5838.72,-29193.600000000002,2025-04-17 06:00:00,2026-08-07 20:10:16,order_items.csv,2026-08-07,Negative unit_price
ITEM000093667,ORD00049409,SKU01816,Robust value-added application,Clothing,,11634.96,,2025-04-17 06:00:00,2026-08-07 20:10:16,order_items.csv,2026-08-07,Missing quantity
ITEM000093701,ORD00033499,SKU00581,Reactive upward-trending standardization,Home & Kitchen,1.0,-9084.83,-9084.83,2025-04-17 06:00:00,2026-08-07 20:10:16,order_items.csv,2026-08-07,Negative unit_price
ITEM000093734,ORD00007612,SKU03933,Team-oriented leadingedge functionalities,Clothing,,11096.42,,2025-04-17 06:00:00,2026-08-07 20:10:16,order_items.csv,2026-08-07,Missing quantity
ITEM000093801,ORD00011474,SKU00941,Visionary clear-thinking data-warehouse,Grocery,,-14158.77,,2025-04-17 06:00:00,2026-08-07 20:10:16,order_items.csv,2026-08-07,Missing quantity
ITEM000093868,ORD00040567,SKU00460,Total responsive moratorium,Books,,310.87,,2025-04-17 06:00:00,2026-08-07 20:10:16,order_items.csv,2026-08-07,Missing quantity
ITEM000093901,ORD00008483,SKU04526,Operative next generation Graphical User Interface,Grocery,3.0,-6399.52,-19198.56,2025-04-17 06:00:00,2026-08-07 20:10:16,order_items.csv,2026-08-07,Negative unit_price
ITEM000093935,ORD00002893,SKU01641,Decentralized modular contingency,Grocery,,1278.36,,2025-04-17 06:00:00,2026-08-07 20:10:16,order_items.csv,2026-08-07,Missing quantity
ITEM000094001,ORD00029877,SKU04077,Robust explicit time-frame,Toys,9.0,-5402.86,-48625.74,2025-04-17 06:00:00,2026-08-07 20:10:16,order_items.csv,2026-08-07,Negative unit_price
ITEM000094002,ORD00010074,SKU04701,Integrated value-added matrix,Toys,,523.11,,2025-04-17 06:00:00,2026-08-07 20:10:16,order_items.csv,2026-08-07,Missing quantity
ITEM000094069,ORD00041056,SKU02831,Fundamental actuating extranet,Home & Kitchen,,13599.91,,2025-04-17 06:00:00,2026-08-07 20:10:16,order_items.csv,2026-08-07,Missing quantity
ITEM000094101,ORD00031310,SKU02972,Object-based zero administration analyzer,Grocery,6.0,-12094.82,-72568.92,2025-04-17 06:00:00,2026-08-07 20:10:16,order_items.csv,2026-08-07,Negative unit_price
ITEM000094136,ORD00033038,SKU00082,Robust 4thgeneration monitoring,Beauty,,6624.18,,2025-04-17 06:00:00,2026-08-07 20:10:16,order_items.csv,2026-08-07,Missing quantity
ITEM000094201,ORD00038742,SKU03817,Reduced 6thgeneration Graphic Interface,Books,8.0,-10744.17,-85953.36,2025-04-17 06:00:00,2026-08-07 20:10:16,order_items.csv,2026-08-07,Negative unit_price
ITEM000094203,ORD00020834,SKU04626,Intuitive high-level array,Toys,,5107.99,,2025-04-17 06:00:00,2026-08-07 20:10:16,order_items.csv,2026-08-07,Missing quantity
ITEM000094270,ORD00042037,SKU03114,De-engineered hybrid attitude,Beauty,,10605.28,,2025-04-17 06:00:00,2026-08-07 20:10:16,order_items.csv,2026-08-07,Missing quantity
ITEM000094301,ORD00016896,SKU04410,Compatible high-level protocol,Sports,5.0,-2425.38,-12126.900000000001,2025-04-17 06:00:00,2026-08-07 20:10:16,order_items.csv,2026-08-07,Negative unit_price
ITEM000094337,ORD00019391,SKU04664,Balanced full-range capacity,Books,,13275.51,,2025-04-17 06:00:00,2026-08-07 20:10:16,order_items.csv,2026-08-07,Missing quantity
ITEM000094401,ORD00018021,SKU00347,Business-focused zero administration migration,Home & Kitchen,6.0,-13975.75,-83854.5,2025-04-17 06:00:00,2026-08-07 20:10:16,order_items.csv,2026-08-07,Negative unit_price
ITEM000094404,ORD00027970,SKU00751,Up-sized scalable standardization,Sports,,260.71,,2025-04-17 06:00:00,2026-08-07 20:10:16,order_items.csv,2026-08-07,Missing quantity
ITEM000094471,ORD00026764,SKU02456,Programmable static flexibility,Toys,,9925.08,,2025-04-17 06:00:00,2026-08-07 20:10:16,order_items.csv,2026-08-07,Missing quantity
ITEM000094501,ORD00049919,SKU02928,Implemented next generation neural-net,Beauty,8.0,-444.45,-3555.6,2025-04-17 06:00:00,2026-08-07 20:10:16,order_items.csv,2026-08-07,Negative unit_price
ITEM000094538,ORD00044704,SKU00759,Cloned maximized protocol,Electronics,,11933.73,,2025-04-17 06:00:00,2026-08-07 20:10:16,order_items.csv,2026-08-07,Missing quantity
ITEM000094601,ORD00007679,SKU02555,Switchable incremental analyzer,Electronics,5.0,-8452.08,-42260.4,2025-04-17 06:00:00,2026-08-07 20:10:16,order_items.csv,2026-08-07,Negative unit_price
ITEM000094605,ORD00025434,SKU00526,Face-to-face global alliance,Clothing,,4249.51,,2025-04-17 06:00:00,2026-08-07 20:10:16,order_items.csv,2026-08-07,Missing quantity
ITEM000094672,ORD00044398,SKU00725,User-centric transitional implementation,Electronics,,3979.65,,2025-04-17 06:00:00,2026-08-07 20:10:16,order_items.csv,2026-08-07,Missing quantity
ITEM000094701,ORD00042987,SKU04583,Triple-buffered tangible artificial intelligence,Home & Kitchen,4.0,-3559.38,-14237.52,2025-04-17 06:00:00,2026-08-07 20:10:16,order_items.csv,2026-08-07,Negative unit_price
ITEM000094739,ORD00004912,SKU03916,Multi-tiered bifurcated toolset,Toys,,2710.19,,2025-04-17 06:00:00,2026-08-07 20:10:16,order_items.csv,2026-08-07,Missing quantity
ITEM000094801,ORD00014368,SKU04591,Open-architected eco-centric website,Home & Kitchen,4.0,-8442.36,-33769.44,2025-04-17 06:00:00,2026-08-07 20:10:16,order_items.csv,2026-08-07,Negative unit_price
ITEM000094806,ORD00017060,SKU02536,Robust composite conglomeration,Clothing,,3221.56,,2025-04-17 06:00:00,2026-08-07 20:10:16,order_items.csv,2026-08-07,Missing quantity
ITEM000094873,ORD00049951,SKU01660,Customer-focused system-worthy encryption,Electronics,,5718.75,,2025-04-17 06:00:00,2026-08-07 20:10:16,order_items.csv,2026-08-07,Missing quantity
ITEM000094901,ORD00042154,SKU01258,Secured national process improvement,Sports,6.0,-10204.43,-61226.58,2025-04-17 06:00:00,2026-08-07 20:10:16,order_items.csv,2026-08-07,Negative unit_price
ITEM000094940,ORD00045901,SKU04834,Face-to-face intermediate toolset,Books,,3991.14,,2025-04-17 06:00:00,2026-08-07 20:10:16,order_items.csv,2026-08-07,Missing quantity
ITEM000095001,ORD00044479,SKU03909,User-friendly tertiary emulation,Clothing,5.0,-8385.42,-41927.1,2025-04-17 06:00:00,2026-08-07 20:10:16,order_items.csv,2026-08-07,Negative unit_price
ITEM000095007,ORD00011829,SKU02607,Ergonomic national moratorium,Grocery,,4973.5,,2025-04-17 06:00:00,2026-08-07 20:10:16,order_items.csv,2026-08-07,Missing quantity
ITEM000095074,ORD00031332,SKU01289,Pre-emptive hybrid structure,Beauty,,1830.63,,2025-04-17 06:00:00,2026-08-07 20:10:16,order_items.csv,2026-08-07,Missing quantity
ITEM000095101,ORD00047028,SKU00834,Sharable 24/7 open system,Toys,9.0,-6520.23,-58682.06999999999,2025-04-17 06:00:00,2026-08-07 20:10:16,order_items.csv,2026-08-07,Negative unit_price
ITEM000095141,ORD00010242,SKU04800,Intuitive even-keeled emulation,Books,,8553.63,,2025-04-17 06:00:00,2026-08-07 20:10:16,order_items.csv,2026-08-07,Missing quantity
ITEM000095201,ORD00035150,SKU00537,Integrated foreground strategy,Sports,5.0,-3911.15,-19555.75,2025-04-17 06:00:00,2026-08-07 20:10:16,order_items.csv,2026-08-07,Negative unit_price
ITEM000095208,ORD00037505,SKU01074,Ameliorated 5thgeneration capacity,Toys,,14422.42,,2025-04-17 06:00:00,2026-08-07 20:10:16,order_items.csv,2026-08-07,Missing quantity
ITEM000095275,ORD00029238,SKU02432,Innovative logistical access,Books,,3400.17,,2025-04-17 06:00:00,2026-08-07 20:10:16,order_items.csv,2026-08-07,Missing quantity
ITEM000095301,ORD00011543,SKU00277,Up-sized reciprocal customer loyalty,Clothing,3.0,-2165.28,-6495.84,2025-04-17 06:00:00,2026-08-07 20:10:16,order_items.csv,2026-08-07,Negative unit_price
ITEM000095342,ORD00038711,SKU02895,Enterprise-wide value-added info-mediaries,Grocery,,6059.91,,2025-04-17 06:00:00,2026-08-07 20:10:16,order_items.csv,2026-08-07,Missing quantity
ITEM000095401,ORD00049297,SKU01821,Sharable maximized open system,Clothing,4.0,-12199.16,-48796.64,2025-04-17 06:00:00,2026-08-07 20:10:16,order_items.csv,2026-08-07,Negative unit_price
ITEM000095409,ORD00024673,SKU02750,Versatile systematic utilization,Beauty,,1351.07,,2025-04-17 06:00:00,2026-08-07 20:10:16,order_items.csv,2026-08-07,Missing quantity
ITEM000095476,ORD00038511,SKU00836,Assimilated explicit success,Home & Kitchen,,8076.01,,2025-04-17 06:00:00,2026-08-07 20:10:16,order_items.csv,2026-08-07,Missing quantity
ITEM000095501,ORD00020772,SKU03607,Optional static analyzer,Beauty,4.0,-12709.86,-50839.44,2025-04-17 06:00:00,2026-08-07 20:10:16,order_items.csv,2026-08-07,Negative unit_price
ITEM000095543,ORD00026390,SKU03307,Reverse-engineered fresh-thinking artificial intel,Toys,,2848.37,,2025-04-17 06:00:00,2026-08-07 20:10:16,order_items.csv,2026-08-07,Missing quantity
ITEM000095601,ORD00047868,SKU03787,Synchronized encompassing migration,Grocery,10.0,-7291.75,-72917.5,2025-04-17 06:00:00,2026-08-07 20:10:16,order_items.csv,2026-08-07,Negative unit_price
ITEM000095610,ORD00045178,SKU02765,Universal attitude-oriented productivity,Electronics,,10251.78,,2025-04-17 06:00:00,2026-08-07 20:10:16,order_items.csv,2026-08-07,Missing quantity
ITEM000095677,ORD00003559,SKU03803,Multi-layered mobile circuit,Grocery,,140.49,,2025-04-17 06:00:00,2026-08-07 20:10:16,order_items.csv,2026-08-07,Missing quantity
ITEM000095701,ORD00021924,SKU03374,Grass-roots grid-enabled installation,Books,6.0,-11940.59,-71643.54000000001,2025-04-17 06:00:00,2026-08-07 20:10:16,order_items.csv,2026-08-07,Negative unit_price
ITEM000095744,ORD00002961,SKU04245,Profound multi-tasking access,Toys,,6600.41,,2025-04-17 06:00:00,2026-08-07 20:10:16,order_items.csv,2026-08-07,Missing quantity
ITEM000095801,ORD00035909,SKU00182,Function-based cohesive alliance,Books,6.0,-8848.43,-53090.58,2025-04-17 06:00:00,2026-08-07 20:10:16,order_items.csv,2026-08-07,Negative unit_price
ITEM000095811,ORD00048000,SKU04365,Advanced human-resource product,Books,,1028.3,,2025-04-17 06:00:00,2026-08-07 20:10:16,order_items.csv,2026-08-07,Missing quantity
ITEM000095878,ORD00044134,SKU01711,Focused object-oriented customer loyalty,Books,,9138.27,,2025-04-17 06:00:00,2026-08-07 20:10:16,order_items.csv,2026-08-07,Missing quantity
ITEM000095901,ORD00031499,SKU03102,Down-sized dynamic info-mediaries,Sports,2.0,-1557.9,-3115.8,2025-04-17 06:00:00,2026-08-07 20:10:16,order_items.csv,2026-08-07,Negative unit_price
ITEM000095945,ORD00010838,SKU04051,Business-focused intermediate architecture,Books,,7919.1,,2025-04-17 06:00:00,2026-08-07 20:10:16,order_items.csv,2026-08-07,Missing quantity
ITEM000096001,ORD00038278,SKU02159,Streamlined high-level archive,Sports,8.0,-8827.16,-70617.28,2025-04-17 06:00:00,2026-08-07 20:10:16,order_items.csv,2026-08-07,Negative unit_price
ITEM000096012,ORD00041139,SKU00015,Enterprise-wide fresh-thinking access,Clothing,,1044.81,,2025-04-17 06:00:00,2026-08-07 20:10:16,order_items.csv,2026-08-07,Missing quantity
ITEM000096079,ORD00023904,SKU01580,Streamlined multi-state database,Beauty,,5082.87,,2025-04-17 06:00:00,2026-08-07 20:10:16,order_items.csv,2026-08-07,Missing quantity
ITEM000096101,ORD00032185,SKU02263,Object-based homogeneous application,Books,4.0,-5924.33,-23697.32,2025-04-17 06:00:00,2026-08-07 20:10:16,order_items.csv,2026-08-07,Negative unit_price
ITEM000096146,ORD00027170,SKU02126,Public-key user-facing Local Area Network,Toys,,8582.02,,2025-04-17 06:00:00,2026-08-07 20:10:16,order_items.csv,2026-08-07,Missing quantity
ITEM000096201,ORD00017196,SKU04933,Organic cohesive algorithm,Beauty,5.0,-14577.57,-72887.85,2025-04-17 06:00:00,2026-08-07 20:10:16,order_items.csv,2026-08-07,Negative unit_price
ITEM000096213,ORD00015440,SKU04005,Integrated 24hour instruction set,Home & Kitchen,,7472.21,,2025-04-17 06:00:00,2026-08-07 20:10:16,order_items.csv,2026-08-07,Missing quantity
ITEM000096280,ORD00038593,SKU03934,Multi-channeled web-enabled data-warehouse,Electronics,,431.5,,2025-04-17 06:00:00,2026-08-07 20:10:16,order_items.csv,2026-08-07,Missing quantity
ITEM000096301,ORD00003198,SKU00795,Face-to-face client-server budgetary management,Toys,10.0,-10177.55,-101775.5,2025-04-17 06:00:00,2026-08-07 20:10:16,order_items.csv,2026-08-07,Negative unit_price
ITEM000096347,ORD00011733,SKU04773,User-friendly holistic task-force,Beauty,,3372.38,,2025-04-17 06:00:00,2026-08-07 20:10:16,order_items.csv,2026-08-07,Missing quantity
ITEM000096401,ORD00032143,SKU03757,Front-line didactic challenge,Sports,2.0,-12740.82,-25481.64,2025-04-17 06:00:00,2026-08-07 20:10:16,order_items.csv,2026-08-07,Negative unit_price
ITEM000096414,ORD00030947,SKU00172,Profit-focused systematic software,Grocery,,10933.68,,2025-04-17 06:00:00,2026-08-07 20:10:16,order_items.csv,2026-08-07,Missing quantity
ITEM000096481,ORD00004949,SKU02125,Stand-alone leadingedge implementation,Electronics,,5245.19,,2025-04-17 06:00:00,2026-08-07 20:10:16,order_items.csv,2026-08-07,Missing quantity
ITEM000096501,ORD00017379,SKU04551,Organized human-resource circuit,Home & Kitchen,7.0,-5014.8,-35103.6,2025-04-17 06:00:00,2026-08-07 20:10:16,order_items.csv,2026-08-07,Negative unit_price
ITEM000096548,ORD00047691,SKU02655,Realigned optimal interface,Toys,,5806.58,,2025-04-17 06:00:00,2026-08-07 20:10:16,order_items.csv,2026-08-07,Missing quantity
ITEM000096601,ORD00035459,SKU01104,Horizontal dedicated model,Books,6.0,-13704.54,-82227.24,2025-04-17 06:00:00,2026-08-07 20:10:16,order_items.csv,2026-08-07,Negative unit_price
ITEM000096615,ORD00013717,SKU00086,Secured secondary firmware,Beauty,,10464.48,,2025-04-17 06:00:00,2026-08-07 20:10:16,order_items.csv,2026-08-07,Missing quantity
ITEM000096682,ORD00036826,SKU00865,Seamless context-sensitive application,Toys,,409.24,,2025-04-17 06:00:00,2026-08-07 20:10:16,order_items.csv,2026-08-07,Missing quantity
ITEM000096701,ORD00022777,SKU04317,Innovative user-facing adapter,Electronics,9.0,-8154.31,-73388.79000000001,2025-04-17 06:00:00,2026-08-07 20:10:16,order_items.csv,2026-08-07,Negative unit_price
ITEM000096749,ORD00037363,SKU00576,Object-based tertiary concept,Toys,,3168.96,,2025-04-17 06:00:00,2026-08-07 20:10:16,order_items.csv,2026-08-07,Missing quantity
ITEM000096801,ORD00027695,SKU01062,Fully-configurable 6thgeneration secured line,Beauty,2.0,-11050.66,-22101.32,2025-04-17 06:00:00,2026-08-07 20:10:16,order_items.csv,2026-08-07,Negative unit_price
ITEM000096816,ORD00021170,SKU04235,Realigned eco-centric service-desk,Books,,6717.4,,2025-04-17 06:00:00,2026-08-07 20:10:16,order_items.csv,2026-08-07,Missing quantity
ITEM000096883,ORD00007968,SKU01679,Persevering responsive Graphical User Interface,Sports,,12110.65,,2025-04-17 06:00:00,2026-08-07 20:10:16,order_items.csv,2026-08-07,Missing quantity
ITEM000096901,ORD00024277,SKU00849,Configurable next generation approach,Grocery,9.0,-7520.6,-67685.40000000001,2025-04-17 06:00:00,2026-08-07 20:10:16,order_items.csv,2026-08-07,Negative unit_price
ITEM000096950,ORD00011574,SKU00418,Synergistic 24/7 frame,Home & Kitchen,,1932.07,,2025-04-17 06:00:00,2026-08-07 20:10:16,order_items.csv,2026-08-07,Missing quantity
ITEM000097001,ORD00027859,SKU03046,Robust human-resource process improvement,Electronics,7.0,-11359.19,-79514.33,2025-04-17 06:00:00,2026-08-07 20:10:16,order_items.csv,2026-08-07,Negative unit_price
ITEM000097017,ORD00043963,SKU03502,Pre-emptive neutral approach,Sports,,14469.85,,2025-04-17 06:00:00,2026-08-07 20:10:16,order_items.csv,2026-08-07,Missing quantity
ITEM000097084,ORD00038986,SKU04807,Adaptive 24hour groupware,Grocery,,13134.97,,2025-04-17 06:00:00,2026-08-07 20:10:16,order_items.csv,2026-08-07,Missing quantity
ITEM000097101,ORD00009550,SKU00079,Customer-focused coherent Graphic Interface,Toys,5.0,-3273.7,-16368.5,2025-04-17 06:00:00,2026-08-07 20:10:16,order_items.csv,2026-08-07,Negative unit_price
ITEM000097151,ORD00002338,SKU01854,Fundamental methodical knowledge user,Clothing,,11857.07,,2025-04-17 06:00:00,2026-08-07 20:10:16,order_items.csv,2026-08-07,Missing quantity
ITEM000097201,ORD00013734,SKU01734,Implemented 5thgeneration workforce,Books,8.0,-13994.69,-111957.52,2025-04-17 06:00:00,2026-08-07 20:10:16,order_items.csv,2026-08-07,Negative unit_price
ITEM000097218,ORD00039190,SKU04841,Business-focused zero administration pricing struc,Home & Kitchen,,14794.45,,2025-04-17 06:00:00,2026-08-07 20:10:16,order_items.csv,2026-08-07,Missing quantity
ITEM000097285,ORD00009860,SKU00806,Reactive global methodology,Sports,,10248.78,,2025-04-17 06:00:00,2026-08-07 20:10:16,order_items.csv,2026-08-07,Missing quantity
ITEM000097301,ORD00021946,SKU04122,Exclusive static system engine,Clothing,7.0,-503.85,-3526.9500000000003,2025-04-17 06:00:00,2026-08-07 20:10:16,order_items.csv,2026-08-07,Negative unit_price
ITEM000097352,ORD00030305,SKU00800,Multi-lateral web-enabled complexity,Toys,,4007.22,,2025-04-17 06:00:00,2026-08-07 20:10:16,order_items.csv,2026-08-07,Missing quantity
ITEM000097401,ORD00012883,SKU00360,Focused stable help-desk,Toys,8.0,-4880.62,-39044.96,2025-04-17 06:00:00,2026-08-07 20:10:16,order_items.csv,2026-08-07,Negative unit_price
ITEM000097419,ORD00005021,SKU04887,Phased zero tolerance hardware,Home & Kitchen,,11061.57,,2025-04-17 06:00:00,2026-08-07 20:10:16,order_items.csv,2026-08-07,Missing quantity
ITEM000097486,ORD00040262,SKU04923,Cloned transitional projection,Toys,,14429.32,,2025-04-17 06:00:00,2026-08-07 20:10:16,order_items.csv,2026-08-07,Missing quantity
ITEM000097501,ORD00046736,SKU03188,Balanced cohesive definition,Clothing,7.0,-4824.07,-33768.49,2025-04-17 06:00:00,2026-08-07 20:10:16,order_items.csv,2026-08-07,Negative unit_price
ITEM000097553,ORD00029700,SKU01245,Team-oriented global software,Home & Kitchen,,10965.85,,2025-04-17 06:00:00,2026-08-07 20:10:16,order_items.csv,2026-08-07,Missing quantity
ITEM000097601,ORD00015169,SKU00535,Compatible bi-directional circuit,Beauty,6.0,-9937.82,-59626.92,2025-04-17 06:00:00,2026-08-07 20:10:16,order_items.csv,2026-08-07,Negative unit_price
ITEM000097620,ORD00033672,SKU04741,Versatile multi-tasking array,Toys,,13334.72,,2025-04-17 06:00:00,2026-08-07 20:10:16,order_items.csv,2026-08-07,Missing quantity
ITEM000097687,ORD00005512,SKU01242,Focused zero-defect migration,Books,,2396.49,,2025-04-17 06:00:00,2026-08-07 20:10:16,order_items.csv,2026-08-07,Missing quantity
ITEM000097701,ORD00004808,SKU02080,Sharable bifurcated algorithm,Books,7.0,-10382.65,-72678.55,2025-04-17 06:00:00,2026-08-07 20:10:16,order_items.csv,2026-08-07,Negative unit_price
ITEM000097754,ORD00022435,SKU02607,Ergonomic national moratorium,Grocery,,4973.5,,2025-04-17 06:00:00,2026-08-07 20:10:16,order_items.csv,2026-08-07,Missing quantity
ITEM000097801,ORD00038535,SKU03509,Stand-alone radical database,Grocery,9.0,-10825.49,-97429.41,2025-04-17 06:00:00,2026-08-07 20:10:16,order_items.csv,2026-08-07,Negative unit_price
ITEM000097821,ORD00040368,SKU04199,Future-proofed dynamic parallelism,Beauty,,10786.84,,2025-04-17 06:00:00,2026-08-07 20:10:16,order_items.csv,2026-08-07,Missing quantity
ITEM000097888,ORD00011737,SKU04732,Cross-platform executive framework,Books,,276.2,,2025-04-17 06:00:00,2026-08-07 20:10:16,order_items.csv,2026-08-07,Missing quantity
ITEM000097901,ORD00045867,SKU02507,Innovative motivating attitude,Clothing,6.0,-3888.57,-23331.420000000002,2025-04-17 06:00:00,2026-08-07 20:10:16,order_items.csv,2026-08-07,Negative unit_price
ITEM000097955,ORD00006691,SKU02780,Organic grid-enabled Graphical User Interface,Clothing,,6369.8,,2025-04-17 06:00:00,2026-08-07 20:10:16,order_items.csv,2026-08-07,Missing quantity
ITEM000098001,ORD00030334,SKU02822,Organized coherent database,Beauty,2.0,-10351.85,-20703.7,2025-04-17 06:00:00,2026-08-07 20:10:16,order_items.csv,2026-08-07,Negative unit_price
ITEM000098022,ORD00011870,SKU02617,Switchable intangible instruction set,Toys,,10342.92,,2025-04-17 06:00:00,2026-08-07 20:10:16,order_items.csv,2026-08-07,Missing quantity
ITEM000098089,ORD00008822,SKU02803,Streamlined grid-enabled process improvement,Sports,,6731.34,,2025-04-17 06:00:00,2026-08-07 20:10:16,order_items.csv,2026-08-07,Missing quantity
ITEM000098101,ORD00023499,SKU02460,Automated multimedia success,Toys,3.0,-14496.67,-43490.01,2025-04-17 06:00:00,2026-08-07 20:10:16,order_items.csv,2026-08-07,Negative unit_price
ITEM000098156,ORD00012692,SKU00132,Quality-focused executive capacity,Grocery,,5210.17,,2025-04-17 06:00:00,2026-08-07 20:10:16,order_items.csv,2026-08-07,Missing quantity
ITEM000098201,ORD00035208,SKU04116,Right-sized uniform strategy,Books,1.0,-1474.63,-1474.63,2025-04-17 06:00:00,2026-08-07 20:10:16,order_items.csv,2026-08-07,Negative unit_price
ITEM000098223,ORD00001185,SKU04998,Compatible client-server standardization,Grocery,,4000.82,,2025-04-17 06:00:00,2026-08-07 20:10:16,order_items.csv,2026-08-07,Missing quantity
ITEM000098290,ORD00024994,SKU01264,Switchable bandwidth-monitored interface,Toys,,4579.01,,2025-04-17 06:00:00,2026-08-07 20:10:16,order_items.csv,2026-08-07,Missing quantity
ITEM000098301,ORD00029136,SKU01632,Profit-focused intermediate Graphical User Interfa,Toys,5.0,-6867.69,-34338.45,2025-04-17 06:00:00,2026-08-07 20:10:16,order_items.csv,2026-08-07,Negative unit_price
ITEM000098357,ORD00036016,SKU02008,Upgradable well-modulated support,Home & Kitchen,,3802.36,,2025-04-17 06:00:00,2026-08-07 20:10:16,order_items.csv,2026-08-07,Missing quantity
ITEM000098401,ORD00026151,SKU04122,Exclusive static system engine,Clothing,6.0,-503.85,-3023.1000000000004,2025-04-17 06:00:00,2026-08-07 20:10:16,order_items.csv,2026-08-07,Negative unit_price
ITEM000098424,ORD00039848,SKU03502,Pre-emptive neutral approach,Sports,,14469.85,,2025-04-17 06:00:00,2026-08-07 20:10:16,order_items.csv,2026-08-07,Missing quantity
ITEM000098491,ORD00016808,SKU00932,Horizontal methodical middleware,Home & Kitchen,,7892.75,,2025-04-17 06:00:00,2026-08-07 20:10:16,order_items.csv,2026-08-07,Missing quantity
ITEM000098501,ORD00029497,SKU04178,Public-key asymmetric architecture,Grocery,4.0,-965.62,-3862.48,2025-04-17 06:00:00,2026-08-07 20:10:16,order_items.csv,2026-08-07,Negative unit_price
ITEM000098558,ORD00016037,SKU04734,Compatible didactic algorithm,Sports,,2233.24,,2025-04-17 06:00:00,2026-08-07 20:10:16,order_items.csv,2026-08-07,Missing quantity
ITEM000098601,ORD00041802,SKU02242,Virtual leadingedge middleware,Home & Kitchen,5.0,-10743.09,-53715.45,2025-04-17 06:00:00,2026-08-07 20:10:16,order_items.csv,2026-08-07,Negative unit_price
ITEM000098625,ORD00021168,SKU01752,Ameliorated interactive definition,Books,,13188.28,,2025-04-17 06:00:00,2026-08-07 20:10:16,order_items.csv,2026-08-07,Missing quantity
ITEM000098692,ORD00034932,SKU01144,Integrated coherent knowledge user,Grocery,,14361.86,,2025-04-17 06:00:00,2026-08-07 20:10:16,order_items.csv,2026-08-07,Missing quantity
ITEM000098701,ORD00025596,SKU01091,Down-sized 24/7 monitoring,Sports,2.0,-6647.38,-13294.76,2025-04-17 06:00:00,2026-08-07 20:10:16,order_items.csv,2026-08-07,Negative unit_price
ITEM000098759,ORD00015920,SKU04982,Triple-buffered zero administration knowledgebase,Toys,,5951.25,,2025-04-17 06:00:00,2026-08-07 20:10:16,order_items.csv,2026-08-07,Missing quantity
ITEM000098801,ORD00004443,SKU04910,Enhanced well-modulated parallelism,Books,9.0,-11350.01,-102150.09,2025-04-17 06:00:00,2026-08-07 20:10:16,order_items.csv,2026-08-07,Negative unit_price
ITEM000098826,ORD00027053,SKU02454,Decentralized neutral adapter,Electronics,,1364.56,,2025-04-17 06:00:00,2026-08-07 20:10:16,order_items.csv,2026-08-07,Missing quantity
ITEM000098893,ORD00015246,SKU01019,Ergonomic optimal firmware,Beauty,,2242.24,,2025-04-17 06:00:00,2026-08-07 20:10:16,order_items.csv,2026-08-07,Missing quantity
ITEM000098901,ORD00014987,SKU00515,Configurable leadingedge hierarchy,Sports,4.0,-2371.63,-9486.52,2025-04-17 06:00:00,2026-08-07 20:10:16,order_items.csv,2026-08-07,Negative unit_price
ITEM000098960,ORD00020156,SKU01211,Integrated holistic throughput,Clothing,,2766.47,,2025-04-17 06:00:00,2026-08-07 20:10:16,order_items.csv,2026-08-07,Missing quantity
ITEM000099001,ORD00045812,SKU03152,Automated client-driven customer loyalty,Electronics,8.0,-11254.78,-90038.24,2025-04-17 06:00:00,2026-08-07 20:10:16,order_items.csv,2026-08-07,Negative unit_price
ITEM000099027,ORD00000017,SKU02305,Optional even-keeled Graphic Interface,Sports,,12325.91,,2025-04-17 06:00:00,2026-08-07 20:10:16,order_items.csv,2026-08-07,Missing quantity
ITEM000099094,ORD00048536,SKU03964,Team-oriented zero administration analyzer,Sports,,9358.2,,2025-04-17 06:00:00,2026-08-07 20:10:16,order_items.csv,2026-08-07,Missing quantity
ITEM000099101,ORD00012314,SKU03023,Quality-focused dynamic project,Home & Kitchen,1.0,-11985.79,-11985.79,2025-04-17 06:00:00,2026-08-07 20:10:16,order_items.csv,2026-08-07,Negative unit_price
ITEM000099161,ORD00042332,SKU04704,Digitized radical process improvement,Beauty,,12980.47,,2025-04-17 06:00:00,2026-08-07 20:10:16,order_items.csv,2026-08-07,Missing quantity
ITEM000099201,ORD00005813,SKU03714,Reactive needs-based time-frame,Toys,1.0,-2140.84,-2140.84,2025-04-17 06:00:00,2026-08-07 20:10:16,order_items.csv,2026-08-07,Negative unit_price
ITEM000099228,ORD00048526,SKU00716,Profit-focused optimizing hierarchy,Grocery,,10171.16,,2025-04-17 06:00:00,2026-08-07 20:10:16,order_items.csv,2026-08-07,Missing quantity
ITEM000099295,ORD00002411,SKU02812,Upgradable uniform help-desk,Beauty,,84.52,,2025-04-17 06:00:00,2026-08-07 20:10:16,order_items.csv,2026-08-07,Missing quantity
ITEM000099301,ORD00037838,SKU02750,Versatile systematic utilization,Beauty,8.0,-1351.07,-10808.56,2025-04-17 06:00:00,2026-08-07 20:10:16,order_items.csv,2026-08-07,Negative unit_price
ITEM000099362,ORD00008208,SKU00145,Diverse 4thgeneration parallelism,Beauty,,9227.98,,2025-04-17 06:00:00,2026-08-07 20:10:16,order_items.csv,2026-08-07,Missing quantity
ITEM000099401,ORD00002366,SKU01457,Secured human-resource website,Toys,2.0,-7712.36,-15424.72,2025-04-17 06:00:00,2026-08-07 20:10:16,order_items.csv,2026-08-07,Negative unit_price
ITEM000099429,ORD00028429,SKU00991,Business-focused 4thgeneration leverage,Books,,952.24,,2025-04-17 06:00:00,2026-08-07 20:10:16,order_items.csv,2026-08-07,Missing quantity
ITEM000099496,ORD00007967,SKU03842,Compatible 24hour application,Beauty,,10830.35,,2025-04-17 06:00:00,2026-08-07 20:10:16,order_items.csv,2026-08-07,Missing quantity
ITEM000099501,ORD00012026,SKU01700,Business-focused multimedia productivity,Books,5.0,-5942.37,-29711.85,2025-04-17 06:00:00,2026-08-07 20:10:16,order_items.csv,2026-08-07,Negative unit_price
ITEM000099563,ORD00034555,SKU04252,Phased explicit capacity,Beauty,,5093.99,,2025-04-17 06:00:00,2026-08-07 20:10:16,order_items.csv,2026-08-07,Missing quantity
ITEM000099601,ORD00027530,SKU04324,Public-key upward-trending strategy,Home & Kitchen,1.0,-9481.35,-9481.35,2025-04-17 06:00:00,2026-08-07 20:10:16,order_items.csv,2026-08-07,Negative unit_price
ITEM000099630,ORD00048666,SKU02147,Reverse-engineered mission-critical system engine,Home & Kitchen,,6241.48,,2025-04-17 06:00:00,2026-08-07 20:10:16,order_items.csv,2026-08-07,Missing quantity
ITEM000099697,ORD00047340,SKU03657,Integrated neutral utilization,Home & Kitchen,,1132.38,,2025-04-17 06:00:00,2026-08-07 20:10:16,order_items.csv,2026-08-07,Missing quantity
ITEM000099701,ORD00027079,SKU03489,Reactive fault-tolerant superstructure,Sports,8.0,-5816.45,-46531.6,2025-04-17 06:00:00,2026-08-07 20:10:16,order_items.csv,2026-08-07,Negative unit_price
ITEM000099764,ORD00022899,SKU02330,Seamless hybrid portal,Electronics,,7852.68,,2025-04-17 06:00:00,2026-08-07 20:10:16,order_items.csv,2026-08-07,Missing quantity
ITEM000099801,ORD00045579,SKU01368,Organized grid-enabled core,Electronics,2.0,-3901.97,-7803.94,2025-04-17 06:00:00,2026-08-07 20:10:16,order_items.csv,2026-08-07,Negative unit_price
ITEM000099831,ORD00018526,SKU04344,Re-contextualized demand-driven software,Home & Kitchen,,9892.41,,2025-04-17 06:00:00,2026-08-07 20:10:16,order_items.csv,2026-08-07,Missing quantity
ITEM000099898,ORD00008270,SKU01202,Phased incremental customer loyalty,Toys,,12901.44,,2025-04-17 06:00:00,2026-08-07 20:10:16,order_items.csv,2026-08-07,Missing quantity
ITEM000099901,ORD00036908,SKU02192,Organic full-range frame,Electronics,7.0,-432.35,-3026.4500000000003,2025-04-17 06:00:00,2026-08-07 20:10:16,order_items.csv,2026-08-07,Negative unit_price
ITEM000099965,ORD00036818,SKU03267,Fully-configurable well-modulated emulation,Clothing,,11954.79,,2025-04-17 06:00:00,2026-08-07 20:10:16,order_items.csv,2026-08-07,Missing quantity
ITEM000100001,ORD00036760,SKU04141,Down-sized intermediate core,Toys,2.0,-12644.64,-25289.28,2025-04-17 06:00:00,2026-08-07 20:10:16,order_items.csv,2026-08-07,Negative unit_price
ITEM000100032,ORD00006305,SKU04865,Cross-group exuding synergy,Sports,,10832.81,,2025-04-17 06:00:00,2026-08-07 20:10:16,order_items.csv,2026-08-07,Missing quantity
ITEM000100099,ORD00029360,SKU03917,Ergonomic attitude-oriented policy,Toys,,6713.18,,2025-04-17 06:00:00,2026-08-07 20:10:16,order_items.csv,2026-08-07,Missing quantity
ITEM000100101,ORD00045182,SKU02685,Networked upward-trending framework,Toys,7.0,-1924.34,-13470.38,2025-04-17 06:00:00,2026-08-07 20:10:16,order_items.csv,2026-08-07,Negative unit_price
ITEM000100166,ORD00046776,SKU02843,Enhanced 5thgeneration alliance,Sports,,5965.54,,2025-04-17 06:00:00,2026-08-07 20:10:16,order_items.csv,2026-08-07,Missing quantity
ITEM000100201,ORD00008996,SKU03851,Grass-roots didactic algorithm,Grocery,1.0,-5488.67,-5488.67,2025-04-17 06:00:00,2026-08-07 20:10:16,order_items.csv,2026-08-07,Negative unit_price
ITEM000100233,ORD00037198,SKU02541,Stand-alone contextually-based matrix,Beauty,,11957.63,,2025-04-17 06:00:00,2026-08-07 20:10:16,order_items.csv,2026-08-07,Missing quantity
ITEM000100300,ORD00022539,SKU03882,Innovative system-worthy matrix,Grocery,,6902.66,,2025-04-17 06:00:00,2026-08-07 20:10:16,order_items.csv,2026-08-07,Missing quantity
ITEM000100301,ORD00044203,SKU03776,Organic composite website,Electronics,10.0,-5364.62,-53646.2,2025-04-17 06:00:00,2026-08-07 20:10:16,order_items.csv,2026-08-07,Negative unit_price
ITEM000100367,ORD00041604,SKU02555,Switchable incremental analyzer,Electronics,,8452.08,,2025-04-17 06:00:00,2026-08-07 20:10:16,order_items.csv,2026-08-07,Missing quantity
ITEM000100401,ORD00015781,SKU00899,User-friendly web-enabled strategy,Toys,9.0,-10393.97,-93545.73,2025-04-17 06:00:00,2026-08-07 20:10:16,order_items.csv,2026-08-07,Negative unit_price
ITEM000100434,ORD00029045,SKU01442,Stand-alone reciprocal database,Grocery,,9647.06,,2025-04-17 06:00:00,2026-08-07 20:10:16,order_items.csv,2026-08-07,Missing quantity
ITEM000100501,ORD00030039,SKU03225,Customer-focused clear-thinking open system,Clothing,,-12664.76,,2025-04-17 06:00:00,2026-08-07 20:10:16,order_items.csv,2026-08-07,Missing quantity
ITEM000100568,ORD00008789,SKU02944,Ameliorated demand-driven database,Clothing,,2990.31,,2025-04-17 06:00:00,2026-08-07 20:10:16,order_items.csv,2026-08-07,Missing quantity
ITEM000100601,ORD00033485,SKU01501,Streamlined non-volatile Graphical User Interface,Beauty,7.0,-6788.07,-47516.49,2025-04-17 06:00:00,2026-08-07 20:10:16,order_items.csv,2026-08-07,Negative unit_price
ITEM000100635,ORD00006997,SKU00843,Programmable upward-trending moderator,Home & Kitchen,,7961.31,,2025-04-17 06:00:00,2026-08-07 20:10:16,order_items.csv,2026-08-07,Missing quantity
ITEM000100701,ORD00045055,SKU04490,Exclusive scalable task-force,Electronics,7.0,-10754.59,-75282.13,2025-04-17 06:00:00,2026-08-07 20:10:16,order_items.csv,2026-08-07,Negative unit_price
ITEM000100702,ORD00019503,SKU03852,Self-enabling object-oriented portal,Electronics,,7623.39,,2025-04-17 06:00:00,2026-08-07 20:10:16,order_items.csv,2026-08-07,Missing quantity
ITEM000100769,ORD00022100,SKU04716,Balanced secondary process improvement,Books,,4619.58,,2025-04-17 06:00:00,2026-08-07 20:10:16,order_items.csv,2026-08-07,Missing quantity
ITEM000100801,ORD00023218,SKU00710,Balanced intangible analyzer,Electronics,4.0,-8798.14,-35192.56,2025-04-17 06:00:00,2026-08-07 20:10:16,order_items.csv,2026-08-07,Negative unit_price
ITEM000100836,ORD00010123,SKU01756,Open-source multimedia strategy,Toys,,11806.2,,2025-04-17 06:00:00,2026-08-07 20:10:16,order_items.csv,2026-08-07,Missing quantity
ITEM000100901,ORD00009927,SKU04826,Mandatory coherent time-frame,Grocery,4.0,-3304.18,-13216.72,2025-04-17 06:00:00,2026-08-07 20:10:16,order_items.csv,2026-08-07,Negative unit_price
ITEM000100903,ORD00030120,SKU02742,Business-focused content-based function,Sports,,2000.27,,2025-04-17 06:00:00,2026-08-07 20:10:16,order_items.csv,2026-08-07,Missing quantity
ITEM000100970,ORD00026870,SKU00153,Horizontal 6thgeneration conglomeration,Home & Kitchen,,6290.18,,2025-04-17 06:00:00,2026-08-07 20:10:16,order_items.csv,2026-08-07,Missing quantity
ITEM000101001,ORD00046131,SKU03240,Synergistic 24hour attitude,Clothing,4.0,-4693.75,-18775.0,2025-04-17 06:00:00,2026-08-07 20:10:16,order_items.csv,2026-08-07,Negative unit_price
ITEM000101037,ORD00024418,SKU04793,Up-sized web-enabled monitoring,Toys,,6087.77,,2025-04-17 06:00:00,2026-08-07 20:10:16,order_items.csv,2026-08-07,Missing quantity
ITEM000101101,ORD00022255,SKU04239,Secured bottom-line framework,Grocery,3.0,-12388.23,-37164.69,2025-04-17 06:00:00,2026-08-07 20:10:16,order_items.csv,2026-08-07,Negative unit_price
ITEM000101104,ORD00028986,SKU02100,Ergonomic hybrid support,Beauty,,11479.25,,2025-04-17 06:00:00,2026-08-07 20:10:16,order_items.csv,2026-08-07,Missing quantity
ITEM000101171,ORD00028699,SKU04944,Multi-lateral optimizing website,Grocery,,6875.04,,2025-04-17 06:00:00,2026-08-07 20:10:16,order_items.csv,2026-08-07,Missing quantity
ITEM000101201,ORD00023856,SKU01449,User-centric disintermediate functionalities,Electronics,3.0,-7811.03,-23433.09,2025-04-17 06:00:00,2026-08-07 20:10:16,order_items.csv,2026-08-07,Negative unit_price
ITEM000101238,ORD00011471,SKU01432,Cloned needs-based contingency,Clothing,,4878.76,,2025-04-17 06:00:00,2026-08-07 20:10:16,order_items.csv,2026-08-07,Missing quantity
ITEM000101301,ORD00030429,SKU03705,Optional encompassing support,Beauty,10.0,-6555.02,-65550.20000000001,2025-04-17 06:00:00,2026-08-07 20:10:16,order_items.csv,2026-08-07,Negative unit_price
ITEM000101305,ORD00046870,SKU02605,Open-architected clear-thinking ability,Grocery,,2510.63,,2025-04-17 06:00:00,2026-08-07 20:10:16,order_items.csv,2026-08-07,Missing quantity
ITEM000101372,ORD00037442,SKU00871,Ameliorated attitude-oriented toolset,Sports,,12573.69,,2025-04-17 06:00:00,2026-08-07 20:10:16,order_items.csv,2026-08-07,Missing quantity
ITEM000101401,ORD00015973,SKU00335,Polarized zero administration secured line,Grocery,3.0,-10894.16,-32682.48,2025-04-17 06:00:00,2026-08-07 20:10:16,order_items.csv,2026-08-07,Negative unit_price
ITEM000101439,ORD00047554,SKU01943,Optimized intermediate groupware,Grocery,,3546.24,,2025-04-17 06:00:00,2026-08-07 20:10:16,order_items.csv,2026-08-07,Missing quantity
ITEM000101501,ORD00022577,SKU03552,Cross-platform mission-critical functionalities,Grocery,1.0,-6085.05,-6085.05,2025-04-17 06:00:00,2026-08-07 20:10:16,order_items.csv,2026-08-07,Negative unit_price
ITEM000101506,ORD00009129,SKU04736,Adaptive tangible projection,Home & Kitchen,,13076.46,,2025-04-17 06:00:00,2026-08-07 20:10:16,order_items.csv,2026-08-07,Missing quantity
ITEM000101573,ORD00014327,SKU03349,Multi-layered intermediate knowledgebase,Grocery,,4672.08,,2025-04-17 06:00:00,2026-08-07 20:10:16,order_items.csv,2026-08-07,Missing quantity
ITEM000101601,ORD00039843,SKU03672,Configurable global strategy,Toys,5.0,-12083.9,-60419.5,2025-04-17 06:00:00,2026-08-07 20:10:16,order_items.csv,2026-08-07,Negative unit_price
ITEM000101640,ORD00003733,SKU02222,Secured tertiary hub,Toys,,4888.26,,2025-04-17 06:00:00,2026-08-07 20:10:16,order_items.csv,2026-08-07,Missing quantity
ITEM000101701,ORD00015079,SKU02749,Cloned asynchronous Internet solution,Books,4.0,-9583.43,-38333.72,2025-04-17 06:00:00,2026-08-07 20:10:16,order_items.csv,2026-08-07,Negative unit_price
ITEM000101707,ORD00040925,SKU02466,Ergonomic context-sensitive algorithm,Books,,2866.42,,2025-04-17 06:00:00,2026-08-07 20:10:16,order_items.csv,2026-08-07,Missing quantity
ITEM000101774,ORD00039549,SKU03336,Focused 5thgeneration database,Toys,,11449.77,,2025-04-17 06:00:00,2026-08-07 20:10:16,order_items.csv,2026-08-07,Missing quantity
ITEM000101801,ORD00030941,SKU03901,Operative empowering website,Books,3.0,-9658.71,-28976.129999999997,2025-04-17 06:00:00,2026-08-07 20:10:16,order_items.csv,2026-08-07,Negative unit_price
ITEM000101841,ORD00047153,SKU02353,Business-focused client-server forecast,Beauty,,13141.23,,2025-04-17 06:00:00,2026-08-07 20:10:16,order_items.csv,2026-08-07,Missing quantity
ITEM000101901,ORD00015873,SKU04663,Down-sized background frame,Sports,4.0,-645.05,-2580.2,2025-04-17 06:00:00,2026-08-07 20:10:16,order_items.csv,2026-08-07,Negative unit_price
ITEM000101908,ORD00019121,SKU01711,Focused object-oriented customer loyalty,Books,,9138.27,,2025-04-17 06:00:00,2026-08-07 20:10:16,order_items.csv,2026-08-07,Missing quantity
ITEM000101975,ORD00017329,SKU01278,Proactive content-based complexity,Clothing,,3990.61,,2025-04-17 06:00:00,2026-08-07 20:10:16,order_items.csv,2026-08-07,Missing quantity
ITEM000102001,ORD00018217,SKU02286,Virtual local policy,Home & Kitchen,8.0,-9267.35,-74138.8,2025-04-17 06:00:00,2026-08-07 20:10:16,order_items.csv,2026-08-07,Negative unit_price
ITEM000102042,ORD00028318,SKU04750,Public-key 4thgeneration process improvement,Electronics,,190.89,,2025-04-17 06:00:00,2026-08-07 20:10:16,order_items.csv,2026-08-07,Missing quantity
ITEM000102101,ORD00016261,SKU00369,Extended 4thgeneration contingency,Electronics,4.0,-10197.1,-40788.4,2025-04-17 06:00:00,2026-08-07 20:10:16,order_items.csv,2026-08-07,Negative unit_price
ITEM000102109,ORD00013906,SKU01906,Customizable analyzing throughput,Grocery,,14142.57,,2025-04-17 06:00:00,2026-08-07 20:10:16,order_items.csv,2026-08-07,Missing quantity
ITEM000102176,ORD00031792,SKU03360,Networked interactive strategy,Grocery,,14327.1,,2025-04-17 06:00:00,2026-08-07 20:10:16,order_items.csv,2026-08-07,Missing quantity
ITEM000102201,ORD00033665,SKU04072,Mandatory regional capacity,Grocery,6.0,-5461.08,-32766.48,2025-04-17 06:00:00,2026-08-07 20:10:16,order_items.csv,2026-08-07,Negative unit_price
ITEM000102243,ORD00029268,SKU01363,Ameliorated motivating service-desk,Books,,7946.79,,2025-04-17 06:00:00,2026-08-07 20:10:16,order_items.csv,2026-08-07,Missing quantity
ITEM000102301,ORD00004393,SKU02885,Fundamental high-level task-force,Home & Kitchen,3.0,-12902.18,-38706.54,2025-04-17 06:00:00,2026-08-07 20:10:16,order_items.csv,2026-08-07,Negative unit_price
ITEM000102310,ORD00017860,SKU04837,Open-source clear-thinking matrices,Electronics,,13156.65,,2025-04-17 06:00:00,2026-08-07 20:10:16,order_items.csv,2026-08-07,Missing quantity
ITEM000102377,ORD00003375,SKU02452,Up-sized asynchronous application,Books,,9214.68,,2025-04-17 06:00:00,2026-08-07 20:10:16,order_items.csv,2026-08-07,Missing quantity
ITEM000102401,ORD00020029,SKU00548,Universal reciprocal artificial intelligence,Sports,7.0,-13158.37,-92108.59000000001,2025-04-17 06:00:00,2026-08-07 20:10:16,order_items.csv,2026-08-07,Negative unit_price
ITEM000102444,ORD00047562,SKU04881,Extended executive time-frame,Clothing,,4181.46,,2025-04-17 06:00:00,2026-08-07 20:10:16,order_items.csv,2026-08-07,Missing quantity
ITEM000102501,ORD00016792,SKU00888,Fundamental object-oriented customer loyalty,Electronics,5.0,-2868.87,-14344.349999999999,2025-04-17 06:00:00,2026-08-07 20:10:16,order_items.csv,2026-08-07,Negative unit_price
ITEM000102511,ORD00035813,SKU03291,De-engineered upward-trending conglomeration,Grocery,,13794.2,,2025-04-17 06:00:00,2026-08-07 20:10:16,order_items.csv,2026-08-07,Missing quantity
ITEM000102578,ORD00028435,SKU04536,Decentralized client-driven superstructure,Clothing,,4025.94,,2025-04-17 06:00:00,2026-08-07 20:10:16,order_items.csv,2026-08-07,Missing quantity
ITEM000102601,ORD00009661,SKU01691,Digitized optimal matrices,Sports,5.0,-3735.55,-18677.75,2025-04-17 06:00:00,2026-08-07 20:10:16,order_items.csv,2026-08-07,Negative unit_price
ITEM000102645,ORD00001561,SKU04156,Profit-focused 6thgeneration circuit,Electronics,,12658.73,,2025-04-17 06:00:00,2026-08-07 20:10:16,order_items.csv,2026-08-07,Missing quantity
ITEM000102701,ORD00023336,SKU02595,Decentralized demand-driven implementation,Books,5.0,-13021.21,-65106.049999999996,2025-04-17 06:00:00,2026-08-07 20:10:16,order_items.csv,2026-08-07,Negative unit_price
ITEM000102712,ORD00026142,SKU02237,Cross-platform attitude-oriented knowledgebase,Home & Kitchen,,3700.94,,2025-04-17 06:00:00,2026-08-07 20:10:16,order_items.csv,2026-08-07,Missing quantity
ITEM000102779,ORD00012419,SKU00416,Polarized grid-enabled database,Clothing,,6313.31,,2025-04-17 06:00:00,2026-08-07 20:10:16,order_items.csv,2026-08-07,Missing quantity
ITEM000102801,ORD00041553,SKU04971,Right-sized 4thgeneration matrices,Clothing,4.0,-8585.79,-34343.16,2025-04-17 06:00:00,2026-08-07 20:10:16,order_items.csv,2026-08-07,Negative unit_price
ITEM000102846,ORD00016726,SKU01308,Diverse multimedia throughput,Books,,13869.65,,2025-04-17 06:00:00,2026-08-07 20:10:16,order_items.csv,2026-08-07,Missing quantity
ITEM000102901,ORD00020422,SKU03138,Integrated 4thgeneration contingency,Electronics,2.0,-8415.43,-16830.86,2025-04-17 06:00:00,2026-08-07 20:10:16,order_items.csv,2026-08-07,Negative unit_price
ITEM000102913,ORD00026180,SKU03962,Diverse logistical open architecture,Home & Kitchen,,9943.4,,2025-04-17 06:00:00,2026-08-07 20:10:16,order_items.csv,2026-08-07,Missing quantity
ITEM000102980,ORD00018074,SKU04501,Visionary coherent flexibility,Beauty,,2190.13,,2025-04-17 06:00:00,2026-08-07 20:10:16,order_items.csv,2026-08-07,Missing quantity
ITEM000103001,ORD00037081,SKU02712,Polarized 5thgeneration strategy,Grocery,10.0,-13852.28,-138522.80000000002,2025-04-17 06:00:00,2026-08-07 20:10:16,order_items.csv,2026-08-07,Negative unit_price
ITEM000103047,ORD00020589,SKU01843,Quality-focused multi-state Graphical User Interfa,Grocery,,14067.26,,2025-04-17 06:00:00,2026-08-07 20:10:16,order_items.csv,2026-08-07,Missing quantity
ITEM000103101,ORD00048721,SKU03467,Decentralized multi-tasking process improvement,Books,6.0,-99.11,-594.66,2025-04-17 06:00:00,2026-08-07 20:10:16,order_items.csv,2026-08-07,Negative unit_price
ITEM000103114,ORD00030718,SKU02666,Phased motivating challenge,Toys,,11091.18,,2025-04-17 06:00:00,2026-08-07 20:10:16,order_items.csv,2026-08-07,Missing quantity
ITEM000103181,ORD00018432,SKU00507,Exclusive even-keeled Local Area Network,Toys,,11166.19,,2025-04-17 06:00:00,2026-08-07 20:10:16,order_items.csv,2026-08-07,Missing quantity
ITEM000103201,ORD00020471,SKU02911,Ergonomic local core,Grocery,5.0,-6556.5,-32782.5,2025-04-17 06:00:00,2026-08-07 20:10:16,order_items.csv,2026-08-07,Negative unit_price
ITEM000103248,ORD00022642,SKU01974,Optimized non-volatile archive,Home & Kitchen,,4872.8,,2025-04-17 06:00:00,2026-08-07 20:10:16,order_items.csv,2026-08-07,Missing quantity
ITEM000103301,ORD00004830,SKU04097,Proactive high-level policy,Home & Kitchen,5.0,-1933.08,-9665.4,2025-04-17 06:00:00,2026-08-07 20:10:16,order_items.csv,2026-08-07,Negative unit_price
ITEM000103315,ORD00044808,SKU01256,Horizontal optimizing open architecture,Electronics,,10767.67,,2025-04-17 06:00:00,2026-08-07 20:10:16,order_items.csv,2026-08-07,Missing quantity
ITEM000103382,ORD00035046,SKU02070,Decentralized fault-tolerant interface,Electronics,,9475.39,,2025-04-17 06:00:00,2026-08-07 20:10:16,order_items.csv,2026-08-07,Missing quantity
ITEM000103401,ORD00022740,SKU00242,Open-source context-sensitive algorithm,Sports,5.0,-3643.86,-18219.3,2025-04-17 06:00:00,2026-08-07 20:10:16,order_items.csv,2026-08-07,Negative unit_price
ITEM000103449,ORD00001009,SKU02542,Total incremental adapter,Beauty,,5073.15,,2025-04-17 06:00:00,2026-08-07 20:10:16,order_items.csv,2026-08-07,Missing quantity
ITEM000103501,ORD00031324,SKU02335,Future-proofed full-range focus group,Electronics,6.0,-8660.06,-51960.36,2025-04-17 06:00:00,2026-08-07 20:10:16,order_items.csv,2026-08-07,Negative unit_price
ITEM000103516,ORD00004772,SKU04247,Organized optimal interface,Clothing,,9626.79,,2025-04-17 06:00:00,2026-08-07 20:10:16,order_items.csv,2026-08-07,Missing quantity
ITEM000103583,ORD00033026,SKU02515,Balanced clear-thinking superstructure,Grocery,,3142.86,,2025-04-17 06:00:00,2026-08-07 20:10:16,order_items.csv,2026-08-07,Missing quantity
ITEM000103601,ORD00008144,SKU03083,Mandatory systemic benchmark,Books,4.0,-10387.95,-41551.8,2025-04-17 06:00:00,2026-08-07 20:10:16,order_items.csv,2026-08-07,Negative unit_price
ITEM000103650,ORD00017121,SKU03976,Customizable maximized paradigm,Home & Kitchen,,291.47,,2025-04-17 06:00:00,2026-08-07 20:10:16,order_items.csv,2026-08-07,Missing quantity
ITEM000103701,ORD00036390,SKU04423,Front-line local structure,Electronics,10.0,-115.37,-1153.7,2025-04-17 06:00:00,2026-08-07 20:10:16,order_items.csv,2026-08-07,Negative unit_price
ITEM000103717,ORD00036789,SKU04596,Stand-alone local Internet solution,Sports,,804.77,,2025-04-17 06:00:00,2026-08-07 20:10:16,order_items.csv,2026-08-07,Missing quantity
ITEM000103784,ORD00005436,SKU04115,Synchronized clear-thinking product,Beauty,,12743.67,,2025-04-17 06:00:00,2026-08-07 20:10:16,order_items.csv,2026-08-07,Missing quantity
ITEM000103801,ORD00043853,SKU03019,Persevering 5thgeneration application,Electronics,2.0,-131.39,-262.78,2025-04-17 06:00:00,2026-08-07 20:10:16,order_items.csv,2026-08-07,Negative unit_price
ITEM000103851,ORD00009662,SKU03265,Cross-group empowering functionalities,Sports,,10068.11,,2025-04-17 06:00:00,2026-08-07 20:10:16,order_items.csv,2026-08-07,Missing quantity
ITEM000103901,ORD00001080,SKU02975,Re-engineered leadingedge task-force,Toys,1.0,-3369.16,-3369.16,2025-04-17 06:00:00,2026-08-07 20:10:16,order_items.csv,2026-08-07,Negative unit_price
ITEM000103918,ORD00043873,SKU04616,Enterprise-wide holistic ability,Clothing,,12993.41,,2025-04-17 06:00:00,2026-08-07 20:10:16,order_items.csv,2026-08-07,Missing quantity
ITEM000103985,ORD00000824,SKU02489,Public-key attitude-oriented functionalities,Grocery,,8574.38,,2025-04-17 06:00:00,2026-08-07 20:10:16,order_items.csv,2026-08-07,Missing quantity
ITEM000104001,ORD00044439,SKU01882,Future-proofed didactic toolset,Sports,3.0,-2201.63,-6604.89,2025-04-17 06:00:00,2026-08-07 20:10:16,order_items.csv,2026-08-07,Negative unit_price
ITEM000104052,ORD00002763,SKU01354,Down-sized mission-critical model,Books,,3384.86,,2025-04-17 06:00:00,2026-08-07 20:10:16,order_items.csv,2026-08-07,Missing quantity
ITEM000104101,ORD00045424,SKU04754,Cross-group intermediate definition,Toys,5.0,-14006.01,-70030.05,2025-04-17 06:00:00,2026-08-07 20:10:16,order_items.csv,2026-08-07,Negative unit_price
ITEM000104119,ORD00007031,SKU00767,Devolved 3rdgeneration frame,Electronics,,7219.1,,2025-04-17 06:00:00,2026-08-07 20:10:16,order_items.csv,2026-08-07,Missing quantity
ITEM000104186,ORD00019450,SKU03302,Right-sized contextually-based application,Beauty,,11975.33,,2025-04-17 06:00:00,2026-08-07 20:10:16,order_items.csv,2026-08-07,Missing quantity
ITEM000104201,ORD00018121,SKU04694,Team-oriented zero administration superstructure,Home & Kitchen,2.0,-298.66,-597.32,2025-04-17 06:00:00,2026-08-07 20:10:16,order_items.csv,2026-08-07,Negative unit_price
ITEM000104253,ORD00005696,SKU02883,Compatible exuding success,Sports,,9367.89,,2025-04-17 06:00:00,2026-08-07 20:10:16,order_items.csv,2026-08-07,Missing quantity
ITEM000104301,ORD00005439,SKU03034,Reduced exuding moratorium,Electronics,8.0,-3435.95,-27487.6,2025-04-17 06:00:00,2026-08-07 20:10:16,order_items.csv,2026-08-07,Negative unit_price
ITEM000104320,ORD00017810,SKU04453,Multi-tiered 6thgeneration solution,Books,,13799.18,,2025-04-17 06:00:00,2026-08-07 20:10:16,order_items.csv,2026-08-07,Missing quantity
ITEM000104387,ORD00048380,SKU03816,Horizontal optimizing Graphic Interface,Grocery,,5887.01,,2025-04-17 06:00:00,2026-08-07 20:10:16,order_items.csv,2026-08-07,Missing quantity
ITEM000104401,ORD00045254,SKU04700,Progressive empowering encryption,Toys,9.0,-13011.1,-117099.90000000001,2025-04-17 06:00:00,2026-08-07 20:10:16,order_items.csv,2026-08-07,Negative unit_price
ITEM000104454,ORD00030626,SKU03539,User-friendly modular knowledge user,Beauty,,12479.42,,2025-04-17 06:00:00,2026-08-07 20:10:16,order_items.csv,2026-08-07,Missing quantity
ITEM000104501,ORD00042399,SKU02469,Compatible next generation implementation,Home & Kitchen,6.0,-6867.02,-41202.12,2025-04-17 06:00:00,2026-08-07 20:10:16,order_items.csv,2026-08-07,Negative unit_price
ITEM000104521,ORD00030049,SKU02249,Upgradable directional task-force,Beauty,,3647.76,,2025-04-17 06:00:00,2026-08-07 20:10:16,order_items.csv,2026-08-07,Missing quantity
ITEM000104588,ORD00016170,SKU01962,Operative discrete array,Beauty,,14090.45,,2025-04-17 06:00:00,2026-08-07 20:10:16,order_items.csv,2026-08-07,Missing quantity
ITEM000104601,ORD00039466,SKU01067,Fully-configurable secondary algorithm,Grocery,8.0,-3157.7,-25261.6,2025-04-17 06:00:00,2026-08-07 20:10:16,order_items.csv,2026-08-07,Negative unit_price
ITEM000104655,ORD00021633,SKU02619,Customer-focused encompassing leverage,Books,,14667.77,,2025-04-17 06:00:00,2026-08-07 20:10:16,order_items.csv,2026-08-07,Missing quantity
ITEM000104701,ORD00031904,SKU00288,Ameliorated systematic data-warehouse,Sports,10.0,-11715.83,-117158.3,2025-04-17 06:00:00,2026-08-07 20:10:16,order_items.csv,2026-08-07,Negative unit_price
ITEM000104722,ORD00028165,SKU02083,Intuitive real-time synergy,Toys,,2122.29,,2025-04-17 06:00:00,2026-08-07 20:10:16,order_items.csv,2026-08-07,Missing quantity
ITEM000104789,ORD00006478,SKU00299,Sharable next generation throughput,Toys,,8435.67,,2025-04-17 06:00:00,2026-08-07 20:10:16,order_items.csv,2026-08-07,Missing quantity
ITEM000104801,ORD00012419,SKU04370,Multi-layered coherent artificial intelligence,Home & Kitchen,5.0,-10355.6,-51778.0,2025-04-17 06:00:00,2026-08-07 20:10:16,order_items.csv,2026-08-07,Negative unit_price
ITEM000104856,ORD00004152,SKU02810,Face-to-face secondary encoding,Home & Kitchen,,11688.68,,2025-04-17 06:00:00,2026-08-07 20:10:16,order_items.csv,2026-08-07,Missing quantity
ITEM000104901,ORD00021754,SKU03967,Streamlined bi-directional emulation,Toys,10.0,-9399.0,-93990.0,2025-04-17 06:00:00,2026-08-07 20:10:16,order_items.csv,2026-08-07,Negative unit_price
ITEM000104923,ORD00000211,SKU03382,Reactive disintermediate extranet,Electronics,,1510.32,,2025-04-17 06:00:00,2026-08-07 20:10:16,order_items.csv,2026-08-07,Missing quantity
ITEM000104990,ORD00002001,SKU00852,Expanded static application,Home & Kitchen,,2594.72,,2025-04-17 06:00:00,2026-08-07 20:10:16,order_items.csv,2026-08-07,Missing quantity
ITEM000105001,ORD00048029,SKU03230,Virtual 4thgeneration instruction set,Clothing,7.0,-4144.64,-29012.480000000003,2025-04-17 06:00:00,2026-08-07 20:10:16,order_items.csv,2026-08-07,Negative unit_price
ITEM000105057,ORD00019767,SKU01079,Open-architected transitional migration,Clothing,,8921.55,,2025-04-17 06:00:00,2026-08-07 20:10:16,order_items.csv,2026-08-07,Missing quantity
ITEM000105101,ORD00010259,SKU01439,Cross-platform dedicated product,Electronics,10.0,-12435.39,-124353.9,2025-04-17 06:00:00,2026-08-07 20:10:16,order_items.csv,2026-08-07,Negative unit_price
ITEM000105124,ORD00032435,SKU02648,Ergonomic methodical neural-net,Grocery,,9497.9,,2025-04-17 06:00:00,2026-08-07 20:10:16,order_items.csv,2026-08-07,Missing quantity
ITEM000105191,ORD00009967,SKU00309,Synergistic value-added application,Grocery,,14319.55,,2025-04-17 06:00:00,2026-08-07 20:10:16,order_items.csv,2026-08-07,Missing quantity
ITEM000105201,ORD00040374,SKU00214,Virtual logistical initiative,Toys,7.0,-13217.23,-92520.61,2025-04-17 06:00:00,2026-08-07 20:10:16,order_items.csv,2026-08-07,Negative unit_price
ITEM000105258,ORD00040597,SKU00282,Reverse-engineered encompassing workforce,Beauty,,6800.0,,2025-04-17 06:00:00,2026-08-07 20:10:16,order_items.csv,2026-08-07,Missing quantity
ITEM000105301,ORD00027442,SKU01208,Front-line directional data-warehouse,Books,7.0,-12764.79,-89353.53,2025-04-17 06:00:00,2026-08-07 20:10:16,order_items.csv,2026-08-07,Negative unit_price
ITEM000105325,ORD00017729,SKU02566,Compatible client-driven data-warehouse,Sports,,7124.91,,2025-04-17 06:00:00,2026-08-07 20:10:16,order_items.csv,2026-08-07,Missing quantity
ITEM000105392,ORD00019028,SKU00312,Focused global alliance,Electronics,,2151.91,,2025-04-17 06:00:00,2026-08-07 20:10:16,order_items.csv,2026-08-07,Missing quantity
ITEM000105401,ORD00012007,SKU01630,Switchable empowering installation,Beauty,2.0,-5417.67,-10835.34,2025-04-17 06:00:00,2026-08-07 20:10:16,order_items.csv,2026-08-07,Negative unit_price
ITEM000105459,ORD00027864,SKU00556,Programmable client-driven alliance,Home & Kitchen,,13832.61,,2025-04-17 06:00:00,2026-08-07 20:10:16,order_items.csv,2026-08-07,Missing quantity
ITEM000105501,ORD00029139,SKU04629,Multi-lateral zero-defect emulation,Toys,5.0,-1154.44,-5772.200000000001,2025-04-17 06:00:00,2026-08-07 20:10:16,order_items.csv,2026-08-07,Negative unit_price
ITEM000105526,ORD00024558,SKU02380,Compatible solution-oriented standardization,Home & Kitchen,,13997.19,,2025-04-17 06:00:00,2026-08-07 20:10:16,order_items.csv,2026-08-07,Missing quantity
ITEM000105593,ORD00027027,SKU02087,Reduced multi-tasking toolset,Books,,11034.67,,2025-04-17 06:00:00,2026-08-07 20:10:16,order_items.csv,2026-08-07,Missing quantity
ITEM000105601,ORD00006102,SKU00212,Proactive bottom-line parallelism,Books,2.0,-5652.18,-11304.36,2025-04-17 06:00:00,2026-08-07 20:10:16,order_items.csv,2026-08-07,Negative unit_price
ITEM000105660,ORD00009916,SKU03825,Polarized leadingedge analyzer,Beauty,,8089.4,,2025-04-17 06:00:00,2026-08-07 20:10:16,order_items.csv,2026-08-07,Missing quantity
ITEM000105701,ORD00028865,SKU01174,Versatile attitude-oriented methodology,Home & Kitchen,3.0,-8325.4,-24976.199999999997,2025-04-17 06:00:00,2026-08-07 20:10:16,order_items.csv,2026-08-07,Negative unit_price
ITEM000105727,ORD00014515,SKU04188,Adaptive explicit infrastructure,Books,,5854.05,,2025-04-17 06:00:00,2026-08-07 20:10:16,order_items.csv,2026-08-07,Missing quantity
ITEM000105794,ORD00021141,SKU01201,Optional transitional product,Sports,,145.35,,2025-04-17 06:00:00,2026-08-07 20:10:16,order_items.csv,2026-08-07,Missing quantity
ITEM000105801,ORD00027848,SKU02737,Phased analyzing data-warehouse,Electronics,3.0,-4277.16,-12831.48,2025-04-17 06:00:00,2026-08-07 20:10:16,order_items.csv,2026-08-07,Negative unit_price
ITEM000105861,ORD00009089,SKU00894,Networked global infrastructure,Beauty,,8765.77,,2025-04-17 06:00:00,2026-08-07 20:10:16,order_items.csv,2026-08-07,Missing quantity
ITEM000105901,ORD00014414,SKU02762,Distributed discrete frame,Sports,7.0,-14910.31,-104372.17,2025-04-17 06:00:00,2026-08-07 20:10:16,order_items.csv,2026-08-07,Negative unit_price
ITEM000105928,ORD00017771,SKU01891,Innovative encompassing portal,Sports,,11285.29,,2025-04-17 06:00:00,2026-08-07 20:10:16,order_items.csv,2026-08-07,Missing quantity
ITEM000105995,ORD00006804,SKU00195,User-friendly empowering protocol,Clothing,,14067.54,,2025-04-17 06:00:00,2026-08-07 20:10:16,order_items.csv,2026-08-07,Missing quantity
ITEM000106001,ORD00011010,SKU04666,Quality-focused uniform system engine,Grocery,4.0,-8886.34,-35545.36,2025-04-17 06:00:00,2026-08-07 20:10:16,order_items.csv,2026-08-07,Negative unit_price
ITEM000106062,ORD00041860,SKU00678,Distributed zero administration product,Clothing,,11120.08,,2025-04-17 06:00:00,2026-08-07 20:10:16,order_items.csv,2026-08-07,Missing quantity
ITEM000106101,ORD00023391,SKU01162,Phased bifurcated policy,Books,3.0,-4015.33,-12045.99,2025-04-17 06:00:00,2026-08-07 20:10:16,order_items.csv,2026-08-07,Negative unit_price
ITEM000106129,ORD00036072,SKU00308,Switchable 24hour Local Area Network,Clothing,,2858.03,,2025-04-17 06:00:00,2026-08-07 20:10:16,order_items.csv,2026-08-07,Missing quantity
ITEM000106196,ORD00003077,SKU02285,Advanced user-facing core,Clothing,,12013.78,,2025-04-17 06:00:00,2026-08-07 20:10:16,order_items.csv,2026-08-07,Missing quantity
ITEM000106201,ORD00026943,SKU03031,Reduced logistical frame,Home & Kitchen,2.0,-959.38,-1918.76,2025-04-17 06:00:00,2026-08-07 20:10:16,order_items.csv,2026-08-07,Negative unit_price
ITEM000106263,ORD00010547,SKU04333,Networked discrete algorithm,Home & Kitchen,,7284.36,,2025-04-17 06:00:00,2026-08-07 20:10:16,order_items.csv,2026-08-07,Missing quantity
ITEM000106301,ORD00049663,SKU02264,Horizontal demand-driven access,Electronics,2.0,-12786.36,-25572.72,2025-04-17 06:00:00,2026-08-07 20:10:16,order_items.csv,2026-08-07,Negative unit_price
ITEM000106330,ORD00027967,SKU02136,Multi-channeled 5thgeneration moratorium,Books,,12834.42,,2025-04-17 06:00:00,2026-08-07 20:10:16,order_items.csv,2026-08-07,Missing quantity
ITEM000106397,ORD00020787,SKU00244,Phased even-keeled complexity,Beauty,,6049.3,,2025-04-17 06:00:00,2026-08-07 20:10:16,order_items.csv,2026-08-07,Missing quantity
ITEM000106401,ORD00041306,SKU02447,Assimilated fault-tolerant synergy,Clothing,7.0,-8863.19,-62042.33,2025-04-17 06:00:00,2026-08-07 20:10:16,order_items.csv,2026-08-07,Negative unit_price
ITEM000106464,ORD00008920,SKU03062,Inverse impactful definition,Grocery,,10103.68,,2025-04-17 06:00:00,2026-08-07 20:10:16,order_items.csv,2026-08-07,Missing quantity
ITEM000106501,ORD00025738,SKU04402,Robust 24/7 ability,Clothing,6.0,-1198.56,-7191.36,2025-04-17 06:00:00,2026-08-07 20:10:16,order_items.csv,2026-08-07,Negative unit_price
ITEM000106531,ORD00019153,SKU03980,Pre-emptive well-modulated focus group,Home & Kitchen,,9891.42,,2025-04-17 06:00:00,2026-08-07 20:10:16,order_items.csv,2026-08-07,Missing quantity
ITEM000106598,ORD00019314,SKU00166,Realigned modular archive,Sports,,241.27,,2025-04-17 06:00:00,2026-08-07 20:10:16,order_items.csv,2026-08-07,Missing quantity
ITEM000106601,ORD00019094,SKU04666,Quality-focused uniform system engine,Grocery,7.0,-8886.34,-62204.380000000005,2025-04-17 06:00:00,2026-08-07 20:10:16,order_items.csv,2026-08-07,Negative unit_price
ITEM000106665,ORD00017005,SKU01588,Synergized analyzing database,Electronics,,14896.05,,2025-04-17 06:00:00,2026-08-07 20:10:16,order_items.csv,2026-08-07,Missing quantity
ITEM000106701,ORD00033481,SKU02069,Optimized empowering protocol,Sports,8.0,-3784.53,-30276.24,2025-04-17 06:00:00,2026-08-07 20:10:16,order_items.csv,2026-08-07,Negative unit_price
ITEM000106732,ORD00026077,SKU00946,Open-source non-volatile monitoring,Clothing,,5579.58,,2025-04-17 06:00:00,2026-08-07 20:10:16,order_items.csv,2026-08-07,Missing quantity
ITEM000106799,ORD00048776,SKU01348,Ergonomic reciprocal pricing structure,Books,,3092.88,,2025-04-17 06:00:00,2026-08-07 20:10:16,order_items.csv,2026-08-07,Missing quantity
ITEM000106801,ORD00047765,SKU03533,Cross-group actuating artificial intelligence,Beauty,1.0,-7787.05,-7787.05,2025-04-17 06:00:00,2026-08-07 20:10:16,order_items.csv,2026-08-07,Negative unit_price
ITEM000106866,ORD00033717,SKU04504,Seamless secondary knowledge user,Books,,11503.89,,2025-04-17 06:00:00,2026-08-07 20:10:16,order_items.csv,2026-08-07,Missing quantity
ITEM000106901,ORD00003680,SKU01566,Organic modular help-desk,Books,1.0,-14555.18,-14555.18,2025-04-17 06:00:00,2026-08-07 20:10:16,order_items.csv,2026-08-07,Negative unit_price
ITEM000106933,ORD00022197,SKU02650,Self-enabling user-facing service-desk,Grocery,,3200.81,,2025-04-17 06:00:00,2026-08-07 20:10:16,order_items.csv,2026-08-07,Missing quantity
ITEM000107000,ORD00039448,SKU01751,Ameliorated mobile analyzer,Books,,6844.99,,2025-04-17 06:00:00,2026-08-07 20:10:16,order_items.csv,2026-08-07,Missing quantity
ITEM000107001,ORD00008922,SKU04017,Digitized responsive adapter,Electronics,3.0,-11197.71,-33593.13,2025-04-17 06:00:00,2026-08-07 20:10:16,order_items.csv,2026-08-07,Negative unit_price
ITEM000107067,ORD00026558,SKU01619,Focused global attitude,Toys,,13944.42,,2025-04-17 06:00:00,2026-08-07 20:10:16,order_items.csv,2026-08-07,Missing quantity
ITEM000107101,ORD00032773,SKU02274,Face-to-face discrete leverage,Home & Kitchen,10.0,-2484.48,-24844.8,2025-04-17 06:00:00,2026-08-07 20:10:16,order_items.csv,2026-08-07,Negative unit_price
ITEM000107134,ORD00018205,SKU00556,Programmable client-driven alliance,Home & Kitchen,,13832.61,,2025-04-17 06:00:00,2026-08-07 20:10:16,order_items.csv,2026-08-07,Missing quantity
ITEM000107201,ORD00022740,SKU01605,Down-sized eco-centric superstructure,Grocery,,-3874.4,,2025-04-17 06:00:00,2026-08-07 20:10:16,order_items.csv,2026-08-07,Missing quantity
ITEM000107268,ORD00043556,SKU02715,Expanded next generation encoding,Beauty,,791.78,,2025-04-17 06:00:00,2026-08-07 20:10:16,order_items.csv,2026-08-07,Missing quantity
ITEM000107301,ORD00012191,SKU01878,Open-source logistical archive,Clothing,4.0,-180.14,-720.56,2025-04-17 06:00:00,2026-08-07 20:10:16,order_items.csv,2026-08-07,Negative unit_price
ITEM000107335,ORD00007822,SKU02857,Business-focused bottom-line ability,Sports,,10293.42,,2025-04-17 06:00:00,2026-08-07 20:10:16,order_items.csv,2026-08-07,Missing quantity
ITEM000107401,ORD00026977,SKU00966,User-centric incremental workforce,Electronics,5.0,-10380.86,-51904.3,2025-04-17 06:00:00,2026-08-07 20:10:16,order_items.csv,2026-08-07,Negative unit_price
ITEM000107402,ORD00011392,SKU03679,Seamless transitional architecture,Sports,,10546.21,,2025-04-17 06:00:00,2026-08-07 20:10:16,order_items.csv,2026-08-07,Missing quantity
ITEM000107469,ORD00007877,SKU01816,Robust value-added application,Clothing,,11634.96,,2025-04-17 06:00:00,2026-08-07 20:10:16,order_items.csv,2026-08-07,Missing quantity
ITEM000107501,ORD00039442,SKU02066,Automated grid-enabled instruction set,Clothing,8.0,-10692.88,-85543.04,2025-04-17 06:00:00,2026-08-07 20:10:16,order_items.csv,2026-08-07,Negative unit_price
ITEM000107536,ORD00049685,SKU03923,Total leadingedge support,Grocery,,1114.38,,2025-04-17 06:00:00,2026-08-07 20:10:16,order_items.csv,2026-08-07,Missing quantity
ITEM000107601,ORD00031953,SKU03668,Managed directional time-frame,Sports,3.0,-4771.46,-14314.380000000001,2025-04-17 06:00:00,2026-08-07 20:10:16,order_items.csv,2026-08-07,Negative unit_price
ITEM000107603,ORD00041215,SKU02046,Multi-tiered local hub,Grocery,,10854.9,,2025-04-17 06:00:00,2026-08-07 20:10:16,order_items.csv,2026-08-07,Missing quantity
ITEM000107670,ORD00028432,SKU00958,Optional actuating open architecture,Books,,14531.68,,2025-04-17 06:00:00,2026-08-07 20:10:16,order_items.csv,2026-08-07,Missing quantity
ITEM000107701,ORD00039262,SKU03249,De-engineered bi-directional website,Grocery,4.0,-6673.82,-26695.28,2025-04-17 06:00:00,2026-08-07 20:10:16,order_items.csv,2026-08-07,Negative unit_price
ITEM000107737,ORD00003725,SKU00836,Assimilated explicit success,Home & Kitchen,,8076.01,,2025-04-17 06:00:00,2026-08-07 20:10:16,order_items.csv,2026-08-07,Missing quantity
ITEM000107801,ORD00049681,SKU00972,Multi-lateral global help-desk,Grocery,8.0,-3110.17,-24881.36,2025-04-17 06:00:00,2026-08-07 20:10:16,order_items.csv,2026-08-07,Negative unit_price
ITEM000107804,ORD00028944,SKU04953,Integrated interactive framework,Toys,,9197.38,,2025-04-17 06:00:00,2026-08-07 20:10:16,order_items.csv,2026-08-07,Missing quantity
ITEM000107871,ORD00032532,SKU00083,Synchronized 5thgeneration algorithm,Grocery,,13247.79,,2025-04-17 06:00:00,2026-08-07 20:10:16,order_items.csv,2026-08-07,Missing quantity
ITEM000107901,ORD00034329,SKU02957,Mandatory intangible customer loyalty,Sports,2.0,-5804.36,-11608.72,2025-04-17 06:00:00,2026-08-07 20:10:16,order_items.csv,2026-08-07,Negative unit_price
ITEM000107938,ORD00029788,SKU02272,Advanced system-worthy strategy,Sports,,5474.36,,2025-04-17 06:00:00,2026-08-07 20:10:16,order_items.csv,2026-08-07,Missing quantity
ITEM000108001,ORD00015388,SKU01330,Profound eco-centric concept,Home & Kitchen,10.0,-9977.51,-99775.1,2025-04-17 06:00:00,2026-08-07 20:10:16,order_items.csv,2026-08-07,Negative unit_price
ITEM000108005,ORD00034037,SKU00124,Open-source content-based emulation,Clothing,,3096.62,,2025-04-17 06:00:00,2026-08-07 20:10:16,order_items.csv,2026-08-07,Missing quantity
ITEM000108072,ORD00033231,SKU00194,Self-enabling disintermediate challenge,Beauty,,2241.06,,2025-04-17 06:00:00,2026-08-07 20:10:16,order_items.csv,2026-08-07,Missing quantity
ITEM000108101,ORD00038550,SKU04559,Compatible homogeneous algorithm,Beauty,3.0,-10033.89,-30101.67,2025-04-17 06:00:00,2026-08-07 20:10:16,order_items.csv,2026-08-07,Negative unit_price
ITEM000108139,ORD00028954,SKU00730,Devolved didactic workforce,Grocery,,11610.22,,2025-04-17 06:00:00,2026-08-07 20:10:16,order_items.csv,2026-08-07,Missing quantity
ITEM000108201,ORD00013606,SKU04642,Cloned logistical migration,Beauty,4.0,-7933.17,-31732.68,2025-04-17 06:00:00,2026-08-07 20:10:16,order_items.csv,2026-08-07,Negative unit_price
ITEM000108206,ORD00022921,SKU04070,Front-line national hardware,Electronics,,11704.35,,2025-04-17 06:00:00,2026-08-07 20:10:16,order_items.csv,2026-08-07,Missing quantity
ITEM000108273,ORD00047409,SKU02136,Multi-channeled 5thgeneration moratorium,Books,,12834.42,,2025-04-17 06:00:00,2026-08-07 20:10:16,order_items.csv,2026-08-07,Missing quantity
ITEM000108301,ORD00021595,SKU01686,Integrated web-enabled installation,Toys,6.0,-700.68,-4204.08,2025-04-17 06:00:00,2026-08-07 20:10:16,order_items.csv,2026-08-07,Negative unit_price
ITEM000108340,ORD00018947,SKU04919,Open-architected scalable process improvement,Books,,13946.94,,2025-04-17 06:00:00,2026-08-07 20:10:16,order_items.csv,2026-08-07,Missing quantity
ITEM000108401,ORD00003875,SKU00839,Open-source web-enabled definition,Grocery,5.0,-1413.0,-7065.0,2025-04-17 06:00:00,2026-08-07 20:10:16,order_items.csv,2026-08-07,Negative unit_price
ITEM000108407,ORD00013873,SKU00682,Assimilated eco-centric hub,Grocery,,11235.12,,2025-04-17 06:00:00,2026-08-07 20:10:16,order_items.csv,2026-08-07,Missing quantity
ITEM000108474,ORD00031269,SKU01395,Balanced clear-thinking strategy,Books,,4920.67,,2025-04-17 06:00:00,2026-08-07 20:10:16,order_items.csv,2026-08-07,Missing quantity
ITEM000108501,ORD00006193,SKU04820,Synchronized directional database,Grocery,7.0,-1479.8,-10358.6,2025-04-17 06:00:00,2026-08-07 20:10:16,order_items.csv,2026-08-07,Negative unit_price
ITEM000108541,ORD00019334,SKU03401,Extended static benchmark,Home & Kitchen,,3953.01,,2025-04-17 06:00:00,2026-08-07 20:10:16,order_items.csv,2026-08-07,Missing quantity
ITEM000108601,ORD00015206,SKU01507,Pre-emptive multi-state frame,Books,9.0,-5264.68,-47382.12,2025-04-17 06:00:00,2026-08-07 20:10:16,order_items.csv,2026-08-07,Negative unit_price
ITEM000108608,ORD00023801,SKU01189,Team-oriented full-range architecture,Grocery,,2511.18,,2025-04-17 06:00:00,2026-08-07 20:10:16,order_items.csv,2026-08-07,Missing quantity
ITEM000108675,ORD00045366,SKU02512,Re-contextualized asynchronous hardware,Beauty,,5881.22,,2025-04-17 06:00:00,2026-08-07 20:10:16,order_items.csv,2026-08-07,Missing quantity
ITEM000108701,ORD00035696,SKU04805,Ameliorated radical neural-net,Home & Kitchen,7.0,-7177.49,-50242.43,2025-04-17 06:00:00,2026-08-07 20:10:16,order_items.csv,2026-08-07,Negative unit_price
ITEM000108742,ORD00001065,SKU03599,Cloned system-worthy leverage,Clothing,,1955.74,,2025-04-17 06:00:00,2026-08-07 20:10:16,order_items.csv,2026-08-07,Missing quantity
ITEM000108801,ORD00028431,SKU03163,Switchable heuristic groupware,Beauty,3.0,-2496.58,-7489.74,2025-04-17 06:00:00,2026-08-07 20:10:16,order_items.csv,2026-08-07,Negative unit_price
ITEM000108809,ORD00042982,SKU02743,Synchronized homogeneous support,Clothing,,5718.15,,2025-04-17 06:00:00,2026-08-07 20:10:16,order_items.csv,2026-08-07,Missing quantity
ITEM000108876,ORD00043395,SKU00458,Secured clear-thinking infrastructure,Grocery,,14243.44,,2025-04-17 06:00:00,2026-08-07 20:10:16,order_items.csv,2026-08-07,Missing quantity
ITEM000108901,ORD00013493,SKU04306,Triple-buffered high-level functionalities,Home & Kitchen,9.0,-11957.91,-107621.19,2025-04-17 06:00:00,2026-08-07 20:10:16,order_items.csv,2026-08-07,Negative unit_price
ITEM000108943,ORD00042951,SKU04409,Switchable bandwidth-monitored standardization,Sports,,13689.97,,2025-04-17 06:00:00,2026-08-07 20:10:16,order_items.csv,2026-08-07,Missing quantity
ITEM000109001,ORD00014079,SKU01746,Decentralized bi-directional system engine,Electronics,6.0,-6652.22,-39913.32,2025-04-17 06:00:00,2026-08-07 20:10:16,order_items.csv,2026-08-07,Negative unit_price
ITEM000109010,ORD00017469,SKU04418,Quality-focused upward-trending strategy,Toys,,10574.7,,2025-04-17 06:00:00,2026-08-07 20:10:16,order_items.csv,2026-08-07,Missing quantity
ITEM000109077,ORD00043717,SKU01805,Triple-buffered interactive customer loyalty,Sports,,10045.33,,2025-04-17 06:00:00,2026-08-07 20:10:16,order_items.csv,2026-08-07,Missing quantity
ITEM000109101,ORD00030931,SKU00116,Up-sized multi-state analyzer,Clothing,9.0,-8002.42,-72021.78,2025-04-17 06:00:00,2026-08-07 20:10:16,order_items.csv,2026-08-07,Negative unit_price
ITEM000109144,ORD00025626,SKU00700,Reverse-engineered value-added pricing structure,Clothing,,13208.41,,2025-04-17 06:00:00,2026-08-07 20:10:16,order_items.csv,2026-08-07,Missing quantity
ITEM000109201,ORD00021061,SKU00944,Reactive transitional moratorium,Grocery,6.0,-6024.56,-36147.36,2025-04-17 06:00:00,2026-08-07 20:10:16,order_items.csv,2026-08-07,Negative unit_price
ITEM000109211,ORD00017944,SKU01304,Persevering modular project,Toys,,5747.41,,2025-04-17 06:00:00,2026-08-07 20:10:16,order_items.csv,2026-08-07,Missing quantity
ITEM000109278,ORD00015506,SKU04703,Devolved coherent strategy,Sports,,11890.53,,2025-04-17 06:00:00,2026-08-07 20:10:16,order_items.csv,2026-08-07,Missing quantity
ITEM000109301,ORD00022498,SKU00432,Operative user-facing encryption,Grocery,2.0,-6128.36,-12256.72,2025-04-17 06:00:00,2026-08-07 20:10:16,order_items.csv,2026-08-07,Negative unit_price
ITEM000109345,ORD00004803,SKU01875,Advanced encompassing flexibility,Toys,,4941.77,,2025-04-17 06:00:00,2026-08-07 20:10:16,order_items.csv,2026-08-07,Missing quantity
ITEM000109401,ORD00030010,SKU01296,Centralized eco-centric circuit,Books,5.0,-11888.32,-59441.6,2025-04-17 06:00:00,2026-08-07 20:10:16,order_items.csv,2026-08-07,Negative unit_price
ITEM000109412,ORD00023375,SKU01237,Focused incremental protocol,Books,,5837.21,,2025-04-17 06:00:00,2026-08-07 20:10:16,order_items.csv,2026-08-07,Missing quantity
ITEM000109479,ORD00002557,SKU00072,Horizontal radical database,Sports,,8615.91,,2025-04-17 06:00:00,2026-08-07 20:10:16,order_items.csv,2026-08-07,Missing quantity
ITEM000109501,ORD00014022,SKU03505,Re-contextualized web-enabled projection,Home & Kitchen,4.0,-4066.66,-16266.64,2025-04-17 06:00:00,2026-08-07 20:10:16,order_items.csv,2026-08-07,Negative unit_price
ITEM000109546,ORD00021913,SKU04062,Business-focused next generation matrix,Books,,949.59,,2025-04-17 06:00:00,2026-08-07 20:10:16,order_items.csv,2026-08-07,Missing quantity
ITEM000109601,ORD00016836,SKU04422,Mandatory homogeneous artificial intelligence,Electronics,4.0,-8833.66,-35334.64,2025-04-17 06:00:00,2026-08-07 20:10:16,order_items.csv,2026-08-07,Negative unit_price
ITEM000109613,ORD00027223,SKU02734,Public-key explicit productivity,Grocery,,5445.01,,2025-04-17 06:00:00,2026-08-07 20:10:16,order_items.csv,2026-08-07,Missing quantity
ITEM000109680,ORD00029199,SKU00165,User-centric cohesive encryption,Toys,,706.57,,2025-04-17 06:00:00,2026-08-07 20:10:16,order_items.csv,2026-08-07,Missing quantity
ITEM000109701,ORD00013088,SKU01821,Sharable maximized open system,Clothing,8.0,-12199.16,-97593.28,2025-04-17 06:00:00,2026-08-07 20:10:16,order_items.csv,2026-08-07,Negative unit_price
ITEM000109747,ORD00033813,SKU04041,Multi-lateral non-volatile architecture,Toys,,11915.15,,2025-04-17 06:00:00,2026-08-07 20:10:16,order_items.csv,2026-08-07,Missing quantity
ITEM000109801,ORD00011999,SKU04802,Down-sized optimal open architecture,Electronics,9.0,-13233.9,-119105.09999999999,2025-04-17 06:00:00,2026-08-07 20:10:16,order_items.csv,2026-08-07,Negative unit_price
ITEM000109814,ORD00046272,SKU00296,Object-based empowering function,Home & Kitchen,,11119.92,,2025-04-17 06:00:00,2026-08-07 20:10:16,order_items.csv,2026-08-07,Missing quantity
ITEM000109881,ORD00000459,SKU00827,Profound zero administration system engine,Clothing,,1994.37,,2025-04-17 06:00:00,2026-08-07 20:10:16,order_items.csv,2026-08-07,Missing quantity
ITEM000109901,ORD00005790,SKU04904,Phased didactic access,Toys,7.0,-2700.87,-18906.09,2025-04-17 06:00:00,2026-08-07 20:10:16,order_items.csv,2026-08-07,Negative unit_price
ITEM000109948,ORD00006366,SKU04488,Seamless regional database,Electronics,,11788.11,,2025-04-17 06:00:00,2026-08-07 20:10:16,order_items.csv,2026-08-07,Missing quantity
ITEM000110001,ORD00000781,SKU01994,Quality-focused cohesive structure,Clothing,6.0,-1623.53,-9741.18,2025-04-17 06:00:00,2026-08-07 20:10:16,order_items.csv,2026-08-07,Negative unit_price
ITEM000110015,ORD00012245,SKU00649,Sharable local circuit,Clothing,,4971.51,,2025-04-17 06:00:00,2026-08-07 20:10:16,order_items.csv,2026-08-07,Missing quantity
ITEM000110082,ORD00032632,SKU01359,Team-oriented 4thgeneration encryption,Home & Kitchen,,6118.16,,2025-04-17 06:00:00,2026-08-07 20:10:16,order_items.csv,2026-08-07,Missing quantity
ITEM000110101,ORD00007863,SKU03712,Team-oriented responsive framework,Clothing,2.0,-6338.34,-12676.68,2025-04-17 06:00:00,2026-08-07 20:10:16,order_items.csv,2026-08-07,Negative unit_price
ITEM000110149,ORD00036723,SKU04617,Synergized motivating secured line,Home & Kitchen,,8904.03,,2025-04-17 06:00:00,2026-08-07 20:10:16,order_items.csv,2026-08-07,Missing quantity
ITEM000110201,ORD00044688,SKU03010,Centralized solution-oriented structure,Sports,8.0,-2187.54,-17500.32,2025-04-17 06:00:00,2026-08-07 20:10:16,order_items.csv,2026-08-07,Negative unit_price
ITEM000110216,ORD00034953,SKU00944,Reactive transitional moratorium,Grocery,,6024.56,,2025-04-17 06:00:00,2026-08-07 20:10:16,order_items.csv,2026-08-07,Missing quantity
ITEM000110283,ORD00012484,SKU01895,Secured content-based moratorium,Sports,,3194.91,,2025-04-17 06:00:00,2026-08-07 20:10:16,order_items.csv,2026-08-07,Missing quantity
ITEM000110301,ORD00004956,SKU02660,Fully-configurable hybrid process improvement,Grocery,5.0,-1840.01,-9200.05,2025-04-17 06:00:00,2026-08-07 20:10:16,order_items.csv,2026-08-07,Negative unit_price
ITEM000110350,ORD00041665,SKU01127,Optional attitude-oriented concept,Beauty,,511.08,,2025-04-17 06:00:00,2026-08-07 20:10:16,order_items.csv,2026-08-07,Missing quantity
ITEM000110401,ORD00047139,SKU03188,Balanced cohesive definition,Clothing,10.0,-4824.07,-48240.7,2025-04-17 06:00:00,2026-08-07 20:10:16,order_items.csv,2026-08-07,Negative unit_price
ITEM000110417,ORD00011539,SKU02582,Fundamental bi-directional capability,Home & Kitchen,,12218.94,,2025-04-17 06:00:00,2026-08-07 20:10:16,order_items.csv,2026-08-07,Missing quantity
ITEM000110484,ORD00018668,SKU02395,User-centric web-enabled archive,Books,,2842.52,,2025-04-17 06:00:00,2026-08-07 20:10:16,order_items.csv,2026-08-07,Missing quantity
ITEM000110501,ORD00014383,SKU02083,Intuitive real-time synergy,Toys,7.0,-2122.29,-14856.029999999999,2025-04-17 06:00:00,2026-08-07 20:10:16,order_items.csv,2026-08-07,Negative unit_price
ITEM000110551,ORD00013499,SKU02670,Grass-roots radical function,Toys,,13967.07,,2025-04-17 06:00:00,2026-08-07 20:10:16,order_items.csv,2026-08-07,Missing quantity
ITEM000110601,ORD00014347,SKU04658,Progressive executive utilization,Books,6.0,-5675.24,-34051.44,2025-04-17 06:00:00,2026-08-07 20:10:16,order_items.csv,2026-08-07,Negative unit_price
ITEM000110618,ORD00042268,SKU03955,Total holistic knowledge user,Beauty,,12214.58,,2025-04-17 06:00:00,2026-08-07 20:10:16,order_items.csv,2026-08-07,Missing quantity
ITEM000110685,ORD00015731,SKU03727,Re-contextualized client-driven orchestration,Toys,,744.62,,2025-04-17 06:00:00,2026-08-07 20:10:16,order_items.csv,2026-08-07,Missing quantity
ITEM000110701,ORD00009154,SKU00452,Inverse full-range budgetary management,Sports,8.0,-1114.54,-8916.32,2025-04-17 06:00:00,2026-08-07 20:10:16,order_items.csv,2026-08-07,Negative unit_price
ITEM000110752,ORD00046816,SKU03496,Grass-roots multi-tasking firmware,Beauty,,9627.3,,2025-04-17 06:00:00,2026-08-07 20:10:16,order_items.csv,2026-08-07,Missing quantity
ITEM000110801,ORD00031864,SKU03569,Right-sized 3rdgeneration secured line,Grocery,8.0,-12570.98,-100567.84,2025-04-17 06:00:00,2026-08-07 20:10:16,order_items.csv,2026-08-07,Negative unit_price
ITEM000110819,ORD00047182,SKU01317,Reactive system-worthy orchestration,Home & Kitchen,,7315.99,,2025-04-17 06:00:00,2026-08-07 20:10:16,order_items.csv,2026-08-07,Missing quantity
ITEM000110886,ORD00033598,SKU01605,Down-sized eco-centric superstructure,Grocery,,3874.4,,2025-04-17 06:00:00,2026-08-07 20:10:16,order_items.csv,2026-08-07,Missing quantity
ITEM000110901,ORD00012711,SKU04811,Open-architected content-based productivity,Toys,5.0,-2010.95,-10054.75,2025-04-17 06:00:00,2026-08-07 20:10:16,order_items.csv,2026-08-07,Negative unit_price
ITEM000110953,ORD00013371,SKU04046,Focused value-added portal,Books,,13684.82,,2025-04-17 06:00:00,2026-08-07 20:10:16,order_items.csv,2026-08-07,Missing quantity
ITEM000111001,ORD00036050,SKU04610,Organized user-facing paradigm,Grocery,1.0,-6591.78,-6591.78,2025-04-17 06:00:00,2026-08-07 20:10:16,order_items.csv,2026-08-07,Negative unit_price
ITEM000111020,ORD00009676,SKU02519,Organic multi-tasking approach,Clothing,,3941.61,,2025-04-17 06:00:00,2026-08-07 20:10:16,order_items.csv,2026-08-07,Missing quantity
ITEM000111087,ORD00021543,SKU02036,Secured holistic system engine,Beauty,,11524.11,,2025-04-17 06:00:00,2026-08-07 20:10:16,order_items.csv,2026-08-07,Missing quantity
ITEM000111101,ORD00047932,SKU02855,Focused reciprocal pricing structure,Clothing,4.0,-14838.67,-59354.68,2025-04-17 06:00:00,2026-08-07 20:10:16,order_items.csv,2026-08-07,Negative unit_price
ITEM000111154,ORD00030807,SKU04333,Networked discrete algorithm,Home & Kitchen,,7284.36,,2025-04-17 06:00:00,2026-08-07 20:10:16,order_items.csv,2026-08-07,Missing quantity
ITEM000111201,ORD00037592,SKU01336,Down-sized full-range capacity,Sports,5.0,-8233.92,-41169.6,2025-04-17 06:00:00,2026-08-07 20:10:16,order_items.csv,2026-08-07,Negative unit_price
ITEM000111221,ORD00003017,SKU04521,Open-architected non-volatile archive,Beauty,,14675.07,,2025-04-17 06:00:00,2026-08-07 20:10:16,order_items.csv,2026-08-07,Missing quantity
ITEM000111288,ORD00039280,SKU03352,Automated coherent emulation,Home & Kitchen,,7434.25,,2025-04-17 06:00:00,2026-08-07 20:10:16,order_items.csv,2026-08-07,Missing quantity
ITEM000111301,ORD00046914,SKU02039,Polarized stable productivity,Beauty,10.0,-12686.64,-126866.4,2025-04-17 06:00:00,2026-08-07 20:10:16,order_items.csv,2026-08-07,Negative unit_price
ITEM000111355,ORD00041683,SKU01229,Quality-focused 24hour service-desk,Books,,9166.35,,2025-04-17 06:00:00,2026-08-07 20:10:16,order_items.csv,2026-08-07,Missing quantity
ITEM000111401,ORD00042216,SKU01400,Seamless systematic attitude,Books,2.0,-2833.19,-5666.38,2025-04-17 06:00:00,2026-08-07 20:10:16,order_items.csv,2026-08-07,Negative unit_price
ITEM000111422,ORD00007571,SKU03036,Focused asynchronous encoding,Toys,,10593.97,,2025-04-17 06:00:00,2026-08-07 20:10:16,order_items.csv,2026-08-07,Missing quantity
ITEM000111489,ORD00026966,SKU04528,Synergized hybrid leverage,Sports,,5513.32,,2025-04-17 06:00:00,2026-08-07 20:10:16,order_items.csv,2026-08-07,Missing quantity
ITEM000111501,ORD00043242,SKU02843,Enhanced 5thgeneration alliance,Sports,7.0,-5965.54,-41758.78,2025-04-17 06:00:00,2026-08-07 20:10:16,order_items.csv,2026-08-07,Negative unit_price
ITEM000111556,ORD00049437,SKU03876,Versatile client-driven benchmark,Home & Kitchen,,8191.37,,2025-04-17 06:00:00,2026-08-07 20:10:16,order_items.csv,2026-08-07,Missing quantity
ITEM000111601,ORD00033287,SKU02316,Optimized scalable framework,Toys,8.0,-5686.7,-45493.6,2025-04-17 06:00:00,2026-08-07 20:10:16,order_items.csv,2026-08-07,Negative unit_price
ITEM000111623,ORD00032546,SKU03706,Customer-focused encompassing hierarchy,Books,,4301.4,,2025-04-17 06:00:00,2026-08-07 20:10:16,order_items.csv,2026-08-07,Missing quantity
ITEM000111690,ORD00009952,SKU00195,User-friendly empowering protocol,Clothing,,14067.54,,2025-04-17 06:00:00,2026-08-07 20:10:16,order_items.csv,2026-08-07,Missing quantity
ITEM000111701,ORD00048180,SKU00842,Future-proofed system-worthy encryption,Home & Kitchen,10.0,-6440.76,-64407.600000000006,2025-04-17 06:00:00,2026-08-07 20:10:16,order_items.csv,2026-08-07,Negative unit_price
ITEM000111757,ORD00008964,SKU02352,Implemented next generation conglomeration,Sports,,1543.81,,2025-04-17 06:00:00,2026-08-07 20:10:16,order_items.csv,2026-08-07,Missing quantity
ITEM000111801,ORD00002403,SKU03653,Universal user-facing initiative,Clothing,1.0,-5997.43,-5997.43,2025-04-17 06:00:00,2026-08-07 20:10:16,order_items.csv,2026-08-07,Negative unit_price
ITEM000111824,ORD00006232,SKU03435,Automated needs-based structure,Grocery,,6397.93,,2025-04-17 06:00:00,2026-08-07 20:10:16,order_items.csv,2026-08-07,Missing quantity
ITEM000111891,ORD00022139,SKU01460,Organized empowering interface,Grocery,,781.93,,2025-04-17 06:00:00,2026-08-07 20:10:16,order_items.csv,2026-08-07,Missing quantity
ITEM000111901,ORD00008246,SKU04195,Streamlined impactful application,Clothing,4.0,-442.87,-1771.48,2025-04-17 06:00:00,2026-08-07 20:10:16,order_items.csv,2026-08-07,Negative unit_price
ITEM000111958,ORD00000797,SKU04167,Mandatory zero tolerance extranet,Clothing,,2343.4,,2025-04-17 06:00:00,2026-08-07 20:10:16,order_items.csv,2026-08-07,Missing quantity
ITEM000112001,ORD00024545,SKU02668,Integrated high-level parallelism,Sports,8.0,-8944.31,-71554.48,2025-04-17 06:00:00,2026-08-07 20:10:16,order_items.csv,2026-08-07,Negative unit_price
ITEM000112025,ORD00034703,SKU01551,Fully-configurable secondary superstructure,Books,,14986.13,,2025-04-17 06:00:00,2026-08-07 20:10:16,order_items.csv,2026-08-07,Missing quantity
ITEM000112092,ORD00045506,SKU01394,Operative tertiary policy,Sports,,6865.9,,2025-04-17 06:00:00,2026-08-07 20:10:16,order_items.csv,2026-08-07,Missing quantity
ITEM000112101,ORD00044947,SKU01578,Synergistic next generation standardization,Beauty,1.0,-1140.74,-1140.74,2025-04-17 06:00:00,2026-08-07 20:10:16,order_items.csv,2026-08-07,Negative unit_price
ITEM000112159,ORD00042125,SKU00390,Face-to-face 24hour architecture,Electronics,,6422.36,,2025-04-17 06:00:00,2026-08-07 20:10:16,order_items.csv,2026-08-07,Missing quantity
ITEM000112201,ORD00038599,SKU02675,Proactive optimizing capacity,Books,4.0,-2193.51,-8774.04,2025-04-17 06:00:00,2026-08-07 20:10:16,order_items.csv,2026-08-07,Negative unit_price
ITEM000112226,ORD00040392,SKU01280,Grass-roots value-added encoding,Books,,12832.44,,2025-04-17 06:00:00,2026-08-07 20:10:16,order_items.csv,2026-08-07,Missing quantity
ITEM000112293,ORD00008279,SKU04275,Open-source motivating superstructure,Clothing,,10463.07,,2025-04-17 06:00:00,2026-08-07 20:10:16,order_items.csv,2026-08-07,Missing quantity
ITEM000112301,ORD00028961,SKU02833,Customer-focused 3rdgeneration intranet,Sports,9.0,-3147.63,-28328.670000000002,2025-04-17 06:00:00,2026-08-07 20:10:16,order_items.csv,2026-08-07,Negative unit_price
ITEM000112360,ORD00032753,SKU04386,Total human-resource pricing structure,Toys,,13338.59,,2025-04-17 06:00:00,2026-08-07 20:10:16,order_items.csv,2026-08-07,Missing quantity
ITEM000112401,ORD00003338,SKU00157,Secured client-driven portal,Electronics,10.0,-216.28,-2162.8,2025-04-17 06:00:00,2026-08-07 20:10:16,order_items.csv,2026-08-07,Negative unit_price
ITEM000112427,ORD00031332,SKU03070,Assimilated local emulation,Electronics,,8531.9,,2025-04-17 06:00:00,2026-08-07 20:10:16,order_items.csv,2026-08-07,Missing quantity
ITEM000112494,ORD00014873,SKU04081,Assimilated client-driven parallelism,Beauty,,11551.19,,2025-04-17 06:00:00,2026-08-07 20:10:16,order_items.csv,2026-08-07,Missing quantity
ITEM000112501,ORD00000128,SKU00259,Intuitive web-enabled firmware,Electronics,8.0,-9902.85,-79222.8,2025-04-17 06:00:00,2026-08-07 20:10:16,order_items.csv,2026-08-07,Negative unit_price
ITEM000112561,ORD00008112,SKU04936,User-friendly static hardware,Books,,7646.42,,2025-04-17 06:00:00,2026-08-07 20:10:16,order_items.csv,2026-08-07,Missing quantity
ITEM000112601,ORD00009157,SKU01603,User-friendly 5thgeneration policy,Sports,7.0,-8539.69,-59777.83,2025-04-17 06:00:00,2026-08-07 20:10:16,order_items.csv,2026-08-07,Negative unit_price
ITEM000112628,ORD00029678,SKU01130,Function-based radical utilization,Electronics,,3834.93,,2025-04-17 06:00:00,2026-08-07 20:10:16,order_items.csv,2026-08-07,Missing quantity
ITEM000112695,ORD00013732,SKU00744,Innovative tangible Graphical User Interface,Clothing,,14713.72,,2025-04-17 06:00:00,2026-08-07 20:10:16,order_items.csv,2026-08-07,Missing quantity
ITEM000112701,ORD00000938,SKU01253,Object-based reciprocal encoding,Grocery,5.0,-9854.55,-49272.75,2025-04-17 06:00:00,2026-08-07 20:10:16,order_items.csv,2026-08-07,Negative unit_price
ITEM000112762,ORD00028975,SKU04136,Persevering 24/7 methodology,Clothing,,12310.61,,2025-04-17 06:00:00,2026-08-07 20:10:16,order_items.csv,2026-08-07,Missing quantity
ITEM000112801,ORD00047903,SKU03721,Profound scalable knowledgebase,Grocery,8.0,-1609.47,-12875.76,2025-04-17 06:00:00,2026-08-07 20:10:16,order_items.csv,2026-08-07,Negative unit_price
ITEM000112829,ORD00034156,SKU02255,Optional neutral implementation,Sports,,14758.62,,2025-04-17 06:00:00,2026-08-07 20:10:16,order_items.csv,2026-08-07,Missing quantity
ITEM000112896,ORD00026772,SKU04889,Public-key modular encoding,Grocery,,7535.64,,2025-04-17 06:00:00,2026-08-07 20:10:16,order_items.csv,2026-08-07,Missing quantity
ITEM000112901,ORD00002343,SKU03360,Networked interactive strategy,Grocery,2.0,-14327.1,-28654.2,2025-04-17 06:00:00,2026-08-07 20:10:16,order_items.csv,2026-08-07,Negative unit_price
ITEM000112963,ORD00027437,SKU01518,Reduced zero-defect circuit,Sports,,109.29,,2025-04-17 06:00:00,2026-08-07 20:10:16,order_items.csv,2026-08-07,Missing quantity
ITEM000113001,ORD00007985,SKU04102,Stand-alone scalable frame,Electronics,10.0,-14717.24,-147172.4,2025-04-17 06:00:00,2026-08-07 20:10:16,order_items.csv,2026-08-07,Negative unit_price
ITEM000113030,ORD00014511,SKU01541,Quality-focused responsive algorithm,Toys,,6078.52,,2025-04-17 06:00:00,2026-08-07 20:10:16,order_items.csv,2026-08-07,Missing quantity
ITEM000113097,ORD00032828,SKU03924,Function-based full-range model,Electronics,,9150.02,,2025-04-17 06:00:00,2026-08-07 20:10:16,order_items.csv,2026-08-07,Missing quantity
ITEM000113101,ORD00002378,SKU02292,Seamless optimal secured line,Electronics,5.0,-12319.31,-61596.549999999996,2025-04-17 06:00:00,2026-08-07 20:10:16,order_items.csv,2026-08-07,Negative unit_price
ITEM000113164,ORD00041550,SKU03936,Cross-platform multi-tasking knowledge user,Sports,,13766.86,,2025-04-17 06:00:00,2026-08-07 20:10:16,order_items.csv,2026-08-07,Missing quantity
ITEM000113201,ORD00005957,SKU04543,Re-contextualized high-level strategy,Grocery,9.0,-7747.86,-69730.73999999999,2025-04-17 06:00:00,2026-08-07 20:10:16,order_items.csv,2026-08-07,Negative unit_price
ITEM000113231,ORD00002594,SKU03592,Realigned zero-defect access,Home & Kitchen,,347.85,,2025-04-17 06:00:00,2026-08-07 20:10:16,order_items.csv,2026-08-07,Missing quantity
ITEM000113298,ORD00012429,SKU00343,Open-source contextually-based orchestration,Sports,,14151.94,,2025-04-17 06:00:00,2026-08-07 20:10:16,order_items.csv,2026-08-07,Missing quantity
ITEM000113301,ORD00021270,SKU04262,Stand-alone 4thgeneration monitoring,Sports,9.0,-13572.51,-122152.59,2025-04-17 06:00:00,2026-08-07 20:10:16,order_items.csv,2026-08-07,Negative unit_price
ITEM000113365,ORD00001462,SKU04510,Diverse intermediate complexity,Sports,,5396.29,,2025-04-17 06:00:00,2026-08-07 20:10:16,order_items.csv,2026-08-07,Missing quantity
ITEM000113401,ORD00044925,SKU02439,Ameliorated motivating paradigm,Home & Kitchen,10.0,-11544.51,-115445.1,2025-04-17 06:00:00,2026-08-07 20:10:16,order_items.csv,2026-08-07,Negative unit_price
ITEM000113432,ORD00025110,SKU03616,Expanded hybrid task-force,Beauty,,3849.92,,2025-04-17 06:00:00,2026-08-07 20:10:16,order_items.csv,2026-08-07,Missing quantity
ITEM000113499,ORD00002062,SKU02392,Focused systematic attitude,Beauty,,3393.77,,2025-04-17 06:00:00,2026-08-07 20:10:16,order_items.csv,2026-08-07,Missing quantity
ITEM000113501,ORD00038023,SKU00391,Assimilated regional focus group,Grocery,7.0,-14668.46,-102679.22,2025-04-17 06:00:00,2026-08-07 20:10:16,order_items.csv,2026-08-07,Negative unit_price
ITEM000113566,ORD00010254,SKU00570,Secured client-server array,Books,,11875.91,,2025-04-17 06:00:00,2026-08-07 20:10:16,order_items.csv,2026-08-07,Missing quantity
ITEM000113601,ORD00035821,SKU02403,Configurable hybrid firmware,Electronics,2.0,-5773.99,-11547.98,2025-04-17 06:00:00,2026-08-07 20:10:16,order_items.csv,2026-08-07,Negative unit_price
ITEM000113633,ORD00020893,SKU03569,Right-sized 3rdgeneration secured line,Grocery,,12570.98,,2025-04-17 06:00:00,2026-08-07 20:10:16,order_items.csv,2026-08-07,Missing quantity
ITEM000113700,ORD00003130,SKU02302,Intuitive asymmetric moderator,Grocery,,9653.26,,2025-04-17 06:00:00,2026-08-07 20:10:16,order_items.csv,2026-08-07,Missing quantity
ITEM000113701,ORD00020973,SKU02535,Enhanced cohesive solution,Electronics,1.0,-791.91,-791.91,2025-04-17 06:00:00,2026-08-07 20:10:16,order_items.csv,2026-08-07,Negative unit_price
ITEM000113767,ORD00015833,SKU04865,Cross-group exuding synergy,Sports,,10832.81,,2025-04-17 06:00:00,2026-08-07 20:10:16,order_items.csv,2026-08-07,Missing quantity
ITEM000113801,ORD00047798,SKU01470,Multi-lateral clear-thinking hierarchy,Toys,6.0,-3640.36,-21842.16,2025-04-17 06:00:00,2026-08-07 20:10:16,order_items.csv,2026-08-07,Negative unit_price
ITEM000113834,ORD00019922,SKU02343,Enterprise-wide responsive secured line,Grocery,,9943.25,,2025-04-17 06:00:00,2026-08-07 20:10:16,order_items.csv,2026-08-07,Missing quantity
ITEM000113901,ORD00001343,SKU00490,Ergonomic national open architecture,Electronics,,-10171.25,,2025-04-17 06:00:00,2026-08-07 20:10:16,order_items.csv,2026-08-07,Missing quantity
ITEM000113968,ORD00025767,SKU04819,Streamlined contextually-based focus group,Clothing,,5781.42,,2025-04-17 06:00:00,2026-08-07 20:10:16,order_items.csv,2026-08-07,Missing quantity
ITEM000114001,ORD00047370,SKU03877,Inverse multi-tasking ability,Beauty,3.0,-967.51,-2902.5299999999997,2025-04-17 06:00:00,2026-08-07 20:10:16,order_items.csv,2026-08-07,Negative unit_price
ITEM000114035,ORD00019367,SKU00623,Monitored cohesive open system,Home & Kitchen,,3119.03,,2025-04-17 06:00:00,2026-08-07 20:10:16,order_items.csv,2026-08-07,Missing quantity
ITEM000114101,ORD00011868,SKU01066,Persevering real-time model,Electronics,2.0,-4570.34,-9140.68,2025-04-17 06:00:00,2026-08-07 20:10:16,order_items.csv,2026-08-07,Negative unit_price
ITEM000114102,ORD00014952,SKU00279,Managed high-level orchestration,Clothing,,3994.62,,2025-04-17 06:00:00,2026-08-07 20:10:16,order_items.csv,2026-08-07,Missing quantity
ITEM000114169,ORD00013913,SKU03248,Polarized real-time software,Electronics,,4074.45,,2025-04-17 06:00:00,2026-08-07 20:10:16,order_items.csv,2026-08-07,Missing quantity
ITEM000114201,ORD00022559,SKU00779,Programmable methodical model,Home & Kitchen,10.0,-5230.9,-52309.0,2025-04-17 06:00:00,2026-08-07 20:10:16,order_items.csv,2026-08-07,Negative unit_price
ITEM000114236,ORD00029283,SKU00924,Synergistic cohesive encryption,Toys,,10311.96,,2025-04-17 06:00:00,2026-08-07 20:10:16,order_items.csv,2026-08-07,Missing quantity
ITEM000114301,ORD00039637,SKU03262,Balanced optimal encryption,Electronics,9.0,-8058.74,-72528.66,2025-04-17 06:00:00,2026-08-07 20:10:16,order_items.csv,2026-08-07,Negative unit_price
ITEM000114303,ORD00004047,SKU00556,Programmable client-driven alliance,Home & Kitchen,,13832.61,,2025-04-17 06:00:00,2026-08-07 20:10:16,order_items.csv,2026-08-07,Missing quantity
ITEM000114370,ORD00033815,SKU03291,De-engineered upward-trending conglomeration,Grocery,,13794.2,,2025-04-17 06:00:00,2026-08-07 20:10:16,order_items.csv,2026-08-07,Missing quantity
ITEM000114401,ORD00039472,SKU02884,Profound next generation intranet,Grocery,1.0,-5297.55,-5297.55,2025-04-17 06:00:00,2026-08-07 20:10:16,order_items.csv,2026-08-07,Negative unit_price
ITEM000114437,ORD00005975,SKU03667,Synergized fault-tolerant focus group,Toys,,4751.6,,2025-04-17 06:00:00,2026-08-07 20:10:16,order_items.csv,2026-08-07,Missing quantity
ITEM000114501,ORD00036636,SKU02324,Implemented multimedia middleware,Toys,5.0,-8431.55,-42157.75,2025-04-17 06:00:00,2026-08-07 20:10:16,order_items.csv,2026-08-07,Negative unit_price
ITEM000114504,ORD00029752,SKU03194,Polarized didactic encoding,Beauty,,6822.41,,2025-04-17 06:00:00,2026-08-07 20:10:16,order_items.csv,2026-08-07,Missing quantity
ITEM000114571,ORD00000822,SKU02820,Right-sized systemic instruction set,Sports,,2194.94,,2025-04-17 06:00:00,2026-08-07 20:10:16,order_items.csv,2026-08-07,Missing quantity
ITEM000114601,ORD00034350,SKU01986,Down-sized scalable approach,Electronics,7.0,-14089.2,-98624.40000000001,2025-04-17 06:00:00,2026-08-07 20:10:16,order_items.csv,2026-08-07,Negative unit_price
ITEM000114638,ORD00031155,SKU03940,Re-contextualized mobile complexity,Beauty,,11798.4,,2025-04-17 06:00:00,2026-08-07 20:10:16,order_items.csv,2026-08-07,Missing quantity
ITEM000114701,ORD00040353,SKU00820,Multi-layered optimizing open system,Home & Kitchen,8.0,-10533.4,-84267.2,2025-04-17 06:00:00,2026-08-07 20:10:16,order_items.csv,2026-08-07,Negative unit_price
ITEM000114705,ORD00033039,SKU03760,Versatile upward-trending benchmark,Grocery,,9690.74,,2025-04-17 06:00:00,2026-08-07 20:10:16,order_items.csv,2026-08-07,Missing quantity
ITEM000114772,ORD00023759,SKU03600,Triple-buffered solution-oriented circuit,Sports,,11074.54,,2025-04-17 06:00:00,2026-08-07 20:10:16,order_items.csv,2026-08-07,Missing quantity
ITEM000114801,ORD00028808,SKU04257,Assimilated content-based focus group,Home & Kitchen,7.0,-4931.41,-34519.869999999995,2025-04-17 06:00:00,2026-08-07 20:10:16,order_items.csv,2026-08-07,Negative unit_price
ITEM000114839,ORD00043640,SKU02683,Virtual empowering pricing structure,Books,,7356.26,,2025-04-17 06:00:00,2026-08-07 20:10:16,order_items.csv,2026-08-07,Missing quantity
ITEM000114901,ORD00048453,SKU02743,Synchronized homogeneous support,Clothing,5.0,-5718.15,-28590.75,2025-04-17 06:00:00,2026-08-07 20:10:16,order_items.csv,2026-08-07,Negative unit_price
ITEM000114906,ORD00023352,SKU02863,Horizontal hybrid collaboration,Toys,,8405.26,,2025-04-17 06:00:00,2026-08-07 20:10:16,order_items.csv,2026-08-07,Missing quantity
ITEM000114973,ORD00045108,SKU03716,Exclusive disintermediate collaboration,Grocery,,5930.57,,2025-04-17 06:00:00,2026-08-07 20:10:16,order_items.csv,2026-08-07,Missing quantity
ITEM000115001,ORD00023723,SKU00974,Intuitive modular customer loyalty,Toys,10.0,-10688.4,-106884.0,2025-04-17 06:00:00,2026-08-07 20:10:16,order_items.csv,2026-08-07,Negative unit_price
ITEM000115040,ORD00016144,SKU01347,Robust hybrid artificial intelligence,Beauty,,13858.3,,2025-04-17 06:00:00,2026-08-07 20:10:16,order_items.csv,2026-08-07,Missing quantity
ITEM000115101,ORD00042147,SKU00209,Reduced contextually-based software,Sports,2.0,-6566.61,-13133.22,2025-04-17 06:00:00,2026-08-07 20:10:16,order_items.csv,2026-08-07,Negative unit_price
ITEM000115107,ORD00048439,SKU00152,Focused full-range system engine,Home & Kitchen,,2442.56,,2025-04-17 06:00:00,2026-08-07 20:10:16,order_items.csv,2026-08-07,Missing quantity
ITEM000115174,ORD00042854,SKU02133,Robust didactic parallelism,Grocery,,3130.97,,2025-04-17 06:00:00,2026-08-07 20:10:16,order_items.csv,2026-08-07,Missing quantity
ITEM000115201,ORD00038714,SKU04256,Integrated intermediate middleware,Home & Kitchen,5.0,-3912.08,-19560.4,2025-04-17 06:00:00,2026-08-07 20:10:16,order_items.csv,2026-08-07,Negative unit_price
ITEM000115241,ORD00039362,SKU01866,Stand-alone system-worthy function,Grocery,,13980.82,,2025-04-17 06:00:00,2026-08-07 20:10:16,order_items.csv,2026-08-07,Missing quantity
ITEM000115301,ORD00014002,SKU01858,Upgradable client-server Graphical User Interface,Sports,2.0,-3193.47,-6386.94,2025-04-17 06:00:00,2026-08-07 20:10:16,order_items.csv,2026-08-07,Negative unit_price
ITEM000115308,ORD00036286,SKU01651,Upgradable multi-state throughput,Books,,934.86,,2025-04-17 06:00:00,2026-08-07 20:10:16,order_items.csv,2026-08-07,Missing quantity
ITEM000115375,ORD00014022,SKU02188,Horizontal demand-driven moratorium,Clothing,,2092.15,,2025-04-17 06:00:00,2026-08-07 20:10:16,order_items.csv,2026-08-07,Missing quantity
ITEM000115401,ORD00018432,SKU01540,Synergistic clear-thinking open architecture,Sports,1.0,-10542.52,-10542.52,2025-04-17 06:00:00,2026-08-07 20:10:16,order_items.csv,2026-08-07,Negative unit_price
ITEM000115442,ORD00032658,SKU02356,Down-sized executive access,Clothing,,6556.35,,2025-04-17 06:00:00,2026-08-07 20:10:16,order_items.csv,2026-08-07,Missing quantity
ITEM000115501,ORD00047342,SKU01819,Ergonomic systematic focus group,Toys,9.0,-7901.9,-71117.09999999999,2025-04-17 06:00:00,2026-08-07 20:10:16,order_items.csv,2026-08-07,Negative unit_price
ITEM000115509,ORD00012810,SKU03738,Programmable heuristic archive,Beauty,,2959.8,,2025-04-17 06:00:00,2026-08-07 20:10:16,order_items.csv,2026-08-07,Missing quantity
ITEM000115576,ORD00032887,SKU02538,Down-sized leadingedge encoding,Clothing,,3783.22,,2025-04-17 06:00:00,2026-08-07 20:10:16,order_items.csv,2026-08-07,Missing quantity
ITEM000115601,ORD00029355,SKU02158,Devolved intermediate secured line,Home & Kitchen,3.0,-13644.38,-40933.14,2025-04-17 06:00:00,2026-08-07 20:10:16,order_items.csv,2026-08-07,Negative unit_price
ITEM000115643,ORD00040433,SKU04953,Integrated interactive framework,Toys,,9197.38,,2025-04-17 06:00:00,2026-08-07 20:10:16,order_items.csv,2026-08-07,Missing quantity
ITEM000115701,ORD00019984,SKU01625,Multi-channeled grid-enabled access,Sports,9.0,-12417.22,-111754.98,2025-04-17 06:00:00,2026-08-07 20:10:16,order_items.csv,2026-08-07,Negative unit_price
ITEM000115710,ORD00015499,SKU03815,Grass-roots secondary frame,Sports,,7081.42,,2025-04-17 06:00:00,2026-08-07 20:10:16,order_items.csv,2026-08-07,Missing quantity
ITEM000115777,ORD00041976,SKU03777,Proactive disintermediate paradigm,Grocery,,4314.11,,2025-04-17 06:00:00,2026-08-07 20:10:16,order_items.csv,2026-08-07,Missing quantity
ITEM000115801,ORD00004289,SKU04328,Ameliorated tangible approach,Sports,9.0,-495.2,-4456.8,2025-04-17 06:00:00,2026-08-07 20:10:16,order_items.csv,2026-08-07,Negative unit_price
ITEM000115844,ORD00043021,SKU00827,Profound zero administration system engine,Clothing,,1994.37,,2025-04-17 06:00:00,2026-08-07 20:10:16,order_items.csv,2026-08-07,Missing quantity
ITEM000115901,ORD00003013,SKU01415,Optimized maximized Graphical User Interface,Toys,5.0,-6197.94,-30989.699999999997,2025-04-17 06:00:00,2026-08-07 20:10:16,order_items.csv,2026-08-07,Negative unit_price
ITEM000115911,ORD00025419,SKU01309,Virtual zero-defect implementation,Beauty,,3264.28,,2025-04-17 06:00:00,2026-08-07 20:10:16,order_items.csv,2026-08-07,Missing quantity
ITEM000115978,ORD00009953,SKU03181,Reactive asynchronous policy,Home & Kitchen,,14908.81,,2025-04-17 06:00:00,2026-08-07 20:10:16,order_items.csv,2026-08-07,Missing quantity
ITEM000116001,ORD00043537,SKU03775,Customer-focused methodical policy,Electronics,10.0,-14701.76,-147017.6,2025-04-17 06:00:00,2026-08-07 20:10:16,order_items.csv,2026-08-07,Negative unit_price
ITEM000116045,ORD00049061,SKU01520,Optional hybrid superstructure,Beauty,,12506.34,,2025-04-17 06:00:00,2026-08-07 20:10:16,order_items.csv,2026-08-07,Missing quantity
ITEM000116101,ORD00027053,SKU01892,Down-sized transitional collaboration,Electronics,2.0,-801.95,-1603.9,2025-04-17 06:00:00,2026-08-07 20:10:16,order_items.csv,2026-08-07,Negative unit_price
ITEM000116112,ORD00017445,SKU01068,Enhanced solution-oriented emulation,Sports,,13863.42,,2025-04-17 06:00:00,2026-08-07 20:10:16,order_items.csv,2026-08-07,Missing quantity
ITEM000116179,ORD00008913,SKU01966,Multi-channeled reciprocal ability,Clothing,,8684.36,,2025-04-17 06:00:00,2026-08-07 20:10:16,order_items.csv,2026-08-07,Missing quantity
ITEM000116201,ORD00018032,SKU04454,Reverse-engineered solution-oriented pricing struc,Books,6.0,-14223.14,-85338.84,2025-04-17 06:00:00,2026-08-07 20:10:16,order_items.csv,2026-08-07,Negative unit_price
ITEM000116246,ORD00001473,SKU02345,Universal 24/7 knowledgebase,Toys,,3746.34,,2025-04-17 06:00:00,2026-08-07 20:10:16,order_items.csv,2026-08-07,Missing quantity
ITEM000116301,ORD00006933,SKU02133,Robust didactic parallelism,Grocery,9.0,-3130.97,-28178.73,2025-04-17 06:00:00,2026-08-07 20:10:16,order_items.csv,2026-08-07,Negative unit_price
ITEM000116313,ORD00030266,SKU02233,Future-proofed bandwidth-monitored encryption,Clothing,,12899.24,,2025-04-17 06:00:00,2026-08-07 20:10:16,order_items.csv,2026-08-07,Missing quantity
ITEM000116380,ORD00002501,SKU00101,Business-focused grid-enabled structure,Grocery,,482.1,,2025-04-17 06:00:00,2026-08-07 20:10:16,order_items.csv,2026-08-07,Missing quantity
ITEM000116401,ORD00005476,SKU01637,Cross-group leadingedge database,Electronics,7.0,-13392.95,-93750.65000000001,2025-04-17 06:00:00,2026-08-07 20:10:16,order_items.csv,2026-08-07,Negative unit_price
ITEM000116447,ORD00037850,SKU00470,Realigned asymmetric functionalities,Clothing,,5818.81,,2025-04-17 06:00:00,2026-08-07 20:10:16,order_items.csv,2026-08-07,Missing quantity
ITEM000116501,ORD00014019,SKU02514,Ameliorated systematic ability,Home & Kitchen,7.0,-13259.48,-92816.36,2025-04-17 06:00:00,2026-08-07 20:10:16,order_items.csv,2026-08-07,Negative unit_price
ITEM000116514,ORD00007296,SKU01330,Profound eco-centric concept,Home & Kitchen,,9977.51,,2025-04-17 06:00:00,2026-08-07 20:10:16,order_items.csv,2026-08-07,Missing quantity
ITEM000116581,ORD00046889,SKU00426,Virtual asymmetric structure,Home & Kitchen,,2410.82,,2025-04-17 06:00:00,2026-08-07 20:10:16,order_items.csv,2026-08-07,Missing quantity
ITEM000116601,ORD00011561,SKU02159,Streamlined high-level archive,Sports,7.0,-8827.16,-61790.119999999995,2025-04-17 06:00:00,2026-08-07 20:10:16,order_items.csv,2026-08-07,Negative unit_price
ITEM000116648,ORD00000240,SKU03188,Balanced cohesive definition,Clothing,,4824.07,,2025-04-17 06:00:00,2026-08-07 20:10:16,order_items.csv,2026-08-07,Missing quantity
ITEM000116701,ORD00014746,SKU00963,Realigned value-added circuit,Beauty,8.0,-545.54,-4364.32,2025-04-17 06:00:00,2026-08-07 20:10:16,order_items.csv,2026-08-07,Negative unit_price
ITEM000116715,ORD00037818,SKU03423,Inverse even-keeled moratorium,Clothing,,8074.0,,2025-04-17 06:00:00,2026-08-07 20:10:16,order_items.csv,2026-08-07,Missing quantity
ITEM000116782,ORD00009251,SKU04049,Reverse-engineered 24hour architecture,Grocery,,8423.02,,2025-04-17 06:00:00,2026-08-07 20:10:16,order_items.csv,2026-08-07,Missing quantity
ITEM000116801,ORD00037715,SKU03044,Cross-platform homogeneous service-desk,Electronics,9.0,-6583.41,-59250.69,2025-04-17 06:00:00,2026-08-07 20:10:16,order_items.csv,2026-08-07,Negative unit_price
ITEM000116849,ORD00021390,SKU04012,Robust multimedia function,Electronics,,7505.31,,2025-04-17 06:00:00,2026-08-07 20:10:16,order_items.csv,2026-08-07,Missing quantity
ITEM000116901,ORD00042019,SKU04820,Synchronized directional database,Grocery,2.0,-1479.8,-2959.6,2025-04-17 06:00:00,2026-08-07 20:10:16,order_items.csv,2026-08-07,Negative unit_price
ITEM000116916,ORD00049392,SKU01714,Focused well-modulated data-warehouse,Sports,,14308.7,,2025-04-17 06:00:00,2026-08-07 20:10:16,order_items.csv,2026-08-07,Missing quantity
ITEM000116983,ORD00021763,SKU00532,Monitored transitional knowledge user,Clothing,,4473.89,,2025-04-17 06:00:00,2026-08-07 20:10:16,order_items.csv,2026-08-07,Missing quantity
ITEM000117001,ORD00004226,SKU00536,Adaptive stable Local Area Network,Grocery,2.0,-10898.38,-21796.76,2025-04-17 06:00:00,2026-08-07 20:10:16,order_items.csv,2026-08-07,Negative unit_price
ITEM000117050,ORD00033612,SKU02332,Diverse high-level adapter,Sports,,9310.05,,2025-04-17 06:00:00,2026-08-07 20:10:16,order_items.csv,2026-08-07,Missing quantity
ITEM000117101,ORD00048624,SKU02831,Fundamental actuating extranet,Home & Kitchen,2.0,-13599.91,-27199.82,2025-04-17 06:00:00,2026-08-07 20:10:16,order_items.csv,2026-08-07,Negative unit_price
ITEM000117117,ORD00046855,SKU02550,User-centric systematic task-force,Beauty,,4848.33,,2025-04-17 06:00:00,2026-08-07 20:10:16,order_items.csv,2026-08-07,Missing quantity
ITEM000117184,ORD00012115,SKU02158,Devolved intermediate secured line,Home & Kitchen,,13644.38,,2025-04-17 06:00:00,2026-08-07 20:10:16,order_items.csv,2026-08-07,Missing quantity
ITEM000117201,ORD00014689,SKU00102,Innovative secondary hierarchy,Books,6.0,-12233.24,-73399.44,2025-04-17 06:00:00,2026-08-07 20:10:16,order_items.csv,2026-08-07,Negative unit_price
ITEM000117251,ORD00020988,SKU04421,Cross-platform fault-tolerant monitoring,Grocery,,795.58,,2025-04-17 06:00:00,2026-08-07 20:10:16,order_items.csv,2026-08-07,Missing quantity
ITEM000117301,ORD00019289,SKU03004,Profit-focused executive help-desk,Beauty,8.0,-13319.4,-106555.2,2025-04-17 06:00:00,2026-08-07 20:10:16,order_items.csv,2026-08-07,Negative unit_price
ITEM000117318,ORD00023973,SKU02104,Decentralized full-range access,Grocery,,7279.19,,2025-04-17 06:00:00,2026-08-07 20:10:16,order_items.csv,2026-08-07,Missing quantity
ITEM000117385,ORD00045070,SKU02761,Customer-focused asymmetric parallelism,Sports,,2479.11,,2025-04-17 06:00:00,2026-08-07 20:10:16,order_items.csv,2026-08-07,Missing quantity
ITEM000117401,ORD00003684,SKU02474,Quality-focused content-based knowledgebase,Sports,1.0,-2686.37,-2686.37,2025-04-17 06:00:00,2026-08-07 20:10:16,order_items.csv,2026-08-07,Negative unit_price
ITEM000117452,ORD00028735,SKU00835,Versatile content-based parallelism,Toys,,8860.51,,2025-04-17 06:00:00,2026-08-07 20:10:16,order_items.csv,2026-08-07,Missing quantity
ITEM000117501,ORD00018733,SKU00531,Reduced dynamic structure,Electronics,7.0,-8609.24,-60264.68,2025-04-17 06:00:00,2026-08-07 20:10:16,order_items.csv,2026-08-07,Negative unit_price
ITEM000117519,ORD00012336,SKU02179,Networked bandwidth-monitored workforce,Sports,,7574.14,,2025-04-17 06:00:00,2026-08-07 20:10:16,order_items.csv,2026-08-07,Missing quantity
ITEM000117586,ORD00022744,SKU04152,Re-contextualized solution-oriented intranet,Sports,,10173.53,,2025-04-17 06:00:00,2026-08-07 20:10:16,order_items.csv,2026-08-07,Missing quantity
ITEM000117601,ORD00013648,SKU02124,Down-sized solution-oriented Graphical User Interf,Toys,4.0,-11105.91,-44423.64,2025-04-17 06:00:00,2026-08-07 20:10:16,order_items.csv,2026-08-07,Negative unit_price
ITEM000117653,ORD00040237,SKU02274,Face-to-face discrete leverage,Home & Kitchen,,2484.48,,2025-04-17 06:00:00,2026-08-07 20:10:16,order_items.csv,2026-08-07,Missing quantity
ITEM000117701,ORD00019042,SKU02718,Quality-focused web-enabled workforce,Grocery,2.0,-1287.22,-2574.44,2025-04-17 06:00:00,2026-08-07 20:10:16,order_items.csv,2026-08-07,Negative unit_price
ITEM000117720,ORD00045428,SKU02838,Focused encompassing capacity,Books,,6723.28,,2025-04-17 06:00:00,2026-08-07 20:10:16,order_items.csv,2026-08-07,Missing quantity
ITEM000117787,ORD00037405,SKU00764,Extended needs-based moderator,Clothing,,14657.71,,2025-04-17 06:00:00,2026-08-07 20:10:16,order_items.csv,2026-08-07,Missing quantity
ITEM000117801,ORD00027412,SKU01822,Operative upward-trending website,Clothing,2.0,-9120.43,-18240.86,2025-04-17 06:00:00,2026-08-07 20:10:16,order_items.csv,2026-08-07,Negative unit_price
ITEM000117854,ORD00017122,SKU04803,Quality-focused cohesive function,Grocery,,1629.84,,2025-04-17 06:00:00,2026-08-07 20:10:16,order_items.csv,2026-08-07,Missing quantity
ITEM000117901,ORD00046651,SKU00779,Programmable methodical model,Home & Kitchen,10.0,-5230.9,-52309.0,2025-04-17 06:00:00,2026-08-07 20:10:16,order_items.csv,2026-08-07,Negative unit_price
ITEM000117921,ORD00047950,SKU00416,Polarized grid-enabled database,Clothing,,6313.31,,2025-04-17 06:00:00,2026-08-07 20:10:16,order_items.csv,2026-08-07,Missing quantity
ITEM000117988,ORD00025039,SKU01272,Re-contextualized coherent benchmark,Grocery,,4003.62,,2025-04-17 06:00:00,2026-08-07 20:10:16,order_items.csv,2026-08-07,Missing quantity
ITEM000118001,ORD00022825,SKU03482,Managed foreground Local Area Network,Books,3.0,-14129.43,-42388.29,2025-04-17 06:00:00,2026-08-07 20:10:16,order_items.csv,2026-08-07,Negative unit_price
ITEM000118055,ORD00012476,SKU02872,Polarized uniform matrices,Clothing,,12374.36,,2025-04-17 06:00:00,2026-08-07 20:10:16,order_items.csv,2026-08-07,Missing quantity
ITEM000118101,ORD00021607,SKU00629,User-centric 3rdgeneration projection,Beauty,4.0,-2282.72,-9130.88,2025-04-17 06:00:00,2026-08-07 20:10:16,order_items.csv,2026-08-07,Negative unit_price
ITEM000118122,ORD00031665,SKU03761,Fundamental multi-tasking help-desk,Clothing,,842.6,,2025-04-17 06:00:00,2026-08-07 20:10:16,order_items.csv,2026-08-07,Missing quantity
ITEM000118189,ORD00001723,SKU02389,Multi-lateral zero administration policy,Toys,,5788.98,,2025-04-17 06:00:00,2026-08-07 20:10:16,order_items.csv,2026-08-07,Missing quantity
ITEM000118201,ORD00031933,SKU02966,Mandatory even-keeled success,Grocery,10.0,-2527.84,-25278.4,2025-04-17 06:00:00,2026-08-07 20:10:16,order_items.csv,2026-08-07,Negative unit_price
ITEM000118256,ORD00034090,SKU04209,Adaptive demand-driven function,Books,,284.16,,2025-04-17 06:00:00,2026-08-07 20:10:16,order_items.csv,2026-08-07,Missing quantity
ITEM000118301,ORD00045217,SKU00267,Organic methodical superstructure,Books,10.0,-4087.85,-40878.5,2025-04-17 06:00:00,2026-08-07 20:10:16,order_items.csv,2026-08-07,Negative unit_price
ITEM000118323,ORD00014190,SKU01390,Digitized didactic synergy,Toys,,13736.55,,2025-04-17 06:00:00,2026-08-07 20:10:16,order_items.csv,2026-08-07,Missing quantity
ITEM000118390,ORD00030771,SKU02068,Horizontal disintermediate Internet solution,Electronics,,7593.82,,2025-04-17 06:00:00,2026-08-07 20:10:16,order_items.csv,2026-08-07,Missing quantity
ITEM000118401,ORD00032613,SKU04636,Self-enabling 3rdgeneration pricing structure,Books,2.0,-1082.97,-2165.94,2025-04-17 06:00:00,2026-08-07 20:10:16,order_items.csv,2026-08-07,Negative unit_price
ITEM000118457,ORD00028480,SKU02524,Automated exuding utilization,Books,,14982.62,,2025-04-17 06:00:00,2026-08-07 20:10:16,order_items.csv,2026-08-07,Missing quantity
ITEM000118501,ORD00020766,SKU02683,Virtual empowering pricing structure,Books,6.0,-7356.26,-44137.56,2025-04-17 06:00:00,2026-08-07 20:10:16,order_items.csv,2026-08-07,Negative unit_price
ITEM000118524,ORD00049114,SKU00579,User-friendly reciprocal protocol,Sports,,9938.11,,2025-04-17 06:00:00,2026-08-07 20:10:16,order_items.csv,2026-08-07,Missing quantity
ITEM000118591,ORD00047622,SKU03622,Persevering mission-critical groupware,Beauty,,14093.28,,2025-04-17 06:00:00,2026-08-07 20:10:16,order_items.csv,2026-08-07,Missing quantity
ITEM000118601,ORD00036013,SKU03448,Function-based interactive extranet,Clothing,1.0,-12081.65,-12081.65,2025-04-17 06:00:00,2026-08-07 20:10:16,order_items.csv,2026-08-07,Negative unit_price
ITEM000118658,ORD00020846,SKU01723,Quality-focused empowering support,Beauty,,9117.73,,2025-04-17 06:00:00,2026-08-07 20:10:16,order_items.csv,2026-08-07,Missing quantity
ITEM000118701,ORD00034685,SKU03792,Reduced modular contingency,Home & Kitchen,1.0,-2961.6,-2961.6,2025-04-17 06:00:00,2026-08-07 20:10:16,order_items.csv,2026-08-07,Negative unit_price
ITEM000118725,ORD00036010,SKU01812,Upgradable dynamic emulation,Toys,,14330.84,,2025-04-17 06:00:00,2026-08-07 20:10:16,order_items.csv,2026-08-07,Missing quantity
ITEM000118792,ORD00027046,SKU02565,Secured real-time frame,Clothing,,9024.28,,2025-04-17 06:00:00,2026-08-07 20:10:16,order_items.csv,2026-08-07,Missing quantity
ITEM000118801,ORD00042272,SKU04231,Cloned explicit attitude,Electronics,1.0,-13706.89,-13706.89,2025-04-17 06:00:00,2026-08-07 20:10:16,order_items.csv,2026-08-07,Negative unit_price
ITEM000118859,ORD00013259,SKU02812,Upgradable uniform help-desk,Beauty,,84.52,,2025-04-17 06:00:00,2026-08-07 20:10:16,order_items.csv,2026-08-07,Missing quantity
ITEM000118901,ORD00013426,SKU04805,Ameliorated radical neural-net,Home & Kitchen,6.0,-7177.49,-43064.94,2025-04-17 06:00:00,2026-08-07 20:10:16,order_items.csv,2026-08-07,Negative unit_price
ITEM000118926,ORD00010097,SKU01253,Object-based reciprocal encoding,Grocery,,9854.55,,2025-04-17 06:00:00,2026-08-07 20:10:16,order_items.csv,2026-08-07,Missing quantity
ITEM000118993,ORD00013879,SKU01309,Virtual zero-defect implementation,Beauty,,3264.28,,2025-04-17 06:00:00,2026-08-07 20:10:16,order_items.csv,2026-08-07,Missing quantity
ITEM000119001,ORD00016366,SKU01838,Visionary transitional product,Grocery,3.0,-1488.08,-4464.24,2025-04-17 06:00:00,2026-08-07 20:10:16,order_items.csv,2026-08-07,Negative unit_price
ITEM000119060,ORD00044938,SKU02818,Object-based scalable access,Electronics,,6617.34,,2025-04-17 06:00:00,2026-08-07 20:10:16,order_items.csv,2026-08-07,Missing quantity
ITEM000119101,ORD00012764,SKU04965,Programmable zero-defect superstructure,Clothing,10.0,-1004.51,-10045.1,2025-04-17 06:00:00,2026-08-07 20:10:16,order_items.csv,2026-08-07,Negative unit_price
ITEM000119127,ORD00010134,SKU04651,Quality-focused uniform adapter,Toys,,14453.06,,2025-04-17 06:00:00,2026-08-07 20:10:16,order_items.csv,2026-08-07,Missing quantity
ITEM000119194,ORD00036352,SKU03506,User-centric composite middleware,Toys,,7473.15,,2025-04-17 06:00:00,2026-08-07 20:10:16,order_items.csv,2026-08-07,Missing quantity
ITEM000119201,ORD00036270,SKU01593,Synergistic hybrid contingency,Grocery,8.0,-13372.66,-106981.28,2025-04-17 06:00:00,2026-08-07 20:10:16,order_items.csv,2026-08-07,Negative unit_price
ITEM000119261,ORD00036940,SKU03690,Implemented well-modulated database,Grocery,,10775.87,,2025-04-17 06:00:00,2026-08-07 20:10:16,order_items.csv,2026-08-07,Missing quantity
ITEM000119301,ORD00008585,SKU04268,Persevering mission-critical challenge,Beauty,2.0,-11000.41,-22000.82,2025-04-17 06:00:00,2026-08-07 20:10:16,order_items.csv,2026-08-07,Negative unit_price
ITEM000119328,ORD00015338,SKU03667,Synergized fault-tolerant focus group,Toys,,4751.6,,2025-04-17 06:00:00,2026-08-07 20:10:16,order_items.csv,2026-08-07,Missing quantity
ITEM000119395,ORD00036085,SKU03640,Upgradable cohesive secured line,Grocery,,3571.13,,2025-04-17 06:00:00,2026-08-07 20:10:16,order_items.csv,2026-08-07,Missing quantity
ITEM000119401,ORD00042183,SKU04198,Intuitive 24/7 framework,Clothing,3.0,-5628.23,-16884.69,2025-04-17 06:00:00,2026-08-07 20:10:16,order_items.csv,2026-08-07,Negative unit_price
ITEM000119462,ORD00003902,SKU00470,Realigned asymmetric functionalities,Clothing,,5818.81,,2025-04-17 06:00:00,2026-08-07 20:10:16,order_items.csv,2026-08-07,Missing quantity
ITEM000119501,ORD00037369,SKU04967,Multi-channeled national initiative,Home & Kitchen,5.0,-8201.12,-41005.600000000006,2025-04-17 06:00:00,2026-08-07 20:10:16,order_items.csv,2026-08-07,Negative unit_price
ITEM000119529,ORD00034410,SKU02203,Face-to-face next generation concept,Beauty,,8492.52,,2025-04-17 06:00:00,2026-08-07 20:10:16,order_items.csv,2026-08-07,Missing quantity
ITEM000119596,ORD00000426,SKU03847,Streamlined optimal throughput,Sports,,9844.31,,2025-04-17 06:00:00,2026-08-07 20:10:16,order_items.csv,2026-08-07,Missing quantity
ITEM000119601,ORD00042725,SKU02719,Reverse-engineered logistical Graphical User Inter,Books,6.0,-9305.86,-55835.16,2025-04-17 06:00:00,2026-08-07 20:10:16,order_items.csv,2026-08-07,Negative unit_price
ITEM000119663,ORD00017811,SKU04619,Vision-oriented real-time collaboration,Clothing,,1445.9,,2025-04-17 06:00:00,2026-08-07 20:10:16,order_items.csv,2026-08-07,Missing quantity
ITEM000119701,ORD00043127,SKU04260,Extended scalable challenge,Sports,8.0,-2359.09,-18872.72,2025-04-17 06:00:00,2026-08-07 20:10:16,order_items.csv,2026-08-07,Negative unit_price
ITEM000119730,ORD00014585,SKU01745,Proactive system-worthy access,Toys,,11772.47,,2025-04-17 06:00:00,2026-08-07 20:10:16,order_items.csv,2026-08-07,Missing quantity
ITEM000119797,ORD00015977,SKU00073,Enhanced mission-critical Local Area Network,Toys,,2978.14,,2025-04-17 06:00:00,2026-08-07 20:10:16,order_items.csv,2026-08-07,Missing quantity
ITEM000119801,ORD00042962,SKU00157,Secured client-driven portal,Electronics,8.0,-216.28,-1730.24,2025-04-17 06:00:00,2026-08-07 20:10:16,order_items.csv,2026-08-07,Negative unit_price
ITEM000119864,ORD00027242,SKU02278,Right-sized stable complexity,Electronics,,9575.28,,2025-04-17 06:00:00,2026-08-07 20:10:16,order_items.csv,2026-08-07,Missing quantity
ITEM000119901,ORD00014758,SKU01528,Reverse-engineered full-range secured line,Toys,9.0,-5911.38,-53202.42,2025-04-17 06:00:00,2026-08-07 20:10:16,order_items.csv,2026-08-07,Negative unit_price
ITEM000119931,ORD00004951,SKU01217,Business-focused asynchronous architecture,Clothing,,1293.29,,2025-04-17 06:00:00,2026-08-07 20:10:16,order_items.csv,2026-08-07,Missing quantity
ITEM000119998,ORD00048508,SKU01739,Enhanced methodical Internet solution,Toys,,6213.91,,2025-04-17 06:00:00,2026-08-07 20:10:16,order_items.csv,2026-08-07,Missing quantity
ITEM000120001,ORD00038830,SKU02592,Persevering 24hour challenge,Grocery,4.0,-11470.41,-45881.64,2025-04-17 06:00:00,2026-08-07 20:10:16,order_items.csv,2026-08-07,Negative unit_price
ITEM000120065,ORD00026850,SKU01862,Intuitive upward-trending software,Grocery,,13830.02,,2025-04-17 06:00:00,2026-08-07 20:10:16,order_items.csv,2026-08-07,Missing quantity
ITEM000120101,ORD00006051,SKU03407,User-centric transitional ability,Beauty,4.0,-4522.57,-18090.28,2025-04-17 06:00:00,2026-08-07 20:10:16,order_items.csv,2026-08-07,Negative unit_price
ITEM000120132,ORD00024231,SKU04548,Multi-layered homogeneous middleware,Clothing,,8110.67,,2025-04-17 06:00:00,2026-08-07 20:10:16,order_items.csv,2026-08-07,Missing quantity
ITEM000120199,ORD00046641,SKU02561,Quality-focused bottom-line policy,Books,,14292.46,,2025-04-17 06:00:00,2026-08-07 20:10:16,order_items.csv,2026-08-07,Missing quantity
ITEM000120201,ORD00005384,SKU02999,Universal human-resource ability,Grocery,1.0,-5095.77,-5095.77,2025-04-17 06:00:00,2026-08-07 20:10:16,order_items.csv,2026-08-07,Negative unit_price
ITEM000120266,ORD00000933,SKU01363,Ameliorated motivating service-desk,Books,,7946.79,,2025-04-17 06:00:00,2026-08-07 20:10:16,order_items.csv,2026-08-07,Missing quantity
ITEM000120301,ORD00028619,SKU03234,Versatile multi-tasking conglomeration,Toys,8.0,-9828.0,-78624.0,2025-04-17 06:00:00,2026-08-07 20:10:16,order_items.csv,2026-08-07,Negative unit_price
ITEM000120333,ORD00031448,SKU01531,Balanced interactive throughput,Grocery,,8254.62,,2025-04-17 06:00:00,2026-08-07 20:10:16,order_items.csv,2026-08-07,Missing quantity
ITEM000120400,ORD00022493,SKU01194,Streamlined stable data-warehouse,Home & Kitchen,,1778.27,,2025-04-17 06:00:00,2026-08-07 20:10:16,order_items.csv,2026-08-07,Missing quantity
ITEM000120401,ORD00018040,SKU04500,Digitized logistical moratorium,Clothing,1.0,-6527.19,-6527.19,2025-04-17 06:00:00,2026-08-07 20:10:16,order_items.csv,2026-08-07,Negative unit_price
ITEM000120467,ORD00002298,SKU02644,Progressive uniform circuit,Sports,,4118.6,,2025-04-17 06:00:00,2026-08-07 20:10:16,order_items.csv,2026-08-07,Missing quantity
ITEM000120501,ORD00014292,SKU00015,Enterprise-wide fresh-thinking access,Clothing,3.0,-1044.81,-3134.43,2025-04-17 06:00:00,2026-08-07 20:10:16,order_items.csv,2026-08-07,Negative unit_price
ITEM000120534,ORD00027835,SKU01266,Pre-emptive systemic interface,Clothing,,5308.63,,2025-04-17 06:00:00,2026-08-07 20:10:16,order_items.csv,2026-08-07,Missing quantity
ITEM000120601,ORD00035168,SKU02334,Sharable responsive monitoring,Grocery,,-12850.4,,2025-04-17 06:00:00,2026-08-07 20:10:16,order_items.csv,2026-08-07,Missing quantity
ITEM000120668,ORD00008509,SKU03566,Horizontal zero-defect success,Beauty,,8047.36,,2025-04-17 06:00:00,2026-08-07 20:10:16,order_items.csv,2026-08-07,Missing quantity
ITEM000120701,ORD00001618,SKU02896,Optional cohesive core,Toys,8.0,-1539.62,-12316.96,2025-04-17 06:00:00,2026-08-07 20:10:16,order_items.csv,2026-08-07,Negative unit_price
ITEM000120735,ORD00036645,SKU01888,Virtual solution-oriented moderator,Toys,,13471.66,,2025-04-17 06:00:00,2026-08-07 20:10:16,order_items.csv,2026-08-07,Missing quantity
ITEM000120801,ORD00040265,SKU03603,Open-architected client-driven flexibility,Books,10.0,-12418.95,-124189.5,2025-04-17 06:00:00,2026-08-07 20:10:16,order_items.csv,2026-08-07,Negative unit_price
ITEM000120802,ORD00041155,SKU04399,Assimilated user-facing framework,Toys,,3746.15,,2025-04-17 06:00:00,2026-08-07 20:10:16,order_items.csv,2026-08-07,Missing quantity
ITEM000120869,ORD00014044,SKU02675,Proactive optimizing capacity,Books,,2193.51,,2025-04-17 06:00:00,2026-08-07 20:10:16,order_items.csv,2026-08-07,Missing quantity
ITEM000120901,ORD00047315,SKU01971,Down-sized zero administration website,Clothing,5.0,-13983.19,-69915.95,2025-04-17 06:00:00,2026-08-07 20:10:16,order_items.csv,2026-08-07,Negative unit_price
ITEM000120936,ORD00036369,SKU02932,Quality-focused zero tolerance groupware,Home & Kitchen,,11043.95,,2025-04-17 06:00:00,2026-08-07 20:10:16,order_items.csv,2026-08-07,Missing quantity
ITEM000121001,ORD00035763,SKU03998,User-centric non-volatile encryption,Sports,8.0,-2864.71,-22917.68,2025-04-17 06:00:00,2026-08-07 20:10:16,order_items.csv,2026-08-07,Negative unit_price
ITEM000121003,ORD00047469,SKU00534,Devolved motivating encryption,Toys,,4112.91,,2025-04-17 06:00:00,2026-08-07 20:10:16,order_items.csv,2026-08-07,Missing quantity
ITEM000121070,ORD00014710,SKU03869,Down-sized grid-enabled model,Clothing,,12684.72,,2025-04-17 06:00:00,2026-08-07 20:10:16,order_items.csv,2026-08-07,Missing quantity
ITEM000121101,ORD00004989,SKU03083,Mandatory systemic benchmark,Books,1.0,-10387.95,-10387.95,2025-04-17 06:00:00,2026-08-07 20:10:16,order_items.csv,2026-08-07,Negative unit_price
ITEM000121137,ORD00034380,SKU04759,Front-line discrete archive,Beauty,,2413.87,,2025-04-17 06:00:00,2026-08-07 20:10:16,order_items.csv,2026-08-07,Missing quantity
ITEM000121201,ORD00036826,SKU00808,Advanced zero tolerance workforce,Electronics,8.0,-12139.65,-97117.2,2025-04-17 06:00:00,2026-08-07 20:10:16,order_items.csv,2026-08-07,Negative unit_price
ITEM000121204,ORD00013417,SKU03329,Customer-focused multi-state solution,Home & Kitchen,,1105.52,,2025-04-17 06:00:00,2026-08-07 20:10:16,order_items.csv,2026-08-07,Missing quantity
ITEM000121271,ORD00014491,SKU02155,Public-key object-oriented adapter,Home & Kitchen,,10530.08,,2025-04-17 06:00:00,2026-08-07 20:10:16,order_items.csv,2026-08-07,Missing quantity
ITEM000121301,ORD00023551,SKU04841,Business-focused zero administration pricing struc,Home & Kitchen,8.0,-14794.45,-118355.6,2025-04-17 06:00:00,2026-08-07 20:10:16,order_items.csv,2026-08-07,Negative unit_price
ITEM000121338,ORD00002521,SKU03419,Sharable client-driven parallelism,Home & Kitchen,,7743.89,,2025-04-17 06:00:00,2026-08-07 20:10:16,order_items.csv,2026-08-07,Missing quantity
ITEM000121401,ORD00016036,SKU01241,Programmable value-added strategy,Grocery,10.0,-1598.2,-15982.0,2025-04-17 06:00:00,2026-08-07 20:10:16,order_items.csv,2026-08-07,Negative unit_price
ITEM000121405,ORD00028110,SKU02812,Upgradable uniform help-desk,Beauty,,84.52,,2025-04-17 06:00:00,2026-08-07 20:10:16,order_items.csv,2026-08-07,Missing quantity
ITEM000121472,ORD00049384,SKU00190,Synergistic motivating protocol,Beauty,,6435.05,,2025-04-17 06:00:00,2026-08-07 20:10:16,order_items.csv,2026-08-07,Missing quantity
ITEM000121501,ORD00029800,SKU03163,Switchable heuristic groupware,Beauty,8.0,-2496.58,-19972.64,2025-04-17 06:00:00,2026-08-07 20:10:16,order_items.csv,2026-08-07,Negative unit_price
ITEM000121539,ORD00023870,SKU00105,User-centric modular software,Beauty,,7560.62,,2025-04-17 06:00:00,2026-08-07 20:10:16,order_items.csv,2026-08-07,Missing quantity
ITEM000121601,ORD00028864,SKU04668,Streamlined human-resource info-mediaries,Home & Kitchen,8.0,-6739.1,-53912.8,2025-04-17 06:00:00,2026-08-07 20:10:16,order_items.csv,2026-08-07,Negative unit_price
ITEM000121606,ORD00006325,SKU01117,Expanded coherent flexibility,Books,,13756.91,,2025-04-17 06:00:00,2026-08-07 20:10:16,order_items.csv,2026-08-07,Missing quantity
ITEM000121673,ORD00042438,SKU00822,Open-source mobile encoding,Books,,1576.96,,2025-04-17 06:00:00,2026-08-07 20:10:16,order_items.csv,2026-08-07,Missing quantity
ITEM000121701,ORD00024154,SKU01776,Distributed well-modulated knowledgebase,Grocery,8.0,-12009.86,-96078.88,2025-04-17 06:00:00,2026-08-07 20:10:16,order_items.csv,2026-08-07,Negative unit_price
ITEM000121740,ORD00032356,SKU02776,Customizable bi-directional hierarchy,Home & Kitchen,,4579.21,,2025-04-17 06:00:00,2026-08-07 20:10:16,order_items.csv,2026-08-07,Missing quantity
ITEM000121801,ORD00010144,SKU02413,Adaptive directional info-mediaries,Clothing,6.0,-4083.09,-24498.54,2025-04-17 06:00:00,2026-08-07 20:10:16,order_items.csv,2026-08-07,Negative unit_price
ITEM000121807,ORD00016578,SKU01961,Cloned maximized paradigm,Clothing,,6940.28,,2025-04-17 06:00:00,2026-08-07 20:10:16,order_items.csv,2026-08-07,Missing quantity
ITEM000121874,ORD00001416,SKU00301,Exclusive contextually-based success,Toys,,12682.01,,2025-04-17 06:00:00,2026-08-07 20:10:16,order_items.csv,2026-08-07,Missing quantity
ITEM000121901,ORD00038247,SKU02461,Phased hybrid definition,Toys,9.0,-6359.33,-57233.97,2025-04-17 06:00:00,2026-08-07 20:10:16,order_items.csv,2026-08-07,Negative unit_price
ITEM000121941,ORD00018401,SKU04313,Diverse mission-critical architecture,Books,,3561.75,,2025-04-17 06:00:00,2026-08-07 20:10:16,order_items.csv,2026-08-07,Missing quantity
ITEM000122001,ORD00036286,SKU01530,Intuitive neutral superstructure,Beauty,2.0,-8301.28,-16602.56,2025-04-17 06:00:00,2026-08-07 20:10:16,order_items.csv,2026-08-07,Negative unit_price
ITEM000122008,ORD00003839,SKU03868,Innovative foreground hierarchy,Books,,5757.93,,2025-04-17 06:00:00,2026-08-07 20:10:16,order_items.csv,2026-08-07,Missing quantity
ITEM000122075,ORD00024181,SKU03732,Upgradable 24/7 concept,Clothing,,12120.8,,2025-04-17 06:00:00,2026-08-07 20:10:16,order_items.csv,2026-08-07,Missing quantity
ITEM000122101,ORD00002961,SKU00027,Face-to-face fault-tolerant core,Clothing,3.0,-13463.96,-40391.88,2025-04-17 06:00:00,2026-08-07 20:10:16,order_items.csv,2026-08-07,Negative unit_price
ITEM000122142,ORD00015261,SKU04139,Triple-buffered tangible encryption,Sports,,8636.03,,2025-04-17 06:00:00,2026-08-07 20:10:16,order_items.csv,2026-08-07,Missing quantity
ITEM000122201,ORD00019549,SKU01484,Optional methodical leverage,Clothing,2.0,-3717.47,-7434.94,2025-04-17 06:00:00,2026-08-07 20:10:16,order_items.csv,2026-08-07,Negative unit_price
ITEM000122209,ORD00012879,SKU04144,Persistent discrete Internet solution,Beauty,,14675.14,,2025-04-17 06:00:00,2026-08-07 20:10:16,order_items.csv,2026-08-07,Missing quantity
ITEM000122276,ORD00038983,SKU01744,Advanced impactful time-frame,Sports,,9091.37,,2025-04-17 06:00:00,2026-08-07 20:10:16,order_items.csv,2026-08-07,Missing quantity
ITEM000122301,ORD00005924,SKU02688,Multi-tiered web-enabled algorithm,Sports,2.0,-8774.37,-17548.74,2025-04-17 06:00:00,2026-08-07 20:10:16,order_items.csv,2026-08-07,Negative unit_price
ITEM000122343,ORD00000025,SKU00678,Distributed zero administration product,Clothing,,11120.08,,2025-04-17 06:00:00,2026-08-07 20:10:16,order_items.csv,2026-08-07,Missing quantity
ITEM000122401,ORD00000833,SKU01715,Multi-tiered needs-based knowledge user,Toys,2.0,-14570.2,-29140.4,2025-04-17 06:00:00,2026-08-07 20:10:16,order_items.csv,2026-08-07,Negative unit_price
ITEM000122410,ORD00023368,SKU04821,Enhanced contextually-based Graphic Interface,Toys,,2623.72,,2025-04-17 06:00:00,2026-08-07 20:10:16,order_items.csv,2026-08-07,Missing quantity
ITEM000122477,ORD00012367,SKU01807,Object-based systemic model,Sports,,5364.41,,2025-04-17 06:00:00,2026-08-07 20:10:16,order_items.csv,2026-08-07,Missing quantity
ITEM000122501,ORD00029182,SKU01644,Distributed attitude-oriented array,Books,2.0,-11798.16,-23596.32,2025-04-17 06:00:00,2026-08-07 20:10:16,order_items.csv,2026-08-07,Negative unit_price
ITEM000122544,ORD00036894,SKU02067,Sharable methodical approach,Toys,,771.63,,2025-04-17 06:00:00,2026-08-07 20:10:16,order_items.csv,2026-08-07,Missing quantity
ITEM000122601,ORD00003979,SKU01951,Innovative didactic methodology,Books,8.0,-14943.02,-119544.16,2025-04-17 06:00:00,2026-08-07 20:10:16,order_items.csv,2026-08-07,Negative unit_price
ITEM000122611,ORD00009453,SKU02401,Profit-focused reciprocal success,Toys,,9854.22,,2025-04-17 06:00:00,2026-08-07 20:10:16,order_items.csv,2026-08-07,Missing quantity
ITEM000122678,ORD00033071,SKU00689,Persistent composite alliance,Grocery,,6074.73,,2025-04-17 06:00:00,2026-08-07 20:10:16,order_items.csv,2026-08-07,Missing quantity
ITEM000122701,ORD00048663,SKU03663,Enhanced demand-driven project,Books,5.0,-12093.06,-60465.299999999996,2025-04-17 06:00:00,2026-08-07 20:10:16,order_items.csv,2026-08-07,Negative unit_price
ITEM000122745,ORD00044911,SKU04818,Profit-focused grid-enabled help-desk,Home & Kitchen,,4841.3,,2025-04-17 06:00:00,2026-08-07 20:10:16,order_items.csv,2026-08-07,Missing quantity
ITEM000122801,ORD00045971,SKU00327,Optimized local customer loyalty,Books,9.0,-3624.06,-32616.54,2025-04-17 06:00:00,2026-08-07 20:10:16,order_items.csv,2026-08-07,Negative unit_price
ITEM000122812,ORD00023348,SKU01546,Universal logistical Internet solution,Electronics,,13391.83,,2025-04-17 06:00:00,2026-08-07 20:10:16,order_items.csv,2026-08-07,Missing quantity
ITEM000122879,ORD00015130,SKU01441,Profound coherent hardware,Books,,12946.0,,2025-04-17 06:00:00,2026-08-07 20:10:16,order_items.csv,2026-08-07,Missing quantity
ITEM000122901,ORD00002962,SKU03551,Re-engineered demand-driven hub,Sports,4.0,-3090.5,-12362.0,2025-04-17 06:00:00,2026-08-07 20:10:16,order_items.csv,2026-08-07,Negative unit_price
ITEM000122946,ORD00009277,SKU02320,Total tertiary methodology,Home & Kitchen,,5366.07,,2025-04-17 06:00:00,2026-08-07 20:10:16,order_items.csv,2026-08-07,Missing quantity
ITEM000123001,ORD00014834,SKU03131,Future-proofed holistic projection,Sports,8.0,-702.89,-5623.12,2025-04-17 06:00:00,2026-08-07 20:10:16,order_items.csv,2026-08-07,Negative unit_price
ITEM000123013,ORD00030588,SKU03516,Innovative needs-based algorithm,Electronics,,2538.7,,2025-04-17 06:00:00,2026-08-07 20:10:16,order_items.csv,2026-08-07,Missing quantity
ITEM000123080,ORD00038020,SKU03497,Inverse global Internet solution,Electronics,,6428.32,,2025-04-17 06:00:00,2026-08-07 20:10:16,order_items.csv,2026-08-07,Missing quantity
ITEM000123101,ORD00015464,SKU01473,Advanced heuristic process improvement,Sports,6.0,-13195.25,-79171.5,2025-04-17 06:00:00,2026-08-07 20:10:16,order_items.csv,2026-08-07,Negative unit_price
ITEM000123147,ORD00003905,SKU04725,Ameliorated 5thgeneration access,Toys,,12574.04,,2025-04-17 06:00:00,2026-08-07 20:10:16,order_items.csv,2026-08-07,Missing quantity
ITEM000123201,ORD00037394,SKU03760,Versatile upward-trending benchmark,Grocery,8.0,-9690.74,-77525.92,2025-04-17 06:00:00,2026-08-07 20:10:16,order_items.csv,2026-08-07,Negative unit_price
ITEM000123214,ORD00041199,SKU02047,Configurable incremental ability,Books,,7313.32,,2025-04-17 06:00:00,2026-08-07 20:10:16,order_items.csv,2026-08-07,Missing quantity
ITEM000123281,ORD00038191,SKU04808,Re-contextualized zero tolerance framework,Electronics,,1505.03,,2025-04-17 06:00:00,2026-08-07 20:10:16,order_items.csv,2026-08-07,Missing quantity
ITEM000123301,ORD00002523,SKU04233,Visionary real-time alliance,Toys,3.0,-4556.3,-13668.900000000001,2025-04-17 06:00:00,2026-08-07 20:10:16,order_items.csv,2026-08-07,Negative unit_price
ITEM000123348,ORD00011871,SKU01977,Innovative local approach,Grocery,,14361.89,,2025-04-17 06:00:00,2026-08-07 20:10:16,order_items.csv,2026-08-07,Missing quantity
ITEM000123401,ORD00006159,SKU03556,Ameliorated client-server contingency,Books,4.0,-4887.1,-19548.4,2025-04-17 06:00:00,2026-08-07 20:10:16,order_items.csv,2026-08-07,Negative unit_price
ITEM000123415,ORD00040236,SKU02690,Decentralized bi-directional customer loyalty,Grocery,,2396.9,,2025-04-17 06:00:00,2026-08-07 20:10:16,order_items.csv,2026-08-07,Missing quantity
ITEM000123482,ORD00000459,SKU03763,Reverse-engineered local benchmark,Books,,3975.04,,2025-04-17 06:00:00,2026-08-07 20:10:16,order_items.csv,2026-08-07,Missing quantity
ITEM000123501,ORD00034449,SKU03449,Ameliorated leadingedge toolset,Clothing,2.0,-1027.42,-2054.84,2025-04-17 06:00:00,2026-08-07 20:10:16,order_items.csv,2026-08-07,Negative unit_price
ITEM000123549,ORD00033121,SKU04898,Centralized dedicated Graphical User Interface,Sports,,11221.28,,2025-04-17 06:00:00,2026-08-07 20:10:16,order_items.csv,2026-08-07,Missing quantity
ITEM000123601,ORD00037723,SKU01682,Future-proofed mobile attitude,Books,5.0,-11788.1,-58940.5,2025-04-17 06:00:00,2026-08-07 20:10:16,order_items.csv,2026-08-07,Negative unit_price
ITEM000123616,ORD00045753,SKU00752,Ergonomic tertiary secured line,Beauty,,7204.34,,2025-04-17 06:00:00,2026-08-07 20:10:16,order_items.csv,2026-08-07,Missing quantity
ITEM000123683,ORD00004337,SKU04538,Secured system-worthy hub,Grocery,,11589.61,,2025-04-17 06:00:00,2026-08-07 20:10:16,order_items.csv,2026-08-07,Missing quantity
ITEM000123701,ORD00032412,SKU00149,Cross-platform secondary middleware,Beauty,8.0,-2332.88,-18663.04,2025-04-17 06:00:00,2026-08-07 20:10:16,order_items.csv,2026-08-07,Negative unit_price
ITEM000123750,ORD00017285,SKU01910,Front-line client-server strategy,Books,,10446.28,,2025-04-17 06:00:00,2026-08-07 20:10:16,order_items.csv,2026-08-07,Missing quantity
ITEM000123801,ORD00005644,SKU00680,Business-focused multi-tasking functionalities,Clothing,10.0,-9519.35,-95193.5,2025-04-17 06:00:00,2026-08-07 20:10:16,order_items.csv,2026-08-07,Negative unit_price
ITEM000123817,ORD00018469,SKU00361,Cross-group leadingedge project,Home & Kitchen,,7612.43,,2025-04-17 06:00:00,2026-08-07 20:10:16,order_items.csv,2026-08-07,Missing quantity
ITEM000123884,ORD00013231,SKU04844,Vision-oriented disintermediate moderator,Electronics,,3206.92,,2025-04-17 06:00:00,2026-08-07 20:10:16,order_items.csv,2026-08-07,Missing quantity
ITEM000123901,ORD00036784,SKU03118,Progressive modular budgetary management,Grocery,6.0,-3044.28,-18265.68,2025-04-17 06:00:00,2026-08-07 20:10:16,order_items.csv,2026-08-07,Negative unit_price
ITEM000123951,ORD00018049,SKU00930,Future-proofed demand-driven interface,Books,,9364.62,,2025-04-17 06:00:00,2026-08-07 20:10:16,order_items.csv,2026-08-07,Missing quantity
ITEM000124001,ORD00024602,SKU02661,Enhanced logistical moderator,Clothing,4.0,-11388.75,-45555.0,2025-04-17 06:00:00,2026-08-07 20:10:16,order_items.csv,2026-08-07,Negative unit_price
ITEM000124018,ORD00022851,SKU04120,Quality-focused 24/7 capability,Books,,6582.36,,2025-04-17 06:00:00,2026-08-07 20:10:16,order_items.csv,2026-08-07,Missing quantity
ITEM000124085,ORD00028188,SKU04478,Managed content-based encoding,Toys,,12697.27,,2025-04-17 06:00:00,2026-08-07 20:10:16,order_items.csv,2026-08-07,Missing quantity
ITEM000124101,ORD00040116,SKU01615,Decentralized 24/7 policy,Grocery,10.0,-6997.55,-69975.5,2025-04-17 06:00:00,2026-08-07 20:10:16,order_items.csv,2026-08-07,Negative unit_price
ITEM000124152,ORD00045482,SKU04050,Versatile exuding knowledge user,Sports,,2213.35,,2025-04-17 06:00:00,2026-08-07 20:10:16,order_items.csv,2026-08-07,Missing quantity
ITEM000124201,ORD00031721,SKU04568,User-centric client-server productivity,Electronics,10.0,-14122.73,-141227.3,2025-04-17 06:00:00,2026-08-07 20:10:16,order_items.csv,2026-08-07,Negative unit_price
ITEM000124219,ORD00006169,SKU01686,Integrated web-enabled installation,Toys,,700.68,,2025-04-17 06:00:00,2026-08-07 20:10:16,order_items.csv,2026-08-07,Missing quantity
ITEM000124286,ORD00015908,SKU00766,Face-to-face impactful standardization,Toys,,7314.19,,2025-04-17 06:00:00,2026-08-07 20:10:16,order_items.csv,2026-08-07,Missing quantity
ITEM000124301,ORD00000516,SKU01269,Business-focused national initiative,Toys,7.0,-3129.33,-21905.309999999998,2025-04-17 06:00:00,2026-08-07 20:10:16,order_items.csv,2026-08-07,Negative unit_price
ITEM000124353,ORD00004038,SKU00812,Phased even-keeled parallelism,Sports,,14498.82,,2025-04-17 06:00:00,2026-08-07 20:10:16,order_items.csv,2026-08-07,Missing quantity
ITEM000124401,ORD00044478,SKU04468,Team-oriented systematic policy,Home & Kitchen,10.0,-6498.21,-64982.1,2025-04-17 06:00:00,2026-08-07 20:10:16,order_items.csv,2026-08-07,Negative unit_price
ITEM000124420,ORD00006609,SKU02915,Operative intangible strategy,Grocery,,6556.67,,2025-04-17 06:00:00,2026-08-07 20:10:16,order_items.csv,2026-08-07,Missing quantity
ITEM000124487,ORD00014787,SKU02296,Ergonomic multimedia hardware,Toys,,2535.36,,2025-04-17 06:00:00,2026-08-07 20:10:16,order_items.csv,2026-08-07,Missing quantity
ITEM000124501,ORD00018385,SKU04440,Diverse reciprocal hardware,Clothing,10.0,-10143.66,-101436.6,2025-04-17 06:00:00,2026-08-07 20:10:16,order_items.csv,2026-08-07,Negative unit_price
ITEM000124554,ORD00015577,SKU04404,Cross-group leadingedge policy,Books,,9102.15,,2025-04-17 06:00:00,2026-08-07 20:10:16,order_items.csv,2026-08-07,Missing quantity
ITEM000124601,ORD00028342,SKU03834,Organized multi-tasking solution,Home & Kitchen,2.0,-7739.15,-15478.3,2025-04-17 06:00:00,2026-08-07 20:10:16,order_items.csv,2026-08-07,Negative unit_price
ITEM000124621,ORD00014202,SKU00725,User-centric transitional implementation,Electronics,,3979.65,,2025-04-17 06:00:00,2026-08-07 20:10:16,order_items.csv,2026-08-07,Missing quantity
ITEM000124688,ORD00020957,SKU01502,Team-oriented mobile paradigm,Sports,,2996.33,,2025-04-17 06:00:00,2026-08-07 20:10:16,order_items.csv,2026-08-07,Missing quantity
ITEM000124701,ORD00022841,SKU03796,Persistent even-keeled flexibility,Toys,10.0,-8383.86,-83838.6,2025-04-17 06:00:00,2026-08-07 20:10:16,order_items.csv,2026-08-07,Negative unit_price
ITEM000124755,ORD00017102,SKU04132,Compatible context-sensitive process improvement,Beauty,,14106.48,,2025-04-17 06:00:00,2026-08-07 20:10:16,order_items.csv,2026-08-07,Missing quantity
ITEM000124801,ORD00039972,SKU02269,Visionary foreground hierarchy,Sports,2.0,-12805.84,-25611.68,2025-04-17 06:00:00,2026-08-07 20:10:16,order_items.csv,2026-08-07,Negative unit_price
ITEM000124822,ORD00037233,SKU00886,Open-source user-facing architecture,Toys,,11487.26,,2025-04-17 06:00:00,2026-08-07 20:10:16,order_items.csv,2026-08-07,Missing quantity
ITEM000124889,ORD00047356,SKU04455,Multi-channeled analyzing moderator,Home & Kitchen,,10399.18,,2025-04-17 06:00:00,2026-08-07 20:10:16,order_items.csv,2026-08-07,Missing quantity
ITEM000124901,ORD00021078,SKU00750,Pre-emptive neutral contingency,Books,9.0,-6823.08,-61407.72,2025-04-17 06:00:00,2026-08-07 20:10:16,order_items.csv,2026-08-07,Negative unit_price
ITEM000124956,ORD00015668,SKU01427,Multi-layered value-added database,Beauty,,7122.55,,2025-04-17 06:00:00,2026-08-07 20:10:16,order_items.csv,2026-08-07,Missing quantity
ITEM000125001,ORD00025655,SKU03476,Configurable regional productivity,Grocery,1.0,-11400.43,-11400.43,2025-04-17 06:00:00,2026-08-07 20:10:16,order_items.csv,2026-08-07,Negative unit_price
ITEM000125023,ORD00046137,SKU04929,Ameliorated bi-directional application,Sports,,14759.62,,2025-04-17 06:00:00,2026-08-07 20:10:16,order_items.csv,2026-08-07,Missing quantity
ITEM000125090,ORD00016004,SKU04541,Triple-buffered non-volatile product,Home & Kitchen,,2756.69,,2025-04-17 06:00:00,2026-08-07 20:10:16,order_items.csv,2026-08-07,Missing quantity
ITEM000125101,ORD00047990,SKU02551,Reactive homogeneous alliance,Clothing,5.0,-11384.96,-56924.799999999996,2025-04-17 06:00:00,2026-08-07 20:10:16,order_items.csv,2026-08-07,Negative unit_price
ITEM000125157,ORD00037024,SKU03260,Enterprise-wide national synergy,Grocery,,12875.54,,2025-04-17 06:00:00,2026-08-07 20:10:16,order_items.csv,2026-08-07,Missing quantity
ITEM000125201,ORD00028480,SKU03774,Up-sized hybrid ability,Home & Kitchen,3.0,-6342.28,-19026.84,2025-04-17 06:00:00,2026-08-07 20:10:16,order_items.csv,2026-08-07,Negative unit_price
ITEM000125224,ORD00000806,SKU02061,Innovative discrete moratorium,Electronics,,4103.24,,2025-04-17 06:00:00,2026-08-07 20:10:16,order_items.csv,2026-08-07,Missing quantity
ITEM000125291,ORD00025222,SKU02732,Secured grid-enabled implementation,Beauty,,5424.16,,2025-04-17 06:00:00,2026-08-07 20:10:16,order_items.csv,2026-08-07,Missing quantity
ITEM000125301,ORD00015063,SKU01356,Optional exuding software,Beauty,1.0,-9711.14,-9711.14,2025-04-17 06:00:00,2026-08-07 20:10:16,order_items.csv,2026-08-07,Negative unit_price
ITEM000125358,ORD00048166,SKU03571,Future-proofed multi-tasking intranet,Toys,,2760.38,,2025-04-17 06:00:00,2026-08-07 20:10:16,order_items.csv,2026-08-07,Missing quantity
ITEM000125401,ORD00040756,SKU03498,Synergistic radical project,Toys,10.0,-8925.27,-89252.70000000001,2025-04-17 06:00:00,2026-08-07 20:10:16,order_items.csv,2026-08-07,Negative unit_price
ITEM000125425,ORD00004910,SKU00395,Adaptive multi-state database,Grocery,,10056.18,,2025-04-17 06:00:00,2026-08-07 20:10:16,order_items.csv,2026-08-07,Missing quantity
ITEM000125492,ORD00046666,SKU00338,Mandatory homogeneous product,Sports,,12051.06,,2025-04-17 06:00:00,2026-08-07 20:10:16,order_items.csv,2026-08-07,Missing quantity
ITEM000125501,ORD00006296,SKU01907,Cloned cohesive success,Sports,2.0,-13347.93,-26695.86,2025-04-17 06:00:00,2026-08-07 20:10:16,order_items.csv,2026-08-07,Negative unit_price
ITEM000125559,ORD00009823,SKU03211,Automated solution-oriented archive,Grocery,,893.2,,2025-04-17 06:00:00,2026-08-07 20:10:16,order_items.csv,2026-08-07,Missing quantity
ITEM000125601,ORD00026042,SKU02844,Progressive upward-trending customer loyalty,Electronics,5.0,-6622.34,-33111.7,2025-04-17 06:00:00,2026-08-07 20:10:16,order_items.csv,2026-08-07,Negative unit_price
ITEM000125626,ORD00044099,SKU04207,Enterprise-wide secondary initiative,Sports,,5475.32,,2025-04-17 06:00:00,2026-08-07 20:10:16,order_items.csv,2026-08-07,Missing quantity
ITEM000125693,ORD00048828,SKU00600,Cross-group 4thgeneration productivity,Home & Kitchen,,14663.79,,2025-04-17 06:00:00,2026-08-07 20:10:16,order_items.csv,2026-08-07,Missing quantity
ITEM000125701,ORD00022041,SKU00168,Expanded coherent concept,Beauty,1.0,-672.79,-672.79,2025-04-17 06:00:00,2026-08-07 20:10:16,order_items.csv,2026-08-07,Negative unit_price
ITEM000125760,ORD00032709,SKU01918,Automated transitional functionalities,Books,,10199.39,,2025-04-17 06:00:00,2026-08-07 20:10:16,order_items.csv,2026-08-07,Missing quantity
ITEM000125801,ORD00048442,SKU00196,Profound dedicated groupware,Home & Kitchen,6.0,-13860.3,-83161.79999999999,2025-04-17 06:00:00,2026-08-07 20:10:16,order_items.csv,2026-08-07,Negative unit_price
ITEM000125827,ORD00002929,SKU00632,Polarized 6thgeneration Local Area Network,Grocery,,9215.43,,2025-04-17 06:00:00,2026-08-07 20:10:16,order_items.csv,2026-08-07,Missing quantity
ITEM000125894,ORD00002048,SKU02432,Innovative logistical access,Books,,3400.17,,2025-04-17 06:00:00,2026-08-07 20:10:16,order_items.csv,2026-08-07,Missing quantity
ITEM000125901,ORD00043802,SKU03713,Reverse-engineered multimedia matrices,Electronics,1.0,-8369.49,-8369.49,2025-04-17 06:00:00,2026-08-07 20:10:16,order_items.csv,2026-08-07,Negative unit_price
ITEM000125961,ORD00015346,SKU01472,Centralized didactic encryption,Electronics,,778.18,,2025-04-17 06:00:00,2026-08-07 20:10:16,order_items.csv,2026-08-07,Missing quantity
ITEM000126001,ORD00034105,SKU04643,Phased object-oriented attitude,Books,5.0,-6436.02,-32180.100000000002,2025-04-17 06:00:00,2026-08-07 20:10:16,order_items.csv,2026-08-07,Negative unit_price
ITEM000126028,ORD00037804,SKU04168,Open-architected actuating software,Sports,,7814.46,,2025-04-17 06:00:00,2026-08-07 20:10:16,order_items.csv,2026-08-07,Missing quantity
ITEM000126095,ORD00007642,SKU04249,Virtual cohesive solution,Beauty,,4195.42,,2025-04-17 06:00:00,2026-08-07 20:10:16,order_items.csv,2026-08-07,Missing quantity
ITEM000126101,ORD00042084,SKU02453,Customizable asynchronous utilization,Grocery,4.0,-12533.66,-50134.64,2025-04-17 06:00:00,2026-08-07 20:10:16,order_items.csv,2026-08-07,Negative unit_price
ITEM000126162,ORD00037650,SKU01081,Function-based web-enabled parallelism,Toys,,7646.26,,2025-04-17 06:00:00,2026-08-07 20:10:16,order_items.csv,2026-08-07,Missing quantity
ITEM000126201,ORD00027097,SKU03898,Future-proofed secondary middleware,Grocery,6.0,-10146.5,-60879.0,2025-04-17 06:00:00,2026-08-07 20:10:16,order_items.csv,2026-08-07,Negative unit_price
ITEM000126229,ORD00045273,SKU03815,Grass-roots secondary frame,Sports,,7081.42,,2025-04-17 06:00:00,2026-08-07 20:10:16,order_items.csv,2026-08-07,Missing quantity
ITEM000126296,ORD00039673,SKU01067,Fully-configurable secondary algorithm,Grocery,,3157.7,,2025-04-17 06:00:00,2026-08-07 20:10:16,order_items.csv,2026-08-07,Missing quantity
ITEM000126301,ORD00040860,SKU03296,De-engineered web-enabled hardware,Beauty,5.0,-7185.46,-35927.3,2025-04-17 06:00:00,2026-08-07 20:10:16,order_items.csv,2026-08-07,Negative unit_price
ITEM000126363,ORD00034443,SKU01985,Team-oriented object-oriented matrix,Books,,5035.68,,2025-04-17 06:00:00,2026-08-07 20:10:16,order_items.csv,2026-08-07,Missing quantity
ITEM000126401,ORD00007015,SKU03488,Open-architected explicit infrastructure,Toys,10.0,-7499.55,-74995.5,2025-04-17 06:00:00,2026-08-07 20:10:16,order_items.csv,2026-08-07,Negative unit_price
ITEM000126430,ORD00004295,SKU03556,Ameliorated client-server contingency,Books,,4887.1,,2025-04-17 06:00:00,2026-08-07 20:10:16,order_items.csv,2026-08-07,Missing quantity
ITEM000126497,ORD00030350,SKU01445,Cross-group high-level core,Books,,506.37,,2025-04-17 06:00:00,2026-08-07 20:10:16,order_items.csv,2026-08-07,Missing quantity
ITEM000126501,ORD00004078,SKU04494,Optimized dedicated leverage,Home & Kitchen,4.0,-13475.53,-53902.12,2025-04-17 06:00:00,2026-08-07 20:10:16,order_items.csv,2026-08-07,Negative unit_price
ITEM000126564,ORD00046759,SKU00777,Open-architected logistical array,Grocery,,4072.0,,2025-04-17 06:00:00,2026-08-07 20:10:16,order_items.csv,2026-08-07,Missing quantity
ITEM000126601,ORD00023921,SKU03682,Versatile national help-desk,Clothing,2.0,-14470.08,-28940.16,2025-04-17 06:00:00,2026-08-07 20:10:16,order_items.csv,2026-08-07,Negative unit_price
ITEM000126631,ORD00014162,SKU03972,Sharable multi-tasking throughput,Electronics,,7422.88,,2025-04-17 06:00:00,2026-08-07 20:10:16,order_items.csv,2026-08-07,Missing quantity
ITEM000126698,ORD00013238,SKU00546,Re-contextualized incremental budgetary management,Books,,5972.66,,2025-04-17 06:00:00,2026-08-07 20:10:16,order_items.csv,2026-08-07,Missing quantity
ITEM000126701,ORD00034207,SKU02888,Inverse 4thgeneration migration,Clothing,8.0,-2601.04,-20808.32,2025-04-17 06:00:00,2026-08-07 20:10:16,order_items.csv,2026-08-07,Negative unit_price
ITEM000126765,ORD00036609,SKU02386,De-engineered local capacity,Clothing,,4838.07,,2025-04-17 06:00:00,2026-08-07 20:10:16,order_items.csv,2026-08-07,Missing quantity
ITEM000126801,ORD00002600,SKU02984,Proactive optimizing parallelism,Home & Kitchen,5.0,-6235.29,-31176.45,2025-04-17 06:00:00,2026-08-07 20:10:16,order_items.csv,2026-08-07,Negative unit_price
ITEM000126832,ORD00049028,SKU02988,Multi-lateral uniform pricing structure,Clothing,,14638.95,,2025-04-17 06:00:00,2026-08-07 20:10:16,order_items.csv,2026-08-07,Missing quantity
ITEM000126899,ORD00037216,SKU02667,Multi-layered responsive access,Clothing,,12536.6,,2025-04-17 06:00:00,2026-08-07 20:10:16,order_items.csv,2026-08-07,Missing quantity
ITEM000126901,ORD00034597,SKU00838,Future-proofed scalable structure,Books,8.0,-1234.67,-9877.36,2025-04-17 06:00:00,2026-08-07 20:10:16,order_items.csv,2026-08-07,Negative unit_price
ITEM000126966,ORD00010605,SKU01374,Phased attitude-oriented focus group,Books,,1423.18,,2025-04-17 06:00:00,2026-08-07 20:10:16,order_items.csv,2026-08-07,Missing quantity
ITEM000127001,ORD00045535,SKU03577,Progressive dedicated encoding,Electronics,9.0,-11677.09,-105093.81,2025-04-17 06:00:00,2026-08-07 20:10:16,order_items.csv,2026-08-07,Negative unit_price
ITEM000127033,ORD00026673,SKU03074,Stand-alone 5thgeneration paradigm,Clothing,,2096.71,,2025-04-17 06:00:00,2026-08-07 20:10:16,order_items.csv,2026-08-07,Missing quantity
ITEM000127100,ORD00024901,SKU00513,Proactive 3rdgeneration functionalities,Toys,,12004.88,,2025-04-17 06:00:00,2026-08-07 20:10:16,order_items.csv,2026-08-07,Missing quantity
ITEM000127101,ORD00007117,SKU02583,Multi-tiered exuding challenge,Electronics,1.0,-4829.35,-4829.35,2025-04-17 06:00:00,2026-08-07 20:10:16,order_items.csv,2026-08-07,Negative unit_price
ITEM000127167,ORD00014863,SKU01330,Profound eco-centric concept,Home & Kitchen,,9977.51,,2025-04-17 06:00:00,2026-08-07 20:10:16,order_items.csv,2026-08-07,Missing quantity
ITEM000127201,ORD00025974,SKU03081,Universal holistic leverage,Grocery,9.0,-13167.24,-118505.16,2025-04-17 06:00:00,2026-08-07 20:10:16,order_items.csv,2026-08-07,Negative unit_price
ITEM000127234,ORD00006385,SKU01504,Team-oriented hybrid algorithm,Beauty,,4901.47,,2025-04-17 06:00:00,2026-08-07 20:10:16,order_items.csv,2026-08-07,Missing quantity
ITEM000127301,ORD00042737,SKU03890,Right-sized didactic archive,Home & Kitchen,,-10383.58,,2025-04-17 06:00:00,2026-08-07 20:10:16,order_items.csv,2026-08-07,Missing quantity
ITEM000127368,ORD00045855,SKU02597,Monitored fresh-thinking instruction set,Electronics,,11874.9,,2025-04-17 06:00:00,2026-08-07 20:10:16,order_items.csv,2026-08-07,Missing quantity
ITEM000127401,ORD00027350,SKU00683,Balanced client-server neural-net,Home & Kitchen,5.0,-7724.79,-38623.95,2025-04-17 06:00:00,2026-08-07 20:10:16,order_items.csv,2026-08-07,Negative unit_price
ITEM000127435,ORD00031999,SKU03130,Phased intangible help-desk,Home & Kitchen,,2072.3,,2025-04-17 06:00:00,2026-08-07 20:10:16,order_items.csv,2026-08-07,Missing quantity
ITEM000127501,ORD00024461,SKU01609,Inverse explicit database,Beauty,8.0,-14402.64,-115221.12,2025-04-17 06:00:00,2026-08-07 20:10:16,order_items.csv,2026-08-07,Negative unit_price
ITEM000127502,ORD00041919,SKU03525,Switchable executive initiative,Electronics,,12077.37,,2025-04-17 06:00:00,2026-08-07 20:10:16,order_items.csv,2026-08-07,Missing quantity
ITEM000127569,ORD00044552,SKU01048,Versatile well-modulated application,Toys,,9586.55,,2025-04-17 06:00:00,2026-08-07 20:10:16,order_items.csv,2026-08-07,Missing quantity
ITEM000127601,ORD00033559,SKU01416,Reverse-engineered responsive time-frame,Books,7.0,-6055.51,-42388.57,2025-04-17 06:00:00,2026-08-07 20:10:16,order_items.csv,2026-08-07,Negative unit_price
ITEM000127636,ORD00037657,SKU04850,Realigned background middleware,Sports,,6280.21,,2025-04-17 06:00:00,2026-08-07 20:10:16,order_items.csv,2026-08-07,Missing quantity
ITEM000127701,ORD00019479,SKU04134,Profit-focused discrete encoding,Electronics,4.0,-4689.86,-18759.44,2025-04-17 06:00:00,2026-08-07 20:10:16,order_items.csv,2026-08-07,Negative unit_price
ITEM000127703,ORD00033722,SKU04779,Robust zero-defect Graphical User Interface,Electronics,,2593.72,,2025-04-17 06:00:00,2026-08-07 20:10:16,order_items.csv,2026-08-07,Missing quantity
ITEM000127770,ORD00002335,SKU03089,Upgradable dynamic hierarchy,Toys,,14287.84,,2025-04-17 06:00:00,2026-08-07 20:10:16,order_items.csv,2026-08-07,Missing quantity
ITEM000127801,ORD00025225,SKU04425,Synergistic optimal groupware,Electronics,4.0,-10638.99,-42555.96,2025-04-17 06:00:00,2026-08-07 20:10:16,order_items.csv,2026-08-07,Negative unit_price
ITEM000127837,ORD00034617,SKU01300,Devolved optimizing attitude,Home & Kitchen,,14577.18,,2025-04-17 06:00:00,2026-08-07 20:10:16,order_items.csv,2026-08-07,Missing quantity
ITEM000127901,ORD00028759,SKU04144,Persistent discrete Internet solution,Beauty,6.0,-14675.14,-88050.84,2025-04-17 06:00:00,2026-08-07 20:10:16,order_items.csv,2026-08-07,Negative unit_price
ITEM000127904,ORD00029713,SKU02434,Decentralized 4thgeneration support,Toys,,5348.62,,2025-04-17 06:00:00,2026-08-07 20:10:16,order_items.csv,2026-08-07,Missing quantity
ITEM000127971,ORD00020634,SKU02465,Monitored disintermediate projection,Grocery,,7058.19,,2025-04-17 06:00:00,2026-08-07 20:10:16,order_items.csv,2026-08-07,Missing quantity
ITEM000128001,ORD00019465,SKU00544,Inverse fault-tolerant portal,Clothing,8.0,-450.1,-3600.8,2025-04-17 06:00:00,2026-08-07 20:10:16,order_items.csv,2026-08-07,Negative unit_price
ITEM000128038,ORD00047162,SKU04993,Stand-alone bi-directional system engine,Toys,,9738.12,,2025-04-17 06:00:00,2026-08-07 20:10:16,order_items.csv,2026-08-07,Missing quantity
ITEM000128101,ORD00030261,SKU04827,Re-contextualized global capability,Beauty,1.0,-13587.17,-13587.17,2025-04-17 06:00:00,2026-08-07 20:10:16,order_items.csv,2026-08-07,Negative unit_price
ITEM000128105,ORD00017940,SKU04408,Compatible dynamic neural-net,Sports,,1864.94,,2025-04-17 06:00:00,2026-08-07 20:10:16,order_items.csv,2026-08-07,Missing quantity
ITEM000128172,ORD00043427,SKU02755,Front-line local focus group,Sports,,1263.24,,2025-04-17 06:00:00,2026-08-07 20:10:16,order_items.csv,2026-08-07,Missing quantity
ITEM000128201,ORD00016441,SKU01478,Expanded optimizing open system,Beauty,2.0,-5830.1,-11660.2,2025-04-17 06:00:00,2026-08-07 20:10:16,order_items.csv,2026-08-07,Negative unit_price
ITEM000128239,ORD00014795,SKU02936,Seamless leadingedge definition,Beauty,,740.44,,2025-04-17 06:00:00,2026-08-07 20:10:16,order_items.csv,2026-08-07,Missing quantity
ITEM000128301,ORD00025725,SKU03978,Innovative bi-directional help-desk,Toys,10.0,-14269.02,-142690.2,2025-04-17 06:00:00,2026-08-07 20:10:16,order_items.csv,2026-08-07,Negative unit_price
ITEM000128306,ORD00029088,SKU01182,Managed optimizing website,Clothing,,9867.17,,2025-04-17 06:00:00,2026-08-07 20:10:16,order_items.csv,2026-08-07,Missing quantity
ITEM000128373,ORD00036748,SKU01699,Robust scalable project,Home & Kitchen,,13980.04,,2025-04-17 06:00:00,2026-08-07 20:10:16,order_items.csv,2026-08-07,Missing quantity
ITEM000128401,ORD00042099,SKU01551,Fully-configurable secondary superstructure,Books,1.0,-14986.13,-14986.13,2025-04-17 06:00:00,2026-08-07 20:10:16,order_items.csv,2026-08-07,Negative unit_price
ITEM000128440,ORD00039634,SKU04775,Configurable grid-enabled project,Toys,,9258.57,,2025-04-17 06:00:00,2026-08-07 20:10:16,order_items.csv,2026-08-07,Missing quantity
ITEM000128501,ORD00037525,SKU03568,Future-proofed modular toolset,Books,5.0,-12578.68,-62893.4,2025-04-17 06:00:00,2026-08-07 20:10:16,order_items.csv,2026-08-07,Negative unit_price
ITEM000128507,ORD00002705,SKU01234,Integrated hybrid structure,Electronics,,4712.4,,2025-04-17 06:00:00,2026-08-07 20:10:16,order_items.csv,2026-08-07,Missing quantity
ITEM000128574,ORD00040794,SKU00544,Inverse fault-tolerant portal,Clothing,,450.1,,2025-04-17 06:00:00,2026-08-07 20:10:16,order_items.csv,2026-08-07,Missing quantity
ITEM000128601,ORD00022951,SKU03410,Robust motivating focus group,Clothing,9.0,-6711.89,-60407.01,2025-04-17 06:00:00,2026-08-07 20:10:16,order_items.csv,2026-08-07,Negative unit_price
ITEM000128641,ORD00047590,SKU02253,Distributed modular architecture,Books,,468.45,,2025-04-17 06:00:00,2026-08-07 20:10:16,order_items.csv,2026-08-07,Missing quantity
ITEM000128701,ORD00013903,SKU04943,Digitized next generation moratorium,Electronics,6.0,-7335.46,-44012.76,2025-04-17 06:00:00,2026-08-07 20:10:16,order_items.csv,2026-08-07,Negative unit_price
ITEM000128708,ORD00004966,SKU04263,Robust heuristic hardware,Toys,,5139.81,,2025-04-17 06:00:00,2026-08-07 20:10:16,order_items.csv,2026-08-07,Missing quantity
ITEM000128775,ORD00031589,SKU01362,Innovative disintermediate model,Grocery,,7805.46,,2025-04-17 06:00:00,2026-08-07 20:10:16,order_items.csv,2026-08-07,Missing quantity
ITEM000128801,ORD00004597,SKU01361,Synchronized analyzing customer loyalty,Grocery,9.0,-8832.16,-79489.44,2025-04-17 06:00:00,2026-08-07 20:10:16,order_items.csv,2026-08-07,Negative unit_price
ITEM000128842,ORD00005514,SKU03953,Persevering 4thgeneration challenge,Grocery,,13455.5,,2025-04-17 06:00:00,2026-08-07 20:10:16,order_items.csv,2026-08-07,Missing quantity
ITEM000128901,ORD00014050,SKU01120,Progressive well-modulated complexity,Clothing,8.0,-10025.02,-80200.16,2025-04-17 06:00:00,2026-08-07 20:10:16,order_items.csv,2026-08-07,Negative unit_price
ITEM000128909,ORD00007290,SKU03957,Down-sized interactive paradigm,Home & Kitchen,,4798.13,,2025-04-17 06:00:00,2026-08-07 20:10:16,order_items.csv,2026-08-07,Missing quantity
ITEM000128976,ORD00047387,SKU02064,Horizontal interactive flexibility,Grocery,,2201.65,,2025-04-17 06:00:00,2026-08-07 20:10:16,order_items.csv,2026-08-07,Missing quantity
ITEM000129001,ORD00037520,SKU03749,Quality-focused bottom-line benchmark,Electronics,8.0,-153.56,-1228.48,2025-04-17 06:00:00,2026-08-07 20:10:16,order_items.csv,2026-08-07,Negative unit_price
ITEM000129043,ORD00049218,SKU02174,Assimilated dedicated framework,Electronics,,14928.93,,2025-04-17 06:00:00,2026-08-07 20:10:16,order_items.csv,2026-08-07,Missing quantity
ITEM000129101,ORD00047932,SKU01753,De-engineered logistical hierarchy,Home & Kitchen,5.0,-13898.22,-69491.09999999999,2025-04-17 06:00:00,2026-08-07 20:10:16,order_items.csv,2026-08-07,Negative unit_price
ITEM000129110,ORD00046586,SKU02499,Polarized composite Local Area Network,Beauty,,10571.37,,2025-04-17 06:00:00,2026-08-07 20:10:16,order_items.csv,2026-08-07,Missing quantity
ITEM000129177,ORD00033121,SKU03274,Extended bandwidth-monitored application,Clothing,,9352.64,,2025-04-17 06:00:00,2026-08-07 20:10:16,order_items.csv,2026-08-07,Missing quantity
ITEM000129201,ORD00020582,SKU00051,Fundamental impactful superstructure,Books,10.0,-117.73,-1177.3,2025-04-17 06:00:00,2026-08-07 20:10:16,order_items.csv,2026-08-07,Negative unit_price
ITEM000129244,ORD00036097,SKU01372,De-engineered uniform methodology,Grocery,,9973.08,,2025-04-17 06:00:00,2026-08-07 20:10:16,order_items.csv,2026-08-07,Missing quantity
ITEM000129301,ORD00047461,SKU02412,Assimilated eco-centric frame,Grocery,9.0,-634.94,-5714.460000000001,2025-04-17 06:00:00,2026-08-07 20:10:16,order_items.csv,2026-08-07,Negative unit_price
ITEM000129311,ORD00012387,SKU00987,Digitized asynchronous benchmark,Electronics,,10143.28,,2025-04-17 06:00:00,2026-08-07 20:10:16,order_items.csv,2026-08-07,Missing quantity
ITEM000129378,ORD00020519,SKU02227,Stand-alone dedicated hub,Beauty,,2135.46,,2025-04-17 06:00:00,2026-08-07 20:10:16,order_items.csv,2026-08-07,Missing quantity
ITEM000129401,ORD00030289,SKU00644,Persevering national frame,Toys,4.0,-12550.42,-50201.68,2025-04-17 06:00:00,2026-08-07 20:10:16,order_items.csv,2026-08-07,Negative unit_price
ITEM000129445,ORD00001765,SKU04914,Self-enabling 6thgeneration service-desk,Toys,,14503.13,,2025-04-17 06:00:00,2026-08-07 20:10:16,order_items.csv,2026-08-07,Missing quantity
ITEM000129501,ORD00047225,SKU02508,Business-focused leadingedge projection,Home & Kitchen,6.0,-13018.4,-78110.4,2025-04-17 06:00:00,2026-08-07 20:10:16,order_items.csv,2026-08-07,Negative unit_price
ITEM000129512,ORD00020223,SKU02727,Decentralized dynamic parallelism,Sports,,7365.08,,2025-04-17 06:00:00,2026-08-07 20:10:16,order_items.csv,2026-08-07,Missing quantity
ITEM000129579,ORD00047274,SKU04118,Innovative multi-state methodology,Books,,2839.83,,2025-04-17 06:00:00,2026-08-07 20:10:16,order_items.csv,2026-08-07,Missing quantity
ITEM000129601,ORD00039380,SKU00773,Innovative solution-oriented encryption,Electronics,6.0,-10911.37,-65468.22,2025-04-17 06:00:00,2026-08-07 20:10:16,order_items.csv,2026-08-07,Negative unit_price
ITEM000129646,ORD00041118,SKU03074,Stand-alone 5thgeneration paradigm,Clothing,,2096.71,,2025-04-17 06:00:00,2026-08-07 20:10:16,order_items.csv,2026-08-07,Missing quantity
ITEM000129701,ORD00020328,SKU00233,Upgradable disintermediate Graphic Interface,Beauty,4.0,-8756.12,-35024.48,2025-04-17 06:00:00,2026-08-07 20:10:16,order_items.csv,2026-08-07,Negative unit_price
ITEM000129713,ORD00015983,SKU00806,Reactive global methodology,Sports,,10248.78,,2025-04-17 06:00:00,2026-08-07 20:10:16,order_items.csv,2026-08-07,Missing quantity
ITEM000129780,ORD00000876,SKU02757,Persevering 6thgeneration emulation,Grocery,,12962.96,,2025-04-17 06:00:00,2026-08-07 20:10:16,order_items.csv,2026-08-07,Missing quantity
ITEM000129801,ORD00014870,SKU00747,Polarized bandwidth-monitored hierarchy,Toys,5.0,-246.46,-1232.3,2025-04-17 06:00:00,2026-08-07 20:10:16,order_items.csv,2026-08-07,Negative unit_price
ITEM000129847,ORD00046320,SKU02782,Networked leadingedge capability,Beauty,,9220.06,,2025-04-17 06:00:00,2026-08-07 20:10:16,order_items.csv,2026-08-07,Missing quantity
ITEM000129901,ORD00029360,SKU00751,Up-sized scalable standardization,Sports,10.0,-260.71,-2607.1,2025-04-17 06:00:00,2026-08-07 20:10:16,order_items.csv,2026-08-07,Negative unit_price
ITEM000129914,ORD00010367,SKU03922,Reactive discrete moratorium,Clothing,,4459.23,,2025-04-17 06:00:00,2026-08-07 20:10:16,order_items.csv,2026-08-07,Missing quantity
ITEM000129981,ORD00006358,SKU02844,Progressive upward-trending customer loyalty,Electronics,,6622.34,,2025-04-17 06:00:00,2026-08-07 20:10:16,order_items.csv,2026-08-07,Missing quantity
ITEM000130001,ORD00004573,SKU02810,Face-to-face secondary encoding,Home & Kitchen,2.0,-11688.68,-23377.36,2025-04-17 06:00:00,2026-08-07 20:10:16,order_items.csv,2026-08-07,Negative unit_price
ITEM000130048,ORD00025197,SKU04297,Fundamental dynamic data-warehouse,Books,,7364.76,,2025-04-17 06:00:00,2026-08-07 20:10:16,order_items.csv,2026-08-07,Missing quantity
ITEM000130101,ORD00009117,SKU03160,Optional discrete pricing structure,Beauty,8.0,-10531.73,-84253.84,2025-04-17 06:00:00,2026-08-07 20:10:16,order_items.csv,2026-08-07,Negative unit_price
ITEM000130115,ORD00027719,SKU02546,Triple-buffered eco-centric circuit,Books,,5384.38,,2025-04-17 06:00:00,2026-08-07 20:10:16,order_items.csv,2026-08-07,Missing quantity
ITEM000130182,ORD00036039,SKU01582,Progressive motivating firmware,Toys,,3162.13,,2025-04-17 06:00:00,2026-08-07 20:10:16,order_items.csv,2026-08-07,Missing quantity
ITEM000130201,ORD00030748,SKU00134,Decentralized mobile orchestration,Clothing,8.0,-8238.59,-65908.72,2025-04-17 06:00:00,2026-08-07 20:10:16,order_items.csv,2026-08-07,Negative unit_price
ITEM000130249,ORD00033196,SKU04449,Quality-focused client-driven monitoring,Clothing,,3957.13,,2025-04-17 06:00:00,2026-08-07 20:10:16,order_items.csv,2026-08-07,Missing quantity
ITEM000130301,ORD00002975,SKU01975,Versatile uniform intranet,Beauty,10.0,-9559.86,-95598.6,2025-04-17 06:00:00,2026-08-07 20:10:16,order_items.csv,2026-08-07,Negative unit_price
ITEM000130316,ORD00037833,SKU04816,Customizable neutral support,Home & Kitchen,,11762.12,,2025-04-17 06:00:00,2026-08-07 20:10:16,order_items.csv,2026-08-07,Missing quantity
ITEM000130383,ORD00049242,SKU03029,Robust local paradigm,Toys,,8883.92,,2025-04-17 06:00:00,2026-08-07 20:10:16,order_items.csv,2026-08-07,Missing quantity
ITEM000130401,ORD00004623,SKU02135,Multi-lateral motivating support,Sports,2.0,-12015.8,-24031.6,2025-04-17 06:00:00,2026-08-07 20:10:16,order_items.csv,2026-08-07,Negative unit_price
ITEM000130450,ORD00001960,SKU02622,Ergonomic system-worthy protocol,Beauty,,8483.62,,2025-04-17 06:00:00,2026-08-07 20:10:16,order_items.csv,2026-08-07,Missing quantity
ITEM000130501,ORD00002111,SKU01024,Reduced 6thgeneration toolset,Sports,1.0,-1986.3,-1986.3,2025-04-17 06:00:00,2026-08-07 20:10:16,order_items.csv,2026-08-07,Negative unit_price
ITEM000130517,ORD00040180,SKU03000,Switchable mobile task-force,Grocery,,11668.77,,2025-04-17 06:00:00,2026-08-07 20:10:16,order_items.csv,2026-08-07,Missing quantity
ITEM000130584,ORD00006428,SKU04670,Enhanced mission-critical concept,Grocery,,7086.2,,2025-04-17 06:00:00,2026-08-07 20:10:16,order_items.csv,2026-08-07,Missing quantity
ITEM000130601,ORD00008467,SKU03416,Universal disintermediate service-desk,Electronics,10.0,-8348.45,-83484.5,2025-04-17 06:00:00,2026-08-07 20:10:16,order_items.csv,2026-08-07,Negative unit_price
ITEM000130651,ORD00003156,SKU00575,Cross-group next generation emulation,Books,,14020.22,,2025-04-17 06:00:00,2026-08-07 20:10:16,order_items.csv,2026-08-07,Missing quantity
ITEM000130701,ORD00036748,SKU04282,Customer-focused asynchronous knowledgebase,Books,6.0,-11021.39,-66128.34,2025-04-17 06:00:00,2026-08-07 20:10:16,order_items.csv,2026-08-07,Negative unit_price
ITEM000130718,ORD00003441,SKU02007,Re-engineered background pricing structure,Beauty,,11115.25,,2025-04-17 06:00:00,2026-08-07 20:10:16,order_items.csv,2026-08-07,Missing quantity
ITEM000130785,ORD00002374,SKU03584,Polarized contextually-based array,Beauty,,6020.83,,2025-04-17 06:00:00,2026-08-07 20:10:16,order_items.csv,2026-08-07,Missing quantity
ITEM000130801,ORD00013653,SKU03057,Ergonomic object-oriented Local Area Network,Toys,1.0,-2440.71,-2440.71,2025-04-17 06:00:00,2026-08-07 20:10:16,order_items.csv,2026-08-07,Negative unit_price
ITEM000130852,ORD00036879,SKU00695,Focused context-sensitive strategy,Beauty,,6784.07,,2025-04-17 06:00:00,2026-08-07 20:10:16,order_items.csv,2026-08-07,Missing quantity
ITEM000130901,ORD00037293,SKU03033,Reverse-engineered directional algorithm,Home & Kitchen,6.0,-10779.37,-64676.22,2025-04-17 06:00:00,2026-08-07 20:10:16,order_items.csv,2026-08-07,Negative unit_price
ITEM000130919,ORD00010774,SKU00876,Enterprise-wide human-resource function,Beauty,,14645.13,,2025-04-17 06:00:00,2026-08-07 20:10:16,order_items.csv,2026-08-07,Missing quantity
ITEM000130986,ORD00014075,SKU04934,Enterprise-wide web-enabled moderator,Books,,9011.3,,2025-04-17 06:00:00,2026-08-07 20:10:16,order_items.csv,2026-08-07,Missing quantity
ITEM000131001,ORD00042468,SKU02414,Horizontal contextually-based open system,Grocery,4.0,-1130.91,-4523.64,2025-04-17 06:00:00,2026-08-07 20:10:16,order_items.csv,2026-08-07,Negative unit_price
ITEM000131053,ORD00026669,SKU03012,Expanded background Graphical User Interface,Clothing,,6615.12,,2025-04-17 06:00:00,2026-08-07 20:10:16,order_items.csv,2026-08-07,Missing quantity
ITEM000131101,ORD00012468,SKU00471,Multi-layered holistic methodology,Toys,7.0,-14504.94,-101534.58,2025-04-17 06:00:00,2026-08-07 20:10:16,order_items.csv,2026-08-07,Negative unit_price
ITEM000131120,ORD00006276,SKU04976,Centralized radical product,Grocery,,9639.92,,2025-04-17 06:00:00,2026-08-07 20:10:16,order_items.csv,2026-08-07,Missing quantity
ITEM000131187,ORD00027337,SKU04058,Profit-focused next generation data-warehouse,Books,,2289.98,,2025-04-17 06:00:00,2026-08-07 20:10:16,order_items.csv,2026-08-07,Missing quantity
ITEM000131201,ORD00018108,SKU03146,Ameliorated tertiary firmware,Electronics,7.0,-1486.49,-10405.43,2025-04-17 06:00:00,2026-08-07 20:10:16,order_items.csv,2026-08-07,Negative unit_price
ITEM000131254,ORD00008355,SKU00748,Organized well-modulated function,Toys,,13297.44,,2025-04-17 06:00:00,2026-08-07 20:10:16,order_items.csv,2026-08-07,Missing quantity
ITEM000131301,ORD00033595,SKU00535,Compatible bi-directional circuit,Beauty,1.0,-9937.82,-9937.82,2025-04-17 06:00:00,2026-08-07 20:10:16,order_items.csv,2026-08-07,Negative unit_price
ITEM000131321,ORD00032190,SKU01308,Diverse multimedia throughput,Books,,13869.65,,2025-04-17 06:00:00,2026-08-07 20:10:16,order_items.csv,2026-08-07,Missing quantity
ITEM000131388,ORD00013114,SKU02146,Multi-channeled analyzing core,Sports,,7228.41,,2025-04-17 06:00:00,2026-08-07 20:10:16,order_items.csv,2026-08-07,Missing quantity
ITEM000131401,ORD00030729,SKU02365,Reactive tangible Local Area Network,Grocery,3.0,-10360.32,-31080.96,2025-04-17 06:00:00,2026-08-07 20:10:16,order_items.csv,2026-08-07,Negative unit_price
ITEM000131455,ORD00019825,SKU04054,Versatile grid-enabled knowledge user,Electronics,,11670.66,,2025-04-17 06:00:00,2026-08-07 20:10:16,order_items.csv,2026-08-07,Missing quantity
ITEM000131501,ORD00005907,SKU00247,Monitored 6thgeneration service-desk,Home & Kitchen,6.0,-8069.28,-48415.68,2025-04-17 06:00:00,2026-08-07 20:10:16,order_items.csv,2026-08-07,Negative unit_price
ITEM000131522,ORD00014020,SKU00247,Monitored 6thgeneration service-desk,Home & Kitchen,,8069.28,,2025-04-17 06:00:00,2026-08-07 20:10:16,order_items.csv,2026-08-07,Missing quantity
ITEM000131589,ORD00027918,SKU02010,Streamlined directional archive,Clothing,,13817.7,,2025-04-17 06:00:00,2026-08-07 20:10:16,order_items.csv,2026-08-07,Missing quantity
ITEM000131601,ORD00039953,SKU03057,Ergonomic object-oriented Local Area Network,Toys,8.0,-2440.71,-19525.68,2025-04-17 06:00:00,2026-08-07 20:10:16,order_items.csv,2026-08-07,Negative unit_price
ITEM000131656,ORD00002520,SKU01773,Up-sized secondary contingency,Grocery,,14877.9,,2025-04-17 06:00:00,2026-08-07 20:10:16,order_items.csv,2026-08-07,Missing quantity
ITEM000131701,ORD00012576,SKU00852,Expanded static application,Home & Kitchen,7.0,-2594.72,-18163.039999999997,2025-04-17 06:00:00,2026-08-07 20:10:16,order_items.csv,2026-08-07,Negative unit_price
ITEM000131723,ORD00042414,SKU03181,Reactive asynchronous policy,Home & Kitchen,,14908.81,,2025-04-17 06:00:00,2026-08-07 20:10:16,order_items.csv,2026-08-07,Missing quantity
ITEM000131790,ORD00045720,SKU00391,Assimilated regional focus group,Grocery,,14668.46,,2025-04-17 06:00:00,2026-08-07 20:10:16,order_items.csv,2026-08-07,Missing quantity
ITEM000131801,ORD00030556,SKU00445,Future-proofed reciprocal firmware,Grocery,5.0,-14004.4,-70022.0,2025-04-17 06:00:00,2026-08-07 20:10:16,order_items.csv,2026-08-07,Negative unit_price
ITEM000131857,ORD00041479,SKU04090,Seamless value-added concept,Clothing,,11121.29,,2025-04-17 06:00:00,2026-08-07 20:10:16,order_items.csv,2026-08-07,Missing quantity
ITEM000131901,ORD00011795,SKU03101,Switchable encompassing task-force,Clothing,5.0,-10180.35,-50901.75,2025-04-17 06:00:00,2026-08-07 20:10:16,order_items.csv,2026-08-07,Negative unit_price
ITEM000131924,ORD00038377,SKU00551,Fully-configurable static function,Grocery,,108.73,,2025-04-17 06:00:00,2026-08-07 20:10:16,order_items.csv,2026-08-07,Missing quantity
ITEM000131991,ORD00000690,SKU04589,Progressive empowering analyzer,Beauty,,11490.05,,2025-04-17 06:00:00,2026-08-07 20:10:16,order_items.csv,2026-08-07,Missing quantity
ITEM000132001,ORD00025961,SKU02064,Horizontal interactive flexibility,Grocery,5.0,-2201.65,-11008.25,2025-04-17 06:00:00,2026-08-07 20:10:16,order_items.csv,2026-08-07,Negative unit_price
ITEM000132058,ORD00022800,SKU00164,Cross-group dedicated flexibility,Electronics,,10612.13,,2025-04-17 06:00:00,2026-08-07 20:10:16,order_items.csv,2026-08-07,Missing quantity
ITEM000132101,ORD00027749,SKU01283,Synergistic systemic customer loyalty,Clothing,3.0,-9565.81,-28697.43,2025-04-17 06:00:00,2026-08-07 20:10:16,order_items.csv,2026-08-07,Negative unit_price
ITEM000132125,ORD00000987,SKU02746,Enhanced real-time Graphic Interface,Sports,,740.71,,2025-04-17 06:00:00,2026-08-07 20:10:16,order_items.csv,2026-08-07,Missing quantity
ITEM000132192,ORD00033084,SKU04841,Business-focused zero administration pricing struc,Home & Kitchen,,14794.45,,2025-04-17 06:00:00,2026-08-07 20:10:16,order_items.csv,2026-08-07,Missing quantity
ITEM000132201,ORD00040627,SKU02245,Profit-focused radical installation,Beauty,9.0,-9789.21,-88102.88999999998,2025-04-17 06:00:00,2026-08-07 20:10:16,order_items.csv,2026-08-07,Negative unit_price
ITEM000132259,ORD00026404,SKU00202,Progressive logistical model,Toys,,4694.67,,2025-04-17 06:00:00,2026-08-07 20:10:16,order_items.csv,2026-08-07,Missing quantity
ITEM000132301,ORD00041492,SKU02450,Enhanced grid-enabled software,Home & Kitchen,4.0,-3637.89,-14551.56,2025-04-17 06:00:00,2026-08-07 20:10:16,order_items.csv,2026-08-07,Negative unit_price
ITEM000132326,ORD00034928,SKU03495,Decentralized 24hour superstructure,Grocery,,14534.49,,2025-04-17 06:00:00,2026-08-07 20:10:16,order_items.csv,2026-08-07,Missing quantity
ITEM000132393,ORD00009627,SKU02041,User-centric leadingedge benchmark,Toys,,4696.48,,2025-04-17 06:00:00,2026-08-07 20:10:16,order_items.csv,2026-08-07,Missing quantity
ITEM000132401,ORD00005966,SKU04912,Reduced bifurcated concept,Books,7.0,-8297.92,-58085.44,2025-04-17 06:00:00,2026-08-07 20:10:16,order_items.csv,2026-08-07,Negative unit_price
ITEM000132460,ORD00044743,SKU03225,Customer-focused clear-thinking open system,Clothing,,12664.76,,2025-04-17 06:00:00,2026-08-07 20:10:16,order_items.csv,2026-08-07,Missing quantity
ITEM000132501,ORD00000329,SKU02787,Secured analyzing moderator,Grocery,10.0,-14706.98,-147069.8,2025-04-17 06:00:00,2026-08-07 20:10:16,order_items.csv,2026-08-07,Negative unit_price
ITEM000132527,ORD00016151,SKU02742,Business-focused content-based function,Sports,,2000.27,,2025-04-17 06:00:00,2026-08-07 20:10:16,order_items.csv,2026-08-07,Missing quantity
ITEM000132594,ORD00016860,SKU03129,Versatile 5thgeneration budgetary management,Home & Kitchen,,9171.48,,2025-04-17 06:00:00,2026-08-07 20:10:16,order_items.csv,2026-08-07,Missing quantity
ITEM000132601,ORD00006162,SKU01585,Integrated high-level moderator,Beauty,7.0,-11025.31,-77177.17,2025-04-17 06:00:00,2026-08-07 20:10:16,order_items.csv,2026-08-07,Negative unit_price
ITEM000132661,ORD00016819,SKU00365,Switchable demand-driven website,Home & Kitchen,,5463.54,,2025-04-17 06:00:00,2026-08-07 20:10:16,order_items.csv,2026-08-07,Missing quantity
ITEM000132701,ORD00031075,SKU02459,Compatible grid-enabled firmware,Home & Kitchen,7.0,-14249.22,-99744.54,2025-04-17 06:00:00,2026-08-07 20:10:16,order_items.csv,2026-08-07,Negative unit_price
ITEM000132728,ORD00010730,SKU01180,Automated static circuit,Books,,10765.9,,2025-04-17 06:00:00,2026-08-07 20:10:16,order_items.csv,2026-08-07,Missing quantity
ITEM000132795,ORD00009487,SKU01481,Compatible 24/7 productivity,Clothing,,2273.12,,2025-04-17 06:00:00,2026-08-07 20:10:16,order_items.csv,2026-08-07,Missing quantity
ITEM000132801,ORD00037211,SKU00839,Open-source web-enabled definition,Grocery,5.0,-1413.0,-7065.0,2025-04-17 06:00:00,2026-08-07 20:10:16,order_items.csv,2026-08-07,Negative unit_price
ITEM000132862,ORD00023992,SKU02595,Decentralized demand-driven implementation,Books,,13021.21,,2025-04-17 06:00:00,2026-08-07 20:10:16,order_items.csv,2026-08-07,Missing quantity
ITEM000132901,ORD00019810,SKU02371,Organic clear-thinking matrices,Grocery,2.0,-4377.66,-8755.32,2025-04-17 06:00:00,2026-08-07 20:10:16,order_items.csv,2026-08-07,Negative unit_price
ITEM000132929,ORD00048372,SKU01978,Open-architected executive encoding,Beauty,,10523.78,,2025-04-17 06:00:00,2026-08-07 20:10:16,order_items.csv,2026-08-07,Missing quantity
ITEM000132996,ORD00006861,SKU00268,Business-focused fresh-thinking functionalities,Clothing,,11311.56,,2025-04-17 06:00:00,2026-08-07 20:10:16,order_items.csv,2026-08-07,Missing quantity
ITEM000133001,ORD00047876,SKU01157,Reverse-engineered 6thgeneration capability,Toys,7.0,-299.04,-2093.28,2025-04-17 06:00:00,2026-08-07 20:10:16,order_items.csv,2026-08-07,Negative unit_price
ITEM000133063,ORD00047237,SKU00197,Diverse leadingedge instruction set,Grocery,,14482.25,,2025-04-17 06:00:00,2026-08-07 20:10:16,order_items.csv,2026-08-07,Missing quantity
ITEM000133101,ORD00013933,SKU00430,Secured even-keeled data-warehouse,Toys,8.0,-4900.49,-39203.92,2025-04-17 06:00:00,2026-08-07 20:10:16,order_items.csv,2026-08-07,Negative unit_price
ITEM000133130,ORD00027337,SKU00591,Streamlined leadingedge architecture,Books,,9440.54,,2025-04-17 06:00:00,2026-08-07 20:10:16,order_items.csv,2026-08-07,Missing quantity
ITEM000133197,ORD00023243,SKU00853,Profit-focused actuating architecture,Home & Kitchen,,11840.46,,2025-04-17 06:00:00,2026-08-07 20:10:16,order_items.csv,2026-08-07,Missing quantity
ITEM000133201,ORD00042161,SKU04652,Reduced context-sensitive software,Clothing,1.0,-1657.43,-1657.43,2025-04-17 06:00:00,2026-08-07 20:10:16,order_items.csv,2026-08-07,Negative unit_price
ITEM000133264,ORD00036067,SKU04380,Automated needs-based open system,Toys,,7070.82,,2025-04-17 06:00:00,2026-08-07 20:10:16,order_items.csv,2026-08-07,Missing quantity
ITEM000133301,ORD00030290,SKU01672,Multi-tiered secondary initiative,Electronics,5.0,-10420.28,-52101.4,2025-04-17 06:00:00,2026-08-07 20:10:16,order_items.csv,2026-08-07,Negative unit_price
ITEM000133331,ORD00023574,SKU03882,Innovative system-worthy matrix,Grocery,,6902.66,,2025-04-17 06:00:00,2026-08-07 20:10:16,order_items.csv,2026-08-07,Missing quantity
ITEM000133398,ORD00037670,SKU02242,Virtual leadingedge middleware,Home & Kitchen,,10743.09,,2025-04-17 06:00:00,2026-08-07 20:10:16,order_items.csv,2026-08-07,Missing quantity
ITEM000133401,ORD00035319,SKU03126,Monitored zero tolerance moratorium,Clothing,5.0,-9018.49,-45092.45,2025-04-17 06:00:00,2026-08-07 20:10:16,order_items.csv,2026-08-07,Negative unit_price
ITEM000133465,ORD00047514,SKU02605,Open-architected clear-thinking ability,Grocery,,2510.63,,2025-04-17 06:00:00,2026-08-07 20:10:16,order_items.csv,2026-08-07,Missing quantity
ITEM000133501,ORD00034613,SKU03184,User-centric modular initiative,Beauty,1.0,-9174.75,-9174.75,2025-04-17 06:00:00,2026-08-07 20:10:16,order_items.csv,2026-08-07,Negative unit_price
ITEM000133532,ORD00006074,SKU00251,Digitized analyzing success,Clothing,,11661.59,,2025-04-17 06:00:00,2026-08-07 20:10:16,order_items.csv,2026-08-07,Missing quantity
ITEM000133599,ORD00023404,SKU00244,Phased even-keeled complexity,Beauty,,6049.3,,2025-04-17 06:00:00,2026-08-07 20:10:16,order_items.csv,2026-08-07,Missing quantity
ITEM000133601,ORD00022993,SKU01400,Seamless systematic attitude,Books,1.0,-2833.19,-2833.19,2025-04-17 06:00:00,2026-08-07 20:10:16,order_items.csv,2026-08-07,Negative unit_price
ITEM000133666,ORD00044527,SKU00016,Cross-platform tangible throughput,Books,,14017.87,,2025-04-17 06:00:00,2026-08-07 20:10:16,order_items.csv,2026-08-07,Missing quantity
ITEM000133701,ORD00031025,SKU01188,Optimized methodical Graphical User Interface,Beauty,1.0,-3440.39,-3440.39,2025-04-17 06:00:00,2026-08-07 20:10:16,order_items.csv,2026-08-07,Negative unit_price
ITEM000133733,ORD00007641,SKU03692,Front-line upward-trending productivity,Home & Kitchen,,14613.76,,2025-04-17 06:00:00,2026-08-07 20:10:16,order_items.csv,2026-08-07,Missing quantity
ITEM000133800,ORD00016211,SKU03665,Universal discrete encryption,Clothing,,12510.19,,2025-04-17 06:00:00,2026-08-07 20:10:16,order_items.csv,2026-08-07,Missing quantity
ITEM000133801,ORD00012952,SKU03148,Seamless user-facing system engine,Home & Kitchen,5.0,-12075.7,-60378.5,2025-04-17 06:00:00,2026-08-07 20:10:16,order_items.csv,2026-08-07,Negative unit_price
ITEM000133867,ORD00046227,SKU02907,Persevering even-keeled customer loyalty,Grocery,,6300.03,,2025-04-17 06:00:00,2026-08-07 20:10:16,order_items.csv,2026-08-07,Missing quantity
ITEM000133901,ORD00012851,SKU02050,Right-sized web-enabled flexibility,Clothing,10.0,-9912.09,-99120.9,2025-04-17 06:00:00,2026-08-07 20:10:16,order_items.csv,2026-08-07,Negative unit_price
ITEM000133934,ORD00003329,SKU01807,Object-based systemic model,Sports,,5364.41,,2025-04-17 06:00:00,2026-08-07 20:10:16,order_items.csv,2026-08-07,Missing quantity
ITEM000134001,ORD00000518,SKU00314,Focused static pricing structure,Books,,-3024.85,,2025-04-17 06:00:00,2026-08-07 20:10:16,order_items.csv,2026-08-07,Missing quantity
ITEM000134068,ORD00032546,SKU02642,Re-contextualized systematic ability,Beauty,,4911.85,,2025-04-17 06:00:00,2026-08-07 20:10:16,order_items.csv,2026-08-07,Missing quantity
ITEM000134101,ORD00024797,SKU02993,Persistent context-sensitive process improvement,Grocery,10.0,-6123.21,-61232.1,2025-04-17 06:00:00,2026-08-07 20:10:16,order_items.csv,2026-08-07,Negative unit_price
ITEM000134135,ORD00042926,SKU04226,Centralized global pricing structure,Clothing,,6499.14,,2025-04-17 06:00:00,2026-08-07 20:10:16,order_items.csv,2026-08-07,Missing quantity
ITEM000134201,ORD00023782,SKU01323,Multi-layered 24hour capacity,Sports,7.0,-11139.03,-77973.21,2025-04-17 06:00:00,2026-08-07 20:10:16,order_items.csv,2026-08-07,Negative unit_price
ITEM000134202,ORD00002049,SKU02534,Expanded full-range ability,Clothing,,4918.59,,2025-04-17 06:00:00,2026-08-07 20:10:16,order_items.csv,2026-08-07,Missing quantity
ITEM000134269,ORD00042120,SKU03479,Distributed global projection,Books,,8835.52,,2025-04-17 06:00:00,2026-08-07 20:10:16,order_items.csv,2026-08-07,Missing quantity
ITEM000134301,ORD00047433,SKU04664,Balanced full-range capacity,Books,2.0,-13275.51,-26551.02,2025-04-17 06:00:00,2026-08-07 20:10:16,order_items.csv,2026-08-07,Negative unit_price
ITEM000134336,ORD00002321,SKU00087,Monitored actuating encoding,Grocery,,12215.07,,2025-04-17 06:00:00,2026-08-07 20:10:16,order_items.csv,2026-08-07,Missing quantity
ITEM000134401,ORD00006239,SKU02563,Versatile bifurcated hub,Home & Kitchen,1.0,-3317.73,-3317.73,2025-04-17 06:00:00,2026-08-07 20:10:16,order_items.csv,2026-08-07,Negative unit_price
ITEM000134403,ORD00025856,SKU00353,Open-architected asynchronous migration,Home & Kitchen,,8330.78,,2025-04-17 06:00:00,2026-08-07 20:10:16,order_items.csv,2026-08-07,Missing quantity
ITEM000134470,ORD00007918,SKU00350,Organic modular array,Toys,,2207.51,,2025-04-17 06:00:00,2026-08-07 20:10:16,order_items.csv,2026-08-07,Missing quantity
ITEM000134501,ORD00039458,SKU03352,Automated coherent emulation,Home & Kitchen,5.0,-7434.25,-37171.25,2025-04-17 06:00:00,2026-08-07 20:10:16,order_items.csv,2026-08-07,Negative unit_price
ITEM000134537,ORD00037341,SKU01951,Innovative didactic methodology,Books,,14943.02,,2025-04-17 06:00:00,2026-08-07 20:10:16,order_items.csv,2026-08-07,Missing quantity
ITEM000134601,ORD00007435,SKU03270,Universal user-facing portal,Sports,7.0,-6511.52,-45580.64,2025-04-17 06:00:00,2026-08-07 20:10:16,order_items.csv,2026-08-07,Negative unit_price
ITEM000134604,ORD00011721,SKU03251,Phased optimal groupware,Electronics,,8265.09,,2025-04-17 06:00:00,2026-08-07 20:10:16,order_items.csv,2026-08-07,Missing quantity
ITEM000134671,ORD00021722,SKU01902,Distributed multimedia model,Sports,,13134.82,,2025-04-17 06:00:00,2026-08-07 20:10:16,order_items.csv,2026-08-07,Missing quantity
ITEM000134701,ORD00012344,SKU03667,Synergized fault-tolerant focus group,Toys,1.0,-4751.6,-4751.6,2025-04-17 06:00:00,2026-08-07 20:10:16,order_items.csv,2026-08-07,Negative unit_price
ITEM000134738,ORD00040305,SKU03865,Universal non-volatile function,Home & Kitchen,,4377.62,,2025-04-17 06:00:00,2026-08-07 20:10:16,order_items.csv,2026-08-07,Missing quantity
ITEM000134801,ORD00031023,SKU03047,Object-based systematic matrix,Beauty,4.0,-12556.3,-50225.2,2025-04-17 06:00:00,2026-08-07 20:10:16,order_items.csv,2026-08-07,Negative unit_price
ITEM000134805,ORD00012745,SKU03910,Customizable neutral initiative,Toys,,10235.01,,2025-04-17 06:00:00,2026-08-07 20:10:16,order_items.csv,2026-08-07,Missing quantity
ITEM000134872,ORD00044300,SKU01750,Organized didactic framework,Books,,9814.13,,2025-04-17 06:00:00,2026-08-07 20:10:16,order_items.csv,2026-08-07,Missing quantity
ITEM000134901,ORD00042317,SKU03517,Object-based web-enabled adapter,Home & Kitchen,4.0,-5416.54,-21666.16,2025-04-17 06:00:00,2026-08-07 20:10:16,order_items.csv,2026-08-07,Negative unit_price
ITEM000134939,ORD00015811,SKU02076,Vision-oriented explicit Graphic Interface,Sports,,13497.74,,2025-04-17 06:00:00,2026-08-07 20:10:16,order_items.csv,2026-08-07,Missing quantity
ITEM000135001,ORD00031247,SKU03941,Networked optimal artificial intelligence,Grocery,2.0,-8267.03,-16534.06,2025-04-17 06:00:00,2026-08-07 20:10:16,order_items.csv,2026-08-07,Negative unit_price
ITEM000135006,ORD00030006,SKU04717,Balanced multimedia circuit,Beauty,,5844.58,,2025-04-17 06:00:00,2026-08-07 20:10:16,order_items.csv,2026-08-07,Missing quantity
ITEM000135073,ORD00037742,SKU01810,Re-engineered needs-based solution,Clothing,,14065.02,,2025-04-17 06:00:00,2026-08-07 20:10:16,order_items.csv,2026-08-07,Missing quantity
ITEM000135101,ORD00008361,SKU01538,Virtual full-range matrix,Electronics,1.0,-13591.18,-13591.18,2025-04-17 06:00:00,2026-08-07 20:10:16,order_items.csv,2026-08-07,Negative unit_price
ITEM000135140,ORD00002778,SKU02512,Re-contextualized asynchronous hardware,Beauty,,5881.22,,2025-04-17 06:00:00,2026-08-07 20:10:16,order_items.csv,2026-08-07,Missing quantity
ITEM000135201,ORD00037741,SKU04973,Switchable radical migration,Sports,3.0,-9218.24,-27654.72,2025-04-17 06:00:00,2026-08-07 20:10:16,order_items.csv,2026-08-07,Negative unit_price
ITEM000135207,ORD00013699,SKU01826,Multi-layered cohesive intranet,Sports,,12241.86,,2025-04-17 06:00:00,2026-08-07 20:10:16,order_items.csv,2026-08-07,Missing quantity
ITEM000135274,ORD00043855,SKU00298,Enhanced fresh-thinking matrices,Grocery,,2251.86,,2025-04-17 06:00:00,2026-08-07 20:10:16,order_items.csv,2026-08-07,Missing quantity
ITEM000135301,ORD00014756,SKU01221,Pre-emptive leadingedge flexibility,Beauty,2.0,-8664.2,-17328.4,2025-04-17 06:00:00,2026-08-07 20:10:16,order_items.csv,2026-08-07,Negative unit_price
ITEM000135341,ORD00026103,SKU00894,Networked global infrastructure,Beauty,,8765.77,,2025-04-17 06:00:00,2026-08-07 20:10:16,order_items.csv,2026-08-07,Missing quantity
ITEM000135401,ORD00009503,SKU00882,Streamlined well-modulated success,Home & Kitchen,8.0,-11633.89,-93071.12,2025-04-17 06:00:00,2026-08-07 20:10:16,order_items.csv,2026-08-07,Negative unit_price
ITEM000135408,ORD00041613,SKU04503,Pre-emptive bi-directional encoding,Clothing,,8245.7,,2025-04-17 06:00:00,2026-08-07 20:10:16,order_items.csv,2026-08-07,Missing quantity
ITEM000135475,ORD00031677,SKU00873,Multi-lateral intermediate matrix,Grocery,,1109.62,,2025-04-17 06:00:00,2026-08-07 20:10:16,order_items.csv,2026-08-07,Missing quantity
ITEM000135501,ORD00028431,SKU00018,Sharable upward-trending policy,Sports,10.0,-2032.43,-20324.3,2025-04-17 06:00:00,2026-08-07 20:10:16,order_items.csv,2026-08-07,Negative unit_price
ITEM000135542,ORD00024962,SKU00146,Automated directional Graphical User Interface,Toys,,11134.26,,2025-04-17 06:00:00,2026-08-07 20:10:16,order_items.csv,2026-08-07,Missing quantity
ITEM000135601,ORD00010228,SKU02780,Organic grid-enabled Graphical User Interface,Clothing,8.0,-6369.8,-50958.4,2025-04-17 06:00:00,2026-08-07 20:10:16,order_items.csv,2026-08-07,Negative unit_price
ITEM000135609,ORD00001960,SKU03241,Cloned multimedia info-mediaries,Toys,,14264.05,,2025-04-17 06:00:00,2026-08-07 20:10:16,order_items.csv,2026-08-07,Missing quantity
ITEM000135676,ORD00026655,SKU04096,Adaptive upward-trending encoding,Home & Kitchen,,2743.35,,2025-04-17 06:00:00,2026-08-07 20:10:16,order_items.csv,2026-08-07,Missing quantity
ITEM000135701,ORD00014227,SKU04450,Operative reciprocal Internet solution,Electronics,8.0,-9840.7,-78725.6,2025-04-17 06:00:00,2026-08-07 20:10:16,order_items.csv,2026-08-07,Negative unit_price
ITEM000135743,ORD00038916,SKU02199,Object-based leadingedge focus group,Home & Kitchen,,13991.09,,2025-04-17 06:00:00,2026-08-07 20:10:16,order_items.csv,2026-08-07,Missing quantity
ITEM000135801,ORD00040354,SKU02787,Secured analyzing moderator,Grocery,7.0,-14706.98,-102948.86,2025-04-17 06:00:00,2026-08-07 20:10:16,order_items.csv,2026-08-07,Negative unit_price
ITEM000135810,ORD00044569,SKU03877,Inverse multi-tasking ability,Beauty,,967.51,,2025-04-17 06:00:00,2026-08-07 20:10:16,order_items.csv,2026-08-07,Missing quantity
ITEM000135877,ORD00001425,SKU04466,Cloned full-range emulation,Clothing,,869.11,,2025-04-17 06:00:00,2026-08-07 20:10:16,order_items.csv,2026-08-07,Missing quantity
ITEM000135901,ORD00007079,SKU01655,Enterprise-wide radical project,Books,4.0,-4104.85,-16419.4,2025-04-17 06:00:00,2026-08-07 20:10:16,order_items.csv,2026-08-07,Negative unit_price
ITEM000135944,ORD00044400,SKU04940,Reverse-engineered static matrix,Electronics,,4691.37,,2025-04-17 06:00:00,2026-08-07 20:10:16,order_items.csv,2026-08-07,Missing quantity
ITEM000136001,ORD00010919,SKU02954,Stand-alone bottom-line installation,Beauty,8.0,-9060.93,-72487.44,2025-04-17 06:00:00,2026-08-07 20:10:16,order_items.csv,2026-08-07,Negative unit_price
ITEM000136011,ORD00042880,SKU00612,Inverse dynamic matrices,Electronics,,10712.93,,2025-04-17 06:00:00,2026-08-07 20:10:16,order_items.csv,2026-08-07,Missing quantity
ITEM000136078,ORD00012927,SKU03176,Distributed leadingedge definition,Home & Kitchen,,7566.31,,2025-04-17 06:00:00,2026-08-07 20:10:16,order_items.csv,2026-08-07,Missing quantity
ITEM000136101,ORD00045698,SKU00489,Operative cohesive pricing structure,Books,3.0,-3641.39,-10924.17,2025-04-17 06:00:00,2026-08-07 20:10:16,order_items.csv,2026-08-07,Negative unit_price
ITEM000136145,ORD00042305,SKU00388,Down-sized systematic interface,Books,,3064.86,,2025-04-17 06:00:00,2026-08-07 20:10:16,order_items.csv,2026-08-07,Missing quantity
ITEM000136201,ORD00006031,SKU01257,Persevering tertiary framework,Books,6.0,-6668.12,-40008.72,2025-04-17 06:00:00,2026-08-07 20:10:16,order_items.csv,2026-08-07,Negative unit_price
ITEM000136212,ORD00036071,SKU01013,Inverse value-added budgetary management,Beauty,,11482.48,,2025-04-17 06:00:00,2026-08-07 20:10:16,order_items.csv,2026-08-07,Missing quantity
ITEM000136279,ORD00043126,SKU04288,Organic incremental data-warehouse,Grocery,,7432.26,,2025-04-17 06:00:00,2026-08-07 20:10:16,order_items.csv,2026-08-07,Missing quantity
ITEM000136301,ORD00011438,SKU00133,Front-line coherent product,Books,2.0,-14139.84,-28279.68,2025-04-17 06:00:00,2026-08-07 20:10:16,order_items.csv,2026-08-07,Negative unit_price
ITEM000136346,ORD00039114,SKU01130,Function-based radical utilization,Electronics,,3834.93,,2025-04-17 06:00:00,2026-08-07 20:10:16,order_items.csv,2026-08-07,Missing quantity
ITEM000136401,ORD00028125,SKU02703,Pre-emptive bi-directional leverage,Sports,9.0,-12146.34,-109317.06,2025-04-17 06:00:00,2026-08-07 20:10:16,order_items.csv,2026-08-07,Negative unit_price
ITEM000136413,ORD00035432,SKU02461,Phased hybrid definition,Toys,,6359.33,,2025-04-17 06:00:00,2026-08-07 20:10:16,order_items.csv,2026-08-07,Missing quantity
ITEM000136480,ORD00007411,SKU01955,Multi-channeled systemic workforce,Home & Kitchen,,8250.04,,2025-04-17 06:00:00,2026-08-07 20:10:16,order_items.csv,2026-08-07,Missing quantity
ITEM000136501,ORD00047308,SKU01094,Re-contextualized value-added emulation,Beauty,2.0,-14686.56,-29373.12,2025-04-17 06:00:00,2026-08-07 20:10:16,order_items.csv,2026-08-07,Negative unit_price
ITEM000136547,ORD00026124,SKU00735,Optimized value-added moderator,Books,,10303.71,,2025-04-17 06:00:00,2026-08-07 20:10:16,order_items.csv,2026-08-07,Missing quantity
ITEM000136601,ORD00035406,SKU00584,Reduced attitude-oriented Internet solution,Toys,10.0,-1153.3,-11533.0,2025-04-17 06:00:00,2026-08-07 20:10:16,order_items.csv,2026-08-07,Negative unit_price
ITEM000136614,ORD00010128,SKU02650,Self-enabling user-facing service-desk,Grocery,,3200.81,,2025-04-17 06:00:00,2026-08-07 20:10:16,order_items.csv,2026-08-07,Missing quantity
ITEM000136681,ORD00011671,SKU04033,Ameliorated upward-trending archive,Electronics,,1374.94,,2025-04-17 06:00:00,2026-08-07 20:10:16,order_items.csv,2026-08-07,Missing quantity
ITEM000136701,ORD00002339,SKU03362,Total methodical website,Toys,1.0,-9261.15,-9261.15,2025-04-17 06:00:00,2026-08-07 20:10:16,order_items.csv,2026-08-07,Negative unit_price
ITEM000136748,ORD00001972,SKU04061,Operative motivating concept,Home & Kitchen,,10446.04,,2025-04-17 06:00:00,2026-08-07 20:10:16,order_items.csv,2026-08-07,Missing quantity
ITEM000136801,ORD00048779,SKU04806,Multi-tiered analyzing parallelism,Books,8.0,-8407.53,-67260.24,2025-04-17 06:00:00,2026-08-07 20:10:16,order_items.csv,2026-08-07,Negative unit_price
ITEM000136815,ORD00044987,SKU02838,Focused encompassing capacity,Books,,6723.28,,2025-04-17 06:00:00,2026-08-07 20:10:16,order_items.csv,2026-08-07,Missing quantity
ITEM000136882,ORD00044919,SKU03499,Upgradable analyzing algorithm,Books,,10148.07,,2025-04-17 06:00:00,2026-08-07 20:10:16,order_items.csv,2026-08-07,Missing quantity
ITEM000136901,ORD00028743,SKU01811,Managed impactful migration,Grocery,10.0,-10703.66,-107036.6,2025-04-17 06:00:00,2026-08-07 20:10:16,order_items.csv,2026-08-07,Negative unit_price
ITEM000136949,ORD00012114,SKU01646,Pre-emptive tertiary attitude,Grocery,,9876.16,,2025-04-17 06:00:00,2026-08-07 20:10:16,order_items.csv,2026-08-07,Missing quantity
ITEM000137001,ORD00000360,SKU04087,Switchable asynchronous collaboration,Home & Kitchen,1.0,-7340.22,-7340.22,2025-04-17 06:00:00,2026-08-07 20:10:16,order_items.csv,2026-08-07,Negative unit_price
ITEM000137016,ORD00005451,SKU02715,Expanded next generation encoding,Beauty,,791.78,,2025-04-17 06:00:00,2026-08-07 20:10:16,order_items.csv,2026-08-07,Missing quantity
ITEM000137083,ORD00002619,SKU04214,Cross-platform 5thgeneration algorithm,Sports,,8472.28,,2025-04-17 06:00:00,2026-08-07 20:10:16,order_items.csv,2026-08-07,Missing quantity
ITEM000137101,ORD00004759,SKU04911,Customer-focused zero tolerance encoding,Books,8.0,-10880.48,-87043.84,2025-04-17 06:00:00,2026-08-07 20:10:16,order_items.csv,2026-08-07,Negative unit_price
ITEM000137150,ORD00034753,SKU03632,Up-sized disintermediate standardization,Beauty,,13043.14,,2025-04-17 06:00:00,2026-08-07 20:10:16,order_items.csv,2026-08-07,Missing quantity
ITEM000137201,ORD00011072,SKU02411,Reactive incremental neural-net,Beauty,2.0,-3761.5,-7523.0,2025-04-17 06:00:00,2026-08-07 20:10:16,order_items.csv,2026-08-07,Negative unit_price
ITEM000137217,ORD00023954,SKU01897,Balanced intangible system engine,Toys,,2519.25,,2025-04-17 06:00:00,2026-08-07 20:10:16,order_items.csv,2026-08-07,Missing quantity
ITEM000137284,ORD00049150,SKU01504,Team-oriented hybrid algorithm,Beauty,,4901.47,,2025-04-17 06:00:00,2026-08-07 20:10:16,order_items.csv,2026-08-07,Missing quantity
ITEM000137301,ORD00017523,SKU02358,Decentralized systematic middleware,Sports,3.0,-591.33,-1773.9900000000002,2025-04-17 06:00:00,2026-08-07 20:10:16,order_items.csv,2026-08-07,Negative unit_price
ITEM000137351,ORD00019842,SKU02509,Progressive directional product,Electronics,,7246.47,,2025-04-17 06:00:00,2026-08-07 20:10:16,order_items.csv,2026-08-07,Missing quantity
ITEM000137401,ORD00029067,SKU03215,Enterprise-wide attitude-oriented algorithm,Grocery,6.0,-9523.77,-57142.62,2025-04-17 06:00:00,2026-08-07 20:10:16,order_items.csv,2026-08-07,Negative unit_price
ITEM000137418,ORD00020176,SKU02497,Mandatory intangible process improvement,Home & Kitchen,,4129.81,,2025-04-17 06:00:00,2026-08-07 20:10:16,order_items.csv,2026-08-07,Missing quantity
ITEM000137485,ORD00009832,SKU03287,Monitored radical standardization,Toys,,3996.33,,2025-04-17 06:00:00,2026-08-07 20:10:16,order_items.csv,2026-08-07,Missing quantity
ITEM000137501,ORD00009984,SKU04396,Public-key multimedia emulation,Home & Kitchen,3.0,-2887.95,-8663.849999999999,2025-04-17 06:00:00,2026-08-07 20:10:16,order_items.csv,2026-08-07,Negative unit_price
ITEM000137552,ORD00014089,SKU02719,Reverse-engineered logistical Graphical User Inter,Books,,9305.86,,2025-04-17 06:00:00,2026-08-07 20:10:16,order_items.csv,2026-08-07,Missing quantity
ITEM000137601,ORD00002279,SKU04578,Adaptive 6thgeneration emulation,Sports,8.0,-1778.01,-14224.08,2025-04-17 06:00:00,2026-08-07 20:10:16,order_items.csv,2026-08-07,Negative unit_price
ITEM000137619,ORD00040995,SKU02018,Progressive coherent artificial intelligence,Electronics,,13651.12,,2025-04-17 06:00:00,2026-08-07 20:10:16,order_items.csv,2026-08-07,Missing quantity
ITEM000137686,ORD00043449,SKU00674,Multi-channeled 24/7 orchestration,Home & Kitchen,,1788.47,,2025-04-17 06:00:00,2026-08-07 20:10:16,order_items.csv,2026-08-07,Missing quantity
ITEM000137701,ORD00015421,SKU03704,Synchronized grid-enabled structure,Books,4.0,-4147.97,-16591.88,2025-04-17 06:00:00,2026-08-07 20:10:16,order_items.csv,2026-08-07,Negative unit_price
ITEM000137753,ORD00032719,SKU01821,Sharable maximized open system,Clothing,,12199.16,,2025-04-17 06:00:00,2026-08-07 20:10:16,order_items.csv,2026-08-07,Missing quantity
ITEM000137801,ORD00045686,SKU03832,Organized systemic parallelism,Beauty,8.0,-12558.59,-100468.72,2025-04-17 06:00:00,2026-08-07 20:10:16,order_items.csv,2026-08-07,Negative unit_price
ITEM000137820,ORD00026799,SKU03426,Monitored user-facing help-desk,Grocery,,3328.74,,2025-04-17 06:00:00,2026-08-07 20:10:16,order_items.csv,2026-08-07,Missing quantity
ITEM000137887,ORD00036722,SKU02632,Centralized radical circuit,Toys,,11509.57,,2025-04-17 06:00:00,2026-08-07 20:10:16,order_items.csv,2026-08-07,Missing quantity
ITEM000137901,ORD00020055,SKU03568,Future-proofed modular toolset,Books,3.0,-12578.68,-37736.04,2025-04-17 06:00:00,2026-08-07 20:10:16,order_items.csv,2026-08-07,Negative unit_price
ITEM000137954,ORD00017565,SKU02233,Future-proofed bandwidth-monitored encryption,Clothing,,12899.24,,2025-04-17 06:00:00,2026-08-07 20:10:16,order_items.csv,2026-08-07,Missing quantity
ITEM000138001,ORD00031423,SKU04838,Optimized grid-enabled protocol,Books,8.0,-13384.91,-107079.28,2025-04-17 06:00:00,2026-08-07 20:10:16,order_items.csv,2026-08-07,Negative unit_price
ITEM000138021,ORD00014391,SKU02480,Ergonomic stable monitoring,Clothing,,12790.0,,2025-04-17 06:00:00,2026-08-07 20:10:16,order_items.csv,2026-08-07,Missing quantity
ITEM000138088,ORD00015786,SKU01173,Operative directional help-desk,Beauty,,3078.86,,2025-04-17 06:00:00,2026-08-07 20:10:16,order_items.csv,2026-08-07,Missing quantity
ITEM000138101,ORD00040104,SKU02083,Intuitive real-time synergy,Toys,9.0,-2122.29,-19100.61,2025-04-17 06:00:00,2026-08-07 20:10:16,order_items.csv,2026-08-07,Negative unit_price
ITEM000138155,ORD00029946,SKU02554,Multi-lateral static open architecture,Clothing,,9775.13,,2025-04-17 06:00:00,2026-08-07 20:10:16,order_items.csv,2026-08-07,Missing quantity
ITEM000138201,ORD00019072,SKU04080,Vision-oriented needs-based installation,Beauty,5.0,-13575.27,-67876.35,2025-04-17 06:00:00,2026-08-07 20:10:16,order_items.csv,2026-08-07,Negative unit_price
ITEM000138222,ORD00039635,SKU00676,Quality-focused asymmetric utilization,Grocery,,6517.71,,2025-04-17 06:00:00,2026-08-07 20:10:16,order_items.csv,2026-08-07,Missing quantity
ITEM000138289,ORD00007265,SKU03675,Optimized logistical info-mediaries,Clothing,,7146.77,,2025-04-17 06:00:00,2026-08-07 20:10:16,order_items.csv,2026-08-07,Missing quantity
ITEM000138301,ORD00039129,SKU01893,Self-enabling executive moratorium,Sports,10.0,-4586.55,-45865.5,2025-04-17 06:00:00,2026-08-07 20:10:16,order_items.csv,2026-08-07,Negative unit_price
ITEM000138356,ORD00043347,SKU01832,Universal client-server attitude,Sports,,1029.91,,2025-04-17 06:00:00,2026-08-07 20:10:16,order_items.csv,2026-08-07,Missing quantity
ITEM000138401,ORD00017958,SKU01597,Sharable responsive matrix,Clothing,9.0,-7666.0,-68994.0,2025-04-17 06:00:00,2026-08-07 20:10:16,order_items.csv,2026-08-07,Negative unit_price
ITEM000138423,ORD00032211,SKU04992,Polarized incremental website,Clothing,,1160.33,,2025-04-17 06:00:00,2026-08-07 20:10:16,order_items.csv,2026-08-07,Missing quantity
ITEM000138490,ORD00010914,SKU01093,Down-sized directional Local Area Network,Electronics,,14775.94,,2025-04-17 06:00:00,2026-08-07 20:10:16,order_items.csv,2026-08-07,Missing quantity
ITEM000138501,ORD00036756,SKU02434,Decentralized 4thgeneration support,Toys,9.0,-5348.62,-48137.58,2025-04-17 06:00:00,2026-08-07 20:10:16,order_items.csv,2026-08-07,Negative unit_price
ITEM000138557,ORD00034308,SKU02961,Object-based maximized parallelism,Beauty,,5319.88,,2025-04-17 06:00:00,2026-08-07 20:10:16,order_items.csv,2026-08-07,Missing quantity
ITEM000138601,ORD00027632,SKU02828,Reduced executive matrices,Grocery,2.0,-4956.19,-9912.38,2025-04-17 06:00:00,2026-08-07 20:10:16,order_items.csv,2026-08-07,Negative unit_price
ITEM000138624,ORD00045944,SKU00312,Focused global alliance,Electronics,,2151.91,,2025-04-17 06:00:00,2026-08-07 20:10:16,order_items.csv,2026-08-07,Missing quantity
ITEM000138691,ORD00047407,SKU03997,Pre-emptive next generation capacity,Toys,,6611.35,,2025-04-17 06:00:00,2026-08-07 20:10:16,order_items.csv,2026-08-07,Missing quantity
ITEM000138701,ORD00028925,SKU00296,Object-based empowering function,Home & Kitchen,1.0,-11119.92,-11119.92,2025-04-17 06:00:00,2026-08-07 20:10:16,order_items.csv,2026-08-07,Negative unit_price
ITEM000138758,ORD00002630,SKU00233,Upgradable disintermediate Graphic Interface,Beauty,,8756.12,,2025-04-17 06:00:00,2026-08-07 20:10:16,order_items.csv,2026-08-07,Missing quantity
ITEM000138801,ORD00005957,SKU02414,Horizontal contextually-based open system,Grocery,7.0,-1130.91,-7916.370000000001,2025-04-17 06:00:00,2026-08-07 20:10:16,order_items.csv,2026-08-07,Negative unit_price
ITEM000138825,ORD00014558,SKU01212,Universal web-enabled definition,Sports,,8695.26,,2025-04-17 06:00:00,2026-08-07 20:10:16,order_items.csv,2026-08-07,Missing quantity
ITEM000138892,ORD00025114,SKU01677,Adaptive leadingedge complexity,Grocery,,3834.02,,2025-04-17 06:00:00,2026-08-07 20:10:16,order_items.csv,2026-08-07,Missing quantity
ITEM000138901,ORD00038969,SKU01591,Phased system-worthy website,Beauty,7.0,-13166.02,-92162.14,2025-04-17 06:00:00,2026-08-07 20:10:16,order_items.csv,2026-08-07,Negative unit_price
ITEM000138959,ORD00033063,SKU04154,Re-contextualized secondary collaboration,Sports,,6206.43,,2025-04-17 06:00:00,2026-08-07 20:10:16,order_items.csv,2026-08-07,Missing quantity
ITEM000139001,ORD00033261,SKU03370,Multi-lateral 24hour circuit,Beauty,6.0,-1552.4,-9314.400000000001,2025-04-17 06:00:00,2026-08-07 20:10:16,order_items.csv,2026-08-07,Negative unit_price
ITEM000139026,ORD00015243,SKU03230,Virtual 4thgeneration instruction set,Clothing,,4144.64,,2025-04-17 06:00:00,2026-08-07 20:10:16,order_items.csv,2026-08-07,Missing quantity
ITEM000139093,ORD00045807,SKU04282,Customer-focused asynchronous knowledgebase,Books,,11021.39,,2025-04-17 06:00:00,2026-08-07 20:10:16,order_items.csv,2026-08-07,Missing quantity
ITEM000139101,ORD00032253,SKU04110,Cross-group solution-oriented definition,Books,6.0,-2937.8,-17626.800000000003,2025-04-17 06:00:00,2026-08-07 20:10:16,order_items.csv,2026-08-07,Negative unit_price
ITEM000139160,ORD00009040,SKU00502,Cross-platform 5thgeneration interface,Toys,,4745.67,,2025-04-17 06:00:00,2026-08-07 20:10:16,order_items.csv,2026-08-07,Missing quantity
ITEM000139201,ORD00022934,SKU00520,Synchronized demand-driven moratorium,Clothing,7.0,-13805.3,-96637.09999999999,2025-04-17 06:00:00,2026-08-07 20:10:16,order_items.csv,2026-08-07,Negative unit_price
ITEM000139227,ORD00007537,SKU02723,Programmable motivating application,Home & Kitchen,,993.51,,2025-04-17 06:00:00,2026-08-07 20:10:16,order_items.csv,2026-08-07,Missing quantity
ITEM000139294,ORD00005671,SKU00454,Advanced 3rdgeneration archive,Electronics,,14123.64,,2025-04-17 06:00:00,2026-08-07 20:10:16,order_items.csv,2026-08-07,Missing quantity
ITEM000139301,ORD00002332,SKU03599,Cloned system-worthy leverage,Clothing,10.0,-1955.74,-19557.4,2025-04-17 06:00:00,2026-08-07 20:10:16,order_items.csv,2026-08-07,Negative unit_price
ITEM000139361,ORD00002387,SKU01728,Visionary heuristic core,Toys,,11597.76,,2025-04-17 06:00:00,2026-08-07 20:10:16,order_items.csv,2026-08-07,Missing quantity
ITEM000139401,ORD00027421,SKU00846,Digitized empowering database,Home & Kitchen,3.0,-10004.28,-30012.840000000004,2025-04-17 06:00:00,2026-08-07 20:10:16,order_items.csv,2026-08-07,Negative unit_price
ITEM000139428,ORD00030571,SKU04322,Up-sized uniform hierarchy,Sports,,2173.09,,2025-04-17 06:00:00,2026-08-07 20:10:16,order_items.csv,2026-08-07,Missing quantity
ITEM000139495,ORD00013412,SKU00619,Balanced methodical circuit,Sports,,10248.74,,2025-04-17 06:00:00,2026-08-07 20:10:16,order_items.csv,2026-08-07,Missing quantity
ITEM000139501,ORD00038014,SKU03824,Centralized analyzing policy,Home & Kitchen,7.0,-13604.89,-95234.23,2025-04-17 06:00:00,2026-08-07 20:10:16,order_items.csv,2026-08-07,Negative unit_price
ITEM000139562,ORD00038722,SKU04397,Optimized client-driven structure,Toys,,7318.57,,2025-04-17 06:00:00,2026-08-07 20:10:16,order_items.csv,2026-08-07,Missing quantity
ITEM000139601,ORD00027322,SKU03120,Exclusive context-sensitive knowledge user,Sports,8.0,-14483.89,-115871.12,2025-04-17 06:00:00,2026-08-07 20:10:16,order_items.csv,2026-08-07,Negative unit_price
ITEM000139629,ORD00031526,SKU00827,Profound zero administration system engine,Clothing,,1994.37,,2025-04-17 06:00:00,2026-08-07 20:10:16,order_items.csv,2026-08-07,Missing quantity
ITEM000139696,ORD00040683,SKU01035,Stand-alone mobile extranet,Beauty,,11303.48,,2025-04-17 06:00:00,2026-08-07 20:10:16,order_items.csv,2026-08-07,Missing quantity
ITEM000139701,ORD00029226,SKU01564,Cross-group multi-state structure,Beauty,3.0,-10504.77,-31514.31,2025-04-17 06:00:00,2026-08-07 20:10:16,order_items.csv,2026-08-07,Negative unit_price
ITEM000139763,ORD00015103,SKU02759,Polarized full-range emulation,Clothing,,6045.61,,2025-04-17 06:00:00,2026-08-07 20:10:16,order_items.csv,2026-08-07,Missing quantity
ITEM000139801,ORD00041532,SKU03600,Triple-buffered solution-oriented circuit,Sports,7.0,-11074.54,-77521.78,2025-04-17 06:00:00,2026-08-07 20:10:16,order_items.csv,2026-08-07,Negative unit_price
ITEM000139830,ORD00017748,SKU02228,Realigned modular moderator,Clothing,,12254.76,,2025-04-17 06:00:00,2026-08-07 20:10:16,order_items.csv,2026-08-07,Missing quantity
ITEM000139897,ORD00006815,SKU02321,Optional background synergy,Sports,,120.97,,2025-04-17 06:00:00,2026-08-07 20:10:16,order_items.csv,2026-08-07,Missing quantity
ITEM000139901,ORD00035549,SKU00948,Exclusive intermediate open system,Toys,9.0,-1818.03,-16362.27,2025-04-17 06:00:00,2026-08-07 20:10:16,order_items.csv,2026-08-07,Negative unit_price
ITEM000139964,ORD00040524,SKU01657,Pre-emptive multi-tasking help-desk,Beauty,,3189.27,,2025-04-17 06:00:00,2026-08-07 20:10:16,order_items.csv,2026-08-07,Missing quantity
ITEM000140001,ORD00038603,SKU04510,Diverse intermediate complexity,Sports,4.0,-5396.29,-21585.16,2025-04-17 06:00:00,2026-08-07 20:10:16,order_items.csv,2026-08-07,Negative unit_price
ITEM000140031,ORD00030106,SKU00076,Reverse-engineered tangible collaboration,Electronics,,11398.43,,2025-04-17 06:00:00,2026-08-07 20:10:16,order_items.csv,2026-08-07,Missing quantity
ITEM000140098,ORD00003401,SKU04867,Proactive multimedia instruction set,Beauty,,3713.13,,2025-04-17 06:00:00,2026-08-07 20:10:16,order_items.csv,2026-08-07,Missing quantity
ITEM000140101,ORD00012567,SKU00726,Public-key radical website,Home & Kitchen,7.0,-10429.5,-73006.5,2025-04-17 06:00:00,2026-08-07 20:10:16,order_items.csv,2026-08-07,Negative unit_price
ITEM000140165,ORD00003497,SKU01642,Configurable well-modulated array,Grocery,,7019.71,,2025-04-17 06:00:00,2026-08-07 20:10:16,order_items.csv,2026-08-07,Missing quantity
ITEM000140201,ORD00004662,SKU04198,Intuitive 24/7 framework,Clothing,4.0,-5628.23,-22512.92,2025-04-17 06:00:00,2026-08-07 20:10:16,order_items.csv,2026-08-07,Negative unit_price
ITEM000140232,ORD00047023,SKU00306,Proactive exuding intranet,Clothing,,10592.25,,2025-04-17 06:00:00,2026-08-07 20:10:16,order_items.csv,2026-08-07,Missing quantity
ITEM000140299,ORD00011353,SKU03063,Cross-platform motivating utilization,Clothing,,3163.55,,2025-04-17 06:00:00,2026-08-07 20:10:16,order_items.csv,2026-08-07,Missing quantity
ITEM000140301,ORD00001935,SKU02496,Ameliorated responsive support,Electronics,3.0,-73.4,-220.20000000000002,2025-04-17 06:00:00,2026-08-07 20:10:16,order_items.csv,2026-08-07,Negative unit_price
ITEM000140366,ORD00010198,SKU03329,Customer-focused multi-state solution,Home & Kitchen,,1105.52,,2025-04-17 06:00:00,2026-08-07 20:10:16,order_items.csv,2026-08-07,Missing quantity
ITEM000140401,ORD00028120,SKU03118,Progressive modular budgetary management,Grocery,3.0,-3044.28,-9132.84,2025-04-17 06:00:00,2026-08-07 20:10:16,order_items.csv,2026-08-07,Negative unit_price
ITEM000140433,ORD00006804,SKU04823,Re-engineered neutral methodology,Toys,,235.01,,2025-04-17 06:00:00,2026-08-07 20:10:16,order_items.csv,2026-08-07,Missing quantity
ITEM000140500,ORD00039851,SKU00818,Face-to-face interactive model,Grocery,,9080.44,,2025-04-17 06:00:00,2026-08-07 20:10:16,order_items.csv,2026-08-07,Missing quantity
ITEM000140501,ORD00021798,SKU00242,Open-source context-sensitive algorithm,Sports,9.0,-3643.86,-32794.74,2025-04-17 06:00:00,2026-08-07 20:10:16,order_items.csv,2026-08-07,Negative unit_price
ITEM000140567,ORD00009042,SKU01496,Optional heuristic secured line,Books,,1158.75,,2025-04-17 06:00:00,2026-08-07 20:10:16,order_items.csv,2026-08-07,Missing quantity
ITEM000140601,ORD00029434,SKU04165,Cross-platform zero administration product,Grocery,9.0,-7733.13,-69598.17,2025-04-17 06:00:00,2026-08-07 20:10:16,order_items.csv,2026-08-07,Negative unit_price
ITEM000140634,ORD00009970,SKU04863,Configurable neutral matrices,Grocery,,6197.08,,2025-04-17 06:00:00,2026-08-07 20:10:16,order_items.csv,2026-08-07,Missing quantity
ITEM000140701,ORD00029623,SKU00764,Extended needs-based moderator,Clothing,,-14657.71,,2025-04-17 06:00:00,2026-08-07 20:10:16,order_items.csv,2026-08-07,Missing quantity
ITEM000140768,ORD00002656,SKU04329,Horizontal interactive adapter,Beauty,,9195.19,,2025-04-17 06:00:00,2026-08-07 20:10:16,order_items.csv,2026-08-07,Missing quantity
ITEM000140801,ORD00026101,SKU02573,Face-to-face directional productivity,Grocery,3.0,-12103.27,-36309.81,2025-04-17 06:00:00,2026-08-07 20:10:16,order_items.csv,2026-08-07,Negative unit_price
ITEM000140835,ORD00043833,SKU04461,Synchronized interactive superstructure,Books,,10193.91,,2025-04-17 06:00:00,2026-08-07 20:10:16,order_items.csv,2026-08-07,Missing quantity
ITEM000140901,ORD00006557,SKU04899,Profit-focused object-oriented moratorium,Clothing,5.0,-3376.37,-16881.85,2025-04-17 06:00:00,2026-08-07 20:10:16,order_items.csv,2026-08-07,Negative unit_price
ITEM000140902,ORD00046807,SKU00954,Phased holistic service-desk,Sports,,9496.66,,2025-04-17 06:00:00,2026-08-07 20:10:16,order_items.csv,2026-08-07,Missing quantity
ITEM000140969,ORD00001899,SKU03440,Assimilated heuristic core,Sports,,990.23,,2025-04-17 06:00:00,2026-08-07 20:10:16,order_items.csv,2026-08-07,Missing quantity
ITEM000141001,ORD00014671,SKU03442,User-centric exuding array,Grocery,3.0,-5800.52,-17401.56,2025-04-17 06:00:00,2026-08-07 20:10:16,order_items.csv,2026-08-07,Negative unit_price
ITEM000141036,ORD00032453,SKU03984,Sharable high-level middleware,Toys,,178.38,,2025-04-17 06:00:00,2026-08-07 20:10:16,order_items.csv,2026-08-07,Missing quantity
ITEM000141101,ORD00029311,SKU00591,Streamlined leadingedge architecture,Books,2.0,-9440.54,-18881.08,2025-04-17 06:00:00,2026-08-07 20:10:16,order_items.csv,2026-08-07,Negative unit_price
ITEM000141103,ORD00027397,SKU03597,Cross-group incremental artificial intelligence,Beauty,,12404.44,,2025-04-17 06:00:00,2026-08-07 20:10:16,order_items.csv,2026-08-07,Missing quantity
ITEM000141170,ORD00041627,SKU01779,Persevering systematic contingency,Sports,,2596.58,,2025-04-17 06:00:00,2026-08-07 20:10:16,order_items.csv,2026-08-07,Missing quantity
ITEM000141201,ORD00049070,SKU03300,Persevering high-level workforce,Home & Kitchen,10.0,-12246.37,-122463.70000000001,2025-04-17 06:00:00,2026-08-07 20:10:16,order_items.csv,2026-08-07,Negative unit_price
ITEM000141237,ORD00023424,SKU01391,Reactive full-range leverage,Toys,,1655.2,,2025-04-17 06:00:00,2026-08-07 20:10:16,order_items.csv,2026-08-07,Missing quantity
ITEM000141301,ORD00001606,SKU04658,Progressive executive utilization,Books,6.0,-5675.24,-34051.44,2025-04-17 06:00:00,2026-08-07 20:10:16,order_items.csv,2026-08-07,Negative unit_price
ITEM000141304,ORD00002144,SKU03847,Streamlined optimal throughput,Sports,,9844.31,,2025-04-17 06:00:00,2026-08-07 20:10:16,order_items.csv,2026-08-07,Missing quantity
ITEM000141371,ORD00042845,SKU03691,Managed coherent leverage,Beauty,,1372.14,,2025-04-17 06:00:00,2026-08-07 20:10:16,order_items.csv,2026-08-07,Missing quantity
ITEM000141401,ORD00009050,SKU03701,Adaptive human-resource frame,Toys,8.0,-2818.5,-22548.0,2025-04-17 06:00:00,2026-08-07 20:10:16,order_items.csv,2026-08-07,Negative unit_price
ITEM000141438,ORD00046473,SKU04967,Multi-channeled national initiative,Home & Kitchen,,8201.12,,2025-04-17 06:00:00,2026-08-07 20:10:16,order_items.csv,2026-08-07,Missing quantity
ITEM000141501,ORD00011660,SKU03541,Managed regional infrastructure,Grocery,9.0,-2010.24,-18092.16,2025-04-17 06:00:00,2026-08-07 20:10:16,order_items.csv,2026-08-07,Negative unit_price
ITEM000141505,ORD00025623,SKU03007,Multi-lateral holistic array,Electronics,,10514.67,,2025-04-17 06:00:00,2026-08-07 20:10:16,order_items.csv,2026-08-07,Missing quantity
ITEM000141572,ORD00021820,SKU01424,Total actuating budgetary management,Books,,5506.38,,2025-04-17 06:00:00,2026-08-07 20:10:16,order_items.csv,2026-08-07,Missing quantity
ITEM000141601,ORD00018747,SKU02027,Down-sized mission-critical knowledge user,Toys,6.0,-1062.56,-6375.36,2025-04-17 06:00:00,2026-08-07 20:10:16,order_items.csv,2026-08-07,Negative unit_price
ITEM000141639,ORD00046578,SKU01788,Profit-focused cohesive contingency,Toys,,155.64,,2025-04-17 06:00:00,2026-08-07 20:10:16,order_items.csv,2026-08-07,Missing quantity
ITEM000141701,ORD00049743,SKU02187,Multi-tiered tertiary emulation,Toys,10.0,-8030.31,-80303.1,2025-04-17 06:00:00,2026-08-07 20:10:16,order_items.csv,2026-08-07,Negative unit_price
ITEM000141706,ORD00007322,SKU00915,Advanced tangible Graphical User Interface,Beauty,,6476.37,,2025-04-17 06:00:00,2026-08-07 20:10:16,order_items.csv,2026-08-07,Missing quantity
ITEM000141773,ORD00014769,SKU00446,Seamless dynamic portal,Books,,10732.96,,2025-04-17 06:00:00,2026-08-07 20:10:16,order_items.csv,2026-08-07,Missing quantity
ITEM000141801,ORD00015032,SKU03870,Reactive optimizing monitoring,Toys,9.0,-1676.72,-15090.48,2025-04-17 06:00:00,2026-08-07 20:10:16,order_items.csv,2026-08-07,Negative unit_price
ITEM000141840,ORD00025479,SKU03295,Programmable web-enabled orchestration,Books,,7862.68,,2025-04-17 06:00:00,2026-08-07 20:10:16,order_items.csv,2026-08-07,Missing quantity
ITEM000141901,ORD00041483,SKU04049,Reverse-engineered 24hour architecture,Grocery,6.0,-8423.02,-50538.12,2025-04-17 06:00:00,2026-08-07 20:10:16,order_items.csv,2026-08-07,Negative unit_price
ITEM000141907,ORD00003878,SKU00532,Monitored transitional knowledge user,Clothing,,4473.89,,2025-04-17 06:00:00,2026-08-07 20:10:16,order_items.csv,2026-08-07,Missing quantity
ITEM000141974,ORD00004159,SKU04295,Automated systematic access,Toys,,1139.26,,2025-04-17 06:00:00,2026-08-07 20:10:16,order_items.csv,2026-08-07,Missing quantity
ITEM000142001,ORD00023766,SKU00394,Mandatory bifurcated hierarchy,Electronics,8.0,-10849.38,-86795.04,2025-04-17 06:00:00,2026-08-07 20:10:16,order_items.csv,2026-08-07,Negative unit_price
ITEM000142041,ORD00036831,SKU03486,Horizontal asynchronous conglomeration,Home & Kitchen,,9503.47,,2025-04-17 06:00:00,2026-08-07 20:10:16,order_items.csv,2026-08-07,Missing quantity
ITEM000142101,ORD00001010,SKU03083,Mandatory systemic benchmark,Books,1.0,-10387.95,-10387.95,2025-04-17 06:00:00,2026-08-07 20:10:16,order_items.csv,2026-08-07,Negative unit_price
ITEM000142108,ORD00022881,SKU00002,Ergonomic empowering workforce,Clothing,,6597.28,,2025-04-17 06:00:00,2026-08-07 20:10:16,order_items.csv,2026-08-07,Missing quantity
ITEM000142175,ORD00002566,SKU00308,Switchable 24hour Local Area Network,Clothing,,2858.03,,2025-04-17 06:00:00,2026-08-07 20:10:16,order_items.csv,2026-08-07,Missing quantity
ITEM000142201,ORD00007326,SKU02450,Enhanced grid-enabled software,Home & Kitchen,10.0,-3637.89,-36378.9,2025-04-17 06:00:00,2026-08-07 20:10:16,order_items.csv,2026-08-07,Negative unit_price
ITEM000142242,ORD00009626,SKU04348,Multi-channeled incremental data-warehouse,Toys,,6898.99,,2025-04-17 06:00:00,2026-08-07 20:10:16,order_items.csv,2026-08-07,Missing quantity
ITEM000142301,ORD00016506,SKU00109,Synchronized user-facing Graphic Interface,Toys,5.0,-8236.02,-41180.100000000006,2025-04-17 06:00:00,2026-08-07 20:10:16,order_items.csv,2026-08-07,Negative unit_price
ITEM000142309,ORD00009017,SKU01404,Future-proofed object-oriented core,Clothing,,7954.74,,2025-04-17 06:00:00,2026-08-07 20:10:16,order_items.csv,2026-08-07,Missing quantity
ITEM000142376,ORD00033266,SKU00114,Automated maximized archive,Grocery,,10222.12,,2025-04-17 06:00:00,2026-08-07 20:10:16,order_items.csv,2026-08-07,Missing quantity
ITEM000142401,ORD00039966,SKU02251,User-friendly object-oriented website,Home & Kitchen,5.0,-4808.55,-24042.75,2025-04-17 06:00:00,2026-08-07 20:10:16,order_items.csv,2026-08-07,Negative unit_price
ITEM000142443,ORD00019680,SKU00319,Inverse interactive matrices,Home & Kitchen,,11029.35,,2025-04-17 06:00:00,2026-08-07 20:10:16,order_items.csv,2026-08-07,Missing quantity
ITEM000142501,ORD00043962,SKU02047,Configurable incremental ability,Books,7.0,-7313.32,-51193.24,2025-04-17 06:00:00,2026-08-07 20:10:16,order_items.csv,2026-08-07,Negative unit_price
ITEM000142510,ORD00008548,SKU04510,Diverse intermediate complexity,Sports,,5396.29,,2025-04-17 06:00:00,2026-08-07 20:10:16,order_items.csv,2026-08-07,Missing quantity
ITEM000142577,ORD00005428,SKU02262,Open-source neutral help-desk,Home & Kitchen,,7833.95,,2025-04-17 06:00:00,2026-08-07 20:10:16,order_items.csv,2026-08-07,Missing quantity
ITEM000142601,ORD00013021,SKU03712,Team-oriented responsive framework,Clothing,2.0,-6338.34,-12676.68,2025-04-17 06:00:00,2026-08-07 20:10:16,order_items.csv,2026-08-07,Negative unit_price
ITEM000142644,ORD00038998,SKU03434,Function-based optimizing circuit,Sports,,3722.96,,2025-04-17 06:00:00,2026-08-07 20:10:16,order_items.csv,2026-08-07,Missing quantity
ITEM000142701,ORD00024194,SKU03510,Organic even-keeled Graphical User Interface,Electronics,6.0,-3380.76,-20284.56,2025-04-17 06:00:00,2026-08-07 20:10:16,order_items.csv,2026-08-07,Negative unit_price
ITEM000142711,ORD00047398,SKU02215,Decentralized impactful throughput,Toys,,894.38,,2025-04-17 06:00:00,2026-08-07 20:10:16,order_items.csv,2026-08-07,Missing quantity
ITEM000142778,ORD00035059,SKU00101,Business-focused grid-enabled structure,Grocery,,482.1,,2025-04-17 06:00:00,2026-08-07 20:10:16,order_items.csv,2026-08-07,Missing quantity
ITEM000142801,ORD00010528,SKU01937,Sharable needs-based access,Books,1.0,-1719.96,-1719.96,2025-04-17 06:00:00,2026-08-07 20:10:16,order_items.csv,2026-08-07,Negative unit_price
ITEM000142845,ORD00032943,SKU00321,Front-line human-resource time-frame,Grocery,,8515.61,,2025-04-17 06:00:00,2026-08-07 20:10:16,order_items.csv,2026-08-07,Missing quantity
ITEM000142901,ORD00044631,SKU01139,Open-architected didactic framework,Beauty,7.0,-12727.18,-89090.26000000001,2025-04-17 06:00:00,2026-08-07 20:10:16,order_items.csv,2026-08-07,Negative unit_price
ITEM000142912,ORD00046625,SKU02731,Profit-focused exuding contingency,Toys,,14805.5,,2025-04-17 06:00:00,2026-08-07 20:10:16,order_items.csv,2026-08-07,Missing quantity
ITEM000142979,ORD00017031,SKU02308,Cross-group global pricing structure,Grocery,,9928.82,,2025-04-17 06:00:00,2026-08-07 20:10:16,order_items.csv,2026-08-07,Missing quantity
ITEM000143001,ORD00022043,SKU01791,Up-sized clear-thinking array,Toys,5.0,-13986.59,-69932.95,2025-04-17 06:00:00,2026-08-07 20:10:16,order_items.csv,2026-08-07,Negative unit_price
ITEM000143046,ORD00011296,SKU01565,Balanced foreground website,Home & Kitchen,,11935.78,,2025-04-17 06:00:00,2026-08-07 20:10:16,order_items.csv,2026-08-07,Missing quantity
ITEM000143101,ORD00030576,SKU00698,Decentralized uniform solution,Grocery,6.0,-12623.07,-75738.42,2025-04-17 06:00:00,2026-08-07 20:10:16,order_items.csv,2026-08-07,Negative unit_price
ITEM000143113,ORD00004024,SKU01891,Innovative encompassing portal,Sports,,11285.29,,2025-04-17 06:00:00,2026-08-07 20:10:16,order_items.csv,2026-08-07,Missing quantity
ITEM000143180,ORD00014559,SKU00977,Distributed modular solution,Clothing,,1925.48,,2025-04-17 06:00:00,2026-08-07 20:10:16,order_items.csv,2026-08-07,Missing quantity
ITEM000143201,ORD00010247,SKU04937,User-friendly transitional forecast,Electronics,4.0,-8705.19,-34820.76,2025-04-17 06:00:00,2026-08-07 20:10:16,order_items.csv,2026-08-07,Negative unit_price
ITEM000143247,ORD00005084,SKU00184,Advanced methodical flexibility,Home & Kitchen,,9879.74,,2025-04-17 06:00:00,2026-08-07 20:10:16,order_items.csv,2026-08-07,Missing quantity
ITEM000143301,ORD00031553,SKU02713,Business-focused incremental instruction set,Clothing,1.0,-605.7,-605.7,2025-04-17 06:00:00,2026-08-07 20:10:16,order_items.csv,2026-08-07,Negative unit_price
ITEM000143314,ORD00029037,SKU03934,Multi-channeled web-enabled data-warehouse,Electronics,,431.5,,2025-04-17 06:00:00,2026-08-07 20:10:16,order_items.csv,2026-08-07,Missing quantity
ITEM000143381,ORD00022706,SKU02842,Diverse full-range utilization,Clothing,,3388.81,,2025-04-17 06:00:00,2026-08-07 20:10:16,order_items.csv,2026-08-07,Missing quantity
ITEM000143401,ORD00016367,SKU01257,Persevering tertiary framework,Books,10.0,-6668.12,-66681.2,2025-04-17 06:00:00,2026-08-07 20:10:16,order_items.csv,2026-08-07,Negative unit_price
ITEM000143448,ORD00041898,SKU01255,Persevering actuating pricing structure,Books,,4162.39,,2025-04-17 06:00:00,2026-08-07 20:10:16,order_items.csv,2026-08-07,Missing quantity
ITEM000143501,ORD00005019,SKU00919,Seamless encompassing policy,Toys,3.0,-440.16,-1320.48,2025-04-17 06:00:00,2026-08-07 20:10:16,order_items.csv,2026-08-07,Negative unit_price
ITEM000143515,ORD00031430,SKU02825,Visionary national paradigm,Clothing,,6363.02,,2025-04-17 06:00:00,2026-08-07 20:10:16,order_items.csv,2026-08-07,Missing quantity
ITEM000143582,ORD00045882,SKU03251,Phased optimal groupware,Electronics,,8265.09,,2025-04-17 06:00:00,2026-08-07 20:10:16,order_items.csv,2026-08-07,Missing quantity
ITEM000143601,ORD00020055,SKU04852,Devolved reciprocal process improvement,Electronics,2.0,-8106.69,-16213.38,2025-04-17 06:00:00,2026-08-07 20:10:16,order_items.csv,2026-08-07,Negative unit_price
ITEM000143649,ORD00020252,SKU04178,Public-key asymmetric architecture,Grocery,,965.62,,2025-04-17 06:00:00,2026-08-07 20:10:16,order_items.csv,2026-08-07,Missing quantity
ITEM000143701,ORD00039255,SKU00458,Secured clear-thinking infrastructure,Grocery,9.0,-14243.44,-128190.96,2025-04-17 06:00:00,2026-08-07 20:10:16,order_items.csv,2026-08-07,Negative unit_price
ITEM000143716,ORD00006589,SKU04710,Stand-alone systemic flexibility,Toys,,14414.92,,2025-04-17 06:00:00,2026-08-07 20:10:16,order_items.csv,2026-08-07,Missing quantity
ITEM000143783,ORD00047777,SKU02145,Monitored bandwidth-monitored Graphic Interface,Toys,,5804.82,,2025-04-17 06:00:00,2026-08-07 20:10:16,order_items.csv,2026-08-07,Missing quantity
ITEM000143801,ORD00040026,SKU00071,Upgradable contextually-based capacity,Clothing,5.0,-9456.32,-47281.6,2025-04-17 06:00:00,2026-08-07 20:10:16,order_items.csv,2026-08-07,Negative unit_price
ITEM000143850,ORD00008498,SKU04110,Cross-group solution-oriented definition,Books,,2937.8,,2025-04-17 06:00:00,2026-08-07 20:10:16,order_items.csv,2026-08-07,Missing quantity
ITEM000143901,ORD00007330,SKU03320,Reactive motivating project,Toys,8.0,-12025.73,-96205.84,2025-04-17 06:00:00,2026-08-07 20:10:16,order_items.csv,2026-08-07,Negative unit_price
ITEM000143917,ORD00023938,SKU02921,Implemented optimizing encryption,Beauty,,14940.53,,2025-04-17 06:00:00,2026-08-07 20:10:16,order_items.csv,2026-08-07,Missing quantity
ITEM000143984,ORD00032920,SKU00984,Down-sized tertiary encryption,Electronics,,13778.64,,2025-04-17 06:00:00,2026-08-07 20:10:16,order_items.csv,2026-08-07,Missing quantity
ITEM000144001,ORD00012267,SKU01952,Horizontal hybrid info-mediaries,Sports,4.0,-12470.13,-49880.52,2025-04-17 06:00:00,2026-08-07 20:10:16,order_items.csv,2026-08-07,Negative unit_price
ITEM000144051,ORD00045410,SKU03993,Organized national utilization,Clothing,,11142.53,,2025-04-17 06:00:00,2026-08-07 20:10:16,order_items.csv,2026-08-07,Missing quantity
ITEM000144101,ORD00033083,SKU03045,Extended 24hour matrices,Sports,7.0,-14884.91,-104194.37,2025-04-17 06:00:00,2026-08-07 20:10:16,order_items.csv,2026-08-07,Negative unit_price
ITEM000144118,ORD00048957,SKU03366,Customer-focused local array,Books,,3652.61,,2025-04-17 06:00:00,2026-08-07 20:10:16,order_items.csv,2026-08-07,Missing quantity
ITEM000144185,ORD00033163,SKU02596,Enhanced holistic complexity,Grocery,,9877.33,,2025-04-17 06:00:00,2026-08-07 20:10:16,order_items.csv,2026-08-07,Missing quantity
ITEM000144201,ORD00027242,SKU04966,Re-engineered 4thgeneration extranet,Books,5.0,-12500.66,-62503.3,2025-04-17 06:00:00,2026-08-07 20:10:16,order_items.csv,2026-08-07,Negative unit_price
ITEM000144252,ORD00035295,SKU00341,Synchronized executive installation,Grocery,,2290.38,,2025-04-17 06:00:00,2026-08-07 20:10:16,order_items.csv,2026-08-07,Missing quantity
ITEM000144301,ORD00006596,SKU03524,Cloned motivating info-mediaries,Beauty,7.0,-2945.5,-20618.5,2025-04-17 06:00:00,2026-08-07 20:10:16,order_items.csv,2026-08-07,Negative unit_price
ITEM000144319,ORD00029438,SKU02043,Profound contextually-based policy,Sports,,960.24,,2025-04-17 06:00:00,2026-08-07 20:10:16,order_items.csv,2026-08-07,Missing quantity
ITEM000144386,ORD00046271,SKU03916,Multi-tiered bifurcated toolset,Toys,,2710.19,,2025-04-17 06:00:00,2026-08-07 20:10:16,order_items.csv,2026-08-07,Missing quantity
ITEM000144401,ORD00018581,SKU01138,Compatible grid-enabled algorithm,Sports,10.0,-9323.46,-93234.59999999999,2025-04-17 06:00:00,2026-08-07 20:10:16,order_items.csv,2026-08-07,Negative unit_price
ITEM000144453,ORD00021412,SKU02023,Multi-channeled discrete process improvement,Toys,,9287.4,,2025-04-17 06:00:00,2026-08-07 20:10:16,order_items.csv,2026-08-07,Missing quantity
ITEM000144501,ORD00008623,SKU01044,Re-contextualized well-modulated success,Books,2.0,-10181.91,-20363.82,2025-04-17 06:00:00,2026-08-07 20:10:16,order_items.csv,2026-08-07,Negative unit_price
ITEM000144520,ORD00009510,SKU04359,Mandatory global time-frame,Clothing,,10038.89,,2025-04-17 06:00:00,2026-08-07 20:10:16,order_items.csv,2026-08-07,Missing quantity
ITEM000144587,ORD00030642,SKU04999,Configurable analyzing access,Toys,,14467.92,,2025-04-17 06:00:00,2026-08-07 20:10:16,order_items.csv,2026-08-07,Missing quantity
ITEM000144601,ORD00040962,SKU01722,Decentralized 6thgeneration monitoring,Beauty,2.0,-822.49,-1644.98,2025-04-17 06:00:00,2026-08-07 20:10:16,order_items.csv,2026-08-07,Negative unit_price
ITEM000144654,ORD00020176,SKU04654,Reactive background infrastructure,Home & Kitchen,,6989.2,,2025-04-17 06:00:00,2026-08-07 20:10:16,order_items.csv,2026-08-07,Missing quantity
ITEM000144701,ORD00032182,SKU03855,Inverse bi-directional website,Sports,6.0,-13250.25,-79501.5,2025-04-17 06:00:00,2026-08-07 20:10:16,order_items.csv,2026-08-07,Negative unit_price
ITEM000144721,ORD00007415,SKU03071,Synergistic responsive implementation,Electronics,,5663.33,,2025-04-17 06:00:00,2026-08-07 20:10:16,order_items.csv,2026-08-07,Missing quantity
ITEM000144788,ORD00000932,SKU02410,Function-based explicit knowledgebase,Sports,,10264.49,,2025-04-17 06:00:00,2026-08-07 20:10:16,order_items.csv,2026-08-07,Missing quantity
ITEM000144801,ORD00032627,SKU02762,Distributed discrete frame,Sports,4.0,-14910.31,-59641.24,2025-04-17 06:00:00,2026-08-07 20:10:16,order_items.csv,2026-08-07,Negative unit_price
ITEM000144855,ORD00013285,SKU01275,Realigned modular solution,Clothing,,10246.82,,2025-04-17 06:00:00,2026-08-07 20:10:16,order_items.csv,2026-08-07,Missing quantity
ITEM000144901,ORD00038813,SKU04090,Seamless value-added concept,Clothing,9.0,-11121.29,-100091.61000000002,2025-04-17 06:00:00,2026-08-07 20:10:16,order_items.csv,2026-08-07,Negative unit_price
ITEM000144922,ORD00026197,SKU02320,Total tertiary methodology,Home & Kitchen,,5366.07,,2025-04-17 06:00:00,2026-08-07 20:10:16,order_items.csv,2026-08-07,Missing quantity
ITEM000144989,ORD00012357,SKU00547,Universal contextually-based software,Sports,,6640.14,,2025-04-17 06:00:00,2026-08-07 20:10:16,order_items.csv,2026-08-07,Missing quantity
ITEM000145001,ORD00046150,SKU04578,Adaptive 6thgeneration emulation,Sports,2.0,-1778.01,-3556.02,2025-04-17 06:00:00,2026-08-07 20:10:16,order_items.csv,2026-08-07,Negative unit_price
ITEM000145056,ORD00010959,SKU00242,Open-source context-sensitive algorithm,Sports,,3643.86,,2025-04-17 06:00:00,2026-08-07 20:10:16,order_items.csv,2026-08-07,Missing quantity
ITEM000145101,ORD00035836,SKU01356,Optional exuding software,Beauty,7.0,-9711.14,-67977.98,2025-04-17 06:00:00,2026-08-07 20:10:16,order_items.csv,2026-08-07,Negative unit_price
ITEM000145123,ORD00028050,SKU03931,Realigned systematic project,Clothing,,2071.34,,2025-04-17 06:00:00,2026-08-07 20:10:16,order_items.csv,2026-08-07,Missing quantity
ITEM000145190,ORD00026545,SKU00097,Cloned 24/7 synergy,Toys,,5388.17,,2025-04-17 06:00:00,2026-08-07 20:10:16,order_items.csv,2026-08-07,Missing quantity
ITEM000145201,ORD00031237,SKU03371,Reactive dynamic orchestration,Toys,3.0,-6674.79,-20024.37,2025-04-17 06:00:00,2026-08-07 20:10:16,order_items.csv,2026-08-07,Negative unit_price
ITEM000145257,ORD00027037,SKU02400,Ergonomic value-added open architecture,Sports,,1434.52,,2025-04-17 06:00:00,2026-08-07 20:10:16,order_items.csv,2026-08-07,Missing quantity
ITEM000145301,ORD00045047,SKU01443,Customer-focused explicit alliance,Clothing,9.0,-6837.5,-61537.5,2025-04-17 06:00:00,2026-08-07 20:10:16,order_items.csv,2026-08-07,Negative unit_price
ITEM000145324,ORD00041506,SKU04796,Expanded contextually-based toolset,Beauty,,10691.95,,2025-04-17 06:00:00,2026-08-07 20:10:16,order_items.csv,2026-08-07,Missing quantity
ITEM000145391,ORD00006376,SKU02961,Object-based maximized parallelism,Beauty,,5319.88,,2025-04-17 06:00:00,2026-08-07 20:10:16,order_items.csv,2026-08-07,Missing quantity
ITEM000145401,ORD00018876,SKU04618,Multi-channeled dedicated system engine,Toys,7.0,-2945.73,-20620.11,2025-04-17 06:00:00,2026-08-07 20:10:16,order_items.csv,2026-08-07,Negative unit_price
ITEM000145458,ORD00035521,SKU04499,Universal multi-tasking complexity,Sports,,8578.68,,2025-04-17 06:00:00,2026-08-07 20:10:16,order_items.csv,2026-08-07,Missing quantity
ITEM000145501,ORD00024513,SKU01324,Enterprise-wide system-worthy intranet,Electronics,3.0,-12377.13,-37131.39,2025-04-17 06:00:00,2026-08-07 20:10:16,order_items.csv,2026-08-07,Negative unit_price
ITEM000145525,ORD00010627,SKU04609,Customer-focused multi-tasking open system,Electronics,,836.98,,2025-04-17 06:00:00,2026-08-07 20:10:16,order_items.csv,2026-08-07,Missing quantity
ITEM000145592,ORD00026650,SKU00990,Universal disintermediate challenge,Toys,,10702.83,,2025-04-17 06:00:00,2026-08-07 20:10:16,order_items.csv,2026-08-07,Missing quantity
ITEM000145601,ORD00023920,SKU03683,Innovative multi-tasking structure,Books,3.0,-13697.25,-41091.75,2025-04-17 06:00:00,2026-08-07 20:10:16,order_items.csv,2026-08-07,Negative unit_price
ITEM000145659,ORD00020935,SKU00501,Integrated interactive service-desk,Books,,14789.44,,2025-04-17 06:00:00,2026-08-07 20:10:16,order_items.csv,2026-08-07,Missing quantity
ITEM000145701,ORD00031529,SKU03689,Re-engineered context-sensitive intranet,Home & Kitchen,7.0,-4796.75,-33577.25,2025-04-17 06:00:00,2026-08-07 20:10:16,order_items.csv,2026-08-07,Negative unit_price
ITEM000145726,ORD00038537,SKU04255,Profit-focused high-level alliance,Home & Kitchen,,8641.76,,2025-04-17 06:00:00,2026-08-07 20:10:16,order_items.csv,2026-08-07,Missing quantity
ITEM000145793,ORD00000487,SKU00935,Grass-roots mobile help-desk,Electronics,,14459.64,,2025-04-17 06:00:00,2026-08-07 20:10:16,order_items.csv,2026-08-07,Missing quantity
ITEM000145801,ORD00021958,SKU00940,Profound mobile time-frame,Toys,4.0,-6345.32,-25381.28,2025-04-17 06:00:00,2026-08-07 20:10:16,order_items.csv,2026-08-07,Negative unit_price
ITEM000145860,ORD00010957,SKU02887,Focused contextually-based budgetary management,Grocery,,9056.45,,2025-04-17 06:00:00,2026-08-07 20:10:16,order_items.csv,2026-08-07,Missing quantity
ITEM000145901,ORD00011574,SKU00845,Profit-focused dynamic capacity,Books,9.0,-12475.87,-112282.83,2025-04-17 06:00:00,2026-08-07 20:10:16,order_items.csv,2026-08-07,Negative unit_price
ITEM000145927,ORD00036937,SKU02947,Open-architected asynchronous model,Sports,,1510.15,,2025-04-17 06:00:00,2026-08-07 20:10:16,order_items.csv,2026-08-07,Missing quantity
ITEM000145994,ORD00005261,SKU04224,Public-key uniform superstructure,Books,,9751.75,,2025-04-17 06:00:00,2026-08-07 20:10:16,order_items.csv,2026-08-07,Missing quantity
ITEM000146001,ORD00046423,SKU03366,Customer-focused local array,Books,5.0,-3652.61,-18263.05,2025-04-17 06:00:00,2026-08-07 20:10:16,order_items.csv,2026-08-07,Negative unit_price
ITEM000146061,ORD00043554,SKU03723,Innovative well-modulated emulation,Beauty,,156.22,,2025-04-17 06:00:00,2026-08-07 20:10:16,order_items.csv,2026-08-07,Missing quantity
ITEM000146101,ORD00027458,SKU04437,Vision-oriented asymmetric process improvement,Home & Kitchen,9.0,-12487.91,-112391.19,2025-04-17 06:00:00,2026-08-07 20:10:16,order_items.csv,2026-08-07,Negative unit_price
ITEM000146128,ORD00002235,SKU03670,Integrated object-oriented infrastructure,Grocery,,12737.44,,2025-04-17 06:00:00,2026-08-07 20:10:16,order_items.csv,2026-08-07,Missing quantity
ITEM000146195,ORD00033760,SKU00789,Advanced solution-oriented core,Home & Kitchen,,4284.46,,2025-04-17 06:00:00,2026-08-07 20:10:16,order_items.csv,2026-08-07,Missing quantity
ITEM000146201,ORD00044734,SKU03769,Centralized radical data-warehouse,Home & Kitchen,8.0,-9798.64,-78389.12,2025-04-17 06:00:00,2026-08-07 20:10:16,order_items.csv,2026-08-07,Negative unit_price
ITEM000146262,ORD00046711,SKU04768,Mandatory client-driven synergy,Home & Kitchen,,4995.41,,2025-04-17 06:00:00,2026-08-07 20:10:16,order_items.csv,2026-08-07,Missing quantity
ITEM000146301,ORD00017098,SKU00584,Reduced attitude-oriented Internet solution,Toys,2.0,-1153.3,-2306.6,2025-04-17 06:00:00,2026-08-07 20:10:16,order_items.csv,2026-08-07,Negative unit_price
ITEM000146329,ORD00049659,SKU01533,Managed bifurcated collaboration,Clothing,,12225.88,,2025-04-17 06:00:00,2026-08-07 20:10:16,order_items.csv,2026-08-07,Missing quantity
ITEM000146396,ORD00007445,SKU04680,Sharable contextually-based attitude,Grocery,,12654.16,,2025-04-17 06:00:00,2026-08-07 20:10:16,order_items.csv,2026-08-07,Missing quantity
ITEM000146401,ORD00005104,SKU00582,Expanded mission-critical middleware,Home & Kitchen,9.0,-5871.98,-52847.81999999999,2025-04-17 06:00:00,2026-08-07 20:10:16,order_items.csv,2026-08-07,Negative unit_price
ITEM000146463,ORD00000649,SKU02480,Ergonomic stable monitoring,Clothing,,12790.0,,2025-04-17 06:00:00,2026-08-07 20:10:16,order_items.csv,2026-08-07,Missing quantity
ITEM000146501,ORD00011301,SKU02044,Synergized encompassing attitude,Beauty,7.0,-6108.93,-42762.51,2025-04-17 06:00:00,2026-08-07 20:10:16,order_items.csv,2026-08-07,Negative unit_price
ITEM000146530,ORD00027806,SKU02157,Object-based mobile alliance,Clothing,,7532.44,,2025-04-17 06:00:00,2026-08-07 20:10:16,order_items.csv,2026-08-07,Missing quantity
ITEM000146597,ORD00042045,SKU02392,Focused systematic attitude,Beauty,,3393.77,,2025-04-17 06:00:00,2026-08-07 20:10:16,order_items.csv,2026-08-07,Missing quantity
ITEM000146601,ORD00013118,SKU00401,Optional hybrid superstructure,Books,9.0,-12040.98,-108368.81999999999,2025-04-17 06:00:00,2026-08-07 20:10:16,order_items.csv,2026-08-07,Negative unit_price
ITEM000146664,ORD00004803,SKU02444,Profit-focused tangible artificial intelligence,Books,,8670.3,,2025-04-17 06:00:00,2026-08-07 20:10:16,order_items.csv,2026-08-07,Missing quantity
ITEM000146701,ORD00038474,SKU03236,Open-architected zero tolerance extranet,Books,8.0,-10890.51,-87124.08,2025-04-17 06:00:00,2026-08-07 20:10:16,order_items.csv,2026-08-07,Negative unit_price
ITEM000146731,ORD00003958,SKU00305,Phased real-time neural-net,Grocery,,9695.34,,2025-04-17 06:00:00,2026-08-07 20:10:16,order_items.csv,2026-08-07,Missing quantity
ITEM000146798,ORD00044118,SKU03540,Versatile secondary groupware,Electronics,,7158.16,,2025-04-17 06:00:00,2026-08-07 20:10:16,order_items.csv,2026-08-07,Missing quantity
ITEM000146801,ORD00040469,SKU01979,Team-oriented executive application,Electronics,10.0,-13419.48,-134194.8,2025-04-17 06:00:00,2026-08-07 20:10:16,order_items.csv,2026-08-07,Negative unit_price
ITEM000146865,ORD00016906,SKU03851,Grass-roots didactic algorithm,Grocery,,5488.67,,2025-04-17 06:00:00,2026-08-07 20:10:16,order_items.csv,2026-08-07,Missing quantity
ITEM000146901,ORD00020328,SKU00291,Devolved global benchmark,Sports,8.0,-14622.92,-116983.36,2025-04-17 06:00:00,2026-08-07 20:10:16,order_items.csv,2026-08-07,Negative unit_price
ITEM000146932,ORD00022229,SKU02449,Object-based multi-state Internet solution,Toys,,12163.02,,2025-04-17 06:00:00,2026-08-07 20:10:16,order_items.csv,2026-08-07,Missing quantity
ITEM000146999,ORD00036735,SKU02020,Optional asynchronous time-frame,Books,,9601.13,,2025-04-17 06:00:00,2026-08-07 20:10:16,order_items.csv,2026-08-07,Missing quantity
ITEM000147001,ORD00048701,SKU04490,Exclusive scalable task-force,Electronics,10.0,-10754.59,-107545.9,2025-04-17 06:00:00,2026-08-07 20:10:16,order_items.csv,2026-08-07,Negative unit_price
ITEM000147066,ORD00004179,SKU02751,Pre-emptive cohesive benchmark,Home & Kitchen,,3992.81,,2025-04-17 06:00:00,2026-08-07 20:10:16,order_items.csv,2026-08-07,Missing quantity
ITEM000147101,ORD00044236,SKU04487,Versatile homogeneous hierarchy,Toys,10.0,-14363.54,-143635.40000000002,2025-04-17 06:00:00,2026-08-07 20:10:16,order_items.csv,2026-08-07,Negative unit_price
ITEM000147133,ORD00032451,SKU04238,Grass-roots motivating software,Sports,,9500.38,,2025-04-17 06:00:00,2026-08-07 20:10:16,order_items.csv,2026-08-07,Missing quantity
ITEM000147200,ORD00007989,SKU03068,Distributed client-server Graphical User Interface,Grocery,,6137.13,,2025-04-17 06:00:00,2026-08-07 20:10:16,order_items.csv,2026-08-07,Missing quantity
ITEM000147201,ORD00010286,SKU01826,Multi-layered cohesive intranet,Sports,6.0,-12241.86,-73451.16,2025-04-17 06:00:00,2026-08-07 20:10:16,order_items.csv,2026-08-07,Negative unit_price
ITEM000147267,ORD00013330,SKU02634,Centralized motivating conglomeration,Sports,,298.86,,2025-04-17 06:00:00,2026-08-07 20:10:16,order_items.csv,2026-08-07,Missing quantity
ITEM000147301,ORD00046868,SKU00989,Persistent discrete circuit,Clothing,10.0,-1187.2,-11872.0,2025-04-17 06:00:00,2026-08-07 20:10:16,order_items.csv,2026-08-07,Negative unit_price
ITEM000147334,ORD00004506,SKU04721,Cross-platform high-level Local Area Network,Books,,3529.77,,2025-04-17 06:00:00,2026-08-07 20:10:16,order_items.csv,2026-08-07,Missing quantity
ITEM000147401,ORD00010078,SKU02440,Robust value-added process improvement,Home & Kitchen,,-14898.6,,2025-04-17 06:00:00,2026-08-07 20:10:16,order_items.csv,2026-08-07,Missing quantity
ITEM000147468,ORD00003741,SKU00163,Re-contextualized 24hour extranet,Sports,,5053.42,,2025-04-17 06:00:00,2026-08-07 20:10:16,order_items.csv,2026-08-07,Missing quantity
ITEM000147501,ORD00030600,SKU04676,Balanced client-server pricing structure,Books,6.0,-13115.87,-78695.22,2025-04-17 06:00:00,2026-08-07 20:10:16,order_items.csv,2026-08-07,Negative unit_price
ITEM000147535,ORD00015994,SKU04897,Phased contextually-based Graphical User Interface,Toys,,13308.03,,2025-04-17 06:00:00,2026-08-07 20:10:16,order_items.csv,2026-08-07,Missing quantity
ITEM000147601,ORD00010879,SKU02879,Upgradable fault-tolerant array,Electronics,1.0,-5844.6,-5844.6,2025-04-17 06:00:00,2026-08-07 20:10:16,order_items.csv,2026-08-07,Negative unit_price
ITEM000147602,ORD00027060,SKU03161,Universal transitional application,Grocery,,5183.26,,2025-04-17 06:00:00,2026-08-07 20:10:16,order_items.csv,2026-08-07,Missing quantity
ITEM000147669,ORD00030107,SKU04677,Pre-emptive leadingedge open system,Clothing,,12680.78,,2025-04-17 06:00:00,2026-08-07 20:10:16,order_items.csv,2026-08-07,Missing quantity
ITEM000147701,ORD00003102,SKU00261,Balanced solution-oriented task-force,Grocery,8.0,-8167.79,-65342.32,2025-04-17 06:00:00,2026-08-07 20:10:16,order_items.csv,2026-08-07,Negative unit_price
ITEM000147736,ORD00034748,SKU03136,Enhanced non-volatile product,Toys,,2841.4,,2025-04-17 06:00:00,2026-08-07 20:10:16,order_items.csv,2026-08-07,Missing quantity
ITEM000147801,ORD00007029,SKU02331,Public-key clear-thinking workforce,Grocery,5.0,-13200.98,-66004.9,2025-04-17 06:00:00,2026-08-07 20:10:16,order_items.csv,2026-08-07,Negative unit_price
ITEM000147803,ORD00042445,SKU02516,Virtual incremental info-mediaries,Clothing,,11204.46,,2025-04-17 06:00:00,2026-08-07 20:10:16,order_items.csv,2026-08-07,Missing quantity
ITEM000147870,ORD00001555,SKU01538,Virtual full-range matrix,Electronics,,13591.18,,2025-04-17 06:00:00,2026-08-07 20:10:16,order_items.csv,2026-08-07,Missing quantity
ITEM000147901,ORD00019188,SKU01014,Enhanced maximized budgetary management,Toys,6.0,-14625.78,-87754.68000000001,2025-04-17 06:00:00,2026-08-07 20:10:16,order_items.csv,2026-08-07,Negative unit_price
ITEM000147937,ORD00016097,SKU02997,Reactive homogeneous frame,Sports,,6040.63,,2025-04-17 06:00:00,2026-08-07 20:10:16,order_items.csv,2026-08-07,Missing quantity
ITEM000148001,ORD00032744,SKU02557,Stand-alone methodical concept,Toys,3.0,-1236.72,-3710.16,2025-04-17 06:00:00,2026-08-07 20:10:16,order_items.csv,2026-08-07,Negative unit_price
ITEM000148004,ORD00005489,SKU04350,Realigned analyzing project,Toys,,14972.91,,2025-04-17 06:00:00,2026-08-07 20:10:16,order_items.csv,2026-08-07,Missing quantity
ITEM000148071,ORD00026415,SKU02683,Virtual empowering pricing structure,Books,,7356.26,,2025-04-17 06:00:00,2026-08-07 20:10:16,order_items.csv,2026-08-07,Missing quantity
ITEM000148101,ORD00014637,SKU02411,Reactive incremental neural-net,Beauty,10.0,-3761.5,-37615.0,2025-04-17 06:00:00,2026-08-07 20:10:16,order_items.csv,2026-08-07,Negative unit_price
ITEM000148138,ORD00018426,SKU04931,Adaptive analyzing project,Clothing,,9230.96,,2025-04-17 06:00:00,2026-08-07 20:10:16,order_items.csv,2026-08-07,Missing quantity
ITEM000148201,ORD00006487,SKU01236,Distributed uniform artificial intelligence,Toys,10.0,-6840.13,-68401.3,2025-04-17 06:00:00,2026-08-07 20:10:16,order_items.csv,2026-08-07,Negative unit_price
ITEM000148205,ORD00047664,SKU02943,Object-based bottom-line knowledgebase,Home & Kitchen,,3161.99,,2025-04-17 06:00:00,2026-08-07 20:10:16,order_items.csv,2026-08-07,Missing quantity
ITEM000148272,ORD00029984,SKU02225,Intuitive radical open system,Grocery,,5378.17,,2025-04-17 06:00:00,2026-08-07 20:10:16,order_items.csv,2026-08-07,Missing quantity
ITEM000148301,ORD00018736,SKU01304,Persevering modular project,Toys,4.0,-5747.41,-22989.64,2025-04-17 06:00:00,2026-08-07 20:10:16,order_items.csv,2026-08-07,Negative unit_price
ITEM000148339,ORD00028977,SKU04054,Versatile grid-enabled knowledge user,Electronics,,11670.66,,2025-04-17 06:00:00,2026-08-07 20:10:16,order_items.csv,2026-08-07,Missing quantity
ITEM000148401,ORD00022892,SKU04861,User-centric mobile hardware,Grocery,8.0,-853.37,-6826.96,2025-04-17 06:00:00,2026-08-07 20:10:16,order_items.csv,2026-08-07,Negative unit_price
ITEM000148406,ORD00008484,SKU00572,Ergonomic dedicated application,Clothing,,7191.48,,2025-04-17 06:00:00,2026-08-07 20:10:16,order_items.csv,2026-08-07,Missing quantity
ITEM000148473,ORD00006669,SKU00838,Future-proofed scalable structure,Books,,1234.67,,2025-04-17 06:00:00,2026-08-07 20:10:16,order_items.csv,2026-08-07,Missing quantity
ITEM000148501,ORD00015699,SKU00757,Digitized multi-tasking system engine,Books,4.0,-12992.02,-51968.08,2025-04-17 06:00:00,2026-08-07 20:10:16,order_items.csv,2026-08-07,Negative unit_price
ITEM000148540,ORD00048064,SKU04064,Business-focused global standardization,Toys,,4633.28,,2025-04-17 06:00:00,2026-08-07 20:10:16,order_items.csv,2026-08-07,Missing quantity
ITEM000148601,ORD00003873,SKU04268,Persevering mission-critical challenge,Beauty,1.0,-11000.41,-11000.41,2025-04-17 06:00:00,2026-08-07 20:10:16,order_items.csv,2026-08-07,Negative unit_price
ITEM000148607,ORD00010462,SKU00802,Assimilated multi-tasking core,Grocery,,13824.76,,2025-04-17 06:00:00,2026-08-07 20:10:16,order_items.csv,2026-08-07,Missing quantity
ITEM000148674,ORD00025110,SKU03150,Focused holistic Graphic Interface,Books,,894.66,,2025-04-17 06:00:00,2026-08-07 20:10:16,order_items.csv,2026-08-07,Missing quantity
ITEM000148701,ORD00045073,SKU00371,Total scalable customer loyalty,Clothing,6.0,-9340.41,-56042.46,2025-04-17 06:00:00,2026-08-07 20:10:16,order_items.csv,2026-08-07,Negative unit_price
ITEM000148741,ORD00020251,SKU01987,Networked clear-thinking challenge,Toys,,6390.7,,2025-04-17 06:00:00,2026-08-07 20:10:16,order_items.csv,2026-08-07,Missing quantity
ITEM000148801,ORD00035133,SKU03359,Reverse-engineered radical database,Home & Kitchen,5.0,-2383.71,-11918.55,2025-04-17 06:00:00,2026-08-07 20:10:16,order_items.csv,2026-08-07,Negative unit_price
ITEM000148808,ORD00043780,SKU03961,Public-key encompassing utilization,Clothing,,2512.88,,2025-04-17 06:00:00,2026-08-07 20:10:16,order_items.csv,2026-08-07,Missing quantity
ITEM000148875,ORD00048285,SKU03160,Optional discrete pricing structure,Beauty,,10531.73,,2025-04-17 06:00:00,2026-08-07 20:10:16,order_items.csv,2026-08-07,Missing quantity
ITEM000148901,ORD00001614,SKU00278,Optimized analyzing portal,Clothing,8.0,-1372.49,-10979.92,2025-04-17 06:00:00,2026-08-07 20:10:16,order_items.csv,2026-08-07,Negative unit_price
ITEM000148942,ORD00028445,SKU02873,Enterprise-wide analyzing access,Electronics,,14547.51,,2025-04-17 06:00:00,2026-08-07 20:10:16,order_items.csv,2026-08-07,Missing quantity
ITEM000149001,ORD00047600,SKU02443,Ergonomic full-range open system,Beauty,10.0,-8184.12,-81841.2,2025-04-17 06:00:00,2026-08-07 20:10:16,order_items.csv,2026-08-07,Negative unit_price
ITEM000149009,ORD00021311,SKU01057,Organic stable database,Books,,8367.16,,2025-04-17 06:00:00,2026-08-07 20:10:16,order_items.csv,2026-08-07,Missing quantity
ITEM000149076,ORD00011332,SKU03560,Up-sized zero-defect model,Toys,,1002.97,,2025-04-17 06:00:00,2026-08-07 20:10:16,order_items.csv,2026-08-07,Missing quantity
ITEM000149101,ORD00029030,SKU00975,Customizable discrete framework,Sports,1.0,-13646.23,-13646.23,2025-04-17 06:00:00,2026-08-07 20:10:16,order_items.csv,2026-08-07,Negative unit_price
ITEM000149143,ORD00002519,SKU03620,Visionary 5thgeneration interface,Books,,14186.62,,2025-04-17 06:00:00,2026-08-07 20:10:16,order_items.csv,2026-08-07,Missing quantity
ITEM000149201,ORD00019567,SKU03733,Robust dedicated budgetary management,Clothing,4.0,-537.42,-2149.68,2025-04-17 06:00:00,2026-08-07 20:10:16,order_items.csv,2026-08-07,Negative unit_price
ITEM000149210,ORD00044869,SKU02572,Implemented national array,Beauty,,3114.54,,2025-04-17 06:00:00,2026-08-07 20:10:16,order_items.csv,2026-08-07,Missing quantity
ITEM000149277,ORD00014266,SKU02799,Multi-tiered bi-directional moderator,Toys,,8377.28,,2025-04-17 06:00:00,2026-08-07 20:10:16,order_items.csv,2026-08-07,Missing quantity
ITEM000149301,ORD00006901,SKU04620,Multi-tiered incremental groupware,Clothing,5.0,-838.13,-4190.65,2025-04-17 06:00:00,2026-08-07 20:10:16,order_items.csv,2026-08-07,Negative unit_price
ITEM000149344,ORD00000281,SKU00298,Enhanced fresh-thinking matrices,Grocery,,2251.86,,2025-04-17 06:00:00,2026-08-07 20:10:16,order_items.csv,2026-08-07,Missing quantity
ITEM000149401,ORD00032332,SKU01726,Centralized next generation initiative,Grocery,5.0,-1326.6,-6633.0,2025-04-17 06:00:00,2026-08-07 20:10:16,order_items.csv,2026-08-07,Negative unit_price
ITEM000149411,ORD00016034,SKU02836,Reverse-engineered fault-tolerant database,Toys,,12245.58,,2025-04-17 06:00:00,2026-08-07 20:10:16,order_items.csv,2026-08-07,Missing quantity
ITEM000149478,ORD00048272,SKU04378,Ergonomic high-level infrastructure,Toys,,1551.98,,2025-04-17 06:00:00,2026-08-07 20:10:16,order_items.csv,2026-08-07,Missing quantity
ITEM000149501,ORD00033193,SKU00755,Customizable scalable focus group,Home & Kitchen,7.0,-7714.11,-53998.77,2025-04-17 06:00:00,2026-08-07 20:10:16,order_items.csv,2026-08-07,Negative unit_price
ITEM000149545,ORD00004940,SKU01157,Reverse-engineered 6thgeneration capability,Toys,,299.04,,2025-04-17 06:00:00,2026-08-07 20:10:16,order_items.csv,2026-08-07,Missing quantity
ITEM000149601,ORD00007713,SKU04962,Persevering bifurcated help-desk,Electronics,1.0,-5270.94,-5270.94,2025-04-17 06:00:00,2026-08-07 20:10:16,order_items.csv,2026-08-07,Negative unit_price
ITEM000149612,ORD00017383,SKU01653,Digitized incremental initiative,Beauty,,1498.62,,2025-04-17 06:00:00,2026-08-07 20:10:16,order_items.csv,2026-08-07,Missing quantity
ITEM000149679,ORD00042628,SKU01776,Distributed well-modulated knowledgebase,Grocery,,12009.86,,2025-04-17 06:00:00,2026-08-07 20:10:16,order_items.csv,2026-08-07,Missing quantity
ITEM000149701,ORD00015636,SKU04108,Cloned incremental superstructure,Toys,10.0,-14628.39,-146283.9,2025-04-17 06:00:00,2026-08-07 20:10:16,order_items.csv,2026-08-07,Negative unit_price
ITEM000149746,ORD00015308,SKU04230,Managed multi-state protocol,Grocery,,8200.03,,2025-04-17 06:00:00,2026-08-07 20:10:16,order_items.csv,2026-08-07,Missing quantity
ITEM000149801,ORD00031515,SKU01492,Business-focused eco-centric architecture,Toys,8.0,-5067.92,-40543.36,2025-04-17 06:00:00,2026-08-07 20:10:16,order_items.csv,2026-08-07,Negative unit_price
ITEM000149813,ORD00015141,SKU00377,Inverse zero-defect leverage,Sports,,1767.09,,2025-04-17 06:00:00,2026-08-07 20:10:16,order_items.csv,2026-08-07,Missing quantity
ITEM000149880,ORD00021729,SKU01139,Open-architected didactic framework,Beauty,,12727.18,,2025-04-17 06:00:00,2026-08-07 20:10:16,order_items.csv,2026-08-07,Missing quantity
ITEM000149901,ORD00046869,SKU01443,Customer-focused explicit alliance,Clothing,2.0,-6837.5,-13675.0,2025-04-17 06:00:00,2026-08-07 20:10:16,order_items.csv,2026-08-07,Negative unit_price
ITEM000149947,ORD00028808,SKU02802,Focused maximized moderator,Beauty,,7272.23,,2025-04-17 06:00:00,2026-08-07 20:10:16,order_items.csv,2026-08-07,Missing quantity
ITEM000150001,ORD00026931,SKU02948,Reduced 4thgeneration groupware,Beauty,10.0,-13619.02,-136190.2,2025-04-17 06:00:00,2026-08-07 20:10:16,order_items.csv,2026-08-07,Negative unit_price
ITEM000150014,ORD00005648,SKU04022,Total systematic monitoring,Home & Kitchen,,3537.51,,2025-04-17 06:00:00,2026-08-07 20:10:16,order_items.csv,2026-08-07,Missing quantity
ITEM000150081,ORD00022107,SKU01184,Networked fresh-thinking budgetary management,Clothing,,277.62,,2025-04-17 06:00:00,2026-08-07 20:10:16,order_items.csv,2026-08-07,Missing quantity
ITEM000150101,ORD00004267,SKU03206,Persistent web-enabled hub,Clothing,1.0,-11905.03,-11905.03,2025-04-17 06:00:00,2026-08-07 20:10:16,order_items.csv,2026-08-07,Negative unit_price
ITEM000150148,ORD00039265,SKU03321,Profound clear-thinking time-frame,Books,,11404.03,,2025-04-17 06:00:00,2026-08-07 20:10:16,order_items.csv,2026-08-07,Missing quantity
ITEM000150201,ORD00039591,SKU04695,Customizable clear-thinking focus group,Home & Kitchen,4.0,-264.48,-1057.92,2025-04-17 06:00:00,2026-08-07 20:10:16,order_items.csv,2026-08-07,Negative unit_price
ITEM000150215,ORD00003608,SKU04596,Stand-alone local Internet solution,Sports,,804.77,,2025-04-17 06:00:00,2026-08-07 20:10:16,order_items.csv,2026-08-07,Missing quantity
ITEM000150282,ORD00022750,SKU04403,Configurable leadingedge process improvement,Books,,14479.79,,2025-04-17 06:00:00,2026-08-07 20:10:16,order_items.csv,2026-08-07,Missing quantity
ITEM000150301,ORD00019685,SKU02923,Intuitive homogeneous challenge,Electronics,9.0,-9616.5,-86548.5,2025-04-17 06:00:00,2026-08-07 20:10:16,order_items.csv,2026-08-07,Negative unit_price
ITEM000150349,ORD00043696,SKU02592,Persevering 24hour challenge,Grocery,,11470.41,,2025-04-17 06:00:00,2026-08-07 20:10:16,order_items.csv,2026-08-07,Missing quantity
ITEM000150401,ORD00026522,SKU02466,Ergonomic context-sensitive algorithm,Books,6.0,-2866.42,-17198.52,2025-04-17 06:00:00,2026-08-07 20:10:16,order_items.csv,2026-08-07,Negative unit_price
ITEM000150416,ORD00035777,SKU04327,Robust cohesive workforce,Toys,,10977.89,,2025-04-17 06:00:00,2026-08-07 20:10:16,order_items.csv,2026-08-07,Missing quantity
ITEM000150483,ORD00003937,SKU03228,Pre-emptive 4thgeneration parallelism,Clothing,,11865.1,,2025-04-17 06:00:00,2026-08-07 20:10:16,order_items.csv,2026-08-07,Missing quantity
ITEM000150501,ORD00023511,SKU00278,Optimized analyzing portal,Clothing,10.0,-1372.49,-13724.9,2025-04-17 06:00:00,2026-08-07 20:10:16,order_items.csv,2026-08-07,Negative unit_price
ITEM000150550,ORD00025868,SKU01697,Customer-focused secondary service-desk,Grocery,,10890.79,,2025-04-17 06:00:00,2026-08-07 20:10:16,order_items.csv,2026-08-07,Missing quantity
ITEM000150601,ORD00009790,SKU00998,Digitized didactic customer loyalty,Electronics,7.0,-9236.85,-64657.950000000004,2025-04-17 06:00:00,2026-08-07 20:10:16,order_items.csv,2026-08-07,Negative unit_price
ITEM000150617,ORD00037817,SKU03017,Diverse interactive encryption,Electronics,,487.98,,2025-04-17 06:00:00,2026-08-07 20:10:16,order_items.csv,2026-08-07,Missing quantity
ITEM000150684,ORD00043616,SKU04974,Balanced web-enabled core,Sports,,14421.9,,2025-04-17 06:00:00,2026-08-07 20:10:16,order_items.csv,2026-08-07,Missing quantity
ITEM000150701,ORD00035217,SKU04298,Versatile system-worthy intranet,Toys,4.0,-6903.11,-27612.44,2025-04-17 06:00:00,2026-08-07 20:10:16,order_items.csv,2026-08-07,Negative unit_price
ITEM000150751,ORD00004529,SKU02140,Total exuding artificial intelligence,Home & Kitchen,,242.36,,2025-04-17 06:00:00,2026-08-07 20:10:16,order_items.csv,2026-08-07,Missing quantity
ITEM000150801,ORD00046242,SKU00754,Balanced systematic leverage,Home & Kitchen,9.0,-8209.05,-73881.45,2025-04-17 06:00:00,2026-08-07 20:10:16,order_items.csv,2026-08-07,Negative unit_price
ITEM000150818,ORD00047364,SKU04726,Synergistic system-worthy knowledgebase,Sports,,2448.85,,2025-04-17 06:00:00,2026-08-07 20:10:16,order_items.csv,2026-08-07,Missing quantity
ITEM000150885,ORD00027878,SKU02974,Synchronized coherent archive,Home & Kitchen,,6363.88,,2025-04-17 06:00:00,2026-08-07 20:10:16,order_items.csv,2026-08-07,Missing quantity
ITEM000150901,ORD00029879,SKU02368,Re-engineered didactic forecast,Books,5.0,-14610.09,-73050.45,2025-04-17 06:00:00,2026-08-07 20:10:16,order_items.csv,2026-08-07,Negative unit_price
ITEM000150952,ORD00041785,SKU03694,Universal actuating middleware,Electronics,,10199.34,,2025-04-17 06:00:00,2026-08-07 20:10:16,order_items.csv,2026-08-07,Missing quantity
ITEM000151001,ORD00037594,SKU04366,Streamlined cohesive task-force,Clothing,7.0,-13412.68,-93888.76000000001,2025-04-17 06:00:00,2026-08-07 20:10:16,order_items.csv,2026-08-07,Negative unit_price
ITEM000151019,ORD00047828,SKU00747,Polarized bandwidth-monitored hierarchy,Toys,,246.46,,2025-04-17 06:00:00,2026-08-07 20:10:16,order_items.csv,2026-08-07,Missing quantity
ITEM000151086,ORD00012427,SKU02604,Extended non-volatile artificial intelligence,Clothing,,1061.93,,2025-04-17 06:00:00,2026-08-07 20:10:16,order_items.csv,2026-08-07,Missing quantity
ITEM000151101,ORD00025579,SKU00991,Business-focused 4thgeneration leverage,Books,7.0,-952.24,-6665.68,2025-04-17 06:00:00,2026-08-07 20:10:16,order_items.csv,2026-08-07,Negative unit_price
ITEM000151153,ORD00014599,SKU00817,Pre-emptive uniform implementation,Home & Kitchen,,12612.43,,2025-04-17 06:00:00,2026-08-07 20:10:16,order_items.csv,2026-08-07,Missing quantity
ITEM000151201,ORD00013090,SKU01866,Stand-alone system-worthy function,Grocery,9.0,-13980.82,-125827.38,2025-04-17 06:00:00,2026-08-07 20:10:16,order_items.csv,2026-08-07,Negative unit_price
ITEM000151220,ORD00034387,SKU02180,Monitored systematic success,Grocery,,64.37,,2025-04-17 06:00:00,2026-08-07 20:10:16,order_items.csv,2026-08-07,Missing quantity
ITEM000151287,ORD00026336,SKU04368,Secured local task-force,Books,,14054.96,,2025-04-17 06:00:00,2026-08-07 20:10:16,order_items.csv,2026-08-07,Missing quantity
ITEM000151301,ORD00024681,SKU03524,Cloned motivating info-mediaries,Beauty,10.0,-2945.5,-29455.0,2025-04-17 06:00:00,2026-08-07 20:10:16,order_items.csv,2026-08-07,Negative unit_price
ITEM000151354,ORD00029166,SKU02135,Multi-lateral motivating support,Sports,,12015.8,,2025-04-17 06:00:00,2026-08-07 20:10:16,order_items.csv,2026-08-07,Missing quantity
ITEM000151401,ORD00004223,SKU00541,Balanced composite instruction set,Toys,2.0,-302.97,-605.94,2025-04-17 06:00:00,2026-08-07 20:10:16,order_items.csv,2026-08-07,Negative unit_price
ITEM000151421,ORD00016490,SKU04499,Universal multi-tasking complexity,Sports,,8578.68,,2025-04-17 06:00:00,2026-08-07 20:10:16,order_items.csv,2026-08-07,Missing quantity
ITEM000151488,ORD00032897,SKU04111,Configurable 6thgeneration installation,Beauty,,14816.41,,2025-04-17 06:00:00,2026-08-07 20:10:16,order_items.csv,2026-08-07,Missing quantity
ITEM000151501,ORD00023042,SKU01272,Re-contextualized coherent benchmark,Grocery,1.0,-4003.62,-4003.62,2025-04-17 06:00:00,2026-08-07 20:10:16,order_items.csv,2026-08-07,Negative unit_price
ITEM000151555,ORD00021821,SKU03333,Horizontal interactive framework,Toys,,13698.09,,2025-04-17 06:00:00,2026-08-07 20:10:16,order_items.csv,2026-08-07,Missing quantity
ITEM000151601,ORD00010646,SKU03104,Total 6thgeneration installation,Books,4.0,-4002.84,-16011.36,2025-04-17 06:00:00,2026-08-07 20:10:16,order_items.csv,2026-08-07,Negative unit_price
ITEM000151622,ORD00030648,SKU04957,Networked solution-oriented installation,Home & Kitchen,,1483.95,,2025-04-17 06:00:00,2026-08-07 20:10:16,order_items.csv,2026-08-07,Missing quantity
ITEM000151689,ORD00007183,SKU01742,Enhanced executive support,Books,,9786.95,,2025-04-17 06:00:00,2026-08-07 20:10:16,order_items.csv,2026-08-07,Missing quantity
ITEM000151701,ORD00002758,SKU02562,Operative attitude-oriented capability,Home & Kitchen,1.0,-7554.88,-7554.88,2025-04-17 06:00:00,2026-08-07 20:10:16,order_items.csv,2026-08-07,Negative unit_price
ITEM000151756,ORD00029329,SKU00730,Devolved didactic workforce,Grocery,,11610.22,,2025-04-17 06:00:00,2026-08-07 20:10:16,order_items.csv,2026-08-07,Missing quantity
ITEM000151801,ORD00008164,SKU04546,Front-line responsive matrices,Electronics,9.0,-10564.38,-95079.42,2025-04-17 06:00:00,2026-08-07 20:10:16,order_items.csv,2026-08-07,Negative unit_price
ITEM000151823,ORD00027009,SKU02233,Future-proofed bandwidth-monitored encryption,Clothing,,12899.24,,2025-04-17 06:00:00,2026-08-07 20:10:16,order_items.csv,2026-08-07,Missing quantity
ITEM000151890,ORD00024412,SKU02291,Robust heuristic alliance,Home & Kitchen,,4425.97,,2025-04-17 06:00:00,2026-08-07 20:10:16,order_items.csv,2026-08-07,Missing quantity
ITEM000151901,ORD00017503,SKU03109,Business-focused transitional array,Home & Kitchen,3.0,-1544.38,-4633.14,2025-04-17 06:00:00,2026-08-07 20:10:16,order_items.csv,2026-08-07,Negative unit_price
ITEM000151957,ORD00048319,SKU00665,Integrated modular interface,Toys,,1057.73,,2025-04-17 06:00:00,2026-08-07 20:10:16,order_items.csv,2026-08-07,Missing quantity
ITEM000152001,ORD00038993,SKU00801,Operative well-modulated instruction set,Electronics,9.0,-5057.45,-45517.049999999996,2025-04-17 06:00:00,2026-08-07 20:10:16,order_items.csv,2026-08-07,Negative unit_price
ITEM000152024,ORD00048563,SKU02818,Object-based scalable access,Electronics,,6617.34,,2025-04-17 06:00:00,2026-08-07 20:10:16,order_items.csv,2026-08-07,Missing quantity
ITEM000152091,ORD00014774,SKU03590,Enhanced eco-centric utilization,Grocery,,6763.52,,2025-04-17 06:00:00,2026-08-07 20:10:16,order_items.csv,2026-08-07,Missing quantity
ITEM000152101,ORD00043919,SKU01580,Streamlined multi-state database,Beauty,7.0,-5082.87,-35580.09,2025-04-17 06:00:00,2026-08-07 20:10:16,order_items.csv,2026-08-07,Negative unit_price
ITEM000152158,ORD00005371,SKU03009,Diverse asynchronous adapter,Home & Kitchen,,6190.07,,2025-04-17 06:00:00,2026-08-07 20:10:16,order_items.csv,2026-08-07,Missing quantity
ITEM000152201,ORD00022571,SKU01244,Secured optimal encryption,Clothing,1.0,-12511.38,-12511.38,2025-04-17 06:00:00,2026-08-07 20:10:16,order_items.csv,2026-08-07,Negative unit_price
ITEM000152225,ORD00010624,SKU03540,Versatile secondary groupware,Electronics,,7158.16,,2025-04-17 06:00:00,2026-08-07 20:10:16,order_items.csv,2026-08-07,Missing quantity
ITEM000152292,ORD00033045,SKU02513,Face-to-face incremental toolset,Home & Kitchen,,5256.56,,2025-04-17 06:00:00,2026-08-07 20:10:16,order_items.csv,2026-08-07,Missing quantity
ITEM000152301,ORD00005563,SKU02499,Polarized composite Local Area Network,Beauty,2.0,-10571.37,-21142.74,2025-04-17 06:00:00,2026-08-07 20:10:16,order_items.csv,2026-08-07,Negative unit_price
ITEM000152359,ORD00005599,SKU03947,Re-contextualized intermediate frame,Clothing,,14470.99,,2025-04-17 06:00:00,2026-08-07 20:10:16,order_items.csv,2026-08-07,Missing quantity
ITEM000152401,ORD00029322,SKU01098,Reduced neutral focus group,Electronics,4.0,-1551.24,-6204.96,2025-04-17 06:00:00,2026-08-07 20:10:16,order_items.csv,2026-08-07,Negative unit_price
ITEM000152426,ORD00033205,SKU04438,Vision-oriented global open architecture,Toys,,10074.55,,2025-04-17 06:00:00,2026-08-07 20:10:16,order_items.csv,2026-08-07,Missing quantity
ITEM000152493,ORD00048567,SKU02782,Networked leadingedge capability,Beauty,,9220.06,,2025-04-17 06:00:00,2026-08-07 20:10:16,order_items.csv,2026-08-07,Missing quantity
ITEM000152501,ORD00011546,SKU04649,Public-key systematic neural-net,Toys,7.0,-13615.66,-95309.62,2025-04-17 06:00:00,2026-08-07 20:10:16,order_items.csv,2026-08-07,Negative unit_price
ITEM000152560,ORD00010473,SKU02186,Ergonomic didactic application,Grocery,,11206.64,,2025-04-17 06:00:00,2026-08-07 20:10:16,order_items.csv,2026-08-07,Missing quantity
ITEM000152601,ORD00036502,SKU03514,Public-key modular policy,Grocery,10.0,-13773.23,-137732.3,2025-04-17 06:00:00,2026-08-07 20:10:16,order_items.csv,2026-08-07,Negative unit_price
ITEM000152627,ORD00030517,SKU03849,Programmable real-time challenge,Toys,,13428.3,,2025-04-17 06:00:00,2026-08-07 20:10:16,order_items.csv,2026-08-07,Missing quantity
ITEM000152694,ORD00036633,SKU04309,Right-sized interactive contingency,Grocery,,4988.72,,2025-04-17 06:00:00,2026-08-07 20:10:16,order_items.csv,2026-08-07,Missing quantity
ITEM000152701,ORD00030564,SKU02597,Monitored fresh-thinking instruction set,Electronics,9.0,-11874.9,-106874.09999999999,2025-04-17 06:00:00,2026-08-07 20:10:16,order_items.csv,2026-08-07,Negative unit_price
ITEM000152761,ORD00006346,SKU00692,Face-to-face 4thgeneration throughput,Toys,,513.34,,2025-04-17 06:00:00,2026-08-07 20:10:16,order_items.csv,2026-08-07,Missing quantity
ITEM000152801,ORD00006348,SKU01658,Enterprise-wide value-added benchmark,Home & Kitchen,5.0,-3122.3,-15611.5,2025-04-17 06:00:00,2026-08-07 20:10:16,order_items.csv,2026-08-07,Negative unit_price
ITEM000152828,ORD00028761,SKU00088,Switchable clear-thinking Local Area Network,Sports,,10277.87,,2025-04-17 06:00:00,2026-08-07 20:10:16,order_items.csv,2026-08-07,Missing quantity
ITEM000152895,ORD00011566,SKU01735,Fully-configurable directional framework,Toys,,7429.69,,2025-04-17 06:00:00,2026-08-07 20:10:16,order_items.csv,2026-08-07,Missing quantity
ITEM000152901,ORD00035497,SKU03866,Face-to-face coherent access,Electronics,3.0,-6019.48,-18058.44,2025-04-17 06:00:00,2026-08-07 20:10:16,order_items.csv,2026-08-07,Negative unit_price
ITEM000152962,ORD00037469,SKU00417,Multi-layered logistical capability,Toys,,1955.3,,2025-04-17 06:00:00,2026-08-07 20:10:16,order_items.csv,2026-08-07,Missing quantity
ITEM000153001,ORD00001445,SKU00635,Managed bi-directional matrix,Electronics,1.0,-7723.35,-7723.35,2025-04-17 06:00:00,2026-08-07 20:10:16,order_items.csv,2026-08-07,Negative unit_price
ITEM000153029,ORD00038222,SKU03426,Monitored user-facing help-desk,Grocery,,3328.74,,2025-04-17 06:00:00,2026-08-07 20:10:16,order_items.csv,2026-08-07,Missing quantity
ITEM000153096,ORD00010947,SKU02120,Secured zero tolerance knowledge user,Beauty,,13970.04,,2025-04-17 06:00:00,2026-08-07 20:10:16,order_items.csv,2026-08-07,Missing quantity
ITEM000153101,ORD00022780,SKU04508,Cloned demand-driven core,Clothing,2.0,-9295.85,-18591.7,2025-04-17 06:00:00,2026-08-07 20:10:16,order_items.csv,2026-08-07,Negative unit_price
ITEM000153163,ORD00006576,SKU04093,Open-source asymmetric open system,Clothing,,5997.14,,2025-04-17 06:00:00,2026-08-07 20:10:16,order_items.csv,2026-08-07,Missing quantity
ITEM000153201,ORD00037332,SKU01197,Open-architected local interface,Clothing,8.0,-2444.66,-19557.28,2025-04-17 06:00:00,2026-08-07 20:10:16,order_items.csv,2026-08-07,Negative unit_price
ITEM000153230,ORD00003369,SKU04649,Public-key systematic neural-net,Toys,,13615.66,,2025-04-17 06:00:00,2026-08-07 20:10:16,order_items.csv,2026-08-07,Missing quantity
ITEM000153297,ORD00015352,SKU02330,Seamless hybrid portal,Electronics,,7852.68,,2025-04-17 06:00:00,2026-08-07 20:10:16,order_items.csv,2026-08-07,Missing quantity
ITEM000153301,ORD00016219,SKU04028,Synergistic leadingedge archive,Sports,4.0,-2736.84,-10947.36,2025-04-17 06:00:00,2026-08-07 20:10:16,order_items.csv,2026-08-07,Negative unit_price
ITEM000153364,ORD00004708,SKU02928,Implemented next generation neural-net,Beauty,,444.45,,2025-04-17 06:00:00,2026-08-07 20:10:16,order_items.csv,2026-08-07,Missing quantity
ITEM000153401,ORD00025692,SKU02040,Business-focused disintermediate complexity,Clothing,5.0,-7531.11,-37655.549999999996,2025-04-17 06:00:00,2026-08-07 20:10:16,order_items.csv,2026-08-07,Negative unit_price
ITEM000153431,ORD00020693,SKU01461,Intuitive interactive policy,Toys,,10018.24,,2025-04-17 06:00:00,2026-08-07 20:10:16,order_items.csv,2026-08-07,Missing quantity
ITEM000153498,ORD00018661,SKU01583,Optimized dynamic orchestration,Electronics,,8969.92,,2025-04-17 06:00:00,2026-08-07 20:10:16,order_items.csv,2026-08-07,Missing quantity
ITEM000153501,ORD00020901,SKU00040,Centralized maximized hardware,Books,1.0,-14286.47,-14286.47,2025-04-17 06:00:00,2026-08-07 20:10:16,order_items.csv,2026-08-07,Negative unit_price
ITEM000153565,ORD00022905,SKU03325,Right-sized even-keeled implementation,Toys,,1874.26,,2025-04-17 06:00:00,2026-08-07 20:10:16,order_items.csv,2026-08-07,Missing quantity
ITEM000153601,ORD00018987,SKU03906,Sharable 3rdgeneration approach,Grocery,9.0,-5453.06,-49077.54,2025-04-17 06:00:00,2026-08-07 20:10:16,order_items.csv,2026-08-07,Negative unit_price
ITEM000153632,ORD00012313,SKU03771,Profit-focused zero tolerance interface,Clothing,,8458.24,,2025-04-17 06:00:00,2026-08-07 20:10:16,order_items.csv,2026-08-07,Missing quantity
ITEM000153699,ORD00040048,SKU03400,Adaptive systemic core,Books,,6221.83,,2025-04-17 06:00:00,2026-08-07 20:10:16,order_items.csv,2026-08-07,Missing quantity
ITEM000153701,ORD00034506,SKU01220,Team-oriented scalable forecast,Books,1.0,-13824.87,-13824.87,2025-04-17 06:00:00,2026-08-07 20:10:16,order_items.csv,2026-08-07,Negative unit_price
ITEM000153766,ORD00027296,SKU03617,Ergonomic static groupware,Books,,1656.62,,2025-04-17 06:00:00,2026-08-07 20:10:16,order_items.csv,2026-08-07,Missing quantity
ITEM000153801,ORD00008320,SKU00800,Multi-lateral web-enabled complexity,Toys,5.0,-4007.22,-20036.1,2025-04-17 06:00:00,2026-08-07 20:10:16,order_items.csv,2026-08-07,Negative unit_price
ITEM000153833,ORD00015522,SKU04723,Focused value-added firmware,Grocery,,14563.69,,2025-04-17 06:00:00,2026-08-07 20:10:16,order_items.csv,2026-08-07,Missing quantity
ITEM000153900,ORD00015114,SKU01336,Down-sized full-range capacity,Sports,,8233.92,,2025-04-17 06:00:00,2026-08-07 20:10:16,order_items.csv,2026-08-07,Missing quantity
ITEM000153901,ORD00031708,SKU00215,Inverse tertiary array,Toys,6.0,-661.5,-3969.0,2025-04-17 06:00:00,2026-08-07 20:10:16,order_items.csv,2026-08-07,Negative unit_price
ITEM000153967,ORD00025910,SKU00450,Optional web-enabled circuit,Grocery,,859.38,,2025-04-17 06:00:00,2026-08-07 20:10:16,order_items.csv,2026-08-07,Missing quantity
ITEM000154001,ORD00019864,SKU03094,Enterprise-wide next generation architecture,Toys,10.0,-2122.2,-21222.0,2025-04-17 06:00:00,2026-08-07 20:10:16,order_items.csv,2026-08-07,Negative unit_price
ITEM000154034,ORD00038742,SKU02103,Profound zero-defect software,Electronics,,906.57,,2025-04-17 06:00:00,2026-08-07 20:10:16,order_items.csv,2026-08-07,Missing quantity
ITEM000154101,ORD00025323,SKU02749,Cloned asynchronous Internet solution,Books,,-9583.43,,2025-04-17 06:00:00,2026-08-07 20:10:16,order_items.csv,2026-08-07,Missing quantity
ITEM000154168,ORD00009476,SKU02989,Extended mobile intranet,Electronics,,12526.37,,2025-04-17 06:00:00,2026-08-07 20:10:16,order_items.csv,2026-08-07,Missing quantity
ITEM000154201,ORD00010742,SKU01734,Implemented 5thgeneration workforce,Books,4.0,-13994.69,-55978.76,2025-04-17 06:00:00,2026-08-07 20:10:16,order_items.csv,2026-08-07,Negative unit_price
ITEM000154235,ORD00037765,SKU02909,Quality-focused stable array,Beauty,,1717.15,,2025-04-17 06:00:00,2026-08-07 20:10:16,order_items.csv,2026-08-07,Missing quantity
ITEM000154301,ORD00038021,SKU02358,Decentralized systematic middleware,Sports,4.0,-591.33,-2365.32,2025-04-17 06:00:00,2026-08-07 20:10:16,order_items.csv,2026-08-07,Negative unit_price
ITEM000154302,ORD00003172,SKU01509,Seamless content-based product,Toys,,9188.87,,2025-04-17 06:00:00,2026-08-07 20:10:16,order_items.csv,2026-08-07,Missing quantity
ITEM000154369,ORD00000484,SKU03803,Multi-layered mobile circuit,Grocery,,140.49,,2025-04-17 06:00:00,2026-08-07 20:10:16,order_items.csv,2026-08-07,Missing quantity
ITEM000154401,ORD00045177,SKU02356,Down-sized executive access,Clothing,5.0,-6556.35,-32781.75,2025-04-17 06:00:00,2026-08-07 20:10:16,order_items.csv,2026-08-07,Negative unit_price
ITEM000154436,ORD00031930,SKU04009,Expanded national encoding,Sports,,13604.04,,2025-04-17 06:00:00,2026-08-07 20:10:16,order_items.csv,2026-08-07,Missing quantity
ITEM000154501,ORD00007555,SKU00628,Multi-lateral solution-oriented system engine,Home & Kitchen,10.0,-9568.32,-95683.2,2025-04-17 06:00:00,2026-08-07 20:10:16,order_items.csv,2026-08-07,Negative unit_price
ITEM000154503,ORD00020044,SKU01895,Secured content-based moratorium,Sports,,3194.91,,2025-04-17 06:00:00,2026-08-07 20:10:16,order_items.csv,2026-08-07,Missing quantity
ITEM000154570,ORD00023727,SKU01773,Up-sized secondary contingency,Grocery,,14877.9,,2025-04-17 06:00:00,2026-08-07 20:10:16,order_items.csv,2026-08-07,Missing quantity
ITEM000154601,ORD00025158,SKU02066,Automated grid-enabled instruction set,Clothing,7.0,-10692.88,-74850.15999999999,2025-04-17 06:00:00,2026-08-07 20:10:16,order_items.csv,2026-08-07,Negative unit_price
ITEM000154637,ORD00027588,SKU00686,Open-architected actuating system engine,Electronics,,7080.45,,2025-04-17 06:00:00,2026-08-07 20:10:16,order_items.csv,2026-08-07,Missing quantity
ITEM000154701,ORD00002779,SKU04409,Switchable bandwidth-monitored standardization,Sports,4.0,-13689.97,-54759.88,2025-04-17 06:00:00,2026-08-07 20:10:16,order_items.csv,2026-08-07,Negative unit_price
ITEM000154704,ORD00045915,SKU01324,Enterprise-wide system-worthy intranet,Electronics,,12377.13,,2025-04-17 06:00:00,2026-08-07 20:10:16,order_items.csv,2026-08-07,Missing quantity
ITEM000154771,ORD00011431,SKU02248,Face-to-face optimizing open architecture,Books,,2135.49,,2025-04-17 06:00:00,2026-08-07 20:10:16,order_items.csv,2026-08-07,Missing quantity
ITEM000154801,ORD00004330,SKU04947,Versatile multi-tasking software,Home & Kitchen,5.0,-6930.21,-34651.05,2025-04-17 06:00:00,2026-08-07 20:10:16,order_items.csv,2026-08-07,Negative unit_price
ITEM000154838,ORD00036723,SKU03706,Customer-focused encompassing hierarchy,Books,,4301.4,,2025-04-17 06:00:00,2026-08-07 20:10:16,order_items.csv,2026-08-07,Missing quantity
ITEM000154901,ORD00028027,SKU01212,Universal web-enabled definition,Sports,1.0,-8695.26,-8695.26,2025-04-17 06:00:00,2026-08-07 20:10:16,order_items.csv,2026-08-07,Negative unit_price
ITEM000154905,ORD00031867,SKU00221,Intuitive local customer loyalty,Books,,8378.39,,2025-04-17 06:00:00,2026-08-07 20:10:16,order_items.csv,2026-08-07,Missing quantity
ITEM000154972,ORD00029718,SKU02678,Cloned motivating infrastructure,Sports,,13949.51,,2025-04-17 06:00:00,2026-08-07 20:10:16,order_items.csv,2026-08-07,Missing quantity
ITEM000155001,ORD00002123,SKU01526,Object-based holistic Graphic Interface,Electronics,10.0,-13586.42,-135864.2,2025-04-17 06:00:00,2026-08-07 20:10:16,order_items.csv,2026-08-07,Negative unit_price
ITEM000155039,ORD00032612,SKU00825,Operative system-worthy structure,Clothing,,8076.59,,2025-04-17 06:00:00,2026-08-07 20:10:16,order_items.csv,2026-08-07,Missing quantity
ITEM000155101,ORD00006751,SKU03447,Phased full-range encryption,Sports,6.0,-2932.04,-17592.239999999998,2025-04-17 06:00:00,2026-08-07 20:10:16,order_items.csv,2026-08-07,Negative unit_price
ITEM000155106,ORD00026651,SKU04018,Polarized value-added artificial intelligence,Toys,,5367.72,,2025-04-17 06:00:00,2026-08-07 20:10:16,order_items.csv,2026-08-07,Missing quantity
ITEM000155173,ORD00030364,SKU03277,Up-sized 24hour pricing structure,Clothing,,6462.05,,2025-04-17 06:00:00,2026-08-07 20:10:16,order_items.csv,2026-08-07,Missing quantity
ITEM000155201,ORD00045276,SKU04709,Triple-buffered eco-centric alliance,Home & Kitchen,1.0,-14062.39,-14062.39,2025-04-17 06:00:00,2026-08-07 20:10:16,order_items.csv,2026-08-07,Negative unit_price
ITEM000155240,ORD00010830,SKU04479,Total impactful artificial intelligence,Beauty,,14421.72,,2025-04-17 06:00:00,2026-08-07 20:10:16,order_items.csv,2026-08-07,Missing quantity
ITEM000155301,ORD00029667,SKU02480,Ergonomic stable monitoring,Clothing,1.0,-12790.0,-12790.0,2025-04-17 06:00:00,2026-08-07 20:10:16,order_items.csv,2026-08-07,Negative unit_price
ITEM000155307,ORD00047157,SKU02571,Monitored explicit concept,Sports,,7296.11,,2025-04-17 06:00:00,2026-08-07 20:10:16,order_items.csv,2026-08-07,Missing quantity
ITEM000155374,ORD00012717,SKU01182,Managed optimizing website,Clothing,,9867.17,,2025-04-17 06:00:00,2026-08-07 20:10:16,order_items.csv,2026-08-07,Missing quantity
ITEM000155401,ORD00018835,SKU02064,Horizontal interactive flexibility,Grocery,9.0,-2201.65,-19814.850000000002,2025-04-17 06:00:00,2026-08-07 20:10:16,order_items.csv,2026-08-07,Negative unit_price
ITEM000155441,ORD00033558,SKU04104,Re-engineered multimedia open architecture,Sports,,1972.22,,2025-04-17 06:00:00,2026-08-07 20:10:16,order_items.csv,2026-08-07,Missing quantity
ITEM000155501,ORD00007610,SKU01002,Virtual responsive complexity,Grocery,9.0,-193.91,-1745.19,2025-04-17 06:00:00,2026-08-07 20:10:16,order_items.csv,2026-08-07,Negative unit_price
ITEM000155508,ORD00016541,SKU01308,Diverse multimedia throughput,Books,,13869.65,,2025-04-17 06:00:00,2026-08-07 20:10:16,order_items.csv,2026-08-07,Missing quantity
ITEM000155575,ORD00011893,SKU03509,Stand-alone radical database,Grocery,,10825.49,,2025-04-17 06:00:00,2026-08-07 20:10:16,order_items.csv,2026-08-07,Missing quantity
ITEM000155601,ORD00017671,SKU00387,Polarized bottom-line database,Electronics,6.0,-7245.16,-43470.96,2025-04-17 06:00:00,2026-08-07 20:10:16,order_items.csv,2026-08-07,Negative unit_price
ITEM000155642,ORD00048335,SKU00580,Synergistic web-enabled hardware,Toys,,14308.78,,2025-04-17 06:00:00,2026-08-07 20:10:16,order_items.csv,2026-08-07,Missing quantity
ITEM000155701,ORD00025204,SKU02249,Upgradable directional task-force,Beauty,8.0,-3647.76,-29182.08,2025-04-17 06:00:00,2026-08-07 20:10:16,order_items.csv,2026-08-07,Negative unit_price
ITEM000155709,ORD00016942,SKU04527,Focused content-based capacity,Beauty,,12223.12,,2025-04-17 06:00:00,2026-08-07 20:10:16,order_items.csv,2026-08-07,Missing quantity
ITEM000155776,ORD00038421,SKU04558,Expanded regional superstructure,Electronics,,6883.07,,2025-04-17 06:00:00,2026-08-07 20:10:16,order_items.csv,2026-08-07,Missing quantity
ITEM000155801,ORD00007168,SKU03275,Monitored static Internet solution,Electronics,4.0,-365.57,-1462.28,2025-04-17 06:00:00,2026-08-07 20:10:16,order_items.csv,2026-08-07,Negative unit_price
ITEM000155843,ORD00039097,SKU04013,Customer-focused web-enabled framework,Electronics,,4246.41,,2025-04-17 06:00:00,2026-08-07 20:10:16,order_items.csv,2026-08-07,Missing quantity
ITEM000155901,ORD00044215,SKU00167,Innovative clear-thinking methodology,Sports,6.0,-6794.77,-40768.62,2025-04-17 06:00:00,2026-08-07 20:10:16,order_items.csv,2026-08-07,Negative unit_price
ITEM000155910,ORD00009243,SKU04959,Fundamental system-worthy process improvement,Beauty,,9856.51,,2025-04-17 06:00:00,2026-08-07 20:10:16,order_items.csv,2026-08-07,Missing quantity
ITEM000155977,ORD00046744,SKU03806,Decentralized responsive project,Clothing,,7862.5,,2025-04-17 06:00:00,2026-08-07 20:10:16,order_items.csv,2026-08-07,Missing quantity
ITEM000156001,ORD00014220,SKU02753,Cross-group fault-tolerant forecast,Beauty,7.0,-11150.24,-78051.68,2025-04-17 06:00:00,2026-08-07 20:10:16,order_items.csv,2026-08-07,Negative unit_price
ITEM000156044,ORD00029709,SKU03238,Ameliorated directional groupware,Beauty,,9233.9,,2025-04-17 06:00:00,2026-08-07 20:10:16,order_items.csv,2026-08-07,Missing quantity
ITEM000156101,ORD00028998,SKU00937,Persevering client-server leverage,Grocery,9.0,-2972.01,-26748.090000000004,2025-04-17 06:00:00,2026-08-07 20:10:16,order_items.csv,2026-08-07,Negative unit_price
ITEM000156111,ORD00023351,SKU01843,Quality-focused multi-state Graphical User Interfa,Grocery,,14067.26,,2025-04-17 06:00:00,2026-08-07 20:10:16,order_items.csv,2026-08-07,Missing quantity
ITEM000156178,ORD00024155,SKU04642,Cloned logistical migration,Beauty,,7933.17,,2025-04-17 06:00:00,2026-08-07 20:10:16,order_items.csv,2026-08-07,Missing quantity
ITEM000156201,ORD00021006,SKU01339,Optional even-keeled interface,Grocery,9.0,-1805.32,-16247.88,2025-04-17 06:00:00,2026-08-07 20:10:16,order_items.csv,2026-08-07,Negative unit_price
ITEM000156245,ORD00037835,SKU00837,Adaptive intangible Graphic Interface,Sports,,6762.66,,2025-04-17 06:00:00,2026-08-07 20:10:16,order_items.csv,2026-08-07,Missing quantity
ITEM000156301,ORD00012548,SKU04631,Open-architected tangible middleware,Sports,7.0,-10874.72,-76123.04,2025-04-17 06:00:00,2026-08-07 20:10:16,order_items.csv,2026-08-07,Negative unit_price
ITEM000156312,ORD00034591,SKU00360,Focused stable help-desk,Toys,,4880.62,,2025-04-17 06:00:00,2026-08-07 20:10:16,order_items.csv,2026-08-07,Missing quantity
ITEM000156379,ORD00005729,SKU04263,Robust heuristic hardware,Toys,,5139.81,,2025-04-17 06:00:00,2026-08-07 20:10:16,order_items.csv,2026-08-07,Missing quantity
ITEM000156401,ORD00006877,SKU03749,Quality-focused bottom-line benchmark,Electronics,4.0,-153.56,-614.24,2025-04-17 06:00:00,2026-08-07 20:10:16,order_items.csv,2026-08-07,Negative unit_price
ITEM000156446,ORD00021164,SKU03003,Devolved asynchronous capacity,Electronics,,8372.03,,2025-04-17 06:00:00,2026-08-07 20:10:16,order_items.csv,2026-08-07,Missing quantity
ITEM000156501,ORD00019636,SKU00928,Expanded contextually-based leverage,Sports,7.0,-3271.61,-22901.27,2025-04-17 06:00:00,2026-08-07 20:10:16,order_items.csv,2026-08-07,Negative unit_price
ITEM000156513,ORD00042515,SKU02474,Quality-focused content-based knowledgebase,Sports,,2686.37,,2025-04-17 06:00:00,2026-08-07 20:10:16,order_items.csv,2026-08-07,Missing quantity
ITEM000156580,ORD00036081,SKU00582,Expanded mission-critical middleware,Home & Kitchen,,5871.98,,2025-04-17 06:00:00,2026-08-07 20:10:16,order_items.csv,2026-08-07,Missing quantity
ITEM000156601,ORD00036169,SKU03308,Virtual empowering application,Home & Kitchen,4.0,-8669.28,-34677.12,2025-04-17 06:00:00,2026-08-07 20:10:16,order_items.csv,2026-08-07,Negative unit_price
ITEM000156647,ORD00026612,SKU04920,Organic fresh-thinking functionalities,Beauty,,909.83,,2025-04-17 06:00:00,2026-08-07 20:10:16,order_items.csv,2026-08-07,Missing quantity
ITEM000156701,ORD00042379,SKU00176,Automated 6thgeneration implementation,Electronics,3.0,-13835.47,-41506.409999999996,2025-04-17 06:00:00,2026-08-07 20:10:16,order_items.csv,2026-08-07,Negative unit_price
ITEM000156714,ORD00042000,SKU00138,Customizable clear-thinking project,Books,,14672.22,,2025-04-17 06:00:00,2026-08-07 20:10:16,order_items.csv,2026-08-07,Missing quantity
ITEM000156781,ORD00028419,SKU01066,Persevering real-time model,Electronics,,4570.34,,2025-04-17 06:00:00,2026-08-07 20:10:16,order_items.csv,2026-08-07,Missing quantity
ITEM000156801,ORD00021688,SKU00517,Optional 6thgeneration methodology,Books,7.0,-13031.18,-91218.26000000001,2025-04-17 06:00:00,2026-08-07 20:10:16,order_items.csv,2026-08-07,Negative unit_price
ITEM000156848,ORD00000977,SKU04536,Decentralized client-driven superstructure,Clothing,,4025.94,,2025-04-17 06:00:00,2026-08-07 20:10:16,order_items.csv,2026-08-07,Missing quantity
ITEM000156901,ORD00033649,SKU03687,Extended radical paradigm,Grocery,9.0,-13301.27,-119711.43000000001,2025-04-17 06:00:00,2026-08-07 20:10:16,order_items.csv,2026-08-07,Negative unit_price
ITEM000156915,ORD00043048,SKU02627,Re-engineered heuristic framework,Grocery,,2311.17,,2025-04-17 06:00:00,2026-08-07 20:10:16,order_items.csv,2026-08-07,Missing quantity
ITEM000156982,ORD00016304,SKU00399,Grass-roots modular circuit,Beauty,,7607.54,,2025-04-17 06:00:00,2026-08-07 20:10:16,order_items.csv,2026-08-07,Missing quantity
ITEM000157001,ORD00021295,SKU01575,Grass-roots systemic interface,Sports,10.0,-9896.41,-98964.1,2025-04-17 06:00:00,2026-08-07 20:10:16,order_items.csv,2026-08-07,Negative unit_price
ITEM000157049,ORD00017983,SKU04993,Stand-alone bi-directional system engine,Toys,,9738.12,,2025-04-17 06:00:00,2026-08-07 20:10:16,order_items.csv,2026-08-07,Missing quantity
ITEM000157101,ORD00024253,SKU04899,Profit-focused object-oriented moratorium,Clothing,3.0,-3376.37,-10129.11,2025-04-17 06:00:00,2026-08-07 20:10:16,order_items.csv,2026-08-07,Negative unit_price
ITEM000157116,ORD00017235,SKU04141,Down-sized intermediate core,Toys,,12644.64,,2025-04-17 06:00:00,2026-08-07 20:10:16,order_items.csv,2026-08-07,Missing quantity
ITEM000157183,ORD00049917,SKU00319,Inverse interactive matrices,Home & Kitchen,,11029.35,,2025-04-17 06:00:00,2026-08-07 20:10:16,order_items.csv,2026-08-07,Missing quantity
ITEM000157201,ORD00012149,SKU04138,Stand-alone web-enabled paradigm,Home & Kitchen,8.0,-1580.23,-12641.84,2025-04-17 06:00:00,2026-08-07 20:10:16,order_items.csv,2026-08-07,Negative unit_price
ITEM000157250,ORD00036683,SKU04437,Vision-oriented asymmetric process improvement,Home & Kitchen,,12487.91,,2025-04-17 06:00:00,2026-08-07 20:10:16,order_items.csv,2026-08-07,Missing quantity
ITEM000157301,ORD00023433,SKU03604,Secured cohesive attitude,Home & Kitchen,4.0,-5175.63,-20702.52,2025-04-17 06:00:00,2026-08-07 20:10:16,order_items.csv,2026-08-07,Negative unit_price
ITEM000157317,ORD00003794,SKU01550,Team-oriented background complexity,Sports,,5948.31,,2025-04-17 06:00:00,2026-08-07 20:10:16,order_items.csv,2026-08-07,Missing quantity
ITEM000157384,ORD00027446,SKU00477,Function-based stable algorithm,Books,,6898.62,,2025-04-17 06:00:00,2026-08-07 20:10:16,order_items.csv,2026-08-07,Missing quantity
ITEM000157401,ORD00019885,SKU02047,Configurable incremental ability,Books,2.0,-7313.32,-14626.64,2025-04-17 06:00:00,2026-08-07 20:10:16,order_items.csv,2026-08-07,Negative unit_price
ITEM000157451,ORD00005998,SKU04405,Open-source empowering neural-net,Beauty,,7563.16,,2025-04-17 06:00:00,2026-08-07 20:10:16,order_items.csv,2026-08-07,Missing quantity
ITEM000157501,ORD00022162,SKU00747,Polarized bandwidth-monitored hierarchy,Toys,8.0,-246.46,-1971.68,2025-04-17 06:00:00,2026-08-07 20:10:16,order_items.csv,2026-08-07,Negative unit_price
ITEM000157518,ORD00012327,SKU04289,Universal local standardization,Electronics,,5993.12,,2025-04-17 06:00:00,2026-08-07 20:10:16,order_items.csv,2026-08-07,Missing quantity
ITEM000157585,ORD00043667,SKU04057,Configurable tangible artificial intelligence,Sports,,7102.85,,2025-04-17 06:00:00,2026-08-07 20:10:16,order_items.csv,2026-08-07,Missing quantity
ITEM000157601,ORD00042850,SKU03595,Balanced global time-frame,Books,7.0,-1213.31,-8493.17,2025-04-17 06:00:00,2026-08-07 20:10:16,order_items.csv,2026-08-07,Negative unit_price
ITEM000157652,ORD00038309,SKU04686,Digitized multi-tasking moderator,Sports,,11811.07,,2025-04-17 06:00:00,2026-08-07 20:10:16,order_items.csv,2026-08-07,Missing quantity
ITEM000157701,ORD00021385,SKU00397,Progressive clear-thinking concept,Beauty,10.0,-1938.6,-19386.0,2025-04-17 06:00:00,2026-08-07 20:10:16,order_items.csv,2026-08-07,Negative unit_price
ITEM000157719,ORD00049102,SKU02109,Fundamental uniform structure,Sports,,9731.58,,2025-04-17 06:00:00,2026-08-07 20:10:16,order_items.csv,2026-08-07,Missing quantity
ITEM000157786,ORD00042091,SKU01696,Secured intermediate algorithm,Beauty,,12648.72,,2025-04-17 06:00:00,2026-08-07 20:10:16,order_items.csv,2026-08-07,Missing quantity
ITEM000157801,ORD00012584,SKU03981,Fully-configurable needs-based middleware,Books,5.0,-11373.28,-56866.4,2025-04-17 06:00:00,2026-08-07 20:10:16,order_items.csv,2026-08-07,Negative unit_price
ITEM000157853,ORD00033299,SKU00154,Right-sized foreground adapter,Grocery,,5369.8,,2025-04-17 06:00:00,2026-08-07 20:10:16,order_items.csv,2026-08-07,Missing quantity
ITEM000157901,ORD00014859,SKU01532,Multi-channeled system-worthy utilization,Home & Kitchen,2.0,-11078.98,-22157.96,2025-04-17 06:00:00,2026-08-07 20:10:16,order_items.csv,2026-08-07,Negative unit_price
ITEM000157920,ORD00039941,SKU04101,Expanded encompassing service-desk,Beauty,,10393.25,,2025-04-17 06:00:00,2026-08-07 20:10:16,order_items.csv,2026-08-07,Missing quantity
ITEM000157987,ORD00002217,SKU04454,Reverse-engineered solution-oriented pricing struc,Books,,14223.14,,2025-04-17 06:00:00,2026-08-07 20:10:16,order_items.csv,2026-08-07,Missing quantity
ITEM000158001,ORD00009138,SKU01006,User-centric 6thgeneration projection,Books,1.0,-4130.79,-4130.79,2025-04-17 06:00:00,2026-08-07 20:10:16,order_items.csv,2026-08-07,Negative unit_price
ITEM000158054,ORD00002743,SKU00913,Adaptive scalable frame,Beauty,,12206.45,,2025-04-17 06:00:00,2026-08-07 20:10:16,order_items.csv,2026-08-07,Missing quantity
ITEM000158101,ORD00017408,SKU00096,Cloned real-time info-mediaries,Electronics,4.0,-8586.08,-34344.32,2025-04-17 06:00:00,2026-08-07 20:10:16,order_items.csv,2026-08-07,Negative unit_price
ITEM000158121,ORD00008590,SKU00573,Grass-roots mobile emulation,Home & Kitchen,,1820.71,,2025-04-17 06:00:00,2026-08-07 20:10:16,order_items.csv,2026-08-07,Missing quantity
ITEM000158188,ORD00034078,SKU03033,Reverse-engineered directional algorithm,Home & Kitchen,,10779.37,,2025-04-17 06:00:00,2026-08-07 20:10:16,order_items.csv,2026-08-07,Missing quantity
ITEM000158201,ORD00004682,SKU04139,Triple-buffered tangible encryption,Sports,5.0,-8636.03,-43180.15,2025-04-17 06:00:00,2026-08-07 20:10:16,order_items.csv,2026-08-07,Negative unit_price
ITEM000158255,ORD00008093,SKU03203,Synchronized 5thgeneration interface,Beauty,,2530.91,,2025-04-17 06:00:00,2026-08-07 20:10:16,order_items.csv,2026-08-07,Missing quantity
ITEM000158301,ORD00007835,SKU04313,Diverse mission-critical architecture,Books,1.0,-3561.75,-3561.75,2025-04-17 06:00:00,2026-08-07 20:10:16,order_items.csv,2026-08-07,Negative unit_price
ITEM000158322,ORD00040259,SKU03723,Innovative well-modulated emulation,Beauty,,156.22,,2025-04-17 06:00:00,2026-08-07 20:10:16,order_items.csv,2026-08-07,Missing quantity
ITEM000158389,ORD00008268,SKU03110,Open-source cohesive challenge,Toys,,10563.33,,2025-04-17 06:00:00,2026-08-07 20:10:16,order_items.csv,2026-08-07,Missing quantity
ITEM000158401,ORD00019168,SKU03196,Multi-channeled coherent infrastructure,Books,2.0,-6641.89,-13283.78,2025-04-17 06:00:00,2026-08-07 20:10:16,order_items.csv,2026-08-07,Negative unit_price
ITEM000158456,ORD00046897,SKU04375,Optimized 3rdgeneration conglomeration,Books,,1646.34,,2025-04-17 06:00:00,2026-08-07 20:10:16,order_items.csv,2026-08-07,Missing quantity
ITEM000158501,ORD00038475,SKU02425,Compatible secondary policy,Toys,4.0,-10539.75,-42159.0,2025-04-17 06:00:00,2026-08-07 20:10:16,order_items.csv,2026-08-07,Negative unit_price
ITEM000158523,ORD00038279,SKU01583,Optimized dynamic orchestration,Electronics,,8969.92,,2025-04-17 06:00:00,2026-08-07 20:10:16,order_items.csv,2026-08-07,Missing quantity
ITEM000158590,ORD00007148,SKU01455,Assimilated motivating standardization,Home & Kitchen,,6189.52,,2025-04-17 06:00:00,2026-08-07 20:10:16,order_items.csv,2026-08-07,Missing quantity
ITEM000158601,ORD00047997,SKU00513,Proactive 3rdgeneration functionalities,Toys,2.0,-12004.88,-24009.76,2025-04-17 06:00:00,2026-08-07 20:10:16,order_items.csv,2026-08-07,Negative unit_price
ITEM000158657,ORD00003891,SKU02455,Mandatory multi-state extranet,Toys,,1992.67,,2025-04-17 06:00:00,2026-08-07 20:10:16,order_items.csv,2026-08-07,Missing quantity
ITEM000158701,ORD00036278,SKU03545,Balanced cohesive migration,Toys,4.0,-14951.71,-59806.84,2025-04-17 06:00:00,2026-08-07 20:10:16,order_items.csv,2026-08-07,Negative unit_price
ITEM000158724,ORD00009975,SKU00948,Exclusive intermediate open system,Toys,,1818.03,,2025-04-17 06:00:00,2026-08-07 20:10:16,order_items.csv,2026-08-07,Missing quantity
ITEM000158791,ORD00033319,SKU04459,Pre-emptive stable installation,Grocery,,8939.77,,2025-04-17 06:00:00,2026-08-07 20:10:16,order_items.csv,2026-08-07,Missing quantity
ITEM000158801,ORD00028694,SKU00930,Future-proofed demand-driven interface,Books,4.0,-9364.62,-37458.48,2025-04-17 06:00:00,2026-08-07 20:10:16,order_items.csv,2026-08-07,Negative unit_price
ITEM000158858,ORD00035985,SKU02009,Synergized radical open system,Toys,,14099.56,,2025-04-17 06:00:00,2026-08-07 20:10:16,order_items.csv,2026-08-07,Missing quantity
ITEM000158901,ORD00033709,SKU02764,Persistent systemic workforce,Grocery,6.0,-13440.74,-80644.44,2025-04-17 06:00:00,2026-08-07 20:10:16,order_items.csv,2026-08-07,Negative unit_price
ITEM000158925,ORD00021342,SKU04268,Persevering mission-critical challenge,Beauty,,11000.41,,2025-04-17 06:00:00,2026-08-07 20:10:16,order_items.csv,2026-08-07,Missing quantity
ITEM000158992,ORD00002917,SKU00038,Fully-configurable optimal groupware,Toys,,6398.37,,2025-04-17 06:00:00,2026-08-07 20:10:16,order_items.csv,2026-08-07,Missing quantity
ITEM000159001,ORD00034876,SKU01057,Organic stable database,Books,1.0,-8367.16,-8367.16,2025-04-17 06:00:00,2026-08-07 20:10:16,order_items.csv,2026-08-07,Negative unit_price
ITEM000159059,ORD00003985,SKU03282,Mandatory stable leverage,Grocery,,7293.69,,2025-04-17 06:00:00,2026-08-07 20:10:16,order_items.csv,2026-08-07,Missing quantity
ITEM000159101,ORD00007764,SKU01948,Ameliorated system-worthy challenge,Sports,8.0,-7551.92,-60415.36,2025-04-17 06:00:00,2026-08-07 20:10:16,order_items.csv,2026-08-07,Negative unit_price
ITEM000159126,ORD00028020,SKU04193,Front-line object-oriented matrices,Home & Kitchen,,7894.39,,2025-04-17 06:00:00,2026-08-07 20:10:16,order_items.csv,2026-08-07,Missing quantity
ITEM000159193,ORD00004655,SKU03608,Implemented human-resource encoding,Sports,,9295.64,,2025-04-17 06:00:00,2026-08-07 20:10:16,order_items.csv,2026-08-07,Missing quantity
ITEM000159201,ORD00041331,SKU03046,Robust human-resource process improvement,Electronics,4.0,-11359.19,-45436.76,2025-04-17 06:00:00,2026-08-07 20:10:16,order_items.csv,2026-08-07,Negative unit_price
ITEM000159260,ORD00039378,SKU01654,Pre-emptive demand-driven budgetary management,Beauty,,8940.43,,2025-04-17 06:00:00,2026-08-07 20:10:16,order_items.csv,2026-08-07,Missing quantity
ITEM000159301,ORD00012253,SKU04951,Vision-oriented holistic model,Electronics,6.0,-1799.39,-10796.34,2025-04-17 06:00:00,2026-08-07 20:10:16,order_items.csv,2026-08-07,Negative unit_price
ITEM000159327,ORD00020196,SKU02896,Optional cohesive core,Toys,,1539.62,,2025-04-17 06:00:00,2026-08-07 20:10:16,order_items.csv,2026-08-07,Missing quantity
ITEM000159394,ORD00023951,SKU04399,Assimilated user-facing framework,Toys,,3746.15,,2025-04-17 06:00:00,2026-08-07 20:10:16,order_items.csv,2026-08-07,Missing quantity
ITEM000159401,ORD00041549,SKU02712,Polarized 5thgeneration strategy,Grocery,9.0,-13852.28,-124670.52,2025-04-17 06:00:00,2026-08-07 20:10:16,order_items.csv,2026-08-07,Negative unit_price
ITEM000159461,ORD00014749,SKU01450,Balanced directional monitoring,Toys,,5288.26,,2025-04-17 06:00:00,2026-08-07 20:10:16,order_items.csv,2026-08-07,Missing quantity
ITEM000159501,ORD00040994,SKU00419,Fully-configurable tertiary pricing structure,Books,5.0,-6218.24,-31091.199999999997,2025-04-17 06:00:00,2026-08-07 20:10:16,order_items.csv,2026-08-07,Negative unit_price
ITEM000159528,ORD00034158,SKU00564,Ameliorated asymmetric task-force,Grocery,,9731.54,,2025-04-17 06:00:00,2026-08-07 20:10:16,order_items.csv,2026-08-07,Missing quantity
ITEM000159595,ORD00031260,SKU03613,Mandatory transitional capability,Home & Kitchen,,4956.53,,2025-04-17 06:00:00,2026-08-07 20:10:16,order_items.csv,2026-08-07,Missing quantity
ITEM000159601,ORD00028762,SKU01747,Programmable hybrid frame,Beauty,10.0,-8016.83,-80168.3,2025-04-17 06:00:00,2026-08-07 20:10:16,order_items.csv,2026-08-07,Negative unit_price
ITEM000159662,ORD00034646,SKU02203,Face-to-face next generation concept,Beauty,,8492.52,,2025-04-17 06:00:00,2026-08-07 20:10:16,order_items.csv,2026-08-07,Missing quantity
ITEM000159701,ORD00039779,SKU04984,Configurable encompassing middleware,Beauty,10.0,-9676.6,-96766.0,2025-04-17 06:00:00,2026-08-07 20:10:16,order_items.csv,2026-08-07,Negative unit_price
ITEM000159729,ORD00049785,SKU01725,Reduced bandwidth-monitored migration,Grocery,,2303.61,,2025-04-17 06:00:00,2026-08-07 20:10:16,order_items.csv,2026-08-07,Missing quantity
ITEM000159796,ORD00014209,SKU02586,Multi-layered 5thgeneration infrastructure,Toys,,1928.99,,2025-04-17 06:00:00,2026-08-07 20:10:16,order_items.csv,2026-08-07,Missing quantity
ITEM000159801,ORD00015058,SKU03292,Expanded mission-critical archive,Beauty,5.0,-8679.97,-43399.85,2025-04-17 06:00:00,2026-08-07 20:10:16,order_items.csv,2026-08-07,Negative unit_price
ITEM000159863,ORD00017671,SKU04544,De-engineered even-keeled productivity,Sports,,8812.63,,2025-04-17 06:00:00,2026-08-07 20:10:16,order_items.csv,2026-08-07,Missing quantity
ITEM000159901,ORD00006342,SKU00919,Seamless encompassing policy,Toys,1.0,-440.16,-440.16,2025-04-17 06:00:00,2026-08-07 20:10:16,order_items.csv,2026-08-07,Negative unit_price
ITEM000159930,ORD00026725,SKU04175,Quality-focused heuristic forecast,Beauty,,2522.93,,2025-04-17 06:00:00,2026-08-07 20:10:16,order_items.csv,2026-08-07,Missing quantity
ITEM000159997,ORD00032094,SKU04673,Ameliorated national focus group,Toys,,1451.58,,2025-04-17 06:00:00,2026-08-07 20:10:16,order_items.csv,2026-08-07,Missing quantity
ITEM000160001,ORD00037266,SKU01769,Programmable tangible structure,Grocery,2.0,-12992.86,-25985.72,2025-04-17 06:00:00,2026-08-07 20:10:16,order_items.csv,2026-08-07,Negative unit_price
ITEM000160064,ORD00021486,SKU00395,Adaptive multi-state database,Grocery,,10056.18,,2025-04-17 06:00:00,2026-08-07 20:10:16,order_items.csv,2026-08-07,Missing quantity
ITEM000160101,ORD00045538,SKU01548,Progressive asynchronous Graphic Interface,Home & Kitchen,5.0,-13313.81,-66569.05,2025-04-17 06:00:00,2026-08-07 20:10:16,order_items.csv,2026-08-07,Negative unit_price
ITEM000160131,ORD00006869,SKU04252,Phased explicit capacity,Beauty,,5093.99,,2025-04-17 06:00:00,2026-08-07 20:10:16,order_items.csv,2026-08-07,Missing quantity
ITEM000160198,ORD00040438,SKU03874,Streamlined multi-tasking toolset,Books,,384.27,,2025-04-17 06:00:00,2026-08-07 20:10:16,order_items.csv,2026-08-07,Missing quantity
ITEM000160201,ORD00016109,SKU00308,Switchable 24hour Local Area Network,Clothing,1.0,-2858.03,-2858.03,2025-04-17 06:00:00,2026-08-07 20:10:16,order_items.csv,2026-08-07,Negative unit_price
ITEM000160265,ORD00022839,SKU00781,Fully-configurable bandwidth-monitored functionali,Beauty,,11689.48,,2025-04-17 06:00:00,2026-08-07 20:10:16,order_items.csv,2026-08-07,Missing quantity
ITEM000160301,ORD00047961,SKU00540,Business-focused user-facing hierarchy,Home & Kitchen,2.0,-12246.51,-24493.02,2025-04-17 06:00:00,2026-08-07 20:10:16,order_items.csv,2026-08-07,Negative unit_price
ITEM000160332,ORD00021789,SKU03934,Multi-channeled web-enabled data-warehouse,Electronics,,431.5,,2025-04-17 06:00:00,2026-08-07 20:10:16,order_items.csv,2026-08-07,Missing quantity
ITEM000160399,ORD00021599,SKU01474,Persevering value-added service-desk,Grocery,,2877.59,,2025-04-17 06:00:00,2026-08-07 20:10:16,order_items.csv,2026-08-07,Missing quantity
ITEM000160401,ORD00033997,SKU02314,Reactive impactful product,Sports,1.0,-13734.58,-13734.58,2025-04-17 06:00:00,2026-08-07 20:10:16,order_items.csv,2026-08-07,Negative unit_price
ITEM000160466,ORD00024977,SKU02931,Business-focused attitude-oriented matrix,Grocery,,949.86,,2025-04-17 06:00:00,2026-08-07 20:10:16,order_items.csv,2026-08-07,Missing quantity
ITEM000160501,ORD00006526,SKU02490,Automated mobile capacity,Home & Kitchen,6.0,-12160.86,-72965.16,2025-04-17 06:00:00,2026-08-07 20:10:16,order_items.csv,2026-08-07,Negative unit_price
ITEM000160533,ORD00004336,SKU04516,Inverse composite productivity,Books,,6897.21,,2025-04-17 06:00:00,2026-08-07 20:10:16,order_items.csv,2026-08-07,Missing quantity
ITEM000160600,ORD00026006,SKU04388,Right-sized optimizing frame,Home & Kitchen,,9590.9,,2025-04-17 06:00:00,2026-08-07 20:10:16,order_items.csv,2026-08-07,Missing quantity
ITEM000160601,ORD00036851,SKU01827,Persistent non-volatile secured line,Home & Kitchen,6.0,-582.99,-3497.94,2025-04-17 06:00:00,2026-08-07 20:10:16,order_items.csv,2026-08-07,Negative unit_price
ITEM000160667,ORD00021610,SKU00353,Open-architected asynchronous migration,Home & Kitchen,,8330.78,,2025-04-17 06:00:00,2026-08-07 20:10:16,order_items.csv,2026-08-07,Missing quantity
ITEM000160701,ORD00004071,SKU02362,Fundamental incremental migration,Beauty,4.0,-11249.91,-44999.64,2025-04-17 06:00:00,2026-08-07 20:10:16,order_items.csv,2026-08-07,Negative unit_price
ITEM000160734,ORD00015965,SKU00947,User-centric leadingedge support,Books,,10560.56,,2025-04-17 06:00:00,2026-08-07 20:10:16,order_items.csv,2026-08-07,Missing quantity
ITEM000160801,ORD00018971,SKU00148,Polarized optimizing open architecture,Clothing,,-2163.32,,2025-04-17 06:00:00,2026-08-07 20:10:16,order_items.csv,2026-08-07,Missing quantity
ITEM000160868,ORD00044352,SKU02208,Balanced systematic core,Books,,8484.42,,2025-04-17 06:00:00,2026-08-07 20:10:16,order_items.csv,2026-08-07,Missing quantity
ITEM000160901,ORD00046822,SKU04128,Balanced directional encryption,Electronics,3.0,-8658.98,-25976.94,2025-04-17 06:00:00,2026-08-07 20:10:16,order_items.csv,2026-08-07,Negative unit_price
ITEM000160935,ORD00031808,SKU02273,Extended web-enabled encoding,Electronics,,8024.66,,2025-04-17 06:00:00,2026-08-07 20:10:16,order_items.csv,2026-08-07,Missing quantity
ITEM000161001,ORD00019269,SKU02319,Open-source systematic archive,Books,8.0,-6573.53,-52588.24,2025-04-17 06:00:00,2026-08-07 20:10:16,order_items.csv,2026-08-07,Negative unit_price
ITEM000161002,ORD00021445,SKU04012,Robust multimedia function,Electronics,,7505.31,,2025-04-17 06:00:00,2026-08-07 20:10:16,order_items.csv,2026-08-07,Missing quantity
ITEM000161069,ORD00019025,SKU04240,Progressive optimal pricing structure,Home & Kitchen,,4178.92,,2025-04-17 06:00:00,2026-08-07 20:10:16,order_items.csv,2026-08-07,Missing quantity
ITEM000161101,ORD00003041,SKU04840,Business-focused uniform success,Sports,9.0,-3084.44,-27759.96,2025-04-17 06:00:00,2026-08-07 20:10:16,order_items.csv,2026-08-07,Negative unit_price
ITEM000161136,ORD00025969,SKU04914,Self-enabling 6thgeneration service-desk,Toys,,14503.13,,2025-04-17 06:00:00,2026-08-07 20:10:16,order_items.csv,2026-08-07,Missing quantity
ITEM000161201,ORD00038439,SKU00800,Multi-lateral web-enabled complexity,Toys,2.0,-4007.22,-8014.44,2025-04-17 06:00:00,2026-08-07 20:10:16,order_items.csv,2026-08-07,Negative unit_price
ITEM000161203,ORD00005463,SKU00456,Multi-layered cohesive Local Area Network,Books,,10951.93,,2025-04-17 06:00:00,2026-08-07 20:10:16,order_items.csv,2026-08-07,Missing quantity
ITEM000161270,ORD00035146,SKU00139,Multi-channeled fresh-thinking hierarchy,Home & Kitchen,,996.55,,2025-04-17 06:00:00,2026-08-07 20:10:16,order_items.csv,2026-08-07,Missing quantity
ITEM000161301,ORD00040027,SKU01467,Extended interactive standardization,Beauty,10.0,-14428.24,-144282.4,2025-04-17 06:00:00,2026-08-07 20:10:16,order_items.csv,2026-08-07,Negative unit_price
ITEM000161337,ORD00004354,SKU04967,Multi-channeled national initiative,Home & Kitchen,,8201.12,,2025-04-17 06:00:00,2026-08-07 20:10:16,order_items.csv,2026-08-07,Missing quantity
ITEM000161401,ORD00004174,SKU03620,Visionary 5thgeneration interface,Books,10.0,-14186.62,-141866.2,2025-04-17 06:00:00,2026-08-07 20:10:16,order_items.csv,2026-08-07,Negative unit_price
ITEM000161404,ORD00042908,SKU00414,Persevering multi-state concept,Home & Kitchen,,4430.52,,2025-04-17 06:00:00,2026-08-07 20:10:16,order_items.csv,2026-08-07,Missing quantity
ITEM000161471,ORD00001465,SKU04464,Total composite orchestration,Clothing,,439.5,,2025-04-17 06:00:00,2026-08-07 20:10:16,order_items.csv,2026-08-07,Missing quantity
ITEM000161501,ORD00002312,SKU03404,Object-based web-enabled success,Toys,4.0,-240.67,-962.68,2025-04-17 06:00:00,2026-08-07 20:10:16,order_items.csv,2026-08-07,Negative unit_price
ITEM000161538,ORD00002715,SKU00289,Re-contextualized intermediate extranet,Sports,,5760.93,,2025-04-17 06:00:00,2026-08-07 20:10:16,order_items.csv,2026-08-07,Missing quantity
ITEM000161601,ORD00012892,SKU01991,Proactive motivating application,Home & Kitchen,6.0,-13309.07,-79854.42,2025-04-17 06:00:00,2026-08-07 20:10:16,order_items.csv,2026-08-07,Negative unit_price
ITEM000161605,ORD00037946,SKU04757,Proactive bi-directional projection,Beauty,,12916.78,,2025-04-17 06:00:00,2026-08-07 20:10:16,order_items.csv,2026-08-07,Missing quantity
ITEM000161672,ORD00034322,SKU04817,Reduced user-facing budgetary management,Grocery,,6374.95,,2025-04-17 06:00:00,2026-08-07 20:10:16,order_items.csv,2026-08-07,Missing quantity
ITEM000161701,ORD00026226,SKU00714,Down-sized real-time functionalities,Grocery,9.0,-11997.97,-107981.73,2025-04-17 06:00:00,2026-08-07 20:10:16,order_items.csv,2026-08-07,Negative unit_price
ITEM000161739,ORD00032058,SKU00066,Triple-buffered intangible hierarchy,Beauty,,4697.46,,2025-04-17 06:00:00,2026-08-07 20:10:16,order_items.csv,2026-08-07,Missing quantity
ITEM000161801,ORD00038727,SKU02722,Robust needs-based algorithm,Grocery,2.0,-4316.98,-8633.96,2025-04-17 06:00:00,2026-08-07 20:10:16,order_items.csv,2026-08-07,Negative unit_price
ITEM000161806,ORD00039412,SKU01265,Organic system-worthy infrastructure,Electronics,,7147.04,,2025-04-17 06:00:00,2026-08-07 20:10:16,order_items.csv,2026-08-07,Missing quantity
ITEM000161873,ORD00035074,SKU04411,Sharable tertiary help-desk,Electronics,,8717.92,,2025-04-17 06:00:00,2026-08-07 20:10:16,order_items.csv,2026-08-07,Missing quantity
ITEM000161901,ORD00000046,SKU00288,Ameliorated systematic data-warehouse,Sports,7.0,-11715.83,-82010.81,2025-04-17 06:00:00,2026-08-07 20:10:16,order_items.csv,2026-08-07,Negative unit_price
ITEM000161940,ORD00003201,SKU04822,Synergized upward-trending intranet,Books,,11773.98,,2025-04-17 06:00:00,2026-08-07 20:10:16,order_items.csv,2026-08-07,Missing quantity
ITEM000162001,ORD00032688,SKU03034,Reduced exuding moratorium,Electronics,9.0,-3435.95,-30923.55,2025-04-17 06:00:00,2026-08-07 20:10:16,order_items.csv,2026-08-07,Negative unit_price
ITEM000162007,ORD00048885,SKU02306,Polarized intangible challenge,Books,,12450.85,,2025-04-17 06:00:00,2026-08-07 20:10:16,order_items.csv,2026-08-07,Missing quantity
ITEM000162074,ORD00014362,SKU03930,Organized system-worthy neural-net,Electronics,,6930.03,,2025-04-17 06:00:00,2026-08-07 20:10:16,order_items.csv,2026-08-07,Missing quantity
ITEM000162101,ORD00036924,SKU04954,Optional encompassing workforce,Beauty,1.0,-5520.92,-5520.92,2025-04-17 06:00:00,2026-08-07 20:10:16,order_items.csv,2026-08-07,Negative unit_price
ITEM000162141,ORD00044981,SKU01748,Universal fault-tolerant software,Clothing,,866.29,,2025-04-17 06:00:00,2026-08-07 20:10:16,order_items.csv,2026-08-07,Missing quantity
ITEM000162201,ORD00032698,SKU00330,Robust intangible installation,Grocery,10.0,-10161.02,-101610.20000000001,2025-04-17 06:00:00,2026-08-07 20:10:16,order_items.csv,2026-08-07,Negative unit_price
ITEM000162208,ORD00034368,SKU02992,Streamlined human-resource moratorium,Beauty,,9188.14,,2025-04-17 06:00:00,2026-08-07 20:10:16,order_items.csv,2026-08-07,Missing quantity
ITEM000162275,ORD00000111,SKU04512,Phased multi-tasking Graphical User Interface,Sports,,12213.98,,2025-04-17 06:00:00,2026-08-07 20:10:16,order_items.csv,2026-08-07,Missing quantity
ITEM000162301,ORD00006419,SKU04791,Cross-group leadingedge benchmark,Books,4.0,-12897.49,-51589.96,2025-04-17 06:00:00,2026-08-07 20:10:16,order_items.csv,2026-08-07,Negative unit_price
ITEM000162342,ORD00035126,SKU02590,Distributed zero tolerance benchmark,Electronics,,8576.31,,2025-04-17 06:00:00,2026-08-07 20:10:16,order_items.csv,2026-08-07,Missing quantity
ITEM000162401,ORD00000849,SKU00408,Proactive 24hour concept,Grocery,7.0,-2619.17,-18334.190000000002,2025-04-17 06:00:00,2026-08-07 20:10:16,order_items.csv,2026-08-07,Negative unit_price
ITEM000162409,ORD00004093,SKU00352,Innovative real-time secured line,Electronics,,14197.97,,2025-04-17 06:00:00,2026-08-07 20:10:16,order_items.csv,2026-08-07,Missing quantity
ITEM000162476,ORD00048283,SKU01860,Synchronized system-worthy success,Grocery,,9457.31,,2025-04-17 06:00:00,2026-08-07 20:10:16,order_items.csv,2026-08-07,Missing quantity
ITEM000162501,ORD00047470,SKU02066,Automated grid-enabled instruction set,Clothing,5.0,-10692.88,-53464.399999999994,2025-04-17 06:00:00,2026-08-07 20:10:16,order_items.csv,2026-08-07,Negative unit_price
ITEM000162543,ORD00028639,SKU01608,Pre-emptive high-level collaboration,Sports,,1702.35,,2025-04-17 06:00:00,2026-08-07 20:10:16,order_items.csv,2026-08-07,Missing quantity
ITEM000162601,ORD00017322,SKU00428,Decentralized grid-enabled instruction set,Beauty,1.0,-3775.48,-3775.48,2025-04-17 06:00:00,2026-08-07 20:10:16,order_items.csv,2026-08-07,Negative unit_price
ITEM000162610,ORD00033512,SKU03906,Sharable 3rdgeneration approach,Grocery,,5453.06,,2025-04-17 06:00:00,2026-08-07 20:10:16,order_items.csv,2026-08-07,Missing quantity
ITEM000162677,ORD00047279,SKU00866,Open-source multi-state projection,Electronics,,1322.89,,2025-04-17 06:00:00,2026-08-07 20:10:16,order_items.csv,2026-08-07,Missing quantity
ITEM000162701,ORD00045923,SKU04093,Open-source asymmetric open system,Clothing,9.0,-5997.14,-53974.26,2025-04-17 06:00:00,2026-08-07 20:10:16,order_items.csv,2026-08-07,Negative unit_price
ITEM000162744,ORD00011428,SKU01327,Innovative impactful Graphical User Interface,Books,,13765.88,,2025-04-17 06:00:00,2026-08-07 20:10:16,order_items.csv,2026-08-07,Missing quantity
ITEM000162801,ORD00027662,SKU03349,Multi-layered intermediate knowledgebase,Grocery,5.0,-4672.08,-23360.4,2025-04-17 06:00:00,2026-08-07 20:10:16,order_items.csv,2026-08-07,Negative unit_price
ITEM000162811,ORD00049322,SKU04220,Right-sized 3rdgeneration knowledge user,Grocery,,1742.08,,2025-04-17 06:00:00,2026-08-07 20:10:16,order_items.csv,2026-08-07,Missing quantity
ITEM000162878,ORD00013855,SKU02051,Inverse explicit monitoring,Grocery,,8855.38,,2025-04-17 06:00:00,2026-08-07 20:10:16,order_items.csv,2026-08-07,Missing quantity
ITEM000162901,ORD00028183,SKU01610,Focused composite groupware,Electronics,5.0,-10825.24,-54126.2,2025-04-17 06:00:00,2026-08-07 20:10:16,order_items.csv,2026-08-07,Negative unit_price
ITEM000162945,ORD00036008,SKU04435,Visionary needs-based conglomeration,Books,,3098.16,,2025-04-17 06:00:00,2026-08-07 20:10:16,order_items.csv,2026-08-07,Missing quantity
ITEM000163001,ORD00023914,SKU01021,Enhanced local utilization,Books,8.0,-7258.71,-58069.68,2025-04-17 06:00:00,2026-08-07 20:10:16,order_items.csv,2026-08-07,Negative unit_price
ITEM000163012,ORD00025937,SKU01839,User-friendly executive solution,Books,,14083.61,,2025-04-17 06:00:00,2026-08-07 20:10:16,order_items.csv,2026-08-07,Missing quantity
ITEM000163079,ORD00041504,SKU00359,Cloned impactful model,Beauty,,9832.77,,2025-04-17 06:00:00,2026-08-07 20:10:16,order_items.csv,2026-08-07,Missing quantity
ITEM000163101,ORD00042242,SKU00181,Self-enabling uniform circuit,Electronics,8.0,-14357.65,-114861.2,2025-04-17 06:00:00,2026-08-07 20:10:16,order_items.csv,2026-08-07,Negative unit_price
ITEM000163146,ORD00047276,SKU03180,Ergonomic well-modulated function,Sports,,10194.27,,2025-04-17 06:00:00,2026-08-07 20:10:16,order_items.csv,2026-08-07,Missing quantity
ITEM000163201,ORD00016364,SKU00417,Multi-layered logistical capability,Toys,4.0,-1955.3,-7821.2,2025-04-17 06:00:00,2026-08-07 20:10:16,order_items.csv,2026-08-07,Negative unit_price
ITEM000163213,ORD00004982,SKU00130,Decentralized zero-defect extranet,Sports,,10602.93,,2025-04-17 06:00:00,2026-08-07 20:10:16,order_items.csv,2026-08-07,Missing quantity
ITEM000163280,ORD00038668,SKU03911,Profound stable moratorium,Home & Kitchen,,11160.16,,2025-04-17 06:00:00,2026-08-07 20:10:16,order_items.csv,2026-08-07,Missing quantity
ITEM000163301,ORD00037633,SKU04238,Grass-roots motivating software,Sports,3.0,-9500.38,-28501.14,2025-04-17 06:00:00,2026-08-07 20:10:16,order_items.csv,2026-08-07,Negative unit_price
ITEM000163347,ORD00012748,SKU03148,Seamless user-facing system engine,Home & Kitchen,,12075.7,,2025-04-17 06:00:00,2026-08-07 20:10:16,order_items.csv,2026-08-07,Missing quantity
ITEM000163401,ORD00031251,SKU00474,Organized didactic superstructure,Home & Kitchen,4.0,-5733.89,-22935.56,2025-04-17 06:00:00,2026-08-07 20:10:16,order_items.csv,2026-08-07,Negative unit_price
ITEM000163414,ORD00016690,SKU03158,Open-source responsive synergy,Books,,4302.5,,2025-04-17 06:00:00,2026-08-07 20:10:16,order_items.csv,2026-08-07,Missing quantity
ITEM000163481,ORD00003071,SKU00305,Phased real-time neural-net,Grocery,,9695.34,,2025-04-17 06:00:00,2026-08-07 20:10:16,order_items.csv,2026-08-07,Missing quantity
ITEM000163501,ORD00003523,SKU02418,De-engineered zero administration solution,Electronics,8.0,-4888.28,-39106.24,2025-04-17 06:00:00,2026-08-07 20:10:16,order_items.csv,2026-08-07,Negative unit_price
ITEM000163548,ORD00047581,SKU03038,Stand-alone composite flexibility,Home & Kitchen,,11719.2,,2025-04-17 06:00:00,2026-08-07 20:10:16,order_items.csv,2026-08-07,Missing quantity
ITEM000163601,ORD00020185,SKU04141,Down-sized intermediate core,Toys,2.0,-12644.64,-25289.28,2025-04-17 06:00:00,2026-08-07 20:10:16,order_items.csv,2026-08-07,Negative unit_price
ITEM000163615,ORD00011238,SKU03798,Digitized dedicated architecture,Grocery,,7900.89,,2025-04-17 06:00:00,2026-08-07 20:10:16,order_items.csv,2026-08-07,Missing quantity
ITEM000163682,ORD00044334,SKU02242,Virtual leadingedge middleware,Home & Kitchen,,10743.09,,2025-04-17 06:00:00,2026-08-07 20:10:16,order_items.csv,2026-08-07,Missing quantity
ITEM000163701,ORD00041727,SKU03314,Down-sized hybrid parallelism,Electronics,3.0,-14823.67,-44471.01,2025-04-17 06:00:00,2026-08-07 20:10:16,order_items.csv,2026-08-07,Negative unit_price
ITEM000163749,ORD00042976,SKU03016,Seamless coherent website,Beauty,,3811.05,,2025-04-17 06:00:00,2026-08-07 20:10:16,order_items.csv,2026-08-07,Missing quantity
ITEM000163801,ORD00035192,SKU00409,Grass-roots real-time process improvement,Sports,4.0,-3003.42,-12013.68,2025-04-17 06:00:00,2026-08-07 20:10:16,order_items.csv,2026-08-07,Negative unit_price
ITEM000163816,ORD00043402,SKU04370,Multi-layered coherent artificial intelligence,Home & Kitchen,,10355.6,,2025-04-17 06:00:00,2026-08-07 20:10:16,order_items.csv,2026-08-07,Missing quantity
ITEM000163883,ORD00046150,SKU03514,Public-key modular policy,Grocery,,13773.23,,2025-04-17 06:00:00,2026-08-07 20:10:16,order_items.csv,2026-08-07,Missing quantity
ITEM000163901,ORD00007846,SKU01890,Grass-roots cohesive Graphical User Interface,Electronics,9.0,-13821.16,-124390.44,2025-04-17 06:00:00,2026-08-07 20:10:16,order_items.csv,2026-08-07,Negative unit_price
ITEM000163950,ORD00048704,SKU04674,Persevering bi-directional migration,Electronics,,146.77,,2025-04-17 06:00:00,2026-08-07 20:10:16,order_items.csv,2026-08-07,Missing quantity
ITEM000164001,ORD00044064,SKU00870,De-engineered next generation function,Electronics,7.0,-14202.35,-99416.45,2025-04-17 06:00:00,2026-08-07 20:10:16,order_items.csv,2026-08-07,Negative unit_price
ITEM000164017,ORD00010643,SKU01649,Up-sized human-resource instruction set,Home & Kitchen,,3953.77,,2025-04-17 06:00:00,2026-08-07 20:10:16,order_items.csv,2026-08-07,Missing quantity
ITEM000164084,ORD00040640,SKU01490,Versatile cohesive open architecture,Beauty,,1877.2,,2025-04-17 06:00:00,2026-08-07 20:10:16,order_items.csv,2026-08-07,Missing quantity
ITEM000164101,ORD00017219,SKU00279,Managed high-level orchestration,Clothing,9.0,-3994.62,-35951.58,2025-04-17 06:00:00,2026-08-07 20:10:16,order_items.csv,2026-08-07,Negative unit_price
ITEM000164151,ORD00036639,SKU04493,Compatible neutral benchmark,Electronics,,2659.65,,2025-04-17 06:00:00,2026-08-07 20:10:16,order_items.csv,2026-08-07,Missing quantity
ITEM000164201,ORD00014858,SKU04334,User-friendly intermediate parallelism,Grocery,4.0,-3526.91,-14107.64,2025-04-17 06:00:00,2026-08-07 20:10:16,order_items.csv,2026-08-07,Negative unit_price
ITEM000164218,ORD00010571,SKU00672,Multi-channeled 3rdgeneration monitoring,Clothing,,14959.94,,2025-04-17 06:00:00,2026-08-07 20:10:16,order_items.csv,2026-08-07,Missing quantity
ITEM000164285,ORD00022546,SKU00549,Down-sized bandwidth-monitored moratorium,Sports,,7656.05,,2025-04-17 06:00:00,2026-08-07 20:10:16,order_items.csv,2026-08-07,Missing quantity
ITEM000164301,ORD00038145,SKU02635,Focused asynchronous budgetary management,Beauty,10.0,-723.33,-7233.3,2025-04-17 06:00:00,2026-08-07 20:10:16,order_items.csv,2026-08-07,Negative unit_price
ITEM000164352,ORD00002695,SKU04275,Open-source motivating superstructure,Clothing,,10463.07,,2025-04-17 06:00:00,2026-08-07 20:10:16,order_items.csv,2026-08-07,Missing quantity
ITEM000164401,ORD00036909,SKU04349,Persistent web-enabled migration,Beauty,1.0,-9319.78,-9319.78,2025-04-17 06:00:00,2026-08-07 20:10:16,order_items.csv,2026-08-07,Negative unit_price
ITEM000164419,ORD00038424,SKU01568,Decentralized next generation budgetary management,Books,,5316.61,,2025-04-17 06:00:00,2026-08-07 20:10:16,order_items.csv,2026-08-07,Missing quantity
ITEM000164486,ORD00001575,SKU01303,Quality-focused empowering encoding,Electronics,,13489.05,,2025-04-17 06:00:00,2026-08-07 20:10:16,order_items.csv,2026-08-07,Missing quantity
ITEM000164501,ORD00013721,SKU03665,Universal discrete encryption,Clothing,1.0,-12510.19,-12510.19,2025-04-17 06:00:00,2026-08-07 20:10:16,order_items.csv,2026-08-07,Negative unit_price
ITEM000164553,ORD00006511,SKU02519,Organic multi-tasking approach,Clothing,,3941.61,,2025-04-17 06:00:00,2026-08-07 20:10:16,order_items.csv,2026-08-07,Missing quantity
ITEM000164601,ORD00008320,SKU02785,Switchable motivating matrices,Sports,3.0,-8728.3,-26184.899999999998,2025-04-17 06:00:00,2026-08-07 20:10:16,order_items.csv,2026-08-07,Negative unit_price
ITEM000164620,ORD00038675,SKU04951,Vision-oriented holistic model,Electronics,,1799.39,,2025-04-17 06:00:00,2026-08-07 20:10:16,order_items.csv,2026-08-07,Missing quantity
ITEM000164687,ORD00001623,SKU02176,Decentralized scalable capability,Clothing,,14155.37,,2025-04-17 06:00:00,2026-08-07 20:10:16,order_items.csv,2026-08-07,Missing quantity
ITEM000164701,ORD00010189,SKU04997,Robust human-resource core,Electronics,2.0,-3148.91,-6297.82,2025-04-17 06:00:00,2026-08-07 20:10:16,order_items.csv,2026-08-07,Negative unit_price
ITEM000164754,ORD00030070,SKU03899,Synchronized object-oriented utilization,Books,,13580.58,,2025-04-17 06:00:00,2026-08-07 20:10:16,order_items.csv,2026-08-07,Missing quantity
ITEM000164801,ORD00042899,SKU02360,Future-proofed 5thgeneration alliance,Sports,4.0,-14536.42,-58145.68,2025-04-17 06:00:00,2026-08-07 20:10:16,order_items.csv,2026-08-07,Negative unit_price
ITEM000164821,ORD00003840,SKU04300,Universal mission-critical alliance,Home & Kitchen,,14706.41,,2025-04-17 06:00:00,2026-08-07 20:10:16,order_items.csv,2026-08-07,Missing quantity
ITEM000164888,ORD00042867,SKU01616,Team-oriented multi-tasking moderator,Clothing,,8018.81,,2025-04-17 06:00:00,2026-08-07 20:10:16,order_items.csv,2026-08-07,Missing quantity
ITEM000164901,ORD00033778,SKU02395,User-centric web-enabled archive,Books,9.0,-2842.52,-25582.68,2025-04-17 06:00:00,2026-08-07 20:10:16,order_items.csv,2026-08-07,Negative unit_price
ITEM000164955,ORD00048596,SKU02501,Adaptive content-based secured line,Clothing,,8815.54,,2025-04-17 06:00:00,2026-08-07 20:10:16,order_items.csv,2026-08-07,Missing quantity
ITEM000165001,ORD00004751,SKU03101,Switchable encompassing task-force,Clothing,4.0,-10180.35,-40721.4,2025-04-17 06:00:00,2026-08-07 20:10:16,order_items.csv,2026-08-07,Negative unit_price
ITEM000165022,ORD00038936,SKU03967,Streamlined bi-directional emulation,Toys,,9399.0,,2025-04-17 06:00:00,2026-08-07 20:10:16,order_items.csv,2026-08-07,Missing quantity
ITEM000165089,ORD00011407,SKU02588,Persevering stable encoding,Books,,3072.57,,2025-04-17 06:00:00,2026-08-07 20:10:16,order_items.csv,2026-08-07,Missing quantity
ITEM000165101,ORD00027630,SKU02227,Stand-alone dedicated hub,Beauty,4.0,-2135.46,-8541.84,2025-04-17 06:00:00,2026-08-07 20:10:16,order_items.csv,2026-08-07,Negative unit_price
ITEM000165156,ORD00007831,SKU01747,Programmable hybrid frame,Beauty,,8016.83,,2025-04-17 06:00:00,2026-08-07 20:10:16,order_items.csv,2026-08-07,Missing quantity
ITEM000165201,ORD00048406,SKU01579,Fully-configurable multi-tasking definition,Beauty,3.0,-4204.66,-12613.98,2025-04-17 06:00:00,2026-08-07 20:10:16,order_items.csv,2026-08-07,Negative unit_price
ITEM000165223,ORD00006153,SKU03314,Down-sized hybrid parallelism,Electronics,,14823.67,,2025-04-17 06:00:00,2026-08-07 20:10:16,order_items.csv,2026-08-07,Missing quantity
ITEM000165290,ORD00041073,SKU03130,Phased intangible help-desk,Home & Kitchen,,2072.3,,2025-04-17 06:00:00,2026-08-07 20:10:16,order_items.csv,2026-08-07,Missing quantity
ITEM000165301,ORD00042775,SKU01698,Progressive modular encryption,Home & Kitchen,3.0,-6619.76,-19859.28,2025-04-17 06:00:00,2026-08-07 20:10:16,order_items.csv,2026-08-07,Negative unit_price
ITEM000165357,ORD00015389,SKU04669,Sharable intangible forecast,Toys,,13900.83,,2025-04-17 06:00:00,2026-08-07 20:10:16,order_items.csv,2026-08-07,Missing quantity
ITEM000165401,ORD00019254,SKU01913,Synchronized analyzing benchmark,Grocery,8.0,-14485.06,-115880.48,2025-04-17 06:00:00,2026-08-07 20:10:16,order_items.csv,2026-08-07,Negative unit_price
ITEM000165424,ORD00009742,SKU03093,Cloned static superstructure,Sports,,6988.92,,2025-04-17 06:00:00,2026-08-07 20:10:16,order_items.csv,2026-08-07,Missing quantity
ITEM000165491,ORD00033347,SKU02029,Quality-focused upward-trending Local Area Network,Beauty,,9912.49,,2025-04-17 06:00:00,2026-08-07 20:10:16,order_items.csv,2026-08-07,Missing quantity
ITEM000165501,ORD00029282,SKU03102,Down-sized dynamic info-mediaries,Sports,5.0,-1557.9,-7789.5,2025-04-17 06:00:00,2026-08-07 20:10:16,order_items.csv,2026-08-07,Negative unit_price
ITEM000165558,ORD00037009,SKU00357,Secured even-keeled knowledge user,Toys,,387.24,,2025-04-17 06:00:00,2026-08-07 20:10:16,order_items.csv,2026-08-07,Missing quantity
ITEM000165601,ORD00005431,SKU01968,Object-based methodical Graphic Interface,Toys,7.0,-13536.68,-94756.76000000001,2025-04-17 06:00:00,2026-08-07 20:10:16,order_items.csv,2026-08-07,Negative unit_price
ITEM000165625,ORD00011455,SKU02438,Reduced 6thgeneration open architecture,Toys,,2205.31,,2025-04-17 06:00:00,2026-08-07 20:10:16,order_items.csv,2026-08-07,Missing quantity
ITEM000165692,ORD00019142,SKU00518,Optional 24hour moratorium,Beauty,,671.21,,2025-04-17 06:00:00,2026-08-07 20:10:16,order_items.csv,2026-08-07,Missing quantity
ITEM000165701,ORD00039743,SKU00065,Phased incremental middleware,Beauty,5.0,-11734.02,-58670.100000000006,2025-04-17 06:00:00,2026-08-07 20:10:16,order_items.csv,2026-08-07,Negative unit_price
ITEM000165759,ORD00028073,SKU01330,Profound eco-centric concept,Home & Kitchen,,9977.51,,2025-04-17 06:00:00,2026-08-07 20:10:16,order_items.csv,2026-08-07,Missing quantity
ITEM000165801,ORD00002118,SKU04684,Extended mobile capability,Toys,2.0,-1867.07,-3734.14,2025-04-17 06:00:00,2026-08-07 20:10:16,order_items.csv,2026-08-07,Negative unit_price
ITEM000165826,ORD00003632,SKU02142,Re-engineered solution-oriented matrices,Beauty,,3038.07,,2025-04-17 06:00:00,2026-08-07 20:10:16,order_items.csv,2026-08-07,Missing quantity
ITEM000165893,ORD00035340,SKU02789,Function-based zero-defect collaboration,Electronics,,14199.86,,2025-04-17 06:00:00,2026-08-07 20:10:16,order_items.csv,2026-08-07,Missing quantity
ITEM000165901,ORD00032556,SKU03623,User-friendly didactic flexibility,Sports,1.0,-9124.64,-9124.64,2025-04-17 06:00:00,2026-08-07 20:10:16,order_items.csv,2026-08-07,Negative unit_price
ITEM000165960,ORD00015488,SKU04386,Total human-resource pricing structure,Toys,,13338.59,,2025-04-17 06:00:00,2026-08-07 20:10:16,order_items.csv,2026-08-07,Missing quantity
ITEM000166001,ORD00033750,SKU01632,Profit-focused intermediate Graphical User Interfa,Toys,3.0,-6867.69,-20603.07,2025-04-17 06:00:00,2026-08-07 20:10:16,order_items.csv,2026-08-07,Negative unit_price
ITEM000166027,ORD00046663,SKU04266,Operative foreground moratorium,Electronics,,8624.99,,2025-04-17 06:00:00,2026-08-07 20:10:16,order_items.csv,2026-08-07,Missing quantity
ITEM000166094,ORD00036580,SKU04860,Diverse bottom-line installation,Electronics,,8122.14,,2025-04-17 06:00:00,2026-08-07 20:10:16,order_items.csv,2026-08-07,Missing quantity
ITEM000166101,ORD00046689,SKU01365,Cross-platform actuating task-force,Home & Kitchen,10.0,-11100.27,-111002.70000000001,2025-04-17 06:00:00,2026-08-07 20:10:16,order_items.csv,2026-08-07,Negative unit_price
ITEM000166161,ORD00021549,SKU03128,Self-enabling uniform encoding,Home & Kitchen,,3982.77,,2025-04-17 06:00:00,2026-08-07 20:10:16,order_items.csv,2026-08-07,Missing quantity
ITEM000166201,ORD00019054,SKU00422,Right-sized multi-state toolset,Home & Kitchen,4.0,-5970.23,-23880.92,2025-04-17 06:00:00,2026-08-07 20:10:16,order_items.csv,2026-08-07,Negative unit_price
ITEM000166228,ORD00022893,SKU01148,Organic heuristic project,Toys,,2403.15,,2025-04-17 06:00:00,2026-08-07 20:10:16,order_items.csv,2026-08-07,Missing quantity
ITEM000166295,ORD00010099,SKU04984,Configurable encompassing middleware,Beauty,,9676.6,,2025-04-17 06:00:00,2026-08-07 20:10:16,order_items.csv,2026-08-07,Missing quantity
ITEM000166301,ORD00034441,SKU00078,Cross-platform content-based process improvement,Books,6.0,-5840.0,-35040.0,2025-04-17 06:00:00,2026-08-07 20:10:16,order_items.csv,2026-08-07,Negative unit_price
ITEM000166362,ORD00006373,SKU00630,Secured heuristic attitude,Clothing,,9276.88,,2025-04-17 06:00:00,2026-08-07 20:10:16,order_items.csv,2026-08-07,Missing quantity
ITEM000166401,ORD00030674,SKU02107,Reverse-engineered maximized initiative,Home & Kitchen,6.0,-12038.28,-72229.68000000001,2025-04-17 06:00:00,2026-08-07 20:10:16,order_items.csv,2026-08-07,Negative unit_price
ITEM000166429,ORD00006346,SKU04322,Up-sized uniform hierarchy,Sports,,2173.09,,2025-04-17 06:00:00,2026-08-07 20:10:16,order_items.csv,2026-08-07,Missing quantity
ITEM000166496,ORD00011247,SKU04386,Total human-resource pricing structure,Toys,,13338.59,,2025-04-17 06:00:00,2026-08-07 20:10:16,order_items.csv,2026-08-07,Missing quantity
ITEM000166501,ORD00048763,SKU01577,Triple-buffered discrete complexity,Home & Kitchen,10.0,-11542.02,-115420.20000000001,2025-04-17 06:00:00,2026-08-07 20:10:16,order_items.csv,2026-08-07,Negative unit_price
ITEM000166563,ORD00023905,SKU04310,Self-enabling logistical matrices,Grocery,,6107.96,,2025-04-17 06:00:00,2026-08-07 20:10:16,order_items.csv,2026-08-07,Missing quantity
ITEM000166601,ORD00000429,SKU01777,Profound motivating projection,Beauty,6.0,-12508.43,-75050.58,2025-04-17 06:00:00,2026-08-07 20:10:16,order_items.csv,2026-08-07,Negative unit_price
ITEM000166630,ORD00031889,SKU04164,Enterprise-wide full-range capability,Home & Kitchen,,4932.11,,2025-04-17 06:00:00,2026-08-07 20:10:16,order_items.csv,2026-08-07,Missing quantity
ITEM000166697,ORD00005619,SKU04979,Self-enabling coherent task-force,Beauty,,5917.83,,2025-04-17 06:00:00,2026-08-07 20:10:16,order_items.csv,2026-08-07,Missing quantity
ITEM000166701,ORD00034721,SKU00060,Balanced upward-trending project,Beauty,8.0,-50.77,-406.16,2025-04-17 06:00:00,2026-08-07 20:10:16,order_items.csv,2026-08-07,Negative unit_price
ITEM000166764,ORD00036476,SKU00329,Integrated national hierarchy,Electronics,,190.38,,2025-04-17 06:00:00,2026-08-07 20:10:16,order_items.csv,2026-08-07,Missing quantity
ITEM000166801,ORD00029878,SKU04379,Triple-buffered analyzing approach,Books,7.0,-3436.43,-24055.01,2025-04-17 06:00:00,2026-08-07 20:10:16,order_items.csv,2026-08-07,Negative unit_price
ITEM000166831,ORD00001124,SKU03045,Extended 24hour matrices,Sports,,14884.91,,2025-04-17 06:00:00,2026-08-07 20:10:16,order_items.csv,2026-08-07,Missing quantity
ITEM000166898,ORD00012492,SKU02515,Balanced clear-thinking superstructure,Grocery,,3142.86,,2025-04-17 06:00:00,2026-08-07 20:10:16,order_items.csv,2026-08-07,Missing quantity
ITEM000166901,ORD00009877,SKU01923,Mandatory multi-tasking focus group,Grocery,2.0,-9552.28,-19104.56,2025-04-17 06:00:00,2026-08-07 20:10:16,order_items.csv,2026-08-07,Negative unit_price
ITEM000166965,ORD00000450,SKU01530,Intuitive neutral superstructure,Beauty,,8301.28,,2025-04-17 06:00:00,2026-08-07 20:10:16,order_items.csv,2026-08-07,Missing quantity
ITEM000167001,ORD00039061,SKU00403,Sharable asymmetric time-frame,Sports,10.0,-10455.07,-104550.7,2025-04-17 06:00:00,2026-08-07 20:10:16,order_items.csv,2026-08-07,Negative unit_price
ITEM000167032,ORD00000386,SKU04138,Stand-alone web-enabled paradigm,Home & Kitchen,,1580.23,,2025-04-17 06:00:00,2026-08-07 20:10:16,order_items.csv,2026-08-07,Missing quantity
ITEM000167099,ORD00045476,SKU02706,Upgradable hybrid instruction set,Sports,,5987.81,,2025-04-17 06:00:00,2026-08-07 20:10:16,order_items.csv,2026-08-07,Missing quantity
ITEM000167101,ORD00025932,SKU01867,Profound homogeneous function,Beauty,3.0,-8295.36,-24886.08,2025-04-17 06:00:00,2026-08-07 20:10:16,order_items.csv,2026-08-07,Negative unit_price
ITEM000167166,ORD00049648,SKU02345,Universal 24/7 knowledgebase,Toys,,3746.34,,2025-04-17 06:00:00,2026-08-07 20:10:16,order_items.csv,2026-08-07,Missing quantity
ITEM000167201,ORD00031461,SKU01841,Proactive static monitoring,Toys,2.0,-1019.83,-2039.66,2025-04-17 06:00:00,2026-08-07 20:10:16,order_items.csv,2026-08-07,Negative unit_price
ITEM000167233,ORD00049701,SKU01797,Horizontal next generation portal,Home & Kitchen,,7046.89,,2025-04-17 06:00:00,2026-08-07 20:10:16,order_items.csv,2026-08-07,Missing quantity
ITEM000167300,ORD00032861,SKU01196,Re-engineered impactful standardization,Grocery,,13550.18,,2025-04-17 06:00:00,2026-08-07 20:10:16,order_items.csv,2026-08-07,Missing quantity
ITEM000167301,ORD00000207,SKU02521,Upgradable mission-critical benchmark,Home & Kitchen,10.0,-12916.47,-129164.7,2025-04-17 06:00:00,2026-08-07 20:10:16,order_items.csv,2026-08-07,Negative unit_price
ITEM000167367,ORD00006337,SKU01356,Optional exuding software,Beauty,,9711.14,,2025-04-17 06:00:00,2026-08-07 20:10:16,order_items.csv,2026-08-07,Missing quantity
ITEM000167401,ORD00009340,SKU02688,Multi-tiered web-enabled algorithm,Sports,5.0,-8774.37,-43871.850000000006,2025-04-17 06:00:00,2026-08-07 20:10:16,order_items.csv,2026-08-07,Negative unit_price
ITEM000167434,ORD00030810,SKU04439,Synergized bandwidth-monitored attitude,Home & Kitchen,,14425.66,,2025-04-17 06:00:00,2026-08-07 20:10:16,order_items.csv,2026-08-07,Missing quantity
ITEM000167501,ORD00017460,SKU02701,Adaptive eco-centric capability,Books,,-1125.84,,2025-04-17 06:00:00,2026-08-07 20:10:16,order_items.csv,2026-08-07,Missing quantity
ITEM000167568,ORD00009098,SKU01804,Extended mission-critical service-desk,Books,,3665.13,,2025-04-17 06:00:00,2026-08-07 20:10:16,order_items.csv,2026-08-07,Missing quantity
ITEM000167601,ORD00007079,SKU03634,Centralized foreground frame,Grocery,10.0,-5382.38,-53823.8,2025-04-17 06:00:00,2026-08-07 20:10:16,order_items.csv,2026-08-07,Negative unit_price
ITEM000167635,ORD00031160,SKU03426,Monitored user-facing help-desk,Grocery,,3328.74,,2025-04-17 06:00:00,2026-08-07 20:10:16,order_items.csv,2026-08-07,Missing quantity
ITEM000167701,ORD00036258,SKU01243,De-engineered zero-defect task-force,Clothing,3.0,-1778.69,-5336.07,2025-04-17 06:00:00,2026-08-07 20:10:16,order_items.csv,2026-08-07,Negative unit_price
ITEM000167702,ORD00015495,SKU00109,Synchronized user-facing Graphic Interface,Toys,,8236.02,,2025-04-17 06:00:00,2026-08-07 20:10:16,order_items.csv,2026-08-07,Missing quantity
ITEM000167769,ORD00031141,SKU01546,Universal logistical Internet solution,Electronics,,13391.83,,2025-04-17 06:00:00,2026-08-07 20:10:16,order_items.csv,2026-08-07,Missing quantity
ITEM000167801,ORD00027437,SKU03740,Innovative interactive task-force,Sports,5.0,-259.44,-1297.2,2025-04-17 06:00:00,2026-08-07 20:10:16,order_items.csv,2026-08-07,Negative unit_price
ITEM000167836,ORD00048283,SKU02053,Switchable leadingedge project,Grocery,,3859.19,,2025-04-17 06:00:00,2026-08-07 20:10:16,order_items.csv,2026-08-07,Missing quantity
ITEM000167901,ORD00022404,SKU02809,Down-sized motivating open system,Grocery,6.0,-14051.44,-84308.64,2025-04-17 06:00:00,2026-08-07 20:10:16,order_items.csv,2026-08-07,Negative unit_price
ITEM000167903,ORD00008025,SKU03391,Multi-lateral modular groupware,Sports,,12687.48,,2025-04-17 06:00:00,2026-08-07 20:10:16,order_items.csv,2026-08-07,Missing quantity
ITEM000167970,ORD00047925,SKU04567,Persistent system-worthy moderator,Grocery,,12557.67,,2025-04-17 06:00:00,2026-08-07 20:10:16,order_items.csv,2026-08-07,Missing quantity
ITEM000168001,ORD00014068,SKU01963,Intuitive 3rdgeneration encoding,Toys,10.0,-14284.32,-142843.2,2025-04-17 06:00:00,2026-08-07 20:10:16,order_items.csv,2026-08-07,Negative unit_price
ITEM000168037,ORD00009543,SKU04013,Customer-focused web-enabled framework,Electronics,,4246.41,,2025-04-17 06:00:00,2026-08-07 20:10:16,order_items.csv,2026-08-07,Missing quantity
ITEM000168101,ORD00031574,SKU00127,Realigned eco-centric knowledgebase,Clothing,7.0,-5271.46,-36900.22,2025-04-17 06:00:00,2026-08-07 20:10:16,order_items.csv,2026-08-07,Negative unit_price
ITEM000168104,ORD00035596,SKU03566,Horizontal zero-defect success,Beauty,,8047.36,,2025-04-17 06:00:00,2026-08-07 20:10:16,order_items.csv,2026-08-07,Missing quantity
ITEM000168171,ORD00005178,SKU01494,Adaptive methodical knowledgebase,Electronics,,4778.17,,2025-04-17 06:00:00,2026-08-07 20:10:16,order_items.csv,2026-08-07,Missing quantity
ITEM000168201,ORD00047455,SKU00757,Digitized multi-tasking system engine,Books,7.0,-12992.02,-90944.14,2025-04-17 06:00:00,2026-08-07 20:10:16,order_items.csv,2026-08-07,Negative unit_price
ITEM000168238,ORD00029881,SKU02997,Reactive homogeneous frame,Sports,,6040.63,,2025-04-17 06:00:00,2026-08-07 20:10:16,order_items.csv,2026-08-07,Missing quantity
ITEM000168301,ORD00032677,SKU01847,Extended attitude-oriented Internet solution,Books,1.0,-13276.3,-13276.3,2025-04-17 06:00:00,2026-08-07 20:10:16,order_items.csv,2026-08-07,Negative unit_price
ITEM000168305,ORD00028845,SKU02207,Focused scalable artificial intelligence,Clothing,,13418.94,,2025-04-17 06:00:00,2026-08-07 20:10:16,order_items.csv,2026-08-07,Missing quantity
ITEM000168372,ORD00035335,SKU03706,Customer-focused encompassing hierarchy,Books,,4301.4,,2025-04-17 06:00:00,2026-08-07 20:10:16,order_items.csv,2026-08-07,Missing quantity
ITEM000168401,ORD00032575,SKU00365,Switchable demand-driven website,Home & Kitchen,9.0,-5463.54,-49171.86,2025-04-17 06:00:00,2026-08-07 20:10:16,order_items.csv,2026-08-07,Negative unit_price
ITEM000168439,ORD00001117,SKU04247,Organized optimal interface,Clothing,,9626.79,,2025-04-17 06:00:00,2026-08-07 20:10:16,order_items.csv,2026-08-07,Missing quantity
ITEM000168501,ORD00047686,SKU01758,Distributed homogeneous open system,Grocery,2.0,-14294.8,-28589.6,2025-04-17 06:00:00,2026-08-07 20:10:16,order_items.csv,2026-08-07,Negative unit_price
ITEM000168506,ORD00018330,SKU03049,Cloned attitude-oriented artificial intelligence,Grocery,,5625.8,,2025-04-17 06:00:00,2026-08-07 20:10:16,order_items.csv,2026-08-07,Missing quantity
ITEM000168573,ORD00005180,SKU02613,Multi-layered background toolset,Toys,,8235.27,,2025-04-17 06:00:00,2026-08-07 20:10:16,order_items.csv,2026-08-07,Missing quantity
ITEM000168601,ORD00008939,SKU03649,Balanced global complexity,Books,4.0,-2718.18,-10872.72,2025-04-17 06:00:00,2026-08-07 20:10:16,order_items.csv,2026-08-07,Negative unit_price
ITEM000168640,ORD00007791,SKU03308,Virtual empowering application,Home & Kitchen,,8669.28,,2025-04-17 06:00:00,2026-08-07 20:10:16,order_items.csv,2026-08-07,Missing quantity
ITEM000168701,ORD00048374,SKU03861,Virtual attitude-oriented standardization,Grocery,7.0,-12119.21,-84834.47,2025-04-17 06:00:00,2026-08-07 20:10:16,order_items.csv,2026-08-07,Negative unit_price
ITEM000168707,ORD00021423,SKU01726,Centralized next generation initiative,Grocery,,1326.6,,2025-04-17 06:00:00,2026-08-07 20:10:16,order_items.csv,2026-08-07,Missing quantity
ITEM000168774,ORD00003325,SKU04931,Adaptive analyzing project,Clothing,,9230.96,,2025-04-17 06:00:00,2026-08-07 20:10:16,order_items.csv,2026-08-07,Missing quantity
ITEM000168801,ORD00013721,SKU03415,Balanced zero administration access,Grocery,5.0,-8347.31,-41736.549999999996,2025-04-17 06:00:00,2026-08-07 20:10:16,order_items.csv,2026-08-07,Negative unit_price
ITEM000168841,ORD00033211,SKU02173,Expanded real-time challenge,Books,,6175.95,,2025-04-17 06:00:00,2026-08-07 20:10:16,order_items.csv,2026-08-07,Missing quantity
ITEM000168901,ORD00036514,SKU04508,Cloned demand-driven core,Clothing,2.0,-9295.85,-18591.7,2025-04-17 06:00:00,2026-08-07 20:10:16,order_items.csv,2026-08-07,Negative unit_price
ITEM000168908,ORD00032203,SKU01303,Quality-focused empowering encoding,Electronics,,13489.05,,2025-04-17 06:00:00,2026-08-07 20:10:16,order_items.csv,2026-08-07,Missing quantity
ITEM000168975,ORD00042970,SKU04724,Robust holistic alliance,Clothing,,5374.23,,2025-04-17 06:00:00,2026-08-07 20:10:16,order_items.csv,2026-08-07,Missing quantity
ITEM000169001,ORD00046398,SKU00628,Multi-lateral solution-oriented system engine,Home & Kitchen,8.0,-9568.32,-76546.56,2025-04-17 06:00:00,2026-08-07 20:10:16,order_items.csv,2026-08-07,Negative unit_price
ITEM000169042,ORD00008473,SKU03890,Right-sized didactic archive,Home & Kitchen,,10383.58,,2025-04-17 06:00:00,2026-08-07 20:10:16,order_items.csv,2026-08-07,Missing quantity
ITEM000169101,ORD00012216,SKU03129,Versatile 5thgeneration budgetary management,Home & Kitchen,8.0,-9171.48,-73371.84,2025-04-17 06:00:00,2026-08-07 20:10:16,order_items.csv,2026-08-07,Negative unit_price
ITEM000169109,ORD00003791,SKU04009,Expanded national encoding,Sports,,13604.04,,2025-04-17 06:00:00,2026-08-07 20:10:16,order_items.csv,2026-08-07,Missing quantity
ITEM000169176,ORD00006249,SKU01754,Seamless coherent encryption,Electronics,,4092.59,,2025-04-17 06:00:00,2026-08-07 20:10:16,order_items.csv,2026-08-07,Missing quantity
ITEM000169201,ORD00031476,SKU03781,Ergonomic national circuit,Beauty,3.0,-10433.7,-31301.100000000002,2025-04-17 06:00:00,2026-08-07 20:10:16,order_items.csv,2026-08-07,Negative unit_price
ITEM000169243,ORD00045338,SKU04831,Versatile logistical help-desk,Toys,,10361.51,,2025-04-17 06:00:00,2026-08-07 20:10:16,order_items.csv,2026-08-07,Missing quantity
ITEM000169301,ORD00015857,SKU04287,Proactive global contingency,Books,7.0,-5493.44,-38454.079999999994,2025-04-17 06:00:00,2026-08-07 20:10:16,order_items.csv,2026-08-07,Negative unit_price
ITEM000169310,ORD00015105,SKU01253,Object-based reciprocal encoding,Grocery,,9854.55,,2025-04-17 06:00:00,2026-08-07 20:10:16,order_items.csv,2026-08-07,Missing quantity
ITEM000169377,ORD00016450,SKU04961,Grass-roots systematic functionalities,Beauty,,6537.58,,2025-04-17 06:00:00,2026-08-07 20:10:16,order_items.csv,2026-08-07,Missing quantity
ITEM000169401,ORD00016192,SKU01808,Sharable tertiary flexibility,Clothing,2.0,-4183.38,-8366.76,2025-04-17 06:00:00,2026-08-07 20:10:16,order_items.csv,2026-08-07,Negative unit_price
ITEM000169444,ORD00032032,SKU04253,Pre-emptive uniform secured line,Grocery,,2977.8,,2025-04-17 06:00:00,2026-08-07 20:10:16,order_items.csv,2026-08-07,Missing quantity
ITEM000169501,ORD00025512,SKU03721,Profound scalable knowledgebase,Grocery,6.0,-1609.47,-9656.82,2025-04-17 06:00:00,2026-08-07 20:10:16,order_items.csv,2026-08-07,Negative unit_price
ITEM000169511,ORD00017973,SKU03034,Reduced exuding moratorium,Electronics,,3435.95,,2025-04-17 06:00:00,2026-08-07 20:10:16,order_items.csv,2026-08-07,Missing quantity
ITEM000169578,ORD00031270,SKU01502,Team-oriented mobile paradigm,Sports,,2996.33,,2025-04-17 06:00:00,2026-08-07 20:10:16,order_items.csv,2026-08-07,Missing quantity
ITEM000169601,ORD00025197,SKU03580,Cross-platform multimedia website,Electronics,8.0,-13580.56,-108644.48,2025-04-17 06:00:00,2026-08-07 20:10:16,order_items.csv,2026-08-07,Negative unit_price
ITEM000169645,ORD00035400,SKU03849,Programmable real-time challenge,Toys,,13428.3,,2025-04-17 06:00:00,2026-08-07 20:10:16,order_items.csv,2026-08-07,Missing quantity
ITEM000169701,ORD00004999,SKU01800,Adaptive contextually-based data-warehouse,Books,10.0,-9698.05,-96980.5,2025-04-17 06:00:00,2026-08-07 20:10:16,order_items.csv,2026-08-07,Negative unit_price
ITEM000169712,ORD00033673,SKU01667,Phased coherent hardware,Sports,,12772.73,,2025-04-17 06:00:00,2026-08-07 20:10:16,order_items.csv,2026-08-07,Missing quantity
ITEM000169779,ORD00039165,SKU04299,Function-based multimedia hierarchy,Books,,4854.73,,2025-04-17 06:00:00,2026-08-07 20:10:16,order_items.csv,2026-08-07,Missing quantity
ITEM000169801,ORD00020575,SKU01549,Vision-oriented mission-critical secured line,Sports,3.0,-14014.59,-42043.770000000004,2025-04-17 06:00:00,2026-08-07 20:10:16,order_items.csv,2026-08-07,Negative unit_price
ITEM000169846,ORD00039001,SKU00343,Open-source contextually-based orchestration,Sports,,14151.94,,2025-04-17 06:00:00,2026-08-07 20:10:16,order_items.csv,2026-08-07,Missing quantity
ITEM000169901,ORD00035551,SKU00171,Decentralized content-based paradigm,Books,7.0,-7746.61,-54226.27,2025-04-17 06:00:00,2026-08-07 20:10:16,order_items.csv,2026-08-07,Negative unit_price
ITEM000169913,ORD00004280,SKU03589,Horizontal zero-defect migration,Grocery,,6376.17,,2025-04-17 06:00:00,2026-08-07 20:10:16,order_items.csv,2026-08-07,Missing quantity
ITEM000169980,ORD00010607,SKU02016,Organized multi-tasking circuit,Beauty,,8740.56,,2025-04-17 06:00:00,2026-08-07 20:10:16,order_items.csv,2026-08-07,Missing quantity
ITEM000170001,ORD00011992,SKU04387,Inverse mobile migration,Toys,2.0,-10369.22,-20738.44,2025-04-17 06:00:00,2026-08-07 20:10:16,order_items.csv,2026-08-07,Negative unit_price
ITEM000170047,ORD00024363,SKU01531,Balanced interactive throughput,Grocery,,8254.62,,2025-04-17 06:00:00,2026-08-07 20:10:16,order_items.csv,2026-08-07,Missing quantity
ITEM000170101,ORD00010252,SKU01726,Centralized next generation initiative,Grocery,2.0,-1326.6,-2653.2,2025-04-17 06:00:00,2026-08-07 20:10:16,order_items.csv,2026-08-07,Negative unit_price
ITEM000170114,ORD00016679,SKU03131,Future-proofed holistic projection,Sports,,702.89,,2025-04-17 06:00:00,2026-08-07 20:10:16,order_items.csv,2026-08-07,Missing quantity
ITEM000170181,ORD00002610,SKU00237,Programmable analyzing architecture,Home & Kitchen,,10902.56,,2025-04-17 06:00:00,2026-08-07 20:10:16,order_items.csv,2026-08-07,Missing quantity
ITEM000170201,ORD00048649,SKU04376,Phased mobile hardware,Beauty,6.0,-1542.21,-9253.26,2025-04-17 06:00:00,2026-08-07 20:10:16,order_items.csv,2026-08-07,Negative unit_price
ITEM000170248,ORD00019904,SKU04394,Exclusive methodical customer loyalty,Electronics,,9266.86,,2025-04-17 06:00:00,2026-08-07 20:10:16,order_items.csv,2026-08-07,Missing quantity
ITEM000170301,ORD00020684,SKU00539,Enterprise-wide intangible capability,Clothing,10.0,-10634.88,-106348.79999999999,2025-04-17 06:00:00,2026-08-07 20:10:16,order_items.csv,2026-08-07,Negative unit_price
ITEM000170315,ORD00035837,SKU00722,Function-based context-sensitive focus group,Home & Kitchen,,14544.4,,2025-04-17 06:00:00,2026-08-07 20:10:16,order_items.csv,2026-08-07,Missing quantity
ITEM000170382,ORD00000584,SKU00263,Versatile client-driven open system,Clothing,,11251.45,,2025-04-17 06:00:00,2026-08-07 20:10:16,order_items.csv,2026-08-07,Missing quantity
ITEM000170401,ORD00039999,SKU02780,Organic grid-enabled Graphical User Interface,Clothing,9.0,-6369.8,-57328.200000000004,2025-04-17 06:00:00,2026-08-07 20:10:16,order_items.csv,2026-08-07,Negative unit_price
ITEM000170449,ORD00043261,SKU04915,Re-contextualized value-added service-desk,Home & Kitchen,,3779.65,,2025-04-17 06:00:00,2026-08-07 20:10:16,order_items.csv,2026-08-07,Missing quantity
ITEM000170501,ORD00017270,SKU04531,Organized fresh-thinking methodology,Books,3.0,-3107.54,-9322.619999999999,2025-04-17 06:00:00,2026-08-07 20:10:16,order_items.csv,2026-08-07,Negative unit_price
ITEM000170516,ORD00015251,SKU01512,Team-oriented context-sensitive project,Clothing,,1556.14,,2025-04-17 06:00:00,2026-08-07 20:10:16,order_items.csv,2026-08-07,Missing quantity
ITEM000170583,ORD00000755,SKU03849,Programmable real-time challenge,Toys,,13428.3,,2025-04-17 06:00:00,2026-08-07 20:10:16,order_items.csv,2026-08-07,Missing quantity
ITEM000170601,ORD00005740,SKU04492,Organic stable projection,Home & Kitchen,3.0,-2748.7,-8246.099999999999,2025-04-17 06:00:00,2026-08-07 20:10:16,order_items.csv,2026-08-07,Negative unit_price
ITEM000170650,ORD00015807,SKU00818,Face-to-face interactive model,Grocery,,9080.44,,2025-04-17 06:00:00,2026-08-07 20:10:16,order_items.csv,2026-08-07,Missing quantity
ITEM000170701,ORD00007708,SKU01254,Adaptive national focus group,Sports,5.0,-14588.08,-72940.4,2025-04-17 06:00:00,2026-08-07 20:10:16,order_items.csv,2026-08-07,Negative unit_price
ITEM000170717,ORD00036137,SKU04769,Automated modular concept,Toys,,11801.46,,2025-04-17 06:00:00,2026-08-07 20:10:16,order_items.csv,2026-08-07,Missing quantity
ITEM000170784,ORD00049560,SKU01539,Versatile maximized concept,Clothing,,6780.86,,2025-04-17 06:00:00,2026-08-07 20:10:16,order_items.csv,2026-08-07,Missing quantity
ITEM000170801,ORD00010468,SKU01723,Quality-focused empowering support,Beauty,1.0,-9117.73,-9117.73,2025-04-17 06:00:00,2026-08-07 20:10:16,order_items.csv,2026-08-07,Negative unit_price
ITEM000170851,ORD00012391,SKU03699,Open-source even-keeled frame,Books,,3490.05,,2025-04-17 06:00:00,2026-08-07 20:10:16,order_items.csv,2026-08-07,Missing quantity
ITEM000170901,ORD00016179,SKU04389,Upgradable upward-trending emulation,Beauty,9.0,-4926.75,-44340.75,2025-04-17 06:00:00,2026-08-07 20:10:16,order_items.csv,2026-08-07,Negative unit_price
ITEM000170918,ORD00020812,SKU01054,Visionary fault-tolerant Internet solution,Home & Kitchen,,1592.29,,2025-04-17 06:00:00,2026-08-07 20:10:16,order_items.csv,2026-08-07,Missing quantity
ITEM000170985,ORD00022162,SKU02280,Self-enabling zero-defect moratorium,Home & Kitchen,,13527.79,,2025-04-17 06:00:00,2026-08-07 20:10:16,order_items.csv,2026-08-07,Missing quantity
ITEM000171001,ORD00019001,SKU04270,Reduced bifurcated intranet,Sports,4.0,-4124.33,-16497.32,2025-04-17 06:00:00,2026-08-07 20:10:16,order_items.csv,2026-08-07,Negative unit_price
ITEM000171052,ORD00049655,SKU04717,Balanced multimedia circuit,Beauty,,5844.58,,2025-04-17 06:00:00,2026-08-07 20:10:16,order_items.csv,2026-08-07,Missing quantity
ITEM000171101,ORD00049183,SKU03134,Cloned didactic hardware,Home & Kitchen,5.0,-12062.1,-60310.5,2025-04-17 06:00:00,2026-08-07 20:10:16,order_items.csv,2026-08-07,Negative unit_price
ITEM000171119,ORD00011169,SKU00619,Balanced methodical circuit,Sports,,10248.74,,2025-04-17 06:00:00,2026-08-07 20:10:16,order_items.csv,2026-08-07,Missing quantity
ITEM000171186,ORD00014489,SKU00279,Managed high-level orchestration,Clothing,,3994.62,,2025-04-17 06:00:00,2026-08-07 20:10:16,order_items.csv,2026-08-07,Missing quantity
ITEM000171201,ORD00013335,SKU04740,Persistent modular budgetary management,Home & Kitchen,5.0,-8899.2,-44496.0,2025-04-17 06:00:00,2026-08-07 20:10:16,order_items.csv,2026-08-07,Negative unit_price
ITEM000171253,ORD00024466,SKU04103,Multi-layered cohesive moderator,Clothing,,3379.44,,2025-04-17 06:00:00,2026-08-07 20:10:16,order_items.csv,2026-08-07,Missing quantity
ITEM000171301,ORD00012622,SKU04343,Advanced systematic product,Clothing,10.0,-14643.7,-146437.0,2025-04-17 06:00:00,2026-08-07 20:10:16,order_items.csv,2026-08-07,Negative unit_price
ITEM000171320,ORD00019478,SKU01077,Multi-layered empowering artificial intelligence,Electronics,,9904.75,,2025-04-17 06:00:00,2026-08-07 20:10:16,order_items.csv,2026-08-07,Missing quantity
ITEM000171387,ORD00006499,SKU01713,Stand-alone bottom-line task-force,Grocery,,6643.29,,2025-04-17 06:00:00,2026-08-07 20:10:16,order_items.csv,2026-08-07,Missing quantity
ITEM000171401,ORD00028791,SKU04280,Total empowering pricing structure,Electronics,3.0,-13979.97,-41939.909999999996,2025-04-17 06:00:00,2026-08-07 20:10:16,order_items.csv,2026-08-07,Negative unit_price
ITEM000171454,ORD00023200,SKU03178,Decentralized optimizing system engine,Clothing,,76.39,,2025-04-17 06:00:00,2026-08-07 20:10:16,order_items.csv,2026-08-07,Missing quantity
ITEM000171501,ORD00025892,SKU02374,Organized real-time Local Area Network,Grocery,9.0,-6999.48,-62995.31999999999,2025-04-17 06:00:00,2026-08-07 20:10:16,order_items.csv,2026-08-07,Negative unit_price
ITEM000171521,ORD00040098,SKU01714,Focused well-modulated data-warehouse,Sports,,14308.7,,2025-04-17 06:00:00,2026-08-07 20:10:16,order_items.csv,2026-08-07,Missing quantity
ITEM000171588,ORD00049096,SKU00350,Organic modular array,Toys,,2207.51,,2025-04-17 06:00:00,2026-08-07 20:10:16,order_items.csv,2026-08-07,Missing quantity
ITEM000171601,ORD00043956,SKU02050,Right-sized web-enabled flexibility,Clothing,4.0,-9912.09,-39648.36,2025-04-17 06:00:00,2026-08-07 20:10:16,order_items.csv,2026-08-07,Negative unit_price
ITEM000171655,ORD00049966,SKU01347,Robust hybrid artificial intelligence,Beauty,,13858.3,,2025-04-17 06:00:00,2026-08-07 20:10:16,order_items.csv,2026-08-07,Missing quantity
ITEM000171701,ORD00031424,SKU03487,Monitored high-level pricing structure,Clothing,1.0,-5142.87,-5142.87,2025-04-17 06:00:00,2026-08-07 20:10:16,order_items.csv,2026-08-07,Negative unit_price
ITEM000171722,ORD00041852,SKU04693,Managed even-keeled frame,Grocery,,7491.17,,2025-04-17 06:00:00,2026-08-07 20:10:16,order_items.csv,2026-08-07,Missing quantity
ITEM000171789,ORD00028192,SKU04279,Integrated 3rdgeneration frame,Electronics,,7454.18,,2025-04-17 06:00:00,2026-08-07 20:10:16,order_items.csv,2026-08-07,Missing quantity
ITEM000171801,ORD00028935,SKU00576,Object-based tertiary concept,Toys,5.0,-3168.96,-15844.8,2025-04-17 06:00:00,2026-08-07 20:10:16,order_items.csv,2026-08-07,Negative unit_price
ITEM000171856,ORD00028380,SKU01410,Business-focused full-range interface,Electronics,,6450.2,,2025-04-17 06:00:00,2026-08-07 20:10:16,order_items.csv,2026-08-07,Missing quantity
ITEM000171901,ORD00040175,SKU02757,Persevering 6thgeneration emulation,Grocery,2.0,-12962.96,-25925.92,2025-04-17 06:00:00,2026-08-07 20:10:16,order_items.csv,2026-08-07,Negative unit_price
ITEM000171923,ORD00008165,SKU00736,User-friendly fault-tolerant installation,Clothing,,11122.46,,2025-04-17 06:00:00,2026-08-07 20:10:16,order_items.csv,2026-08-07,Missing quantity
ITEM000171990,ORD00034332,SKU04182,Versatile demand-driven matrices,Beauty,,13924.77,,2025-04-17 06:00:00,2026-08-07 20:10:16,order_items.csv,2026-08-07,Missing quantity
ITEM000172001,ORD00032593,SKU01827,Persistent non-volatile secured line,Home & Kitchen,8.0,-582.99,-4663.92,2025-04-17 06:00:00,2026-08-07 20:10:16,order_items.csv,2026-08-07,Negative unit_price
ITEM000172057,ORD00042442,SKU04537,Grass-roots multi-tasking algorithm,Grocery,,236.16,,2025-04-17 06:00:00,2026-08-07 20:10:16,order_items.csv,2026-08-07,Missing quantity
ITEM000172101,ORD00024810,SKU02457,Phased exuding encryption,Books,1.0,-11665.33,-11665.33,2025-04-17 06:00:00,2026-08-07 20:10:16,order_items.csv,2026-08-07,Negative unit_price
ITEM000172124,ORD00031812,SKU04825,Organic hybrid circuit,Sports,,10647.46,,2025-04-17 06:00:00,2026-08-07 20:10:16,order_items.csv,2026-08-07,Missing quantity
ITEM000172191,ORD00022559,SKU01178,Implemented uniform collaboration,Grocery,,4523.46,,2025-04-17 06:00:00,2026-08-07 20:10:16,order_items.csv,2026-08-07,Missing quantity
ITEM000172201,ORD00025901,SKU02809,Down-sized motivating open system,Grocery,9.0,-14051.44,-126462.96,2025-04-17 06:00:00,2026-08-07 20:10:16,order_items.csv,2026-08-07,Negative unit_price
ITEM000172258,ORD00030007,SKU02589,Self-enabling leadingedge monitoring,Grocery,,4740.84,,2025-04-17 06:00:00,2026-08-07 20:10:16,order_items.csv,2026-08-07,Missing quantity
ITEM000172301,ORD00029915,SKU02341,Down-sized clear-thinking approach,Grocery,1.0,-14497.32,-14497.32,2025-04-17 06:00:00,2026-08-07 20:10:16,order_items.csv,2026-08-07,Negative unit_price
ITEM000172325,ORD00002048,SKU03218,Multi-channeled bi-directional service-desk,Books,,1378.28,,2025-04-17 06:00:00,2026-08-07 20:10:16,order_items.csv,2026-08-07,Missing quantity
ITEM000172392,ORD00007893,SKU01816,Robust value-added application,Clothing,,11634.96,,2025-04-17 06:00:00,2026-08-07 20:10:16,order_items.csv,2026-08-07,Missing quantity
ITEM000172401,ORD00006692,SKU00382,Quality-focused user-facing emulation,Beauty,7.0,-14209.38,-99465.65999999999,2025-04-17 06:00:00,2026-08-07 20:10:16,order_items.csv,2026-08-07,Negative unit_price
ITEM000172459,ORD00017561,SKU02189,Stand-alone logistical flexibility,Home & Kitchen,,4777.74,,2025-04-17 06:00:00,2026-08-07 20:10:16,order_items.csv,2026-08-07,Missing quantity
ITEM000172501,ORD00038612,SKU04850,Realigned background middleware,Sports,9.0,-6280.21,-56521.89,2025-04-17 06:00:00,2026-08-07 20:10:16,order_items.csv,2026-08-07,Negative unit_price
ITEM000172526,ORD00017980,SKU04415,Managed context-sensitive matrix,Sports,,13817.51,,2025-04-17 06:00:00,2026-08-07 20:10:16,order_items.csv,2026-08-07,Missing quantity
ITEM000172593,ORD00010990,SKU01186,Seamless demand-driven analyzer,Beauty,,10632.02,,2025-04-17 06:00:00,2026-08-07 20:10:16,order_items.csv,2026-08-07,Missing quantity
ITEM000172601,ORD00013582,SKU03439,Versatile executive Local Area Network,Electronics,3.0,-4930.65,-14791.949999999999,2025-04-17 06:00:00,2026-08-07 20:10:16,order_items.csv,2026-08-07,Negative unit_price
ITEM000172660,ORD00033261,SKU02932,Quality-focused zero tolerance groupware,Home & Kitchen,,11043.95,,2025-04-17 06:00:00,2026-08-07 20:10:16,order_items.csv,2026-08-07,Missing quantity
ITEM000172701,ORD00034184,SKU02635,Focused asynchronous budgetary management,Beauty,5.0,-723.33,-3616.65,2025-04-17 06:00:00,2026-08-07 20:10:16,order_items.csv,2026-08-07,Negative unit_price
ITEM000172727,ORD00016044,SKU01803,Streamlined systematic ability,Books,,881.37,,2025-04-17 06:00:00,2026-08-07 20:10:16,order_items.csv,2026-08-07,Missing quantity
ITEM000172794,ORD00003701,SKU01406,Total high-level firmware,Grocery,,333.24,,2025-04-17 06:00:00,2026-08-07 20:10:16,order_items.csv,2026-08-07,Missing quantity
ITEM000172801,ORD00020531,SKU01872,Profound grid-enabled focus group,Clothing,1.0,-7009.81,-7009.81,2025-04-17 06:00:00,2026-08-07 20:10:16,order_items.csv,2026-08-07,Negative unit_price
ITEM000172861,ORD00033776,SKU00335,Polarized zero administration secured line,Grocery,,10894.16,,2025-04-17 06:00:00,2026-08-07 20:10:16,order_items.csv,2026-08-07,Missing quantity
ITEM000172901,ORD00019827,SKU01576,Future-proofed logistical protocol,Beauty,9.0,-6868.23,-61814.06999999999,2025-04-17 06:00:00,2026-08-07 20:10:16,order_items.csv,2026-08-07,Negative unit_price
ITEM000172928,ORD00018998,SKU02602,Vision-oriented impactful core,Beauty,,4380.25,,2025-04-17 06:00:00,2026-08-07 20:10:16,order_items.csv,2026-08-07,Missing quantity
ITEM000172995,ORD00018063,SKU04668,Streamlined human-resource info-mediaries,Home & Kitchen,,6739.1,,2025-04-17 06:00:00,2026-08-07 20:10:16,order_items.csv,2026-08-07,Missing quantity
ITEM000173001,ORD00030244,SKU00038,Fully-configurable optimal groupware,Toys,8.0,-6398.37,-51186.96,2025-04-17 06:00:00,2026-08-07 20:10:16,order_items.csv,2026-08-07,Negative unit_price
ITEM000173062,ORD00007237,SKU04594,Public-key neutral benchmark,Sports,,2972.22,,2025-04-17 06:00:00,2026-08-07 20:10:16,order_items.csv,2026-08-07,Missing quantity
ITEM000173101,ORD00007195,SKU03728,Horizontal multi-tasking archive,Sports,1.0,-8132.84,-8132.84,2025-04-17 06:00:00,2026-08-07 20:10:16,order_items.csv,2026-08-07,Negative unit_price
ITEM000173129,ORD00033187,SKU04880,Monitored 24hour moderator,Beauty,,1426.37,,2025-04-17 06:00:00,2026-08-07 20:10:16,order_items.csv,2026-08-07,Missing quantity
ITEM000173196,ORD00022167,SKU03143,Optimized regional capacity,Toys,,1178.26,,2025-04-17 06:00:00,2026-08-07 20:10:16,order_items.csv,2026-08-07,Missing quantity
ITEM000173201,ORD00000147,SKU00517,Optional 6thgeneration methodology,Books,4.0,-13031.18,-52124.72,2025-04-17 06:00:00,2026-08-07 20:10:16,order_items.csv,2026-08-07,Negative unit_price
ITEM000173263,ORD00018131,SKU01807,Object-based systemic model,Sports,,5364.41,,2025-04-17 06:00:00,2026-08-07 20:10:16,order_items.csv,2026-08-07,Missing quantity
ITEM000173301,ORD00038976,SKU02752,Reactive maximized knowledge user,Toys,8.0,-7210.11,-57680.88,2025-04-17 06:00:00,2026-08-07 20:10:16,order_items.csv,2026-08-07,Negative unit_price
ITEM000173330,ORD00010015,SKU04999,Configurable analyzing access,Toys,,14467.92,,2025-04-17 06:00:00,2026-08-07 20:10:16,order_items.csv,2026-08-07,Missing quantity
ITEM000173397,ORD00031757,SKU04735,Open-source well-modulated frame,Electronics,,12521.49,,2025-04-17 06:00:00,2026-08-07 20:10:16,order_items.csv,2026-08-07,Missing quantity
ITEM000173401,ORD00023527,SKU00609,Right-sized fault-tolerant complexity,Beauty,9.0,-10552.08,-94968.72,2025-04-17 06:00:00,2026-08-07 20:10:16,order_items.csv,2026-08-07,Negative unit_price
ITEM000173464,ORD00022960,SKU03634,Centralized foreground frame,Grocery,,5382.38,,2025-04-17 06:00:00,2026-08-07 20:10:16,order_items.csv,2026-08-07,Missing quantity
ITEM000173501,ORD00048159,SKU02577,Object-based empowering moderator,Grocery,9.0,-3802.07,-34218.630000000005,2025-04-17 06:00:00,2026-08-07 20:10:16,order_items.csv,2026-08-07,Negative unit_price
ITEM000173531,ORD00001245,SKU04486,Synchronized local paradigm,Grocery,,91.53,,2025-04-17 06:00:00,2026-08-07 20:10:16,order_items.csv,2026-08-07,Missing quantity
ITEM000173598,ORD00024683,SKU01809,Inverse object-oriented workforce,Beauty,,6849.6,,2025-04-17 06:00:00,2026-08-07 20:10:16,order_items.csv,2026-08-07,Missing quantity
ITEM000173601,ORD00048373,SKU00966,User-centric incremental workforce,Electronics,10.0,-10380.86,-103808.6,2025-04-17 06:00:00,2026-08-07 20:10:16,order_items.csv,2026-08-07,Negative unit_price
ITEM000173665,ORD00021356,SKU03379,Centralized fresh-thinking paradigm,Clothing,,4056.45,,2025-04-17 06:00:00,2026-08-07 20:10:16,order_items.csv,2026-08-07,Missing quantity
ITEM000173701,ORD00004355,SKU02747,Advanced national data-warehouse,Beauty,7.0,-481.18,-3368.26,2025-04-17 06:00:00,2026-08-07 20:10:16,order_items.csv,2026-08-07,Negative unit_price
ITEM000173732,ORD00036086,SKU04450,Operative reciprocal Internet solution,Electronics,,9840.7,,2025-04-17 06:00:00,2026-08-07 20:10:16,order_items.csv,2026-08-07,Missing quantity
ITEM000173799,ORD00005143,SKU00839,Open-source web-enabled definition,Grocery,,1413.0,,2025-04-17 06:00:00,2026-08-07 20:10:16,order_items.csv,2026-08-07,Missing quantity
ITEM000173801,ORD00022898,SKU04025,Pre-emptive global frame,Electronics,7.0,-9326.18,-65283.26,2025-04-17 06:00:00,2026-08-07 20:10:16,order_items.csv,2026-08-07,Negative unit_price
ITEM000173866,ORD00047530,SKU04807,Adaptive 24hour groupware,Grocery,,13134.97,,2025-04-17 06:00:00,2026-08-07 20:10:16,order_items.csv,2026-08-07,Missing quantity
ITEM000173901,ORD00038545,SKU00209,Reduced contextually-based software,Sports,6.0,-6566.61,-39399.659999999996,2025-04-17 06:00:00,2026-08-07 20:10:16,order_items.csv,2026-08-07,Negative unit_price
ITEM000173933,ORD00025051,SKU03481,Profound grid-enabled orchestration,Books,,9045.97,,2025-04-17 06:00:00,2026-08-07 20:10:16,order_items.csv,2026-08-07,Missing quantity
ITEM000174000,ORD00014447,SKU03909,User-friendly tertiary emulation,Clothing,,8385.42,,2025-04-17 06:00:00,2026-08-07 20:10:16,order_items.csv,2026-08-07,Missing quantity
ITEM000174001,ORD00010315,SKU04143,Configurable multi-state contingency,Toys,2.0,-4789.07,-9578.14,2025-04-17 06:00:00,2026-08-07 20:10:16,order_items.csv,2026-08-07,Negative unit_price
ITEM000174067,ORD00032298,SKU02500,Switchable hybrid challenge,Books,,12809.54,,2025-04-17 06:00:00,2026-08-07 20:10:16,order_items.csv,2026-08-07,Missing quantity
ITEM000174101,ORD00022013,SKU02361,Distributed maximized info-mediaries,Home & Kitchen,7.0,-8785.47,-61498.28999999999,2025-04-17 06:00:00,2026-08-07 20:10:16,order_items.csv,2026-08-07,Negative unit_price
ITEM000174134,ORD00019736,SKU02417,Decentralized upward-trending knowledgebase,Grocery,,11323.44,,2025-04-17 06:00:00,2026-08-07 20:10:16,order_items.csv,2026-08-07,Missing quantity
ITEM000174201,ORD00028562,SKU03852,Self-enabling object-oriented portal,Electronics,,-7623.39,,2025-04-17 06:00:00,2026-08-07 20:10:16,order_items.csv,2026-08-07,Missing quantity
ITEM000174268,ORD00038295,SKU01510,Cross-group zero-defect infrastructure,Books,,14392.81,,2025-04-17 06:00:00,2026-08-07 20:10:16,order_items.csv,2026-08-07,Missing quantity
ITEM000174301,ORD00044038,SKU00566,Vision-oriented coherent infrastructure,Sports,1.0,-7623.17,-7623.17,2025-04-17 06:00:00,2026-08-07 20:10:16,order_items.csv,2026-08-07,Negative unit_price
ITEM000174335,ORD00038816,SKU00466,Stand-alone maximized solution,Books,,10406.32,,2025-04-17 06:00:00,2026-08-07 20:10:16,order_items.csv,2026-08-07,Missing quantity
ITEM000174401,ORD00040130,SKU03438,Implemented systemic utilization,Electronics,1.0,-2900.29,-2900.29,2025-04-17 06:00:00,2026-08-07 20:10:16,order_items.csv,2026-08-07,Negative unit_price
ITEM000174402,ORD00030412,SKU00556,Programmable client-driven alliance,Home & Kitchen,,13832.61,,2025-04-17 06:00:00,2026-08-07 20:10:16,order_items.csv,2026-08-07,Missing quantity
ITEM000174469,ORD00007191,SKU00487,Business-focused solution-oriented capability,Grocery,,3182.16,,2025-04-17 06:00:00,2026-08-07 20:10:16,order_items.csv,2026-08-07,Missing quantity
ITEM000174501,ORD00036681,SKU01302,Distributed responsive hardware,Electronics,4.0,-1906.76,-7627.04,2025-04-17 06:00:00,2026-08-07 20:10:16,order_items.csv,2026-08-07,Negative unit_price
ITEM000174536,ORD00032482,SKU00761,Diverse multimedia instruction set,Home & Kitchen,,7019.87,,2025-04-17 06:00:00,2026-08-07 20:10:16,order_items.csv,2026-08-07,Missing quantity
ITEM000174601,ORD00016274,SKU04957,Networked solution-oriented installation,Home & Kitchen,7.0,-1483.95,-10387.65,2025-04-17 06:00:00,2026-08-07 20:10:16,order_items.csv,2026-08-07,Negative unit_price
ITEM000174603,ORD00018000,SKU00292,Operative regional pricing structure,Grocery,,2576.31,,2025-04-17 06:00:00,2026-08-07 20:10:16,order_items.csv,2026-08-07,Missing quantity
ITEM000174670,ORD00018394,SKU01893,Self-enabling executive moratorium,Sports,,4586.55,,2025-04-17 06:00:00,2026-08-07 20:10:16,order_items.csv,2026-08-07,Missing quantity
ITEM000174701,ORD00033598,SKU00148,Polarized optimizing open architecture,Clothing,4.0,-2163.32,-8653.28,2025-04-17 06:00:00,2026-08-07 20:10:16,order_items.csv,2026-08-07,Negative unit_price
ITEM000174737,ORD00007091,SKU03008,Cloned zero tolerance alliance,Clothing,,3448.59,,2025-04-17 06:00:00,2026-08-07 20:10:16,order_items.csv,2026-08-07,Missing quantity
ITEM000174801,ORD00017797,SKU04964,Expanded mission-critical knowledgebase,Clothing,5.0,-12127.04,-60635.200000000004,2025-04-17 06:00:00,2026-08-07 20:10:16,order_items.csv,2026-08-07,Negative unit_price
ITEM000174804,ORD00037774,SKU04743,Grass-roots stable instruction set,Beauty,,13628.78,,2025-04-17 06:00:00,2026-08-07 20:10:16,order_items.csv,2026-08-07,Missing quantity
ITEM000174871,ORD00001893,SKU00498,Polarized neutral complexity,Clothing,,5906.33,,2025-04-17 06:00:00,2026-08-07 20:10:16,order_items.csv,2026-08-07,Missing quantity
ITEM000174901,ORD00005522,SKU03309,Seamless scalable implementation,Home & Kitchen,8.0,-9469.05,-75752.4,2025-04-17 06:00:00,2026-08-07 20:10:16,order_items.csv,2026-08-07,Negative unit_price
ITEM000174938,ORD00047405,SKU02040,Business-focused disintermediate complexity,Clothing,,7531.11,,2025-04-17 06:00:00,2026-08-07 20:10:16,order_items.csv,2026-08-07,Missing quantity
ITEM000175001,ORD00018983,SKU00228,User-centric heuristic knowledge user,Beauty,10.0,-1074.4,-10744.0,2025-04-17 06:00:00,2026-08-07 20:10:16,order_items.csv,2026-08-07,Negative unit_price
ITEM000175005,ORD00043708,SKU04766,Organic bi-directional secured line,Books,,5260.68,,2025-04-17 06:00:00,2026-08-07 20:10:16,order_items.csv,2026-08-07,Missing quantity
ITEM000175072,ORD00033900,SKU01911,Secured tangible Local Area Network,Electronics,,1863.51,,2025-04-17 06:00:00,2026-08-07 20:10:16,order_items.csv,2026-08-07,Missing quantity
ITEM000175101,ORD00047078,SKU00073,Enhanced mission-critical Local Area Network,Toys,9.0,-2978.14,-26803.26,2025-04-17 06:00:00,2026-08-07 20:10:16,order_items.csv,2026-08-07,Negative unit_price
ITEM000175139,ORD00038885,SKU04556,Multi-layered systematic success,Toys,,14298.37,,2025-04-17 06:00:00,2026-08-07 20:10:16,order_items.csv,2026-08-07,Missing quantity
ITEM000175201,ORD00022415,SKU01642,Configurable well-modulated array,Grocery,2.0,-7019.71,-14039.42,2025-04-17 06:00:00,2026-08-07 20:10:16,order_items.csv,2026-08-07,Negative unit_price
ITEM000175206,ORD00024207,SKU00432,Operative user-facing encryption,Grocery,,6128.36,,2025-04-17 06:00:00,2026-08-07 20:10:16,order_items.csv,2026-08-07,Missing quantity
ITEM000175273,ORD00024574,SKU01184,Networked fresh-thinking budgetary management,Clothing,,277.62,,2025-04-17 06:00:00,2026-08-07 20:10:16,order_items.csv,2026-08-07,Missing quantity
ITEM000175301,ORD00037679,SKU03355,Seamless static encryption,Beauty,8.0,-1997.81,-15982.48,2025-04-17 06:00:00,2026-08-07 20:10:16,order_items.csv,2026-08-07,Negative unit_price
ITEM000175340,ORD00002500,SKU01302,Distributed responsive hardware,Electronics,,1906.76,,2025-04-17 06:00:00,2026-08-07 20:10:16,order_items.csv,2026-08-07,Missing quantity
ITEM000175401,ORD00041327,SKU01538,Virtual full-range matrix,Electronics,10.0,-13591.18,-135911.8,2025-04-17 06:00:00,2026-08-07 20:10:16,order_items.csv,2026-08-07,Negative unit_price
ITEM000175407,ORD00032064,SKU02369,Ergonomic zero administration time-frame,Electronics,,11951.62,,2025-04-17 06:00:00,2026-08-07 20:10:16,order_items.csv,2026-08-07,Missing quantity
ITEM000175474,ORD00047893,SKU03985,User-friendly local customer loyalty,Electronics,,9746.65,,2025-04-17 06:00:00,2026-08-07 20:10:16,order_items.csv,2026-08-07,Missing quantity
ITEM000175501,ORD00027038,SKU01621,Versatile methodical support,Grocery,1.0,-14429.51,-14429.51,2025-04-17 06:00:00,2026-08-07 20:10:16,order_items.csv,2026-08-07,Negative unit_price
ITEM000175541,ORD00043036,SKU04225,Multi-channeled neutral hierarchy,Clothing,,12132.54,,2025-04-17 06:00:00,2026-08-07 20:10:16,order_items.csv,2026-08-07,Missing quantity
ITEM000175601,ORD00036963,SKU02486,Stand-alone homogeneous framework,Sports,1.0,-6936.36,-6936.36,2025-04-17 06:00:00,2026-08-07 20:10:16,order_items.csv,2026-08-07,Negative unit_price
ITEM000175608,ORD00006654,SKU03187,Horizontal fault-tolerant function,Clothing,,2778.2,,2025-04-17 06:00:00,2026-08-07 20:10:16,order_items.csv,2026-08-07,Missing quantity
ITEM000175675,ORD00031464,SKU03678,Configurable cohesive frame,Clothing,,2535.68,,2025-04-17 06:00:00,2026-08-07 20:10:16,order_items.csv,2026-08-07,Missing quantity
ITEM000175701,ORD00047262,SKU00462,Universal optimizing algorithm,Toys,4.0,-3599.83,-14399.32,2025-04-17 06:00:00,2026-08-07 20:10:16,order_items.csv,2026-08-07,Negative unit_price
ITEM000175742,ORD00013374,SKU04452,Diverse system-worthy Local Area Network,Clothing,,417.15,,2025-04-17 06:00:00,2026-08-07 20:10:16,order_items.csv,2026-08-07,Missing quantity
ITEM000175801,ORD00027280,SKU04910,Enhanced well-modulated parallelism,Books,2.0,-11350.01,-22700.02,2025-04-17 06:00:00,2026-08-07 20:10:16,order_items.csv,2026-08-07,Negative unit_price
ITEM000175809,ORD00044927,SKU00339,Implemented secondary artificial intelligence,Electronics,,7287.55,,2025-04-17 06:00:00,2026-08-07 20:10:16,order_items.csv,2026-08-07,Missing quantity
ITEM000175876,ORD00041351,SKU02750,Versatile systematic utilization,Beauty,,1351.07,,2025-04-17 06:00:00,2026-08-07 20:10:16,order_items.csv,2026-08-07,Missing quantity
ITEM000175901,ORD00006025,SKU03960,User-centric radical parallelism,Electronics,1.0,-434.82,-434.82,2025-04-17 06:00:00,2026-08-07 20:10:16,order_items.csv,2026-08-07,Negative unit_price
ITEM000175943,ORD00017214,SKU02510,Organic neutral extranet,Grocery,,12496.25,,2025-04-17 06:00:00,2026-08-07 20:10:16,order_items.csv,2026-08-07,Missing quantity
ITEM000176001,ORD00022357,SKU00367,Advanced asymmetric installation,Home & Kitchen,8.0,-5509.19,-44073.52,2025-04-17 06:00:00,2026-08-07 20:10:16,order_items.csv,2026-08-07,Negative unit_price
ITEM000176010,ORD00002907,SKU00205,Universal background initiative,Toys,,11775.04,,2025-04-17 06:00:00,2026-08-07 20:10:16,order_items.csv,2026-08-07,Missing quantity
ITEM000176077,ORD00048594,SKU01667,Phased coherent hardware,Sports,,12772.73,,2025-04-17 06:00:00,2026-08-07 20:10:16,order_items.csv,2026-08-07,Missing quantity
ITEM000176101,ORD00045095,SKU04608,Triple-buffered zero administration ability,Beauty,1.0,-1645.78,-1645.78,2025-04-17 06:00:00,2026-08-07 20:10:16,order_items.csv,2026-08-07,Negative unit_price
ITEM000176144,ORD00007777,SKU00371,Total scalable customer loyalty,Clothing,,9340.41,,2025-04-17 06:00:00,2026-08-07 20:10:16,order_items.csv,2026-08-07,Missing quantity
ITEM000176201,ORD00046140,SKU00798,Face-to-face bottom-line intranet,Electronics,10.0,-12290.08,-122900.8,2025-04-17 06:00:00,2026-08-07 20:10:16,order_items.csv,2026-08-07,Negative unit_price
ITEM000176211,ORD00032349,SKU03749,Quality-focused bottom-line benchmark,Electronics,,153.56,,2025-04-17 06:00:00,2026-08-07 20:10:16,order_items.csv,2026-08-07,Missing quantity
ITEM000176278,ORD00015383,SKU02733,Streamlined mobile intranet,Sports,,12482.11,,2025-04-17 06:00:00,2026-08-07 20:10:16,order_items.csv,2026-08-07,Missing quantity
ITEM000176301,ORD00016768,SKU03856,Exclusive well-modulated solution,Toys,5.0,-8718.74,-43593.7,2025-04-17 06:00:00,2026-08-07 20:10:16,order_items.csv,2026-08-07,Negative unit_price
ITEM000176345,ORD00009045,SKU01019,Ergonomic optimal firmware,Beauty,,2242.24,,2025-04-17 06:00:00,2026-08-07 20:10:16,order_items.csv,2026-08-07,Missing quantity
ITEM000176401,ORD00034788,SKU00117,Innovative interactive standardization,Sports,3.0,-6793.46,-20380.38,2025-04-17 06:00:00,2026-08-07 20:10:16,order_items.csv,2026-08-07,Negative unit_price
ITEM000176412,ORD00032190,SKU03315,Robust heuristic data-warehouse,Grocery,,7178.15,,2025-04-17 06:00:00,2026-08-07 20:10:16,order_items.csv,2026-08-07,Missing quantity
ITEM000176479,ORD00028369,SKU02860,Front-line optimizing array,Electronics,,13447.53,,2025-04-17 06:00:00,2026-08-07 20:10:16,order_items.csv,2026-08-07,Missing quantity
ITEM000176501,ORD00008227,SKU04192,Cross-platform uniform open system,Beauty,4.0,-10965.29,-43861.16,2025-04-17 06:00:00,2026-08-07 20:10:16,order_items.csv,2026-08-07,Negative unit_price
ITEM000176546,ORD00035298,SKU01311,Balanced client-driven functionalities,Toys,,14002.54,,2025-04-17 06:00:00,2026-08-07 20:10:16,order_items.csv,2026-08-07,Missing quantity
ITEM000176601,ORD00008553,SKU02869,Synchronized clear-thinking capability,Beauty,6.0,-10445.08,-62670.479999999996,2025-04-17 06:00:00,2026-08-07 20:10:16,order_items.csv,2026-08-07,Negative unit_price
ITEM000176613,ORD00006284,SKU00430,Secured even-keeled data-warehouse,Toys,,4900.49,,2025-04-17 06:00:00,2026-08-07 20:10:16,order_items.csv,2026-08-07,Missing quantity
ITEM000176680,ORD00001954,SKU04702,Ergonomic mission-critical interface,Sports,,12672.92,,2025-04-17 06:00:00,2026-08-07 20:10:16,order_items.csv,2026-08-07,Missing quantity
ITEM000176701,ORD00025506,SKU04387,Inverse mobile migration,Toys,7.0,-10369.22,-72584.54,2025-04-17 06:00:00,2026-08-07 20:10:16,order_items.csv,2026-08-07,Negative unit_price
ITEM000176747,ORD00026669,SKU02078,Re-contextualized national installation,Home & Kitchen,,5758.19,,2025-04-17 06:00:00,2026-08-07 20:10:16,order_items.csv,2026-08-07,Missing quantity
ITEM000176801,ORD00044556,SKU00560,Stand-alone regional interface,Books,7.0,-8534.83,-59743.81,2025-04-17 06:00:00,2026-08-07 20:10:16,order_items.csv,2026-08-07,Negative unit_price
ITEM000176814,ORD00005993,SKU01755,Synchronized encompassing superstructure,Books,,5865.23,,2025-04-17 06:00:00,2026-08-07 20:10:16,order_items.csv,2026-08-07,Missing quantity
ITEM000176881,ORD00034965,SKU02689,Triple-buffered dynamic matrices,Books,,11821.11,,2025-04-17 06:00:00,2026-08-07 20:10:16,order_items.csv,2026-08-07,Missing quantity
ITEM000176901,ORD00007520,SKU04380,Automated needs-based open system,Toys,8.0,-7070.82,-56566.56,2025-04-17 06:00:00,2026-08-07 20:10:16,order_items.csv,2026-08-07,Negative unit_price
ITEM000176948,ORD00035135,SKU00335,Polarized zero administration secured line,Grocery,,10894.16,,2025-04-17 06:00:00,2026-08-07 20:10:16,order_items.csv,2026-08-07,Missing quantity
ITEM000177001,ORD00043297,SKU02691,Horizontal intangible encryption,Sports,1.0,-10654.29,-10654.29,2025-04-17 06:00:00,2026-08-07 20:10:16,order_items.csv,2026-08-07,Negative unit_price
ITEM000177015,ORD00000131,SKU03627,Enterprise-wide directional extranet,Grocery,,7984.78,,2025-04-17 06:00:00,2026-08-07 20:10:16,order_items.csv,2026-08-07,Missing quantity
ITEM000177082,ORD00024627,SKU00356,Mandatory regional system engine,Books,,9270.9,,2025-04-17 06:00:00,2026-08-07 20:10:16,order_items.csv,2026-08-07,Missing quantity
ITEM000177101,ORD00021630,SKU00565,Advanced eco-centric intranet,Books,8.0,-14424.86,-115398.88,2025-04-17 06:00:00,2026-08-07 20:10:16,order_items.csv,2026-08-07,Negative unit_price
ITEM000177149,ORD00012118,SKU02619,Customer-focused encompassing leverage,Books,,14667.77,,2025-04-17 06:00:00,2026-08-07 20:10:16,order_items.csv,2026-08-07,Missing quantity
ITEM000177201,ORD00046300,SKU04642,Cloned logistical migration,Beauty,1.0,-7933.17,-7933.17,2025-04-17 06:00:00,2026-08-07 20:10:16,order_items.csv,2026-08-07,Negative unit_price
ITEM000177216,ORD00039389,SKU02810,Face-to-face secondary encoding,Home & Kitchen,,11688.68,,2025-04-17 06:00:00,2026-08-07 20:10:16,order_items.csv,2026-08-07,Missing quantity
ITEM000177283,ORD00007039,SKU00631,De-engineered content-based matrix,Home & Kitchen,,8194.31,,2025-04-17 06:00:00,2026-08-07 20:10:16,order_items.csv,2026-08-07,Missing quantity
ITEM000177301,ORD00014277,SKU01634,Intuitive methodical productivity,Electronics,4.0,-6860.2,-27440.8,2025-04-17 06:00:00,2026-08-07 20:10:16,order_items.csv,2026-08-07,Negative unit_price
ITEM000177350,ORD00044930,SKU01591,Phased system-worthy website,Beauty,,13166.02,,2025-04-17 06:00:00,2026-08-07 20:10:16,order_items.csv,2026-08-07,Missing quantity
ITEM000177401,ORD00046591,SKU01063,Stand-alone web-enabled synergy,Home & Kitchen,5.0,-14208.75,-71043.75,2025-04-17 06:00:00,2026-08-07 20:10:16,order_items.csv,2026-08-07,Negative unit_price
ITEM000177417,ORD00017824,SKU00890,Secured optimal attitude,Electronics,,11064.93,,2025-04-17 06:00:00,2026-08-07 20:10:16,order_items.csv,2026-08-07,Missing quantity
ITEM000177484,ORD00033083,SKU02982,Expanded clear-thinking hardware,Grocery,,3235.99,,2025-04-17 06:00:00,2026-08-07 20:10:16,order_items.csv,2026-08-07,Missing quantity
ITEM000177501,ORD00011921,SKU03669,Business-focused context-sensitive methodology,Electronics,7.0,-3992.89,-27950.23,2025-04-17 06:00:00,2026-08-07 20:10:16,order_items.csv,2026-08-07,Negative unit_price
ITEM000177551,ORD00046905,SKU02548,Business-focused regional capacity,Toys,,4539.8,,2025-04-17 06:00:00,2026-08-07 20:10:16,order_items.csv,2026-08-07,Missing quantity
ITEM000177601,ORD00015135,SKU01312,De-engineered radical hardware,Clothing,3.0,-11737.34,-35212.020000000004,2025-04-17 06:00:00,2026-08-07 20:10:16,order_items.csv,2026-08-07,Negative unit_price
ITEM000177618,ORD00041618,SKU00298,Enhanced fresh-thinking matrices,Grocery,,2251.86,,2025-04-17 06:00:00,2026-08-07 20:10:16,order_items.csv,2026-08-07,Missing quantity
ITEM000177685,ORD00024363,SKU01129,Versatile intangible secured line,Clothing,,6103.98,,2025-04-17 06:00:00,2026-08-07 20:10:16,order_items.csv,2026-08-07,Missing quantity
ITEM000177701,ORD00031106,SKU00784,Cloned logistical framework,Grocery,1.0,-5720.84,-5720.84,2025-04-17 06:00:00,2026-08-07 20:10:16,order_items.csv,2026-08-07,Negative unit_price
ITEM000177752,ORD00023901,SKU02357,Automated global orchestration,Clothing,,4101.2,,2025-04-17 06:00:00,2026-08-07 20:10:16,order_items.csv,2026-08-07,Missing quantity
ITEM000177801,ORD00038642,SKU00773,Innovative solution-oriented encryption,Electronics,10.0,-10911.37,-109113.70000000001,2025-04-17 06:00:00,2026-08-07 20:10:16,order_items.csv,2026-08-07,Negative unit_price
ITEM000177819,ORD00033266,SKU04221,Fully-configurable 24/7 algorithm,Beauty,,763.47,,2025-04-17 06:00:00,2026-08-07 20:10:16,order_items.csv,2026-08-07,Missing quantity
ITEM000177886,ORD00008118,SKU01161,Innovative human-resource artificial intelligence,Clothing,,4251.51,,2025-04-17 06:00:00,2026-08-07 20:10:16,order_items.csv,2026-08-07,Missing quantity
ITEM000177901,ORD00001868,SKU01006,User-centric 6thgeneration projection,Books,8.0,-4130.79,-33046.32,2025-04-17 06:00:00,2026-08-07 20:10:16,order_items.csv,2026-08-07,Negative unit_price
ITEM000177953,ORD00004655,SKU01819,Ergonomic systematic focus group,Toys,,7901.9,,2025-04-17 06:00:00,2026-08-07 20:10:16,order_items.csv,2026-08-07,Missing quantity
ITEM000178001,ORD00025126,SKU02616,Operative reciprocal hardware,Clothing,9.0,-3379.29,-30413.61,2025-04-17 06:00:00,2026-08-07 20:10:16,order_items.csv,2026-08-07,Negative unit_price
ITEM000178020,ORD00007060,SKU00857,Customer-focused value-added process improvement,Beauty,,11841.29,,2025-04-17 06:00:00,2026-08-07 20:10:16,order_items.csv,2026-08-07,Missing quantity
ITEM000178087,ORD00020092,SKU01836,Phased bifurcated concept,Grocery,,415.43,,2025-04-17 06:00:00,2026-08-07 20:10:16,order_items.csv,2026-08-07,Missing quantity
ITEM000178101,ORD00047197,SKU04980,Persistent encompassing array,Sports,8.0,-9410.89,-75287.12,2025-04-17 06:00:00,2026-08-07 20:10:16,order_items.csv,2026-08-07,Negative unit_price
ITEM000178154,ORD00042917,SKU01288,Re-contextualized regional help-desk,Electronics,,7364.72,,2025-04-17 06:00:00,2026-08-07 20:10:16,order_items.csv,2026-08-07,Missing quantity
ITEM000178201,ORD00005792,SKU00495,Reverse-engineered demand-driven system engine,Electronics,8.0,-7633.85,-61070.8,2025-04-17 06:00:00,2026-08-07 20:10:16,order_items.csv,2026-08-07,Negative unit_price
ITEM000178221,ORD00022916,SKU01748,Universal fault-tolerant software,Clothing,,866.29,,2025-04-17 06:00:00,2026-08-07 20:10:16,order_items.csv,2026-08-07,Missing quantity
ITEM000178288,ORD00010553,SKU04647,Streamlined stable portal,Home & Kitchen,,11969.07,,2025-04-17 06:00:00,2026-08-07 20:10:16,order_items.csv,2026-08-07,Missing quantity
ITEM000178301,ORD00018234,SKU02420,Innovative executive interface,Clothing,10.0,-4053.17,-40531.7,2025-04-17 06:00:00,2026-08-07 20:10:16,order_items.csv,2026-08-07,Negative unit_price
ITEM000178355,ORD00013425,SKU02120,Secured zero tolerance knowledge user,Beauty,,13970.04,,2025-04-17 06:00:00,2026-08-07 20:10:16,order_items.csv,2026-08-07,Missing quantity
ITEM000178401,ORD00000418,SKU01807,Object-based systemic model,Sports,6.0,-5364.41,-32186.46,2025-04-17 06:00:00,2026-08-07 20:10:16,order_items.csv,2026-08-07,Negative unit_price
ITEM000178422,ORD00015287,SKU03296,De-engineered web-enabled hardware,Beauty,,7185.46,,2025-04-17 06:00:00,2026-08-07 20:10:16,order_items.csv,2026-08-07,Missing quantity
ITEM000178489,ORD00006557,SKU00735,Optimized value-added moderator,Books,,10303.71,,2025-04-17 06:00:00,2026-08-07 20:10:16,order_items.csv,2026-08-07,Missing quantity
ITEM000178501,ORD00012180,SKU02581,De-engineered zero-defect challenge,Beauty,8.0,-5631.03,-45048.24,2025-04-17 06:00:00,2026-08-07 20:10:16,order_items.csv,2026-08-07,Negative unit_price
ITEM000178556,ORD00042324,SKU03206,Persistent web-enabled hub,Clothing,,11905.03,,2025-04-17 06:00:00,2026-08-07 20:10:16,order_items.csv,2026-08-07,Missing quantity
ITEM000178601,ORD00041215,SKU01949,Switchable human-resource challenge,Grocery,4.0,-6726.39,-26905.56,2025-04-17 06:00:00,2026-08-07 20:10:16,order_items.csv,2026-08-07,Negative unit_price
ITEM000178623,ORD00011069,SKU04188,Adaptive explicit infrastructure,Books,,5854.05,,2025-04-17 06:00:00,2026-08-07 20:10:16,order_items.csv,2026-08-07,Missing quantity
ITEM000178690,ORD00017489,SKU03284,Implemented dedicated workforce,Books,,1298.52,,2025-04-17 06:00:00,2026-08-07 20:10:16,order_items.csv,2026-08-07,Missing quantity
ITEM000178701,ORD00016224,SKU02207,Focused scalable artificial intelligence,Clothing,5.0,-13418.94,-67094.7,2025-04-17 06:00:00,2026-08-07 20:10:16,order_items.csv,2026-08-07,Negative unit_price
ITEM000178757,ORD00017245,SKU03578,Customer-focused value-added concept,Books,,12266.03,,2025-04-17 06:00:00,2026-08-07 20:10:16,order_items.csv,2026-08-07,Missing quantity
ITEM000178801,ORD00018793,SKU04243,Versatile coherent policy,Clothing,4.0,-6136.41,-24545.64,2025-04-17 06:00:00,2026-08-07 20:10:16,order_items.csv,2026-08-07,Negative unit_price
ITEM000178824,ORD00038986,SKU03666,Ergonomic reciprocal protocol,Books,,11147.15,,2025-04-17 06:00:00,2026-08-07 20:10:16,order_items.csv,2026-08-07,Missing quantity
ITEM000178891,ORD00037948,SKU02278,Right-sized stable complexity,Electronics,,9575.28,,2025-04-17 06:00:00,2026-08-07 20:10:16,order_items.csv,2026-08-07,Missing quantity
ITEM000178901,ORD00044871,SKU04047,Face-to-face upward-trending capacity,Home & Kitchen,5.0,-9112.38,-45561.899999999994,2025-04-17 06:00:00,2026-08-07 20:10:16,order_items.csv,2026-08-07,Negative unit_price
ITEM000178958,ORD00002097,SKU02814,Future-proofed exuding approach,Sports,,1424.34,,2025-04-17 06:00:00,2026-08-07 20:10:16,order_items.csv,2026-08-07,Missing quantity
ITEM000179001,ORD00044638,SKU03886,Face-to-face logistical circuit,Toys,8.0,-7074.75,-56598.0,2025-04-17 06:00:00,2026-08-07 20:10:16,order_items.csv,2026-08-07,Negative unit_price
ITEM000179025,ORD00009925,SKU01297,Implemented impactful matrices,Clothing,,6448.94,,2025-04-17 06:00:00,2026-08-07 20:10:16,order_items.csv,2026-08-07,Missing quantity
ITEM000179092,ORD00022123,SKU01723,Quality-focused empowering support,Beauty,,9117.73,,2025-04-17 06:00:00,2026-08-07 20:10:16,order_items.csv,2026-08-07,Missing quantity
ITEM000179101,ORD00016978,SKU02996,Adaptive holistic standardization,Beauty,10.0,-7109.32,-71093.2,2025-04-17 06:00:00,2026-08-07 20:10:16,order_items.csv,2026-08-07,Negative unit_price
ITEM000179159,ORD00026389,SKU02626,Ergonomic user-facing open architecture,Clothing,,435.57,,2025-04-17 06:00:00,2026-08-07 20:10:16,order_items.csv,2026-08-07,Missing quantity
ITEM000179201,ORD00016912,SKU02053,Switchable leadingedge project,Grocery,2.0,-3859.19,-7718.38,2025-04-17 06:00:00,2026-08-07 20:10:16,order_items.csv,2026-08-07,Negative unit_price
ITEM000179226,ORD00043833,SKU02378,Decentralized asymmetric methodology,Electronics,,10328.93,,2025-04-17 06:00:00,2026-08-07 20:10:16,order_items.csv,2026-08-07,Missing quantity
ITEM000179293,ORD00047174,SKU02070,Decentralized fault-tolerant interface,Electronics,,9475.39,,2025-04-17 06:00:00,2026-08-07 20:10:16,order_items.csv,2026-08-07,Missing quantity
ITEM000179301,ORD00042847,SKU01162,Phased bifurcated policy,Books,10.0,-4015.33,-40153.3,2025-04-17 06:00:00,2026-08-07 20:10:16,order_items.csv,2026-08-07,Negative unit_price
ITEM000179360,ORD00030423,SKU01734,Implemented 5thgeneration workforce,Books,,13994.69,,2025-04-17 06:00:00,2026-08-07 20:10:16,order_items.csv,2026-08-07,Missing quantity
ITEM000179401,ORD00028480,SKU02720,Networked tangible focus group,Beauty,3.0,-12690.51,-38071.53,2025-04-17 06:00:00,2026-08-07 20:10:16,order_items.csv,2026-08-07,Negative unit_price
ITEM000179427,ORD00013239,SKU03103,Reverse-engineered bi-directional definition,Grocery,,175.4,,2025-04-17 06:00:00,2026-08-07 20:10:16,order_items.csv,2026-08-07,Missing quantity
ITEM000179494,ORD00042600,SKU00607,Grass-roots even-keeled architecture,Books,,3350.76,,2025-04-17 06:00:00,2026-08-07 20:10:16,order_items.csv,2026-08-07,Missing quantity
ITEM000179501,ORD00008823,SKU04474,Organized actuating alliance,Beauty,7.0,-14431.24,-101018.68,2025-04-17 06:00:00,2026-08-07 20:10:16,order_items.csv,2026-08-07,Negative unit_price
ITEM000179561,ORD00011324,SKU03583,Cloned systemic solution,Beauty,,3729.12,,2025-04-17 06:00:00,2026-08-07 20:10:16,order_items.csv,2026-08-07,Missing quantity
ITEM000179601,ORD00043563,SKU04061,Operative motivating concept,Home & Kitchen,6.0,-10446.04,-62676.240000000005,2025-04-17 06:00:00,2026-08-07 20:10:16,order_items.csv,2026-08-07,Negative unit_price
ITEM000179628,ORD00034988,SKU00622,Face-to-face tertiary Graphical User Interface,Toys,,1605.89,,2025-04-17 06:00:00,2026-08-07 20:10:16,order_items.csv,2026-08-07,Missing quantity
ITEM000179695,ORD00039296,SKU01283,Synergistic systemic customer loyalty,Clothing,,9565.81,,2025-04-17 06:00:00,2026-08-07 20:10:16,order_items.csv,2026-08-07,Missing quantity
ITEM000179701,ORD00014708,SKU01617,Organized explicit framework,Home & Kitchen,1.0,-673.71,-673.71,2025-04-17 06:00:00,2026-08-07 20:10:16,order_items.csv,2026-08-07,Negative unit_price
ITEM000179762,ORD00011159,SKU04917,Reactive full-range instruction set,Beauty,,2039.39,,2025-04-17 06:00:00,2026-08-07 20:10:16,order_items.csv,2026-08-07,Missing quantity
ITEM000179801,ORD00028971,SKU02774,Cloned multimedia productivity,Toys,2.0,-10855.84,-21711.68,2025-04-17 06:00:00,2026-08-07 20:10:16,order_items.csv,2026-08-07,Negative unit_price
ITEM000179829,ORD00038577,SKU01328,Grass-roots user-facing orchestration,Beauty,,5232.71,,2025-04-17 06:00:00,2026-08-07 20:10:16,order_items.csv,2026-08-07,Missing quantity
ITEM000179896,ORD00004982,SKU01987,Networked clear-thinking challenge,Toys,,6390.7,,2025-04-17 06:00:00,2026-08-07 20:10:16,order_items.csv,2026-08-07,Missing quantity
ITEM000179901,ORD00045733,SKU01701,Enterprise-wide 6thgeneration hierarchy,Clothing,10.0,-6951.96,-69519.6,2025-04-17 06:00:00,2026-08-07 20:10:16,order_items.csv,2026-08-07,Negative unit_price
ITEM000179963,ORD00023334,SKU03282,Mandatory stable leverage,Grocery,,7293.69,,2025-04-17 06:00:00,2026-08-07 20:10:16,order_items.csv,2026-08-07,Missing quantity
ITEM000180001,ORD00020419,SKU02340,Re-contextualized tangible access,Clothing,4.0,-13841.57,-55366.28,2025-04-17 06:00:00,2026-08-07 20:10:16,order_items.csv,2026-08-07,Negative unit_price
ITEM000180030,ORD00007129,SKU03220,Innovative bottom-line product,Grocery,,9058.75,,2025-04-17 06:00:00,2026-08-07 20:10:16,order_items.csv,2026-08-07,Missing quantity
ITEM000180097,ORD00028016,SKU03351,Ergonomic explicit emulation,Grocery,,11808.94,,2025-04-17 06:00:00,2026-08-07 20:10:16,order_items.csv,2026-08-07,Missing quantity
ITEM000180101,ORD00022815,SKU03730,User-centric static focus group,Toys,2.0,-13096.14,-26192.28,2025-04-17 06:00:00,2026-08-07 20:10:16,order_items.csv,2026-08-07,Negative unit_price
ITEM000180164,ORD00035835,SKU02663,Polarized high-level process improvement,Sports,,6744.57,,2025-04-17 06:00:00,2026-08-07 20:10:16,order_items.csv,2026-08-07,Missing quantity
ITEM000180201,ORD00022536,SKU02199,Object-based leadingedge focus group,Home & Kitchen,3.0,-13991.09,-41973.270000000004,2025-04-17 06:00:00,2026-08-07 20:10:16,order_items.csv,2026-08-07,Negative unit_price
ITEM000180231,ORD00020850,SKU04999,Configurable analyzing access,Toys,,14467.92,,2025-04-17 06:00:00,2026-08-07 20:10:16,order_items.csv,2026-08-07,Missing quantity
ITEM000180298,ORD00041970,SKU00452,Inverse full-range budgetary management,Sports,,1114.54,,2025-04-17 06:00:00,2026-08-07 20:10:16,order_items.csv,2026-08-07,Missing quantity
ITEM000180301,ORD00024034,SKU04536,Decentralized client-driven superstructure,Clothing,9.0,-4025.94,-36233.46,2025-04-17 06:00:00,2026-08-07 20:10:16,order_items.csv,2026-08-07,Negative unit_price
ITEM000180365,ORD00047819,SKU00174,Assimilated 4thgeneration algorithm,Home & Kitchen,,13281.48,,2025-04-17 06:00:00,2026-08-07 20:10:16,order_items.csv,2026-08-07,Missing quantity
ITEM000180401,ORD00043246,SKU01165,Decentralized asymmetric hub,Home & Kitchen,3.0,-3459.89,-10379.67,2025-04-17 06:00:00,2026-08-07 20:10:16,order_items.csv,2026-08-07,Negative unit_price
ITEM000180432,ORD00042655,SKU04783,Triple-buffered directional website,Toys,,12296.33,,2025-04-17 06:00:00,2026-08-07 20:10:16,order_items.csv,2026-08-07,Missing quantity
ITEM000180499,ORD00017011,SKU01399,Reduced analyzing benchmark,Home & Kitchen,,10658.11,,2025-04-17 06:00:00,2026-08-07 20:10:16,order_items.csv,2026-08-07,Missing quantity
ITEM000180501,ORD00038752,SKU01686,Integrated web-enabled installation,Toys,9.0,-700.68,-6306.12,2025-04-17 06:00:00,2026-08-07 20:10:16,order_items.csv,2026-08-07,Negative unit_price
ITEM000180566,ORD00033883,SKU01566,Organic modular help-desk,Books,,14555.18,,2025-04-17 06:00:00,2026-08-07 20:10:16,order_items.csv,2026-08-07,Missing quantity
ITEM000180601,ORD00011118,SKU04650,Re-engineered exuding ability,Electronics,3.0,-11402.61,-34207.83,2025-04-17 06:00:00,2026-08-07 20:10:16,order_items.csv,2026-08-07,Negative unit_price
ITEM000180633,ORD00019080,SKU00463,Phased responsive utilization,Toys,,14096.24,,2025-04-17 06:00:00,2026-08-07 20:10:16,order_items.csv,2026-08-07,Missing quantity
ITEM000180700,ORD00011117,SKU03156,Fully-configurable 24/7 service-desk,Books,,4686.17,,2025-04-17 06:00:00,2026-08-07 20:10:16,order_items.csv,2026-08-07,Missing quantity
ITEM000180701,ORD00020413,SKU01303,Quality-focused empowering encoding,Electronics,5.0,-13489.05,-67445.25,2025-04-17 06:00:00,2026-08-07 20:10:16,order_items.csv,2026-08-07,Negative unit_price
ITEM000180767,ORD00003262,SKU02486,Stand-alone homogeneous framework,Sports,,6936.36,,2025-04-17 06:00:00,2026-08-07 20:10:16,order_items.csv,2026-08-07,Missing quantity
ITEM000180801,ORD00016684,SKU03207,Cross-platform mission-critical encryption,Toys,10.0,-13203.89,-132038.9,2025-04-17 06:00:00,2026-08-07 20:10:16,order_items.csv,2026-08-07,Negative unit_price
ITEM000180834,ORD00023013,SKU01212,Universal web-enabled definition,Sports,,8695.26,,2025-04-17 06:00:00,2026-08-07 20:10:16,order_items.csv,2026-08-07,Missing quantity
ITEM000180901,ORD00038995,SKU02499,Polarized composite Local Area Network,Beauty,,-10571.37,,2025-04-17 06:00:00,2026-08-07 20:10:16,order_items.csv,2026-08-07,Missing quantity
ITEM000180968,ORD00030750,SKU04319,Networked 3rdgeneration pricing structure,Home & Kitchen,,7293.84,,2025-04-17 06:00:00,2026-08-07 20:10:16,order_items.csv,2026-08-07,Missing quantity
ITEM000181001,ORD00025754,SKU03907,Future-proofed stable encryption,Beauty,1.0,-12138.89,-12138.89,2025-04-17 06:00:00,2026-08-07 20:10:16,order_items.csv,2026-08-07,Negative unit_price
ITEM000181035,ORD00011102,SKU02914,Vision-oriented logistical project,Beauty,,8674.14,,2025-04-17 06:00:00,2026-08-07 20:10:16,order_items.csv,2026-08-07,Missing quantity
ITEM000181101,ORD00004830,SKU00591,Streamlined leadingedge architecture,Books,7.0,-9440.54,-66083.78,2025-04-17 06:00:00,2026-08-07 20:10:16,order_items.csv,2026-08-07,Negative unit_price
ITEM000181102,ORD00044325,SKU02381,Proactive interactive open system,Beauty,,4714.56,,2025-04-17 06:00:00,2026-08-07 20:10:16,order_items.csv,2026-08-07,Missing quantity
ITEM000181169,ORD00001911,SKU02973,Universal scalable adapter,Sports,,3777.81,,2025-04-17 06:00:00,2026-08-07 20:10:16,order_items.csv,2026-08-07,Missing quantity
ITEM000181201,ORD00023326,SKU03998,User-centric non-volatile encryption,Sports,7.0,-2864.71,-20052.97,2025-04-17 06:00:00,2026-08-07 20:10:16,order_items.csv,2026-08-07,Negative unit_price
ITEM000181236,ORD00027413,SKU00142,Switchable non-volatile hierarchy,Electronics,,14286.44,,2025-04-17 06:00:00,2026-08-07 20:10:16,order_items.csv,2026-08-07,Missing quantity
ITEM000181301,ORD00008657,SKU01321,Compatible interactive alliance,Beauty,6.0,-13583.69,-81502.14,2025-04-17 06:00:00,2026-08-07 20:10:16,order_items.csv,2026-08-07,Negative unit_price
ITEM000181303,ORD00029948,SKU01385,Future-proofed zero-defect hardware,Toys,,10312.97,,2025-04-17 06:00:00,2026-08-07 20:10:16,order_items.csv,2026-08-07,Missing quantity
ITEM000181370,ORD00037855,SKU01431,Object-based bandwidth-monitored policy,Electronics,,2183.13,,2025-04-17 06:00:00,2026-08-07 20:10:16,order_items.csv,2026-08-07,Missing quantity
ITEM000181401,ORD00011636,SKU02427,Advanced value-added help-desk,Grocery,4.0,-12450.43,-49801.72,2025-04-17 06:00:00,2026-08-07 20:10:16,order_items.csv,2026-08-07,Negative unit_price
ITEM000181437,ORD00009938,SKU03938,Front-line even-keeled circuit,Sports,,1329.7,,2025-04-17 06:00:00,2026-08-07 20:10:16,order_items.csv,2026-08-07,Missing quantity
ITEM000181501,ORD00036648,SKU02344,Phased dedicated methodology,Clothing,5.0,-5838.72,-29193.600000000002,2025-04-17 06:00:00,2026-08-07 20:10:16,order_items.csv,2026-08-07,Negative unit_price
ITEM000181504,ORD00017941,SKU01374,Phased attitude-oriented focus group,Books,,1423.18,,2025-04-17 06:00:00,2026-08-07 20:10:16,order_items.csv,2026-08-07,Missing quantity
ITEM000181571,ORD00012932,SKU02807,Up-sized zero-defect hierarchy,Electronics,,7682.31,,2025-04-17 06:00:00,2026-08-07 20:10:16,order_items.csv,2026-08-07,Missing quantity
ITEM000181601,ORD00047843,SKU01793,Operative directional throughput,Beauty,3.0,-1929.55,-5788.65,2025-04-17 06:00:00,2026-08-07 20:10:16,order_items.csv,2026-08-07,Negative unit_price
ITEM000181638,ORD00012158,SKU01298,Diverse transitional extranet,Sports,,14225.07,,2025-04-17 06:00:00,2026-08-07 20:10:16,order_items.csv,2026-08-07,Missing quantity
ITEM000181701,ORD00002587,SKU04316,Centralized needs-based forecast,Home & Kitchen,10.0,-12785.9,-127859.0,2025-04-17 06:00:00,2026-08-07 20:10:16,order_items.csv,2026-08-07,Negative unit_price
ITEM000181705,ORD00018230,SKU02887,Focused contextually-based budgetary management,Grocery,,9056.45,,2025-04-17 06:00:00,2026-08-07 20:10:16,order_items.csv,2026-08-07,Missing quantity
ITEM000181772,ORD00026409,SKU02869,Synchronized clear-thinking capability,Beauty,,10445.08,,2025-04-17 06:00:00,2026-08-07 20:10:16,order_items.csv,2026-08-07,Missing quantity
ITEM000181801,ORD00014944,SKU02792,Grass-roots 6thgeneration groupware,Sports,6.0,-1641.84,-9851.039999999999,2025-04-17 06:00:00,2026-08-07 20:10:16,order_items.csv,2026-08-07,Negative unit_price
ITEM000181839,ORD00003687,SKU03242,Stand-alone high-level budgetary management,Electronics,,4863.57,,2025-04-17 06:00:00,2026-08-07 20:10:16,order_items.csv,2026-08-07,Missing quantity
ITEM000181901,ORD00026204,SKU03649,Balanced global complexity,Books,2.0,-2718.18,-5436.36,2025-04-17 06:00:00,2026-08-07 20:10:16,order_items.csv,2026-08-07,Negative unit_price
ITEM000181906,ORD00019943,SKU01998,Multi-layered solution-oriented project,Clothing,,13493.51,,2025-04-17 06:00:00,2026-08-07 20:10:16,order_items.csv,2026-08-07,Missing quantity
ITEM000181973,ORD00015349,SKU01234,Integrated hybrid structure,Electronics,,4712.4,,2025-04-17 06:00:00,2026-08-07 20:10:16,order_items.csv,2026-08-07,Missing quantity
ITEM000182001,ORD00011618,SKU01184,Networked fresh-thinking budgetary management,Clothing,9.0,-277.62,-2498.58,2025-04-17 06:00:00,2026-08-07 20:10:16,order_items.csv,2026-08-07,Negative unit_price
ITEM000182040,ORD00020576,SKU01046,User-centric systemic secured line,Beauty,,11978.12,,2025-04-17 06:00:00,2026-08-07 20:10:16,order_items.csv,2026-08-07,Missing quantity
ITEM000182101,ORD00032949,SKU01887,Centralized high-level middleware,Home & Kitchen,9.0,-9129.97,-82169.73,2025-04-17 06:00:00,2026-08-07 20:10:16,order_items.csv,2026-08-07,Negative unit_price
ITEM000182107,ORD00037097,SKU00895,Programmable neutral time-frame,Sports,,1373.68,,2025-04-17 06:00:00,2026-08-07 20:10:16,order_items.csv,2026-08-07,Missing quantity
ITEM000182174,ORD00017708,SKU00807,Sharable needs-based focus group,Toys,,1223.91,,2025-04-17 06:00:00,2026-08-07 20:10:16,order_items.csv,2026-08-07,Missing quantity
ITEM000182201,ORD00002079,SKU04190,Visionary empowering website,Electronics,3.0,-11262.01,-33786.03,2025-04-17 06:00:00,2026-08-07 20:10:16,order_items.csv,2026-08-07,Negative unit_price
ITEM000182241,ORD00037981,SKU04734,Compatible didactic algorithm,Sports,,2233.24,,2025-04-17 06:00:00,2026-08-07 20:10:16,order_items.csv,2026-08-07,Missing quantity
ITEM000182301,ORD00038502,SKU04081,Assimilated client-driven parallelism,Beauty,2.0,-11551.19,-23102.38,2025-04-17 06:00:00,2026-08-07 20:10:16,order_items.csv,2026-08-07,Negative unit_price
ITEM000182308,ORD00011485,SKU03658,Upgradable incremental complexity,Electronics,,6914.02,,2025-04-17 06:00:00,2026-08-07 20:10:16,order_items.csv,2026-08-07,Missing quantity
ITEM000182375,ORD00035620,SKU04303,Cross-group context-sensitive budgetary management,Toys,,4837.38,,2025-04-17 06:00:00,2026-08-07 20:10:16,order_items.csv,2026-08-07,Missing quantity
ITEM000182401,ORD00029472,SKU01524,Phased web-enabled database,Home & Kitchen,7.0,-56.8,-397.59999999999997,2025-04-17 06:00:00,2026-08-07 20:10:16,order_items.csv,2026-08-07,Negative unit_price
ITEM000182442,ORD00037515,SKU02760,Exclusive context-sensitive synergy,Grocery,,14563.53,,2025-04-17 06:00:00,2026-08-07 20:10:16,order_items.csv,2026-08-07,Missing quantity
ITEM000182501,ORD00004557,SKU04112,Public-key heuristic alliance,Books,9.0,-10430.76,-93876.84,2025-04-17 06:00:00,2026-08-07 20:10:16,order_items.csv,2026-08-07,Negative unit_price
ITEM000182509,ORD00011250,SKU00850,Monitored composite intranet,Beauty,,3233.83,,2025-04-17 06:00:00,2026-08-07 20:10:16,order_items.csv,2026-08-07,Missing quantity
ITEM000182576,ORD00041415,SKU03639,Cross-platform radical help-desk,Electronics,,2278.23,,2025-04-17 06:00:00,2026-08-07 20:10:16,order_items.csv,2026-08-07,Missing quantity
ITEM000182601,ORD00025928,SKU01124,Object-based executive methodology,Toys,4.0,-8346.82,-33387.28,2025-04-17 06:00:00,2026-08-07 20:10:16,order_items.csv,2026-08-07,Negative unit_price
ITEM000182643,ORD00026676,SKU00791,Ameliorated national initiative,Toys,,3176.04,,2025-04-17 06:00:00,2026-08-07 20:10:16,order_items.csv,2026-08-07,Missing quantity
ITEM000182701,ORD00047310,SKU04494,Optimized dedicated leverage,Home & Kitchen,9.0,-13475.53,-121279.77,2025-04-17 06:00:00,2026-08-07 20:10:16,order_items.csv,2026-08-07,Negative unit_price
ITEM000182710,ORD00027034,SKU02228,Realigned modular moderator,Clothing,,12254.76,,2025-04-17 06:00:00,2026-08-07 20:10:16,order_items.csv,2026-08-07,Missing quantity
ITEM000182777,ORD00019362,SKU01334,Right-sized stable Internet solution,Books,,7263.79,,2025-04-17 06:00:00,2026-08-07 20:10:16,order_items.csv,2026-08-07,Missing quantity
ITEM000182801,ORD00012972,SKU03205,Diverse client-driven budgetary management,Books,6.0,-1106.62,-6639.719999999999,2025-04-17 06:00:00,2026-08-07 20:10:16,order_items.csv,2026-08-07,Negative unit_price
ITEM000182844,ORD00037431,SKU04046,Focused value-added portal,Books,,13684.82,,2025-04-17 06:00:00,2026-08-07 20:10:16,order_items.csv,2026-08-07,Missing quantity
ITEM000182901,ORD00012905,SKU03906,Sharable 3rdgeneration approach,Grocery,9.0,-5453.06,-49077.54,2025-04-17 06:00:00,2026-08-07 20:10:16,order_items.csv,2026-08-07,Negative unit_price
ITEM000182911,ORD00027995,SKU03648,Upgradable next generation superstructure,Electronics,,1174.77,,2025-04-17 06:00:00,2026-08-07 20:10:16,order_items.csv,2026-08-07,Missing quantity
ITEM000182978,ORD00003389,SKU03435,Automated needs-based structure,Grocery,,6397.93,,2025-04-17 06:00:00,2026-08-07 20:10:16,order_items.csv,2026-08-07,Missing quantity
ITEM000183001,ORD00033474,SKU01692,Centralized fault-tolerant Internet solution,Sports,4.0,-14218.64,-56874.56,2025-04-17 06:00:00,2026-08-07 20:10:16,order_items.csv,2026-08-07,Negative unit_price
ITEM000183045,ORD00014767,SKU03757,Front-line didactic challenge,Sports,,12740.82,,2025-04-17 06:00:00,2026-08-07 20:10:16,order_items.csv,2026-08-07,Missing quantity
ITEM000183101,ORD00024335,SKU00823,Profound non-volatile protocol,Grocery,4.0,-9553.2,-38212.8,2025-04-17 06:00:00,2026-08-07 20:10:16,order_items.csv,2026-08-07,Negative unit_price
ITEM000183112,ORD00025875,SKU00772,Compatible modular implementation,Grocery,,812.39,,2025-04-17 06:00:00,2026-08-07 20:10:16,order_items.csv,2026-08-07,Missing quantity
ITEM000183179,ORD00034547,SKU04167,Mandatory zero tolerance extranet,Clothing,,2343.4,,2025-04-17 06:00:00,2026-08-07 20:10:16,order_items.csv,2026-08-07,Missing quantity
ITEM000183201,ORD00014159,SKU01002,Virtual responsive complexity,Grocery,1.0,-193.91,-193.91,2025-04-17 06:00:00,2026-08-07 20:10:16,order_items.csv,2026-08-07,Negative unit_price
ITEM000183246,ORD00008550,SKU00500,Compatible tertiary infrastructure,Clothing,,4401.19,,2025-04-17 06:00:00,2026-08-07 20:10:16,order_items.csv,2026-08-07,Missing quantity
ITEM000183301,ORD00009279,SKU00513,Proactive 3rdgeneration functionalities,Toys,7.0,-12004.88,-84034.15999999999,2025-04-17 06:00:00,2026-08-07 20:10:16,order_items.csv,2026-08-07,Negative unit_price
ITEM000183313,ORD00037460,SKU03392,Managed uniform initiative,Electronics,,12434.65,,2025-04-17 06:00:00,2026-08-07 20:10:16,order_items.csv,2026-08-07,Missing quantity
ITEM000183380,ORD00032937,SKU03772,Phased 24/7 synergy,Home & Kitchen,,7724.18,,2025-04-17 06:00:00,2026-08-07 20:10:16,order_items.csv,2026-08-07,Missing quantity
ITEM000183401,ORD00004241,SKU01466,Innovative empowering array,Toys,8.0,-471.16,-3769.28,2025-04-17 06:00:00,2026-08-07 20:10:16,order_items.csv,2026-08-07,Negative unit_price
ITEM000183447,ORD00026929,SKU03011,Decentralized holistic utilization,Clothing,,4457.45,,2025-04-17 06:00:00,2026-08-07 20:10:16,order_items.csv,2026-08-07,Missing quantity
ITEM000183501,ORD00016439,SKU01941,Total mission-critical help-desk,Home & Kitchen,5.0,-14298.62,-71493.1,2025-04-17 06:00:00,2026-08-07 20:10:16,order_items.csv,2026-08-07,Negative unit_price
ITEM000183514,ORD00040466,SKU03058,Upgradable background application,Grocery,,2498.76,,2025-04-17 06:00:00,2026-08-07 20:10:16,order_items.csv,2026-08-07,Missing quantity
ITEM000183581,ORD00003436,SKU04550,Persevering reciprocal architecture,Electronics,,3401.27,,2025-04-17 06:00:00,2026-08-07 20:10:16,order_items.csv,2026-08-07,Missing quantity
ITEM000183601,ORD00001868,SKU02842,Diverse full-range utilization,Clothing,1.0,-3388.81,-3388.81,2025-04-17 06:00:00,2026-08-07 20:10:16,order_items.csv,2026-08-07,Negative unit_price
ITEM000183648,ORD00024630,SKU04222,Managed multimedia solution,Home & Kitchen,,729.93,,2025-04-17 06:00:00,2026-08-07 20:10:16,order_items.csv,2026-08-07,Missing quantity
ITEM000183701,ORD00042137,SKU02572,Implemented national array,Beauty,10.0,-3114.54,-31145.4,2025-04-17 06:00:00,2026-08-07 20:10:16,order_items.csv,2026-08-07,Negative unit_price
ITEM000183715,ORD00015609,SKU00383,Re-contextualized bi-directional contingency,Grocery,,9311.73,,2025-04-17 06:00:00,2026-08-07 20:10:16,order_items.csv,2026-08-07,Missing quantity
ITEM000183782,ORD00017934,SKU01734,Implemented 5thgeneration workforce,Books,,13994.69,,2025-04-17 06:00:00,2026-08-07 20:10:16,order_items.csv,2026-08-07,Missing quantity
ITEM000183801,ORD00021736,SKU03829,Secured grid-enabled service-desk,Beauty,8.0,-8743.74,-69949.92,2025-04-17 06:00:00,2026-08-07 20:10:16,order_items.csv,2026-08-07,Negative unit_price
ITEM000183849,ORD00024749,SKU00702,Multi-layered clear-thinking alliance,Books,,5849.17,,2025-04-17 06:00:00,2026-08-07 20:10:16,order_items.csv,2026-08-07,Missing quantity
ITEM000183901,ORD00047309,SKU03496,Grass-roots multi-tasking firmware,Beauty,1.0,-9627.3,-9627.3,2025-04-17 06:00:00,2026-08-07 20:10:16,order_items.csv,2026-08-07,Negative unit_price
ITEM000183916,ORD00048279,SKU04107,Vision-oriented zero tolerance analyzer,Electronics,,6791.66,,2025-04-17 06:00:00,2026-08-07 20:10:16,order_items.csv,2026-08-07,Missing quantity
ITEM000183983,ORD00049336,SKU00087,Monitored actuating encoding,Grocery,,12215.07,,2025-04-17 06:00:00,2026-08-07 20:10:16,order_items.csv,2026-08-07,Missing quantity
ITEM000184001,ORD00027301,SKU03371,Reactive dynamic orchestration,Toys,4.0,-6674.79,-26699.16,2025-04-17 06:00:00,2026-08-07 20:10:16,order_items.csv,2026-08-07,Negative unit_price
ITEM000184050,ORD00012058,SKU00184,Advanced methodical flexibility,Home & Kitchen,,9879.74,,2025-04-17 06:00:00,2026-08-07 20:10:16,order_items.csv,2026-08-07,Missing quantity
ITEM000184101,ORD00005385,SKU03943,Customizable actuating time-frame,Sports,4.0,-1784.43,-7137.72,2025-04-17 06:00:00,2026-08-07 20:10:16,order_items.csv,2026-08-07,Negative unit_price
ITEM000184117,ORD00010141,SKU00223,Open-architected attitude-oriented capability,Home & Kitchen,,5824.85,,2025-04-17 06:00:00,2026-08-07 20:10:16,order_items.csv,2026-08-07,Missing quantity
ITEM000184184,ORD00025869,SKU00214,Virtual logistical initiative,Toys,,13217.23,,2025-04-17 06:00:00,2026-08-07 20:10:16,order_items.csv,2026-08-07,Missing quantity
ITEM000184201,ORD00002942,SKU00639,Quality-focused intermediate customer loyalty,Books,6.0,-92.17,-553.02,2025-04-17 06:00:00,2026-08-07 20:10:16,order_items.csv,2026-08-07,Negative unit_price
ITEM000184251,ORD00036158,SKU03859,Adaptive intermediate time-frame,Toys,,64.49,,2025-04-17 06:00:00,2026-08-07 20:10:16,order_items.csv,2026-08-07,Missing quantity
ITEM000184301,ORD00045673,SKU01082,Adaptive clear-thinking Graphical User Interface,Toys,1.0,-2408.25,-2408.25,2025-04-17 06:00:00,2026-08-07 20:10:16,order_items.csv,2026-08-07,Negative unit_price
ITEM000184318,ORD00024238,SKU00299,Sharable next generation throughput,Toys,,8435.67,,2025-04-17 06:00:00,2026-08-07 20:10:16,order_items.csv,2026-08-07,Missing quantity
ITEM000184385,ORD00034979,SKU03848,Reverse-engineered analyzing encryption,Beauty,,13917.63,,2025-04-17 06:00:00,2026-08-07 20:10:16,order_items.csv,2026-08-07,Missing quantity
ITEM000184401,ORD00049335,SKU04341,Team-oriented intangible alliance,Toys,5.0,-12209.53,-61047.65,2025-04-17 06:00:00,2026-08-07 20:10:16,order_items.csv,2026-08-07,Negative unit_price
ITEM000184452,ORD00037565,SKU02704,Front-line non-volatile throughput,Electronics,,10122.56,,2025-04-17 06:00:00,2026-08-07 20:10:16,order_items.csv,2026-08-07,Missing quantity
ITEM000184501,ORD00008863,SKU00849,Configurable next generation approach,Grocery,10.0,-7520.6,-75206.0,2025-04-17 06:00:00,2026-08-07 20:10:16,order_items.csv,2026-08-07,Negative unit_price
ITEM000184519,ORD00041640,SKU02207,Focused scalable artificial intelligence,Clothing,,13418.94,,2025-04-17 06:00:00,2026-08-07 20:10:16,order_items.csv,2026-08-07,Missing quantity
ITEM000184586,ORD00023734,SKU01210,Persistent composite productivity,Toys,,535.3,,2025-04-17 06:00:00,2026-08-07 20:10:16,order_items.csv,2026-08-07,Missing quantity
ITEM000184601,ORD00014444,SKU02830,Virtual non-volatile Graphical User Interface,Home & Kitchen,5.0,-3206.38,-16031.900000000001,2025-04-17 06:00:00,2026-08-07 20:10:16,order_items.csv,2026-08-07,Negative unit_price
ITEM000184653,ORD00038604,SKU03843,Vision-oriented radical array,Books,,14209.27,,2025-04-17 06:00:00,2026-08-07 20:10:16,order_items.csv,2026-08-07,Missing quantity
ITEM000184701,ORD00024828,SKU03265,Cross-group empowering functionalities,Sports,9.0,-10068.11,-90612.99,2025-04-17 06:00:00,2026-08-07 20:10:16,order_items.csv,2026-08-07,Negative unit_price
ITEM000184720,ORD00043981,SKU02470,Ameliorated coherent concept,Electronics,,2514.59,,2025-04-17 06:00:00,2026-08-07 20:10:16,order_items.csv,2026-08-07,Missing quantity
ITEM000184787,ORD00034917,SKU03123,Proactive next generation productivity,Home & Kitchen,,528.79,,2025-04-17 06:00:00,2026-08-07 20:10:16,order_items.csv,2026-08-07,Missing quantity
ITEM000184801,ORD00033493,SKU01445,Cross-group high-level core,Books,4.0,-506.37,-2025.48,2025-04-17 06:00:00,2026-08-07 20:10:16,order_items.csv,2026-08-07,Negative unit_price
ITEM000184854,ORD00024119,SKU04539,Synchronized scalable project,Grocery,,11403.97,,2025-04-17 06:00:00,2026-08-07 20:10:16,order_items.csv,2026-08-07,Missing quantity
ITEM000184901,ORD00009170,SKU04427,Future-proofed intangible monitoring,Grocery,6.0,-5206.73,-31240.379999999997,2025-04-17 06:00:00,2026-08-07 20:10:16,order_items.csv,2026-08-07,Negative unit_price
ITEM000184921,ORD00010819,SKU01043,Extended disintermediate orchestration,Grocery,,9223.46,,2025-04-17 06:00:00,2026-08-07 20:10:16,order_items.csv,2026-08-07,Missing quantity
ITEM000184988,ORD00022086,SKU04833,Open-source intermediate architecture,Clothing,,2521.85,,2025-04-17 06:00:00,2026-08-07 20:10:16,order_items.csv,2026-08-07,Missing quantity
ITEM000185001,ORD00002758,SKU01445,Cross-group high-level core,Books,9.0,-506.37,-4557.33,2025-04-17 06:00:00,2026-08-07 20:10:16,order_items.csv,2026-08-07,Negative unit_price
ITEM000185055,ORD00019145,SKU03696,User-friendly non-volatile hub,Books,,2155.46,,2025-04-17 06:00:00,2026-08-07 20:10:16,order_items.csv,2026-08-07,Missing quantity
ITEM000185101,ORD00019665,SKU01685,Monitored modular collaboration,Home & Kitchen,6.0,-12902.64,-77415.84,2025-04-17 06:00:00,2026-08-07 20:10:16,order_items.csv,2026-08-07,Negative unit_price
ITEM000185122,ORD00027706,SKU03299,Function-based motivating benchmark,Books,,9166.41,,2025-04-17 06:00:00,2026-08-07 20:10:16,order_items.csv,2026-08-07,Missing quantity
ITEM000185189,ORD00048268,SKU00200,Operative user-facing installation,Grocery,,6394.79,,2025-04-17 06:00:00,2026-08-07 20:10:16,order_items.csv,2026-08-07,Missing quantity
ITEM000185201,ORD00027055,SKU04448,Persistent methodical orchestration,Home & Kitchen,10.0,-910.83,-9108.300000000001,2025-04-17 06:00:00,2026-08-07 20:10:16,order_items.csv,2026-08-07,Negative unit_price
ITEM000185256,ORD00003396,SKU04767,Phased bottom-line access,Clothing,,13699.18,,2025-04-17 06:00:00,2026-08-07 20:10:16,order_items.csv,2026-08-07,Missing quantity
ITEM000185301,ORD00041097,SKU03224,Diverse bottom-line moratorium,Electronics,2.0,-14489.53,-28979.06,2025-04-17 06:00:00,2026-08-07 20:10:16,order_items.csv,2026-08-07,Negative unit_price
ITEM000185323,ORD00047478,SKU01655,Enterprise-wide radical project,Books,,4104.85,,2025-04-17 06:00:00,2026-08-07 20:10:16,order_items.csv,2026-08-07,Missing quantity
ITEM000185390,ORD00028836,SKU01983,Open-architected real-time capability,Home & Kitchen,,10666.19,,2025-04-17 06:00:00,2026-08-07 20:10:16,order_items.csv,2026-08-07,Missing quantity
ITEM000185401,ORD00022160,SKU00641,Sharable reciprocal projection,Beauty,7.0,-12112.83,-84789.81,2025-04-17 06:00:00,2026-08-07 20:10:16,order_items.csv,2026-08-07,Negative unit_price
ITEM000185457,ORD00046270,SKU00561,Multi-tiered systematic artificial intelligence,Books,,10917.05,,2025-04-17 06:00:00,2026-08-07 20:10:16,order_items.csv,2026-08-07,Missing quantity
ITEM000185501,ORD00011427,SKU02680,Mandatory fault-tolerant instruction set,Electronics,7.0,-7682.78,-53779.46,2025-04-17 06:00:00,2026-08-07 20:10:16,order_items.csv,2026-08-07,Negative unit_price
ITEM000185524,ORD00040718,SKU03563,Advanced regional installation,Toys,,11977.81,,2025-04-17 06:00:00,2026-08-07 20:10:16,order_items.csv,2026-08-07,Missing quantity
ITEM000185591,ORD00044228,SKU01536,Cross-group logistical productivity,Beauty,,10415.84,,2025-04-17 06:00:00,2026-08-07 20:10:16,order_items.csv,2026-08-07,Missing quantity
ITEM000185601,ORD00025963,SKU01283,Synergistic systemic customer loyalty,Clothing,10.0,-9565.81,-95658.09999999999,2025-04-17 06:00:00,2026-08-07 20:10:16,order_items.csv,2026-08-07,Negative unit_price
ITEM000185658,ORD00017216,SKU02927,Public-key 5thgeneration intranet,Books,,3668.29,,2025-04-17 06:00:00,2026-08-07 20:10:16,order_items.csv,2026-08-07,Missing quantity
ITEM000185701,ORD00015612,SKU03993,Organized national utilization,Clothing,10.0,-11142.53,-111425.3,2025-04-17 06:00:00,2026-08-07 20:10:16,order_items.csv,2026-08-07,Negative unit_price
ITEM000185725,ORD00009076,SKU01190,Down-sized zero-defect model,Clothing,,426.0,,2025-04-17 06:00:00,2026-08-07 20:10:16,order_items.csv,2026-08-07,Missing quantity
ITEM000185792,ORD00013094,SKU04307,Integrated holistic concept,Sports,,14164.79,,2025-04-17 06:00:00,2026-08-07 20:10:16,order_items.csv,2026-08-07,Missing quantity
ITEM000185801,ORD00038221,SKU04623,Total systemic Local Area Network,Beauty,2.0,-4256.2,-8512.4,2025-04-17 06:00:00,2026-08-07 20:10:16,order_items.csv,2026-08-07,Negative unit_price
ITEM000185859,ORD00034159,SKU00079,Customer-focused coherent Graphic Interface,Toys,,3273.7,,2025-04-17 06:00:00,2026-08-07 20:10:16,order_items.csv,2026-08-07,Missing quantity
ITEM000185901,ORD00042730,SKU00965,Robust client-server circuit,Sports,4.0,-8451.5,-33806.0,2025-04-17 06:00:00,2026-08-07 20:10:16,order_items.csv,2026-08-07,Negative unit_price
ITEM000185926,ORD00015156,SKU03186,Pre-emptive attitude-oriented architecture,Clothing,,2382.9,,2025-04-17 06:00:00,2026-08-07 20:10:16,order_items.csv,2026-08-07,Missing quantity
ITEM000185993,ORD00044314,SKU02818,Object-based scalable access,Electronics,,6617.34,,2025-04-17 06:00:00,2026-08-07 20:10:16,order_items.csv,2026-08-07,Missing quantity
ITEM000186001,ORD00043248,SKU01867,Profound homogeneous function,Beauty,1.0,-8295.36,-8295.36,2025-04-17 06:00:00,2026-08-07 20:10:16,order_items.csv,2026-08-07,Negative unit_price
ITEM000186060,ORD00045918,SKU01692,Centralized fault-tolerant Internet solution,Sports,,14218.64,,2025-04-17 06:00:00,2026-08-07 20:10:16,order_items.csv,2026-08-07,Missing quantity
ITEM000186101,ORD00017797,SKU02437,Face-to-face zero tolerance software,Sports,10.0,-9756.22,-97562.2,2025-04-17 06:00:00,2026-08-07 20:10:16,order_items.csv,2026-08-07,Negative unit_price
ITEM000186127,ORD00001044,SKU04227,De-engineered mobile project,Sports,,10189.22,,2025-04-17 06:00:00,2026-08-07 20:10:16,order_items.csv,2026-08-07,Missing quantity
ITEM000186194,ORD00012845,SKU00115,Fundamental logistical support,Home & Kitchen,,1052.93,,2025-04-17 06:00:00,2026-08-07 20:10:16,order_items.csv,2026-08-07,Missing quantity
ITEM000186201,ORD00022912,SKU00319,Inverse interactive matrices,Home & Kitchen,3.0,-11029.35,-33088.05,2025-04-17 06:00:00,2026-08-07 20:10:16,order_items.csv,2026-08-07,Negative unit_price
ITEM000186261,ORD00046754,SKU03095,Customizable eco-centric capacity,Toys,,12600.46,,2025-04-17 06:00:00,2026-08-07 20:10:16,order_items.csv,2026-08-07,Missing quantity
ITEM000186301,ORD00018097,SKU04688,Devolved methodical emulation,Home & Kitchen,1.0,-13743.22,-13743.22,2025-04-17 06:00:00,2026-08-07 20:10:16,order_items.csv,2026-08-07,Negative unit_price
ITEM000186328,ORD00003838,SKU03915,Future-proofed interactive software,Clothing,,11949.93,,2025-04-17 06:00:00,2026-08-07 20:10:16,order_items.csv,2026-08-07,Missing quantity
ITEM000186395,ORD00045281,SKU03707,Automated bandwidth-monitored methodology,Clothing,,10572.29,,2025-04-17 06:00:00,2026-08-07 20:10:16,order_items.csv,2026-08-07,Missing quantity
ITEM000186401,ORD00021371,SKU00447,User-centric disintermediate open architecture,Books,2.0,-5235.27,-10470.54,2025-04-17 06:00:00,2026-08-07 20:10:16,order_items.csv,2026-08-07,Negative unit_price
ITEM000186462,ORD00009681,SKU02629,Ergonomic well-modulated hardware,Electronics,,2336.09,,2025-04-17 06:00:00,2026-08-07 20:10:16,order_items.csv,2026-08-07,Missing quantity
ITEM000186501,ORD00022854,SKU00234,Horizontal well-modulated flexibility,Beauty,4.0,-4579.74,-18318.96,2025-04-17 06:00:00,2026-08-07 20:10:16,order_items.csv,2026-08-07,Negative unit_price
ITEM000186529,ORD00048944,SKU03294,Business-focused real-time secured line,Books,,10427.17,,2025-04-17 06:00:00,2026-08-07 20:10:16,order_items.csv,2026-08-07,Missing quantity
ITEM000186596,ORD00032814,SKU04660,Visionary modular migration,Home & Kitchen,,10665.16,,2025-04-17 06:00:00,2026-08-07 20:10:16,order_items.csv,2026-08-07,Missing quantity
ITEM000186601,ORD00004715,SKU01887,Centralized high-level middleware,Home & Kitchen,6.0,-9129.97,-54779.81999999999,2025-04-17 06:00:00,2026-08-07 20:10:16,order_items.csv,2026-08-07,Negative unit_price
ITEM000186663,ORD00027928,SKU01604,Vision-oriented regional extranet,Home & Kitchen,,14441.55,,2025-04-17 06:00:00,2026-08-07 20:10:16,order_items.csv,2026-08-07,Missing quantity
ITEM000186701,ORD00032040,SKU04855,Adaptive didactic product,Beauty,6.0,-954.03,-5724.18,2025-04-17 06:00:00,2026-08-07 20:10:16,order_items.csv,2026-08-07,Negative unit_price
ITEM000186730,ORD00015610,SKU00497,Enterprise-wide contextually-based functionalities,Books,,7830.4,,2025-04-17 06:00:00,2026-08-07 20:10:16,order_items.csv,2026-08-07,Missing quantity
ITEM000186797,ORD00005293,SKU01319,Reduced clear-thinking orchestration,Clothing,,7591.43,,2025-04-17 06:00:00,2026-08-07 20:10:16,order_items.csv,2026-08-07,Missing quantity
ITEM000186801,ORD00040684,SKU00006,Focused 24/7 solution,Toys,3.0,-3537.4,-10612.2,2025-04-17 06:00:00,2026-08-07 20:10:16,order_items.csv,2026-08-07,Negative unit_price
ITEM000186864,ORD00002491,SKU01643,Reduced systemic firmware,Beauty,,6975.5,,2025-04-17 06:00:00,2026-08-07 20:10:16,order_items.csv,2026-08-07,Missing quantity
ITEM000186901,ORD00042721,SKU04747,Compatible zero administration data-warehouse,Grocery,3.0,-13691.78,-41075.340000000004,2025-04-17 06:00:00,2026-08-07 20:10:16,order_items.csv,2026-08-07,Negative unit_price
ITEM000186931,ORD00015195,SKU04961,Grass-roots systematic functionalities,Beauty,,6537.58,,2025-04-17 06:00:00,2026-08-07 20:10:16,order_items.csv,2026-08-07,Missing quantity
ITEM000186998,ORD00029459,SKU03874,Streamlined multi-tasking toolset,Books,,384.27,,2025-04-17 06:00:00,2026-08-07 20:10:16,order_items.csv,2026-08-07,Missing quantity
ITEM000187001,ORD00045735,SKU02549,Customer-focused logistical hardware,Sports,4.0,-12764.86,-51059.44,2025-04-17 06:00:00,2026-08-07 20:10:16,order_items.csv,2026-08-07,Negative unit_price
ITEM000187065,ORD00028274,SKU03742,Inverse analyzing product,Home & Kitchen,,8514.32,,2025-04-17 06:00:00,2026-08-07 20:10:16,order_items.csv,2026-08-07,Missing quantity
ITEM000187101,ORD00018348,SKU00873,Multi-lateral intermediate matrix,Grocery,1.0,-1109.62,-1109.62,2025-04-17 06:00:00,2026-08-07 20:10:16,order_items.csv,2026-08-07,Negative unit_price
ITEM000187132,ORD00024174,SKU01738,Organic grid-enabled process improvement,Sports,,9298.26,,2025-04-17 06:00:00,2026-08-07 20:10:16,order_items.csv,2026-08-07,Missing quantity
ITEM000187199,ORD00032560,SKU00100,Object-based 6thgeneration software,Toys,,6476.07,,2025-04-17 06:00:00,2026-08-07 20:10:16,order_items.csv,2026-08-07,Missing quantity
ITEM000187201,ORD00006854,SKU03167,Balanced actuating encryption,Home & Kitchen,6.0,-8917.49,-53504.94,2025-04-17 06:00:00,2026-08-07 20:10:16,order_items.csv,2026-08-07,Negative unit_price
ITEM000187266,ORD00006613,SKU04465,Enterprise-wide neutral methodology,Clothing,,10860.42,,2025-04-17 06:00:00,2026-08-07 20:10:16,order_items.csv,2026-08-07,Missing quantity
ITEM000187301,ORD00004263,SKU03563,Advanced regional installation,Toys,7.0,-11977.81,-83844.67,2025-04-17 06:00:00,2026-08-07 20:10:16,order_items.csv,2026-08-07,Negative unit_price
ITEM000187333,ORD00004027,SKU00667,Horizontal multimedia access,Beauty,,8964.05,,2025-04-17 06:00:00,2026-08-07 20:10:16,order_items.csv,2026-08-07,Missing quantity
ITEM000187400,ORD00025395,SKU03067,Re-contextualized discrete emulation,Toys,,8728.13,,2025-04-17 06:00:00,2026-08-07 20:10:16,order_items.csv,2026-08-07,Missing quantity
ITEM000187401,ORD00047868,SKU02563,Versatile bifurcated hub,Home & Kitchen,2.0,-3317.73,-6635.46,2025-04-17 06:00:00,2026-08-07 20:10:16,order_items.csv,2026-08-07,Negative unit_price
ITEM000187467,ORD00041810,SKU04716,Balanced secondary process improvement,Books,,4619.58,,2025-04-17 06:00:00,2026-08-07 20:10:16,order_items.csv,2026-08-07,Missing quantity
ITEM000187501,ORD00019429,SKU04705,Expanded zero tolerance complexity,Sports,9.0,-11006.98,-99062.81999999999,2025-04-17 06:00:00,2026-08-07 20:10:16,order_items.csv,2026-08-07,Negative unit_price
ITEM000187534,ORD00021316,SKU01177,Customizable bi-directional intranet,Toys,,5726.38,,2025-04-17 06:00:00,2026-08-07 20:10:16,order_items.csv,2026-08-07,Missing quantity
ITEM000187601,ORD00019659,SKU03435,Automated needs-based structure,Grocery,,-6397.93,,2025-04-17 06:00:00,2026-08-07 20:10:16,order_items.csv,2026-08-07,Missing quantity
ITEM000187668,ORD00031263,SKU03013,Pre-emptive context-sensitive forecast,Clothing,,13530.02,,2025-04-17 06:00:00,2026-08-07 20:10:16,order_items.csv,2026-08-07,Missing quantity
ITEM000187701,ORD00018419,SKU03278,Universal static definition,Clothing,6.0,-7179.76,-43078.56,2025-04-17 06:00:00,2026-08-07 20:10:16,order_items.csv,2026-08-07,Negative unit_price
ITEM000187735,ORD00015723,SKU00252,Assimilated real-time info-mediaries,Sports,,6688.39,,2025-04-17 06:00:00,2026-08-07 20:10:16,order_items.csv,2026-08-07,Missing quantity
ITEM000187801,ORD00021253,SKU04442,Stand-alone methodical implementation,Toys,7.0,-14958.52,-104709.64,2025-04-17 06:00:00,2026-08-07 20:10:16,order_items.csv,2026-08-07,Negative unit_price
ITEM000187802,ORD00011462,SKU02550,User-centric systematic task-force,Beauty,,4848.33,,2025-04-17 06:00:00,2026-08-07 20:10:16,order_items.csv,2026-08-07,Missing quantity
ITEM000187869,ORD00017222,SKU00123,Secured intermediate extranet,Toys,,4685.9,,2025-04-17 06:00:00,2026-08-07 20:10:16,order_items.csv,2026-08-07,Missing quantity
ITEM000187901,ORD00002855,SKU03145,Organized scalable process improvement,Beauty,5.0,-4668.14,-23340.7,2025-04-17 06:00:00,2026-08-07 20:10:16,order_items.csv,2026-08-07,Negative unit_price
ITEM000187936,ORD00040151,SKU00471,Multi-layered holistic methodology,Toys,,14504.94,,2025-04-17 06:00:00,2026-08-07 20:10:16,order_items.csv,2026-08-07,Missing quantity
ITEM000188001,ORD00018589,SKU00467,Reverse-engineered context-sensitive algorithm,Electronics,2.0,-1684.1,-3368.2,2025-04-17 06:00:00,2026-08-07 20:10:16,order_items.csv,2026-08-07,Negative unit_price
ITEM000188003,ORD00000953,SKU01339,Optional even-keeled interface,Grocery,,1805.32,,2025-04-17 06:00:00,2026-08-07 20:10:16,order_items.csv,2026-08-07,Missing quantity
ITEM000188070,ORD00030020,SKU02082,Configurable motivating success,Electronics,,6994.43,,2025-04-17 06:00:00,2026-08-07 20:10:16,order_items.csv,2026-08-07,Missing quantity
ITEM000188101,ORD00005008,SKU00279,Managed high-level orchestration,Clothing,9.0,-3994.62,-35951.58,2025-04-17 06:00:00,2026-08-07 20:10:16,order_items.csv,2026-08-07,Negative unit_price
ITEM000188137,ORD00042887,SKU03507,Innovative background function,Home & Kitchen,,9286.84,,2025-04-17 06:00:00,2026-08-07 20:10:16,order_items.csv,2026-08-07,Missing quantity
ITEM000188201,ORD00035971,SKU02222,Secured tertiary hub,Toys,7.0,-4888.26,-34217.82,2025-04-17 06:00:00,2026-08-07 20:10:16,order_items.csv,2026-08-07,Negative unit_price
ITEM000188204,ORD00031676,SKU02718,Quality-focused web-enabled workforce,Grocery,,1287.22,,2025-04-17 06:00:00,2026-08-07 20:10:16,order_items.csv,2026-08-07,Missing quantity
ITEM000188271,ORD00011007,SKU00465,Balanced tangible hub,Toys,,8954.91,,2025-04-17 06:00:00,2026-08-07 20:10:16,order_items.csv,2026-08-07,Missing quantity
ITEM000188301,ORD00037217,SKU01733,Front-line global matrix,Clothing,5.0,-6999.61,-34998.049999999996,2025-04-17 06:00:00,2026-08-07 20:10:16,order_items.csv,2026-08-07,Negative unit_price
ITEM000188338,ORD00048579,SKU04343,Advanced systematic product,Clothing,,14643.7,,2025-04-17 06:00:00,2026-08-07 20:10:16,order_items.csv,2026-08-07,Missing quantity
ITEM000188401,ORD00041015,SKU03202,Open-source tangible secured line,Clothing,10.0,-6320.17,-63201.7,2025-04-17 06:00:00,2026-08-07 20:10:16,order_items.csv,2026-08-07,Negative unit_price
ITEM000188405,ORD00000181,SKU00117,Innovative interactive standardization,Sports,,6793.46,,2025-04-17 06:00:00,2026-08-07 20:10:16,order_items.csv,2026-08-07,Missing quantity
ITEM000188472,ORD00000016,SKU00247,Monitored 6thgeneration service-desk,Home & Kitchen,,8069.28,,2025-04-17 06:00:00,2026-08-07 20:10:16,order_items.csv,2026-08-07,Missing quantity
ITEM000188501,ORD00031760,SKU04422,Mandatory homogeneous artificial intelligence,Electronics,9.0,-8833.66,-79502.94,2025-04-17 06:00:00,2026-08-07 20:10:16,order_items.csv,2026-08-07,Negative unit_price
ITEM000188539,ORD00003209,SKU04864,Reverse-engineered scalable synergy,Books,,5062.31,,2025-04-17 06:00:00,2026-08-07 20:10:16,order_items.csv,2026-08-07,Missing quantity
ITEM000188601,ORD00008172,SKU00118,Seamless even-keeled adapter,Clothing,1.0,-3837.29,-3837.29,2025-04-17 06:00:00,2026-08-07 20:10:16,order_items.csv,2026-08-07,Negative unit_price
ITEM000188606,ORD00044262,SKU02399,Profound stable functionalities,Beauty,,589.96,,2025-04-17 06:00:00,2026-08-07 20:10:16,order_items.csv,2026-08-07,Missing quantity
ITEM000188673,ORD00049422,SKU02171,Sharable neutral hardware,Electronics,,13859.05,,2025-04-17 06:00:00,2026-08-07 20:10:16,order_items.csv,2026-08-07,Missing quantity
ITEM000188701,ORD00031070,SKU00936,Organic disintermediate functionalities,Books,9.0,-6454.07,-58086.63,2025-04-17 06:00:00,2026-08-07 20:10:16,order_items.csv,2026-08-07,Negative unit_price
ITEM000188740,ORD00002810,SKU02192,Organic full-range frame,Electronics,,432.35,,2025-04-17 06:00:00,2026-08-07 20:10:16,order_items.csv,2026-08-07,Missing quantity
ITEM000188801,ORD00015425,SKU01414,Streamlined uniform function,Grocery,10.0,-4265.96,-42659.6,2025-04-17 06:00:00,2026-08-07 20:10:16,order_items.csv,2026-08-07,Negative unit_price
ITEM000188807,ORD00017842,SKU01022,Automated contextually-based circuit,Electronics,,10815.82,,2025-04-17 06:00:00,2026-08-07 20:10:16,order_items.csv,2026-08-07,Missing quantity
ITEM000188874,ORD00042990,SKU04316,Centralized needs-based forecast,Home & Kitchen,,12785.9,,2025-04-17 06:00:00,2026-08-07 20:10:16,order_items.csv,2026-08-07,Missing quantity
ITEM000188901,ORD00049849,SKU03745,Compatible zero tolerance open system,Beauty,8.0,-8348.71,-66789.68,2025-04-17 06:00:00,2026-08-07 20:10:16,order_items.csv,2026-08-07,Negative unit_price
ITEM000188941,ORD00010976,SKU03848,Reverse-engineered analyzing encryption,Beauty,,13917.63,,2025-04-17 06:00:00,2026-08-07 20:10:16,order_items.csv,2026-08-07,Missing quantity
ITEM000189001,ORD00043564,SKU04703,Devolved coherent strategy,Sports,2.0,-11890.53,-23781.06,2025-04-17 06:00:00,2026-08-07 20:10:16,order_items.csv,2026-08-07,Negative unit_price
ITEM000189008,ORD00038337,SKU02437,Face-to-face zero tolerance software,Sports,,9756.22,,2025-04-17 06:00:00,2026-08-07 20:10:16,order_items.csv,2026-08-07,Missing quantity
ITEM000189075,ORD00010133,SKU04898,Centralized dedicated Graphical User Interface,Sports,,11221.28,,2025-04-17 06:00:00,2026-08-07 20:10:16,order_items.csv,2026-08-07,Missing quantity
ITEM000189101,ORD00033410,SKU02473,Configurable mission-critical complexity,Books,5.0,-8757.42,-43787.1,2025-04-17 06:00:00,2026-08-07 20:10:16,order_items.csv,2026-08-07,Negative unit_price
ITEM000189142,ORD00038360,SKU00634,Self-enabling heuristic structure,Clothing,,10282.25,,2025-04-17 06:00:00,2026-08-07 20:10:16,order_items.csv,2026-08-07,Missing quantity
ITEM000189201,ORD00013018,SKU04106,Assimilated local moderator,Clothing,9.0,-12408.46,-111676.13999999998,2025-04-17 06:00:00,2026-08-07 20:10:16,order_items.csv,2026-08-07,Negative unit_price
ITEM000189209,ORD00023607,SKU04331,Advanced neutral benchmark,Electronics,,3978.46,,2025-04-17 06:00:00,2026-08-07 20:10:16,order_items.csv,2026-08-07,Missing quantity
ITEM000189276,ORD00041746,SKU00078,Cross-platform content-based process improvement,Books,,5840.0,,2025-04-17 06:00:00,2026-08-07 20:10:16,order_items.csv,2026-08-07,Missing quantity
ITEM000189301,ORD00017114,SKU01599,Innovative high-level analyzer,Electronics,8.0,-1978.39,-15827.12,2025-04-17 06:00:00,2026-08-07 20:10:16,order_items.csv,2026-08-07,Negative unit_price
ITEM000189343,ORD00033304,SKU01292,Diverse secondary interface,Electronics,,3458.57,,2025-04-17 06:00:00,2026-08-07 20:10:16,order_items.csv,2026-08-07,Missing quantity
ITEM000189401,ORD00041405,SKU01945,Quality-focused static project,Electronics,8.0,-4279.55,-34236.4,2025-04-17 06:00:00,2026-08-07 20:10:16,order_items.csv,2026-08-07,Negative unit_price
ITEM000189410,ORD00030755,SKU04149,Open-architected hybrid success,Grocery,,3153.23,,2025-04-17 06:00:00,2026-08-07 20:10:16,order_items.csv,2026-08-07,Missing quantity
ITEM000189477,ORD00035459,SKU00555,Intuitive tangible hierarchy,Toys,,12490.6,,2025-04-17 06:00:00,2026-08-07 20:10:16,order_items.csv,2026-08-07,Missing quantity
ITEM000189501,ORD00010455,SKU02295,Sharable dedicated extranet,Electronics,7.0,-1846.96,-12928.720000000001,2025-04-17 06:00:00,2026-08-07 20:10:16,order_items.csv,2026-08-07,Negative unit_price
ITEM000189544,ORD00011065,SKU03034,Reduced exuding moratorium,Electronics,,3435.95,,2025-04-17 06:00:00,2026-08-07 20:10:16,order_items.csv,2026-08-07,Missing quantity
ITEM000189601,ORD00044799,SKU01631,Function-based systemic interface,Beauty,1.0,-4041.35,-4041.35,2025-04-17 06:00:00,2026-08-07 20:10:16,order_items.csv,2026-08-07,Negative unit_price
ITEM000189611,ORD00004210,SKU01221,Pre-emptive leadingedge flexibility,Beauty,,8664.2,,2025-04-17 06:00:00,2026-08-07 20:10:16,order_items.csv,2026-08-07,Missing quantity
ITEM000189678,ORD00029091,SKU00771,Reactive dedicated alliance,Clothing,,573.07,,2025-04-17 06:00:00,2026-08-07 20:10:16,order_items.csv,2026-08-07,Missing quantity
ITEM000189701,ORD00038635,SKU01979,Team-oriented executive application,Electronics,7.0,-13419.48,-93936.36,2025-04-17 06:00:00,2026-08-07 20:10:16,order_items.csv,2026-08-07,Negative unit_price
ITEM000189745,ORD00006856,SKU02831,Fundamental actuating extranet,Home & Kitchen,,13599.91,,2025-04-17 06:00:00,2026-08-07 20:10:16,order_items.csv,2026-08-07,Missing quantity
ITEM000189801,ORD00004298,SKU02031,Adaptive systematic capacity,Grocery,4.0,-8642.98,-34571.92,2025-04-17 06:00:00,2026-08-07 20:10:16,order_items.csv,2026-08-07,Negative unit_price
ITEM000189812,ORD00011185,SKU00651,Progressive reciprocal challenge,Electronics,,8815.91,,2025-04-17 06:00:00,2026-08-07 20:10:16,order_items.csv,2026-08-07,Missing quantity
ITEM000189879,ORD00030918,SKU04161,Self-enabling non-volatile matrix,Beauty,,10162.95,,2025-04-17 06:00:00,2026-08-07 20:10:16,order_items.csv,2026-08-07,Missing quantity
ITEM000189901,ORD00029986,SKU03244,Synergized static middleware,Toys,6.0,-2276.55,-13659.300000000001,2025-04-17 06:00:00,2026-08-07 20:10:16,order_items.csv,2026-08-07,Negative unit_price
ITEM000189946,ORD00009274,SKU03727,Re-contextualized client-driven orchestration,Toys,,744.62,,2025-04-17 06:00:00,2026-08-07 20:10:16,order_items.csv,2026-08-07,Missing quantity
ITEM000190001,ORD00045607,SKU03458,Exclusive national system engine,Beauty,10.0,-7135.14,-71351.40000000001,2025-04-17 06:00:00,2026-08-07 20:10:16,order_items.csv,2026-08-07,Negative unit_price
ITEM000190013,ORD00047710,SKU04454,Reverse-engineered solution-oriented pricing struc,Books,,14223.14,,2025-04-17 06:00:00,2026-08-07 20:10:16,order_items.csv,2026-08-07,Missing quantity
ITEM000190080,ORD00043232,SKU01582,Progressive motivating firmware,Toys,,3162.13,,2025-04-17 06:00:00,2026-08-07 20:10:16,order_items.csv,2026-08-07,Missing quantity
ITEM000190101,ORD00003361,SKU02047,Configurable incremental ability,Books,4.0,-7313.32,-29253.28,2025-04-17 06:00:00,2026-08-07 20:10:16,order_items.csv,2026-08-07,Negative unit_price
ITEM000190147,ORD00039113,SKU01011,Up-sized real-time task-force,Home & Kitchen,,7557.07,,2025-04-17 06:00:00,2026-08-07 20:10:16,order_items.csv,2026-08-07,Missing quantity
ITEM000190201,ORD00002417,SKU01000,Implemented mobile data-warehouse,Beauty,9.0,-6917.64,-62258.76,2025-04-17 06:00:00,2026-08-07 20:10:16,order_items.csv,2026-08-07,Negative unit_price
ITEM000190214,ORD00012110,SKU03206,Persistent web-enabled hub,Clothing,,11905.03,,2025-04-17 06:00:00,2026-08-07 20:10:16,order_items.csv,2026-08-07,Missing quantity
ITEM000190281,ORD00044766,SKU02924,Public-key zero-defect extranet,Beauty,,6901.45,,2025-04-17 06:00:00,2026-08-07 20:10:16,order_items.csv,2026-08-07,Missing quantity
ITEM000190301,ORD00030111,SKU01681,Stand-alone 3rdgeneration capacity,Beauty,3.0,-12103.1,-36309.3,2025-04-17 06:00:00,2026-08-07 20:10:16,order_items.csv,2026-08-07,Negative unit_price
ITEM000190348,ORD00047263,SKU02397,Re-engineered optimal matrix,Clothing,,4763.78,,2025-04-17 06:00:00,2026-08-07 20:10:16,order_items.csv,2026-08-07,Missing quantity
ITEM000190401,ORD00030832,SKU01774,Profound background workforce,Grocery,6.0,-1282.6,-7695.599999999999,2025-04-17 06:00:00,2026-08-07 20:10:16,order_items.csv,2026-08-07,Negative unit_price
ITEM000190415,ORD00018590,SKU03752,Quality-focused systematic extranet,Electronics,,6841.84,,2025-04-17 06:00:00,2026-08-07 20:10:16,order_items.csv,2026-08-07,Missing quantity
ITEM000190482,ORD00038276,SKU00782,Realigned encompassing system engine,Beauty,,1439.09,,2025-04-17 06:00:00,2026-08-07 20:10:16,order_items.csv,2026-08-07,Missing quantity
ITEM000190501,ORD00008070,SKU04608,Triple-buffered zero administration ability,Beauty,1.0,-1645.78,-1645.78,2025-04-17 06:00:00,2026-08-07 20:10:16,order_items.csv,2026-08-07,Negative unit_price
ITEM000190549,ORD00024113,SKU04898,Centralized dedicated Graphical User Interface,Sports,,11221.28,,2025-04-17 06:00:00,2026-08-07 20:10:16,order_items.csv,2026-08-07,Missing quantity
ITEM000190601,ORD00036526,SKU03403,Intuitive tangible software,Toys,9.0,-140.16,-1261.44,2025-04-17 06:00:00,2026-08-07 20:10:16,order_items.csv,2026-08-07,Negative unit_price
ITEM000190616,ORD00008959,SKU01055,Function-based value-added superstructure,Grocery,,4459.6,,2025-04-17 06:00:00,2026-08-07 20:10:16,order_items.csv,2026-08-07,Missing quantity
ITEM000190683,ORD00013124,SKU02610,Organic fresh-thinking core,Electronics,,11552.88,,2025-04-17 06:00:00,2026-08-07 20:10:16,order_items.csv,2026-08-07,Missing quantity
ITEM000190701,ORD00046875,SKU02932,Quality-focused zero tolerance groupware,Home & Kitchen,9.0,-11043.95,-99395.55,2025-04-17 06:00:00,2026-08-07 20:10:16,order_items.csv,2026-08-07,Negative unit_price
ITEM000190750,ORD00002709,SKU03377,Virtual well-modulated hub,Toys,,2167.11,,2025-04-17 06:00:00,2026-08-07 20:10:16,order_items.csv,2026-08-07,Missing quantity
ITEM000190801,ORD00036129,SKU01653,Digitized incremental initiative,Beauty,5.0,-1498.62,-7493.099999999999,2025-04-17 06:00:00,2026-08-07 20:10:16,order_items.csv,2026-08-07,Negative unit_price
ITEM000190817,ORD00045511,SKU00869,Total next generation Graphical User Interface,Electronics,,4841.0,,2025-04-17 06:00:00,2026-08-07 20:10:16,order_items.csv,2026-08-07,Missing quantity
ITEM000190884,ORD00015520,SKU00426,Virtual asymmetric structure,Home & Kitchen,,2410.82,,2025-04-17 06:00:00,2026-08-07 20:10:16,order_items.csv,2026-08-07,Missing quantity
ITEM000190901,ORD00005303,SKU02891,Networked directional system engine,Clothing,9.0,-5106.06,-45954.54,2025-04-17 06:00:00,2026-08-07 20:10:16,order_items.csv,2026-08-07,Negative unit_price
ITEM000190951,ORD00009775,SKU00334,Mandatory multi-tasking success,Sports,,13458.73,,2025-04-17 06:00:00,2026-08-07 20:10:16,order_items.csv,2026-08-07,Missing quantity
ITEM000191001,ORD00006956,SKU00162,Vision-oriented asymmetric artificial intelligence,Grocery,3.0,-14092.17,-42276.51,2025-04-17 06:00:00,2026-08-07 20:10:16,order_items.csv,2026-08-07,Negative unit_price
ITEM000191018,ORD00026511,SKU04893,Multi-lateral 5thgeneration service-desk,Books,,10496.72,,2025-04-17 06:00:00,2026-08-07 20:10:16,order_items.csv,2026-08-07,Missing quantity
ITEM000191085,ORD00012566,SKU02268,Balanced bandwidth-monitored infrastructure,Sports,,8585.9,,2025-04-17 06:00:00,2026-08-07 20:10:16,order_items.csv,2026-08-07,Missing quantity
ITEM000191101,ORD00024226,SKU01818,Intuitive stable installation,Books,6.0,-5930.35,-35582.100000000006,2025-04-17 06:00:00,2026-08-07 20:10:16,order_items.csv,2026-08-07,Negative unit_price
ITEM000191152,ORD00030724,SKU00245,Robust non-volatile productivity,Grocery,,4669.86,,2025-04-17 06:00:00,2026-08-07 20:10:16,order_items.csv,2026-08-07,Missing quantity
ITEM000191201,ORD00010635,SKU04270,Reduced bifurcated intranet,Sports,5.0,-4124.33,-20621.65,2025-04-17 06:00:00,2026-08-07 20:10:16,order_items.csv,2026-08-07,Negative unit_price
ITEM000191219,ORD00015347,SKU02701,Adaptive eco-centric capability,Books,,1125.84,,2025-04-17 06:00:00,2026-08-07 20:10:16,order_items.csv,2026-08-07,Missing quantity
ITEM000191286,ORD00041419,SKU03570,Optional real-time help-desk,Toys,,12226.36,,2025-04-17 06:00:00,2026-08-07 20:10:16,order_items.csv,2026-08-07,Missing quantity
ITEM000191301,ORD00044358,SKU03233,Profit-focused bi-directional help-desk,Books,8.0,-4118.06,-32944.48,2025-04-17 06:00:00,2026-08-07 20:10:16,order_items.csv,2026-08-07,Negative unit_price
ITEM000191353,ORD00013036,SKU04127,Fundamental exuding leverage,Beauty,,799.51,,2025-04-17 06:00:00,2026-08-07 20:10:16,order_items.csv,2026-08-07,Missing quantity
ITEM000191401,ORD00017614,SKU04122,Exclusive static system engine,Clothing,6.0,-503.85,-3023.1000000000004,2025-04-17 06:00:00,2026-08-07 20:10:16,order_items.csv,2026-08-07,Negative unit_price
ITEM000191420,ORD00048122,SKU00111,Fundamental coherent utilization,Electronics,,7924.97,,2025-04-17 06:00:00,2026-08-07 20:10:16,order_items.csv,2026-08-07,Missing quantity
ITEM000191487,ORD00030367,SKU02930,Realigned zero administration function,Home & Kitchen,,7148.3,,2025-04-17 06:00:00,2026-08-07 20:10:16,order_items.csv,2026-08-07,Missing quantity
ITEM000191501,ORD00022566,SKU01558,Innovative bandwidth-monitored contingency,Beauty,6.0,-2718.25,-16309.5,2025-04-17 06:00:00,2026-08-07 20:10:16,order_items.csv,2026-08-07,Negative unit_price
ITEM000191554,ORD00048545,SKU02355,Polarized cohesive synergy,Beauty,,5557.73,,2025-04-17 06:00:00,2026-08-07 20:10:16,order_items.csv,2026-08-07,Missing quantity
ITEM000191601,ORD00043913,SKU01433,Pre-emptive logistical workforce,Beauty,4.0,-1522.97,-6091.88,2025-04-17 06:00:00,2026-08-07 20:10:16,order_items.csv,2026-08-07,Negative unit_price
ITEM000191621,ORD00004492,SKU03771,Profit-focused zero tolerance interface,Clothing,,8458.24,,2025-04-17 06:00:00,2026-08-07 20:10:16,order_items.csv,2026-08-07,Missing quantity
ITEM000191688,ORD00047292,SKU00764,Extended needs-based moderator,Clothing,,14657.71,,2025-04-17 06:00:00,2026-08-07 20:10:16,order_items.csv,2026-08-07,Missing quantity
ITEM000191701,ORD00006179,SKU02514,Ameliorated systematic ability,Home & Kitchen,5.0,-13259.48,-66297.4,2025-04-17 06:00:00,2026-08-07 20:10:16,order_items.csv,2026-08-07,Negative unit_price
ITEM000191755,ORD00002014,SKU02328,Open-architected intermediate success,Books,,11350.19,,2025-04-17 06:00:00,2026-08-07 20:10:16,order_items.csv,2026-08-07,Missing quantity
ITEM000191801,ORD00002308,SKU00361,Cross-group leadingedge project,Home & Kitchen,4.0,-7612.43,-30449.72,2025-04-17 06:00:00,2026-08-07 20:10:16,order_items.csv,2026-08-07,Negative unit_price
ITEM000191822,ORD00044130,SKU00808,Advanced zero tolerance workforce,Electronics,,12139.65,,2025-04-17 06:00:00,2026-08-07 20:10:16,order_items.csv,2026-08-07,Missing quantity
ITEM000191889,ORD00044064,SKU01609,Inverse explicit database,Beauty,,14402.64,,2025-04-17 06:00:00,2026-08-07 20:10:16,order_items.csv,2026-08-07,Missing quantity
ITEM000191901,ORD00013367,SKU03586,Secured cohesive hardware,Books,10.0,-1387.64,-13876.400000000001,2025-04-17 06:00:00,2026-08-07 20:10:16,order_items.csv,2026-08-07,Negative unit_price
ITEM000191956,ORD00036395,SKU01904,Programmable user-facing structure,Clothing,,8225.35,,2025-04-17 06:00:00,2026-08-07 20:10:16,order_items.csv,2026-08-07,Missing quantity
ITEM000192001,ORD00031734,SKU04680,Sharable contextually-based attitude,Grocery,4.0,-12654.16,-50616.64,2025-04-17 06:00:00,2026-08-07 20:10:16,order_items.csv,2026-08-07,Negative unit_price
ITEM000192023,ORD00020361,SKU02048,Adaptive context-sensitive capability,Home & Kitchen,,4987.36,,2025-04-17 06:00:00,2026-08-07 20:10:16,order_items.csv,2026-08-07,Missing quantity
ITEM000192090,ORD00045637,SKU02306,Polarized intangible challenge,Books,,12450.85,,2025-04-17 06:00:00,2026-08-07 20:10:16,order_items.csv,2026-08-07,Missing quantity
ITEM000192101,ORD00038275,SKU04882,Total methodical database,Toys,4.0,-11694.07,-46776.28,2025-04-17 06:00:00,2026-08-07 20:10:16,order_items.csv,2026-08-07,Negative unit_price
ITEM000192157,ORD00006390,SKU02100,Ergonomic hybrid support,Beauty,,11479.25,,2025-04-17 06:00:00,2026-08-07 20:10:16,order_items.csv,2026-08-07,Missing quantity
ITEM000192201,ORD00018035,SKU03040,Function-based exuding projection,Home & Kitchen,8.0,-4927.09,-39416.72,2025-04-17 06:00:00,2026-08-07 20:10:16,order_items.csv,2026-08-07,Negative unit_price
ITEM000192224,ORD00025413,SKU03468,Object-based 24hour service-desk,Clothing,,9835.25,,2025-04-17 06:00:00,2026-08-07 20:10:16,order_items.csv,2026-08-07,Missing quantity
ITEM000192291,ORD00030229,SKU03053,Configurable local middleware,Clothing,,14966.92,,2025-04-17 06:00:00,2026-08-07 20:10:16,order_items.csv,2026-08-07,Missing quantity
ITEM000192301,ORD00030807,SKU01139,Open-architected didactic framework,Beauty,9.0,-12727.18,-114544.62,2025-04-17 06:00:00,2026-08-07 20:10:16,order_items.csv,2026-08-07,Negative unit_price
ITEM000192358,ORD00032939,SKU02290,Digitized user-facing time-frame,Beauty,,5384.63,,2025-04-17 06:00:00,2026-08-07 20:10:16,order_items.csv,2026-08-07,Missing quantity
ITEM000192401,ORD00015545,SKU00931,Face-to-face grid-enabled secured line,Beauty,7.0,-9016.69,-63116.83,2025-04-17 06:00:00,2026-08-07 20:10:16,order_items.csv,2026-08-07,Negative unit_price
ITEM000192425,ORD00038850,SKU03950,Profit-focused motivating concept,Clothing,,9725.0,,2025-04-17 06:00:00,2026-08-07 20:10:16,order_items.csv,2026-08-07,Missing quantity
ITEM000192492,ORD00046794,SKU03687,Extended radical paradigm,Grocery,,13301.27,,2025-04-17 06:00:00,2026-08-07 20:10:16,order_items.csv,2026-08-07,Missing quantity
ITEM000192501,ORD00030383,SKU03344,Streamlined discrete budgetary management,Sports,10.0,-10491.51,-104915.1,2025-04-17 06:00:00,2026-08-07 20:10:16,order_items.csv,2026-08-07,Negative unit_price
ITEM000192559,ORD00020162,SKU04544,De-engineered even-keeled productivity,Sports,,8812.63,,2025-04-17 06:00:00,2026-08-07 20:10:16,order_items.csv,2026-08-07,Missing quantity
ITEM000192601,ORD00041415,SKU03513,Public-key bi-directional moderator,Electronics,10.0,-7883.94,-78839.4,2025-04-17 06:00:00,2026-08-07 20:10:16,order_items.csv,2026-08-07,Negative unit_price
ITEM000192626,ORD00015711,SKU01762,Profit-focused bi-directional system engine,Clothing,,5542.78,,2025-04-17 06:00:00,2026-08-07 20:10:16,order_items.csv,2026-08-07,Missing quantity
ITEM000192693,ORD00041662,SKU01549,Vision-oriented mission-critical secured line,Sports,,14014.59,,2025-04-17 06:00:00,2026-08-07 20:10:16,order_items.csv,2026-08-07,Missing quantity
ITEM000192701,ORD00016018,SKU02460,Automated multimedia success,Toys,2.0,-14496.67,-28993.34,2025-04-17 06:00:00,2026-08-07 20:10:16,order_items.csv,2026-08-07,Negative unit_price
ITEM000192760,ORD00039412,SKU00244,Phased even-keeled complexity,Beauty,,6049.3,,2025-04-17 06:00:00,2026-08-07 20:10:16,order_items.csv,2026-08-07,Missing quantity
ITEM000192801,ORD00043076,SKU03656,Persevering intangible firmware,Grocery,7.0,-14392.9,-100750.3,2025-04-17 06:00:00,2026-08-07 20:10:16,order_items.csv,2026-08-07,Negative unit_price
ITEM000192827,ORD00039417,SKU00167,Innovative clear-thinking methodology,Sports,,6794.77,,2025-04-17 06:00:00,2026-08-07 20:10:16,order_items.csv,2026-08-07,Missing quantity
ITEM000192894,ORD00039381,SKU00763,Robust responsive extranet,Sports,,1293.93,,2025-04-17 06:00:00,2026-08-07 20:10:16,order_items.csv,2026-08-07,Missing quantity
ITEM000192901,ORD00035620,SKU01885,Exclusive mobile budgetary management,Home & Kitchen,7.0,-1871.8,-13102.6,2025-04-17 06:00:00,2026-08-07 20:10:16,order_items.csv,2026-08-07,Negative unit_price
ITEM000192961,ORD00029193,SKU00036,Decentralized high-level orchestration,Electronics,,12544.83,,2025-04-17 06:00:00,2026-08-07 20:10:16,order_items.csv,2026-08-07,Missing quantity
ITEM000193001,ORD00034761,SKU01663,Operative client-driven complexity,Toys,8.0,-11773.43,-94187.44,2025-04-17 06:00:00,2026-08-07 20:10:16,order_items.csv,2026-08-07,Negative unit_price
ITEM000193028,ORD00021857,SKU01766,Devolved content-based archive,Clothing,,12326.25,,2025-04-17 06:00:00,2026-08-07 20:10:16,order_items.csv,2026-08-07,Missing quantity
ITEM000193095,ORD00012559,SKU00610,Profound static matrix,Home & Kitchen,,11710.98,,2025-04-17 06:00:00,2026-08-07 20:10:16,order_items.csv,2026-08-07,Missing quantity
ITEM000193101,ORD00047335,SKU04369,Synergistic contextually-based hierarchy,Sports,6.0,-1660.9,-9965.400000000001,2025-04-17 06:00:00,2026-08-07 20:10:16,order_items.csv,2026-08-07,Negative unit_price
ITEM000193162,ORD00034557,SKU02229,Business-focused grid-enabled definition,Beauty,,11050.41,,2025-04-17 06:00:00,2026-08-07 20:10:16,order_items.csv,2026-08-07,Missing quantity
ITEM000193201,ORD00039285,SKU02119,Triple-buffered tangible forecast,Beauty,7.0,-6259.13,-43813.91,2025-04-17 06:00:00,2026-08-07 20:10:16,order_items.csv,2026-08-07,Negative unit_price
ITEM000193229,ORD00028199,SKU02979,Up-sized 24/7 model,Grocery,,910.18,,2025-04-17 06:00:00,2026-08-07 20:10:16,order_items.csv,2026-08-07,Missing quantity
ITEM000193296,ORD00024091,SKU02031,Adaptive systematic capacity,Grocery,,8642.98,,2025-04-17 06:00:00,2026-08-07 20:10:16,order_items.csv,2026-08-07,Missing quantity
ITEM000193301,ORD00037517,SKU02748,Innovative modular framework,Electronics,5.0,-12630.5,-63152.5,2025-04-17 06:00:00,2026-08-07 20:10:16,order_items.csv,2026-08-07,Negative unit_price
ITEM000193363,ORD00029591,SKU01572,Up-sized intangible function,Sports,,10621.28,,2025-04-17 06:00:00,2026-08-07 20:10:16,order_items.csv,2026-08-07,Missing quantity
ITEM000193401,ORD00005725,SKU03891,Streamlined methodical focus group,Sports,4.0,-6511.04,-26044.16,2025-04-17 06:00:00,2026-08-07 20:10:16,order_items.csv,2026-08-07,Negative unit_price
ITEM000193430,ORD00020367,SKU02522,Function-based dedicated definition,Sports,,3872.22,,2025-04-17 06:00:00,2026-08-07 20:10:16,order_items.csv,2026-08-07,Missing quantity
ITEM000193497,ORD00027627,SKU02907,Persevering even-keeled customer loyalty,Grocery,,6300.03,,2025-04-17 06:00:00,2026-08-07 20:10:16,order_items.csv,2026-08-07,Missing quantity
ITEM000193501,ORD00049837,SKU03453,Face-to-face executive concept,Sports,10.0,-6808.36,-68083.59999999999,2025-04-17 06:00:00,2026-08-07 20:10:16,order_items.csv,2026-08-07,Negative unit_price
ITEM000193564,ORD00047996,SKU02432,Innovative logistical access,Books,,3400.17,,2025-04-17 06:00:00,2026-08-07 20:10:16,order_items.csv,2026-08-07,Missing quantity
ITEM000193601,ORD00020840,SKU00367,Advanced asymmetric installation,Home & Kitchen,1.0,-5509.19,-5509.19,2025-04-17 06:00:00,2026-08-07 20:10:16,order_items.csv,2026-08-07,Negative unit_price
ITEM000193631,ORD00048411,SKU01347,Robust hybrid artificial intelligence,Beauty,,13858.3,,2025-04-17 06:00:00,2026-08-07 20:10:16,order_items.csv,2026-08-07,Missing quantity
ITEM000193698,ORD00038308,SKU03741,Cross-group mission-critical benchmark,Electronics,,11910.31,,2025-04-17 06:00:00,2026-08-07 20:10:16,order_items.csv,2026-08-07,Missing quantity
ITEM000193701,ORD00019109,SKU03713,Reverse-engineered multimedia matrices,Electronics,3.0,-8369.49,-25108.47,2025-04-17 06:00:00,2026-08-07 20:10:16,order_items.csv,2026-08-07,Negative unit_price
ITEM000193765,ORD00003866,SKU04397,Optimized client-driven structure,Toys,,7318.57,,2025-04-17 06:00:00,2026-08-07 20:10:16,order_items.csv,2026-08-07,Missing quantity
ITEM000193801,ORD00012834,SKU04104,Re-engineered multimedia open architecture,Sports,3.0,-1972.22,-5916.66,2025-04-17 06:00:00,2026-08-07 20:10:16,order_items.csv,2026-08-07,Negative unit_price
ITEM000193832,ORD00018413,SKU00980,Digitized asynchronous matrices,Sports,,1393.44,,2025-04-17 06:00:00,2026-08-07 20:10:16,order_items.csv,2026-08-07,Missing quantity
ITEM000193899,ORD00005124,SKU02904,Triple-buffered intermediate help-desk,Sports,,13460.76,,2025-04-17 06:00:00,2026-08-07 20:10:16,order_items.csv,2026-08-07,Missing quantity
ITEM000193901,ORD00036647,SKU02188,Horizontal demand-driven moratorium,Clothing,9.0,-2092.15,-18829.350000000002,2025-04-17 06:00:00,2026-08-07 20:10:16,order_items.csv,2026-08-07,Negative unit_price
ITEM000193966,ORD00008889,SKU02516,Virtual incremental info-mediaries,Clothing,,11204.46,,2025-04-17 06:00:00,2026-08-07 20:10:16,order_items.csv,2026-08-07,Missing quantity
ITEM000194001,ORD00005766,SKU03427,Reduced clear-thinking migration,Books,2.0,-8452.09,-16904.18,2025-04-17 06:00:00,2026-08-07 20:10:16,order_items.csv,2026-08-07,Negative unit_price
ITEM000194033,ORD00049083,SKU01625,Multi-channeled grid-enabled access,Sports,,12417.22,,2025-04-17 06:00:00,2026-08-07 20:10:16,order_items.csv,2026-08-07,Missing quantity
ITEM000194100,ORD00004536,SKU03805,Assimilated clear-thinking website,Grocery,,653.56,,2025-04-17 06:00:00,2026-08-07 20:10:16,order_items.csv,2026-08-07,Missing quantity
ITEM000194101,ORD00037798,SKU01722,Decentralized 6thgeneration monitoring,Beauty,3.0,-822.49,-2467.4700000000003,2025-04-17 06:00:00,2026-08-07 20:10:16,order_items.csv,2026-08-07,Negative unit_price
ITEM000194167,ORD00003444,SKU00359,Cloned impactful model,Beauty,,9832.77,,2025-04-17 06:00:00,2026-08-07 20:10:16,order_items.csv,2026-08-07,Missing quantity
ITEM000194201,ORD00004431,SKU02476,Team-oriented analyzing synergy,Beauty,1.0,-9967.63,-9967.63,2025-04-17 06:00:00,2026-08-07 20:10:16,order_items.csv,2026-08-07,Negative unit_price
ITEM000194234,ORD00006598,SKU02728,Total mission-critical workforce,Clothing,,7612.61,,2025-04-17 06:00:00,2026-08-07 20:10:16,order_items.csv,2026-08-07,Missing quantity
ITEM000194301,ORD00025753,SKU03411,Grass-roots 24hour monitoring,Toys,,-9295.63,,2025-04-17 06:00:00,2026-08-07 20:10:16,order_items.csv,2026-08-07,Missing quantity
ITEM000194368,ORD00027968,SKU00488,Reverse-engineered incremental flexibility,Home & Kitchen,,5274.88,,2025-04-17 06:00:00,2026-08-07 20:10:16,order_items.csv,2026-08-07,Missing quantity
ITEM000194401,ORD00008405,SKU00733,Face-to-face secondary groupware,Sports,3.0,-9193.44,-27580.32,2025-04-17 06:00:00,2026-08-07 20:10:16,order_items.csv,2026-08-07,Negative unit_price
ITEM000194435,ORD00027817,SKU04998,Compatible client-server standardization,Grocery,,4000.82,,2025-04-17 06:00:00,2026-08-07 20:10:16,order_items.csv,2026-08-07,Missing quantity
ITEM000194501,ORD00049953,SKU03871,Profound mission-critical contingency,Toys,5.0,-10205.92,-51029.6,2025-04-17 06:00:00,2026-08-07 20:10:16,order_items.csv,2026-08-07,Negative unit_price
ITEM000194502,ORD00005217,SKU02265,Switchable national help-desk,Grocery,,2407.58,,2025-04-17 06:00:00,2026-08-07 20:10:16,order_items.csv,2026-08-07,Missing quantity
ITEM000194569,ORD00010107,SKU00815,Open-architected logistical framework,Beauty,,9969.15,,2025-04-17 06:00:00,2026-08-07 20:10:16,order_items.csv,2026-08-07,Missing quantity
ITEM000194601,ORD00039498,SKU04891,Customer-focused didactic algorithm,Clothing,2.0,-9897.38,-19794.76,2025-04-17 06:00:00,2026-08-07 20:10:16,order_items.csv,2026-08-07,Negative unit_price
ITEM000194636,ORD00031317,SKU01333,Reactive clear-thinking interface,Home & Kitchen,,3291.54,,2025-04-17 06:00:00,2026-08-07 20:10:16,order_items.csv,2026-08-07,Missing quantity
ITEM000194701,ORD00045456,SKU00162,Vision-oriented asymmetric artificial intelligence,Grocery,7.0,-14092.17,-98645.19,2025-04-17 06:00:00,2026-08-07 20:10:16,order_items.csv,2026-08-07,Negative unit_price
ITEM000194703,ORD00002062,SKU02800,Open-source non-volatile capability,Electronics,,11079.39,,2025-04-17 06:00:00,2026-08-07 20:10:16,order_items.csv,2026-08-07,Missing quantity
ITEM000194770,ORD00013433,SKU03065,Polarized empowering matrices,Clothing,,1951.27,,2025-04-17 06:00:00,2026-08-07 20:10:16,order_items.csv,2026-08-07,Missing quantity
ITEM000194801,ORD00046047,SKU04517,Business-focused modular software,Grocery,1.0,-12434.57,-12434.57,2025-04-17 06:00:00,2026-08-07 20:10:16,order_items.csv,2026-08-07,Negative unit_price
ITEM000194837,ORD00044983,SKU02870,Decentralized actuating hierarchy,Clothing,,8547.13,,2025-04-17 06:00:00,2026-08-07 20:10:16,order_items.csv,2026-08-07,Missing quantity
ITEM000194901,ORD00029916,SKU03638,Implemented asymmetric algorithm,Sports,9.0,-7226.16,-65035.44,2025-04-17 06:00:00,2026-08-07 20:10:16,order_items.csv,2026-08-07,Negative unit_price
ITEM000194904,ORD00043299,SKU04860,Diverse bottom-line installation,Electronics,,8122.14,,2025-04-17 06:00:00,2026-08-07 20:10:16,order_items.csv,2026-08-07,Missing quantity
ITEM000194971,ORD00045659,SKU00019,Ameliorated zero tolerance capacity,Books,,12170.84,,2025-04-17 06:00:00,2026-08-07 20:10:16,order_items.csv,2026-08-07,Missing quantity
ITEM000195001,ORD00016858,SKU00940,Profound mobile time-frame,Toys,1.0,-6345.32,-6345.32,2025-04-17 06:00:00,2026-08-07 20:10:16,order_items.csv,2026-08-07,Negative unit_price
ITEM000195038,ORD00028507,SKU04520,Customer-focused full-range function,Sports,,11833.28,,2025-04-17 06:00:00,2026-08-07 20:10:16,order_items.csv,2026-08-07,Missing quantity
ITEM000195101,ORD00002897,SKU04036,Up-sized mobile protocol,Beauty,3.0,-3795.62,-11386.86,2025-04-17 06:00:00,2026-08-07 20:10:16,order_items.csv,2026-08-07,Negative unit_price
ITEM000195105,ORD00017914,SKU04616,Enterprise-wide holistic ability,Clothing,,12993.41,,2025-04-17 06:00:00,2026-08-07 20:10:16,order_items.csv,2026-08-07,Missing quantity
ITEM000195172,ORD00037047,SKU04838,Optimized grid-enabled protocol,Books,,13384.91,,2025-04-17 06:00:00,2026-08-07 20:10:16,order_items.csv,2026-08-07,Missing quantity
ITEM000195201,ORD00019652,SKU00098,Operative 24/7 alliance,Sports,8.0,-5183.91,-41471.28,2025-04-17 06:00:00,2026-08-07 20:10:16,order_items.csv,2026-08-07,Negative unit_price
ITEM000195239,ORD00048837,SKU01194,Streamlined stable data-warehouse,Home & Kitchen,,1778.27,,2025-04-17 06:00:00,2026-08-07 20:10:16,order_items.csv,2026-08-07,Missing quantity
ITEM000195301,ORD00014605,SKU01638,Cross-group dedicated archive,Toys,8.0,-6162.38,-49299.04,2025-04-17 06:00:00,2026-08-07 20:10:16,order_items.csv,2026-08-07,Negative unit_price
ITEM000195306,ORD00011781,SKU03375,Front-line client-driven contingency,Sports,,3049.16,,2025-04-17 06:00:00,2026-08-07 20:10:16,order_items.csv,2026-08-07,Missing quantity
ITEM000195373,ORD00009893,SKU03636,Innovative tangible archive,Electronics,,3818.64,,2025-04-17 06:00:00,2026-08-07 20:10:16,order_items.csv,2026-08-07,Missing quantity
ITEM000195401,ORD00026629,SKU03515,Object-based regional superstructure,Books,6.0,-10192.34,-61154.04,2025-04-17 06:00:00,2026-08-07 20:10:16,order_items.csv,2026-08-07,Negative unit_price
ITEM000195440,ORD00048040,SKU02393,Digitized non-volatile emulation,Grocery,,8274.74,,2025-04-17 06:00:00,2026-08-07 20:10:16,order_items.csv,2026-08-07,Missing quantity
ITEM000195501,ORD00007559,SKU01532,Multi-channeled system-worthy utilization,Home & Kitchen,8.0,-11078.98,-88631.84,2025-04-17 06:00:00,2026-08-07 20:10:16,order_items.csv,2026-08-07,Negative unit_price
ITEM000195507,ORD00039584,SKU00099,Robust 3rdgeneration open system,Toys,,5513.58,,2025-04-17 06:00:00,2026-08-07 20:10:16,order_items.csv,2026-08-07,Missing quantity
ITEM000195574,ORD00023468,SKU01870,Streamlined value-added service-desk,Sports,,12309.68,,2025-04-17 06:00:00,2026-08-07 20:10:16,order_items.csv,2026-08-07,Missing quantity
ITEM000195601,ORD00016010,SKU03518,Business-focused static portal,Grocery,3.0,-5498.4,-16495.199999999997,2025-04-17 06:00:00,2026-08-07 20:10:16,order_items.csv,2026-08-07,Negative unit_price
ITEM000195641,ORD00041033,SKU04913,Profit-focused next generation encoding,Home & Kitchen,,5215.19,,2025-04-17 06:00:00,2026-08-07 20:10:16,order_items.csv,2026-08-07,Missing quantity
ITEM000195701,ORD00035847,SKU04429,Optional fault-tolerant access,Books,2.0,-12358.98,-24717.96,2025-04-17 06:00:00,2026-08-07 20:10:16,order_items.csv,2026-08-07,Negative unit_price
ITEM000195708,ORD00023258,SKU01616,Team-oriented multi-tasking moderator,Clothing,,8018.81,,2025-04-17 06:00:00,2026-08-07 20:10:16,order_items.csv,2026-08-07,Missing quantity
ITEM000195775,ORD00044760,SKU04430,Implemented impactful time-frame,Toys,,5172.61,,2025-04-17 06:00:00,2026-08-07 20:10:16,order_items.csv,2026-08-07,Missing quantity
ITEM000195801,ORD00003839,SKU04478,Managed content-based encoding,Toys,5.0,-12697.27,-63486.350000000006,2025-04-17 06:00:00,2026-08-07 20:10:16,order_items.csv,2026-08-07,Negative unit_price
ITEM000195842,ORD00046050,SKU00812,Phased even-keeled parallelism,Sports,,14498.82,,2025-04-17 06:00:00,2026-08-07 20:10:16,order_items.csv,2026-08-07,Missing quantity
ITEM000195901,ORD00030940,SKU00230,Devolved asymmetric monitoring,Toys,7.0,-13768.91,-96382.37,2025-04-17 06:00:00,2026-08-07 20:10:16,order_items.csv,2026-08-07,Negative unit_price
ITEM000195909,ORD00023855,SKU00393,Public-key regional pricing structure,Clothing,,9333.36,,2025-04-17 06:00:00,2026-08-07 20:10:16,order_items.csv,2026-08-07,Missing quantity
ITEM000195976,ORD00026189,SKU00488,Reverse-engineered incremental flexibility,Home & Kitchen,,5274.88,,2025-04-17 06:00:00,2026-08-07 20:10:16,order_items.csv,2026-08-07,Missing quantity
ITEM000196001,ORD00012881,SKU00442,Down-sized zero administration process improvement,Books,2.0,-344.42,-688.84,2025-04-17 06:00:00,2026-08-07 20:10:16,order_items.csv,2026-08-07,Negative unit_price
ITEM000196043,ORD00026014,SKU02894,Stand-alone radical process improvement,Books,,11664.56,,2025-04-17 06:00:00,2026-08-07 20:10:16,order_items.csv,2026-08-07,Missing quantity
ITEM000196101,ORD00019715,SKU02294,Down-sized transitional Graphical User Interface,Beauty,9.0,-2123.44,-19110.96,2025-04-17 06:00:00,2026-08-07 20:10:16,order_items.csv,2026-08-07,Negative unit_price
ITEM000196110,ORD00033360,SKU02948,Reduced 4thgeneration groupware,Beauty,,13619.02,,2025-04-17 06:00:00,2026-08-07 20:10:16,order_items.csv,2026-08-07,Missing quantity
ITEM000196177,ORD00046161,SKU01929,Programmable zero-defect Local Area Network,Electronics,,13473.74,,2025-04-17 06:00:00,2026-08-07 20:10:16,order_items.csv,2026-08-07,Missing quantity
ITEM000196201,ORD00022462,SKU01188,Optimized methodical Graphical User Interface,Beauty,2.0,-3440.39,-6880.78,2025-04-17 06:00:00,2026-08-07 20:10:16,order_items.csv,2026-08-07,Negative unit_price
ITEM000196244,ORD00034305,SKU00446,Seamless dynamic portal,Books,,10732.96,,2025-04-17 06:00:00,2026-08-07 20:10:16,order_items.csv,2026-08-07,Missing quantity
ITEM000196301,ORD00025614,SKU03989,Compatible background strategy,Sports,7.0,-12009.78,-84068.46,2025-04-17 06:00:00,2026-08-07 20:10:16,order_items.csv,2026-08-07,Negative unit_price
ITEM000196311,ORD00046552,SKU03832,Organized systemic parallelism,Beauty,,12558.59,,2025-04-17 06:00:00,2026-08-07 20:10:16,order_items.csv,2026-08-07,Missing quantity
ITEM000196378,ORD00024979,SKU04334,User-friendly intermediate parallelism,Grocery,,3526.91,,2025-04-17 06:00:00,2026-08-07 20:10:16,order_items.csv,2026-08-07,Missing quantity
ITEM000196401,ORD00037896,SKU04287,Proactive global contingency,Books,6.0,-5493.44,-32960.64,2025-04-17 06:00:00,2026-08-07 20:10:16,order_items.csv,2026-08-07,Negative unit_price
ITEM000196445,ORD00019322,SKU02452,Up-sized asynchronous application,Books,,9214.68,,2025-04-17 06:00:00,2026-08-07 20:10:16,order_items.csv,2026-08-07,Missing quantity
ITEM000196501,ORD00035237,SKU00355,Inverse real-time application,Home & Kitchen,3.0,-3515.83,-10547.49,2025-04-17 06:00:00,2026-08-07 20:10:16,order_items.csv,2026-08-07,Negative unit_price
ITEM000196512,ORD00045038,SKU04439,Synergized bandwidth-monitored attitude,Home & Kitchen,,14425.66,,2025-04-17 06:00:00,2026-08-07 20:10:16,order_items.csv,2026-08-07,Missing quantity
ITEM000196579,ORD00039074,SKU00629,User-centric 3rdgeneration projection,Beauty,,2282.72,,2025-04-17 06:00:00,2026-08-07 20:10:16,order_items.csv,2026-08-07,Missing quantity
ITEM000196601,ORD00031430,SKU01752,Ameliorated interactive definition,Books,1.0,-13188.28,-13188.28,2025-04-17 06:00:00,2026-08-07 20:10:16,order_items.csv,2026-08-07,Negative unit_price
ITEM000196646,ORD00038503,SKU01655,Enterprise-wide radical project,Books,,4104.85,,2025-04-17 06:00:00,2026-08-07 20:10:16,order_items.csv,2026-08-07,Missing quantity
ITEM000196701,ORD00031202,SKU02962,Multi-layered upward-trending algorithm,Home & Kitchen,7.0,-4204.92,-29434.440000000002,2025-04-17 06:00:00,2026-08-07 20:10:16,order_items.csv,2026-08-07,Negative unit_price
ITEM000196713,ORD00011555,SKU01725,Reduced bandwidth-monitored migration,Grocery,,2303.61,,2025-04-17 06:00:00,2026-08-07 20:10:16,order_items.csv,2026-08-07,Missing quantity
ITEM000196780,ORD00041017,SKU01167,Reduced mobile contingency,Toys,,2301.53,,2025-04-17 06:00:00,2026-08-07 20:10:16,order_items.csv,2026-08-07,Missing quantity
ITEM000196801,ORD00040629,SKU00650,Reverse-engineered 6thgeneration attitude,Sports,5.0,-2183.38,-10916.900000000001,2025-04-17 06:00:00,2026-08-07 20:10:16,order_items.csv,2026-08-07,Negative unit_price
ITEM000196847,ORD00007456,SKU02094,Enterprise-wide grid-enabled encoding,Clothing,,11249.64,,2025-04-17 06:00:00,2026-08-07 20:10:16,order_items.csv,2026-08-07,Missing quantity
ITEM000196901,ORD00007339,SKU00895,Programmable neutral time-frame,Sports,9.0,-1373.68,-12363.12,2025-04-17 06:00:00,2026-08-07 20:10:16,order_items.csv,2026-08-07,Negative unit_price
ITEM000196914,ORD00029512,SKU04093,Open-source asymmetric open system,Clothing,,5997.14,,2025-04-17 06:00:00,2026-08-07 20:10:16,order_items.csv,2026-08-07,Missing quantity
ITEM000196981,ORD00031732,SKU00870,De-engineered next generation function,Electronics,,14202.35,,2025-04-17 06:00:00,2026-08-07 20:10:16,order_items.csv,2026-08-07,Missing quantity
ITEM000197001,ORD00040334,SKU03420,Profound directional matrix,Beauty,3.0,-9448.21,-28344.629999999997,2025-04-17 06:00:00,2026-08-07 20:10:16,order_items.csv,2026-08-07,Negative unit_price
ITEM000197048,ORD00017594,SKU04375,Optimized 3rdgeneration conglomeration,Books,,1646.34,,2025-04-17 06:00:00,2026-08-07 20:10:16,order_items.csv,2026-08-07,Missing quantity
ITEM000197101,ORD00047141,SKU03441,Grass-roots asymmetric customer loyalty,Grocery,2.0,-5987.78,-11975.56,2025-04-17 06:00:00,2026-08-07 20:10:16,order_items.csv,2026-08-07,Negative unit_price
ITEM000197115,ORD00035894,SKU00546,Re-contextualized incremental budgetary management,Books,,5972.66,,2025-04-17 06:00:00,2026-08-07 20:10:16,order_items.csv,2026-08-07,Missing quantity
ITEM000197182,ORD00012572,SKU03196,Multi-channeled coherent infrastructure,Books,,6641.89,,2025-04-17 06:00:00,2026-08-07 20:10:16,order_items.csv,2026-08-07,Missing quantity
ITEM000197201,ORD00039821,SKU02761,Customer-focused asymmetric parallelism,Sports,8.0,-2479.11,-19832.88,2025-04-17 06:00:00,2026-08-07 20:10:16,order_items.csv,2026-08-07,Negative unit_price
ITEM000197249,ORD00018763,SKU04491,Exclusive 24hour throughput,Beauty,,50.87,,2025-04-17 06:00:00,2026-08-07 20:10:16,order_items.csv,2026-08-07,Missing quantity
ITEM000197301,ORD00029880,SKU02680,Mandatory fault-tolerant instruction set,Electronics,4.0,-7682.78,-30731.12,2025-04-17 06:00:00,2026-08-07 20:10:16,order_items.csv,2026-08-07,Negative unit_price
ITEM000197316,ORD00016788,SKU04919,Open-architected scalable process improvement,Books,,13946.94,,2025-04-17 06:00:00,2026-08-07 20:10:16,order_items.csv,2026-08-07,Missing quantity
ITEM000197383,ORD00004212,SKU01205,User-centric even-keeled instruction set,Home & Kitchen,,1857.79,,2025-04-17 06:00:00,2026-08-07 20:10:16,order_items.csv,2026-08-07,Missing quantity
ITEM000197401,ORD00002351,SKU03256,Focused exuding moderator,Home & Kitchen,5.0,-6732.52,-33662.600000000006,2025-04-17 06:00:00,2026-08-07 20:10:16,order_items.csv,2026-08-07,Negative unit_price
ITEM000197450,ORD00027088,SKU02775,Future-proofed actuating capacity,Sports,,1173.05,,2025-04-17 06:00:00,2026-08-07 20:10:16,order_items.csv,2026-08-07,Missing quantity
ITEM000197501,ORD00005216,SKU00739,Profit-focused grid-enabled capability,Home & Kitchen,2.0,-13272.69,-26545.38,2025-04-17 06:00:00,2026-08-07 20:10:16,order_items.csv,2026-08-07,Negative unit_price
ITEM000197517,ORD00048348,SKU01780,Visionary holistic circuit,Clothing,,3797.85,,2025-04-17 06:00:00,2026-08-07 20:10:16,order_items.csv,2026-08-07,Missing quantity
ITEM000197584,ORD00032706,SKU01729,Automated systematic hardware,Beauty,,12169.83,,2025-04-17 06:00:00,2026-08-07 20:10:16,order_items.csv,2026-08-07,Missing quantity
ITEM000197601,ORD00012830,SKU01364,Intuitive content-based hub,Toys,1.0,-11605.23,-11605.23,2025-04-17 06:00:00,2026-08-07 20:10:16,order_items.csv,2026-08-07,Negative unit_price
ITEM000197651,ORD00011371,SKU00813,Distributed high-level core,Home & Kitchen,,10844.55,,2025-04-17 06:00:00,2026-08-07 20:10:16,order_items.csv,2026-08-07,Missing quantity
ITEM000197701,ORD00008557,SKU00994,Multi-channeled intermediate process improvement,Sports,1.0,-8415.54,-8415.54,2025-04-17 06:00:00,2026-08-07 20:10:16,order_items.csv,2026-08-07,Negative unit_price
ITEM000197718,ORD00006408,SKU04931,Adaptive analyzing project,Clothing,,9230.96,,2025-04-17 06:00:00,2026-08-07 20:10:16,order_items.csv,2026-08-07,Missing quantity
ITEM000197785,ORD00033316,SKU01555,Vision-oriented scalable synergy,Grocery,,9614.89,,2025-04-17 06:00:00,2026-08-07 20:10:16,order_items.csv,2026-08-07,Missing quantity
ITEM000197801,ORD00038727,SKU01362,Innovative disintermediate model,Grocery,3.0,-7805.46,-23416.38,2025-04-17 06:00:00,2026-08-07 20:10:16,order_items.csv,2026-08-07,Negative unit_price
ITEM000197852,ORD00022292,SKU02977,Seamless zero administration artificial intelligen,Electronics,,13239.78,,2025-04-17 06:00:00,2026-08-07 20:10:16,order_items.csv,2026-08-07,Missing quantity
ITEM000197901,ORD00014412,SKU04786,Decentralized coherent flexibility,Sports,4.0,-4653.42,-18613.68,2025-04-17 06:00:00,2026-08-07 20:10:16,order_items.csv,2026-08-07,Negative unit_price
ITEM000197919,ORD00047434,SKU01968,Object-based methodical Graphic Interface,Toys,,13536.68,,2025-04-17 06:00:00,2026-08-07 20:10:16,order_items.csv,2026-08-07,Missing quantity
ITEM000197986,ORD00026047,SKU01241,Programmable value-added strategy,Grocery,,1598.2,,2025-04-17 06:00:00,2026-08-07 20:10:16,order_items.csv,2026-08-07,Missing quantity
ITEM000198001,ORD00048000,SKU00949,Fundamental radical access,Toys,1.0,-1188.11,-1188.11,2025-04-17 06:00:00,2026-08-07 20:10:16,order_items.csv,2026-08-07,Negative unit_price
ITEM000198053,ORD00033872,SKU02044,Synergized encompassing attitude,Beauty,,6108.93,,2025-04-17 06:00:00,2026-08-07 20:10:16,order_items.csv,2026-08-07,Missing quantity
ITEM000198101,ORD00015706,SKU03194,Polarized didactic encoding,Beauty,10.0,-6822.41,-68224.1,2025-04-17 06:00:00,2026-08-07 20:10:16,order_items.csv,2026-08-07,Negative unit_price
ITEM000198120,ORD00021124,SKU04677,Pre-emptive leadingedge open system,Clothing,,12680.78,,2025-04-17 06:00:00,2026-08-07 20:10:16,order_items.csv,2026-08-07,Missing quantity
ITEM000198187,ORD00003984,SKU02316,Optimized scalable framework,Toys,,5686.7,,2025-04-17 06:00:00,2026-08-07 20:10:16,order_items.csv,2026-08-07,Missing quantity
ITEM000198201,ORD00048819,SKU04171,Virtual 6thgeneration access,Electronics,8.0,-11167.18,-89337.44,2025-04-17 06:00:00,2026-08-07 20:10:16,order_items.csv,2026-08-07,Negative unit_price
ITEM000198254,ORD00032122,SKU00793,Phased national focus group,Clothing,,1403.41,,2025-04-17 06:00:00,2026-08-07 20:10:16,order_items.csv,2026-08-07,Missing quantity
ITEM000198301,ORD00008637,SKU04031,Stand-alone didactic database,Beauty,8.0,-1087.41,-8699.28,2025-04-17 06:00:00,2026-08-07 20:10:16,order_items.csv,2026-08-07,Negative unit_price
ITEM000198321,ORD00016316,SKU03539,User-friendly modular knowledge user,Beauty,,12479.42,,2025-04-17 06:00:00,2026-08-07 20:10:16,order_items.csv,2026-08-07,Missing quantity
ITEM000198388,ORD00019404,SKU00688,Digitized didactic definition,Sports,,13049.75,,2025-04-17 06:00:00,2026-08-07 20:10:16,order_items.csv,2026-08-07,Missing quantity
ITEM000198401,ORD00007805,SKU03772,Phased 24/7 synergy,Home & Kitchen,9.0,-7724.18,-69517.62,2025-04-17 06:00:00,2026-08-07 20:10:16,order_items.csv,2026-08-07,Negative unit_price
ITEM000198455,ORD00030626,SKU02466,Ergonomic context-sensitive algorithm,Books,,2866.42,,2025-04-17 06:00:00,2026-08-07 20:10:16,order_items.csv,2026-08-07,Missing quantity
ITEM000198501,ORD00009329,SKU02635,Focused asynchronous budgetary management,Beauty,8.0,-723.33,-5786.64,2025-04-17 06:00:00,2026-08-07 20:10:16,order_items.csv,2026-08-07,Negative unit_price
ITEM000198522,ORD00020247,SKU00609,Right-sized fault-tolerant complexity,Beauty,,10552.08,,2025-04-17 06:00:00,2026-08-07 20:10:16,order_items.csv,2026-08-07,Missing quantity
ITEM000198589,ORD00019570,SKU01093,Down-sized directional Local Area Network,Electronics,,14775.94,,2025-04-17 06:00:00,2026-08-07 20:10:16,order_items.csv,2026-08-07,Missing quantity
ITEM000198601,ORD00026537,SKU01972,Phased logistical migration,Home & Kitchen,6.0,-9998.94,-59993.64,2025-04-17 06:00:00,2026-08-07 20:10:16,order_items.csv,2026-08-07,Negative unit_price
ITEM000198656,ORD00049093,SKU01911,Secured tangible Local Area Network,Electronics,,1863.51,,2025-04-17 06:00:00,2026-08-07 20:10:16,order_items.csv,2026-08-07,Missing quantity
ITEM000198701,ORD00036485,SKU00461,Customer-focused mission-critical contingency,Home & Kitchen,9.0,-12688.37,-114195.33,2025-04-17 06:00:00,2026-08-07 20:10:16,order_items.csv,2026-08-07,Negative unit_price
ITEM000198723,ORD00043581,SKU02620,Versatile local website,Grocery,,2470.15,,2025-04-17 06:00:00,2026-08-07 20:10:16,order_items.csv,2026-08-07,Missing quantity
ITEM000198790,ORD00040591,SKU02125,Stand-alone leadingedge implementation,Electronics,,5245.19,,2025-04-17 06:00:00,2026-08-07 20:10:16,order_items.csv,2026-08-07,Missing quantity
ITEM000198801,ORD00023237,SKU03457,Managed coherent matrices,Books,8.0,-8254.84,-66038.72,2025-04-17 06:00:00,2026-08-07 20:10:16,order_items.csv,2026-08-07,Negative unit_price
ITEM000198857,ORD00010915,SKU03260,Enterprise-wide national synergy,Grocery,,12875.54,,2025-04-17 06:00:00,2026-08-07 20:10:16,order_items.csv,2026-08-07,Missing quantity
ITEM000198901,ORD00007173,SKU00889,Synergized non-volatile forecast,Home & Kitchen,3.0,-10866.26,-32598.78,2025-04-17 06:00:00,2026-08-07 20:10:16,order_items.csv,2026-08-07,Negative unit_price
ITEM000198924,ORD00035384,SKU04530,Visionary optimizing product,Sports,,13218.12,,2025-04-17 06:00:00,2026-08-07 20:10:16,order_items.csv,2026-08-07,Missing quantity
ITEM000198991,ORD00020060,SKU00942,Optional 6thgeneration synergy,Grocery,,11512.52,,2025-04-17 06:00:00,2026-08-07 20:10:16,order_items.csv,2026-08-07,Missing quantity
ITEM000199001,ORD00024006,SKU03422,Organic clear-thinking access,Home & Kitchen,2.0,-14085.52,-28171.04,2025-04-17 06:00:00,2026-08-07 20:10:16,order_items.csv,2026-08-07,Negative unit_price
ITEM000199058,ORD00003527,SKU01277,Front-line 24/7 interface,Grocery,,3072.66,,2025-04-17 06:00:00,2026-08-07 20:10:16,order_items.csv,2026-08-07,Missing quantity
ITEM000199101,ORD00036720,SKU04326,Adaptive multimedia info-mediaries,Toys,8.0,-11134.33,-89074.64,2025-04-17 06:00:00,2026-08-07 20:10:16,order_items.csv,2026-08-07,Negative unit_price
ITEM000199125,ORD00043055,SKU04543,Re-contextualized high-level strategy,Grocery,,7747.86,,2025-04-17 06:00:00,2026-08-07 20:10:16,order_items.csv,2026-08-07,Missing quantity
ITEM000199192,ORD00005067,SKU03605,Customizable hybrid software,Toys,,12101.25,,2025-04-17 06:00:00,2026-08-07 20:10:16,order_items.csv,2026-08-07,Missing quantity
ITEM000199201,ORD00026951,SKU02469,Compatible next generation implementation,Home & Kitchen,1.0,-6867.02,-6867.02,2025-04-17 06:00:00,2026-08-07 20:10:16,order_items.csv,2026-08-07,Negative unit_price
ITEM000199259,ORD00021948,SKU03239,Optional exuding pricing structure,Electronics,,9198.77,,2025-04-17 06:00:00,2026-08-07 20:10:16,order_items.csv,2026-08-07,Missing quantity
ITEM000199301,ORD00033575,SKU00446,Seamless dynamic portal,Books,7.0,-10732.96,-75130.72,2025-04-17 06:00:00,2026-08-07 20:10:16,order_items.csv,2026-08-07,Negative unit_price
ITEM000199326,ORD00012432,SKU00496,Switchable multimedia paradigm,Books,,8542.03,,2025-04-17 06:00:00,2026-08-07 20:10:16,order_items.csv,2026-08-07,Missing quantity
ITEM000199393,ORD00015511,SKU03315,Robust heuristic data-warehouse,Grocery,,7178.15,,2025-04-17 06:00:00,2026-08-07 20:10:16,order_items.csv,2026-08-07,Missing quantity
ITEM000199401,ORD00001817,SKU02531,Visionary foreground project,Toys,9.0,-6637.97,-59741.73,2025-04-17 06:00:00,2026-08-07 20:10:16,order_items.csv,2026-08-07,Negative unit_price
ITEM000199460,ORD00043939,SKU00127,Realigned eco-centric knowledgebase,Clothing,,5271.46,,2025-04-17 06:00:00,2026-08-07 20:10:16,order_items.csv,2026-08-07,Missing quantity
ITEM000199501,ORD00020962,SKU02395,User-centric web-enabled archive,Books,3.0,-2842.52,-8527.56,2025-04-17 06:00:00,2026-08-07 20:10:16,order_items.csv,2026-08-07,Negative unit_price
ITEM000199527,ORD00038230,SKU02935,Object-based contextually-based concept,Home & Kitchen,,9639.3,,2025-04-17 06:00:00,2026-08-07 20:10:16,order_items.csv,2026-08-07,Missing quantity
ITEM000199594,ORD00012193,SKU03728,Horizontal multi-tasking archive,Sports,,8132.84,,2025-04-17 06:00:00,2026-08-07 20:10:16,order_items.csv,2026-08-07,Missing quantity
ITEM000199601,ORD00034659,SKU00753,Decentralized mission-critical database,Home & Kitchen,6.0,-13577.98,-81467.88,2025-04-17 06:00:00,2026-08-07 20:10:16,order_items.csv,2026-08-07,Negative unit_price
ITEM000199661,ORD00003373,SKU02280,Self-enabling zero-defect moratorium,Home & Kitchen,,13527.79,,2025-04-17 06:00:00,2026-08-07 20:10:16,order_items.csv,2026-08-07,Missing quantity
ITEM000199701,ORD00046899,SKU02811,Down-sized tangible service-desk,Clothing,5.0,-2821.39,-14106.949999999999,2025-04-17 06:00:00,2026-08-07 20:10:16,order_items.csv,2026-08-07,Negative unit_price
ITEM000199728,ORD00006935,SKU03121,Optional multimedia knowledgebase,Grocery,,14641.68,,2025-04-17 06:00:00,2026-08-07 20:10:16,order_items.csv,2026-08-07,Missing quantity
ITEM000199795,ORD00035589,SKU01203,Grass-roots well-modulated hub,Electronics,,10099.54,,2025-04-17 06:00:00,2026-08-07 20:10:16,order_items.csv,2026-08-07,Missing quantity
ITEM000199801,ORD00044650,SKU00191,Advanced asymmetric extranet,Grocery,10.0,-13604.39,-136043.9,2025-04-17 06:00:00,2026-08-07 20:10:16,order_items.csv,2026-08-07,Negative unit_price
ITEM000199862,ORD00010249,SKU01025,Networked national contingency,Home & Kitchen,,11611.29,,2025-04-17 06:00:00,2026-08-07 20:10:16,order_items.csv,2026-08-07,Missing quantity
ITEM000199901,ORD00000225,SKU01935,Cross-platform web-enabled contingency,Clothing,1.0,-8218.45,-8218.45,2025-04-17 06:00:00,2026-08-07 20:10:16,order_items.csv,2026-08-07,Negative unit_price
ITEM000199929,ORD00033096,SKU02450,Enhanced grid-enabled software,Home & Kitchen,,3637.89,,2025-04-17 06:00:00,2026-08-07 20:10:16,order_items.csv,2026-08-07,Missing quantity
ITEM000199996,ORD00004274,SKU04893,Multi-lateral 5thgeneration service-desk,Books,,10496.72,,2025-04-17 06:00:00,2026-08-07 20:10:16,order_items.csv,2026-08-07,Missing quantity
