item_id,order_id,sku_id,product_name,category,quantity,unit_price,line_total,load_ts,bronze_ingestion_timestamp,source_file_name,load_date,quarantine_reason
ITEM000000131,ORD00038401,SKU02276,Profit-focused actuating circuit,Toys,7.0,10980.16,76861.12,2025-04-17 06:00:00,2026-08-07 20:10:16,order_items.csv,2026-08-07,Order ID not found in orders
ITEM000000242,ORD00021801,SKU01589,Grass-roots local complexity,Clothing,10.0,2141.92,21419.2,2025-04-17 06:00:00,2026-08-07 20:10:16,order_items.csv,2026-08-07,Order ID not found in orders
ITEM000000412,ORD00029101,SKU02250,Multi-channeled clear-thinking archive,Beauty,6.0,4154.89,24929.34,2025-04-17 06:00:00,2026-08-07 20:10:16,order_items.csv,2026-08-07,Order ID not found in orders
ITEM000000561,ORD00005901,SKU04147,Fundamental non-volatile knowledgebase,Toys,6.0,319.77,1918.62,2025-04-17 06:00:00,2026-08-07 20:10:16,order_items.csv,2026-08-07,Order ID not found in orders
ITEM000000649,ORD00015501,SKU04301,Organized attitude-oriented Internet solution,Beauty,2.0,14733.32,29466.64,2025-04-17 06:00:00,2026-08-07 20:10:16,order_items.csv,2026-08-07,Order ID not found in orders
ITEM000000684,ORD00009601,SKU01073,Quality-focused bifurcated frame,Beauty,2.0,11280.85,22561.7,2025-04-17 06:00:00,2026-08-07 20:10:16,order_items.csv,2026-08-07,Order ID not found in orders
ITEM000000725,ORD00038501,SKU03354,Synergized intangible encryption,Electronics,10.0,6246.85,62468.5,2025-04-17 06:00:00,2026-08-07 20:10:16,order_items.csv,2026-08-07,Order ID not found in orders
ITEM000000740,ORD00003101,SKU02005,Assimilated mission-critical secured line,Sports,9.0,7227.6,65048.4,2025-04-17 06:00:00,2026-08-07 20:10:16,order_items.csv,2026-08-07,Order ID not found in orders
ITEM000000903,ORD00041201,SKU01004,Centralized heuristic model,Toys,2.0,13789.78,27579.56,2025-04-17 06:00:00,2026-08-07 20:10:16,order_items.csv,2026-08-07,Order ID not found in orders
ITEM000000976,ORD00001201,SKU02879,Upgradable fault-tolerant array,Electronics,4.0,5844.6,23378.4,2025-04-17 06:00:00,2026-08-07 20:10:16,order_items.csv,2026-08-07,Order ID not found in orders
ITEM000001126,ORD00012101,SKU04567,Persistent system-worthy moderator,Grocery,7.0,12557.67,87903.69,2025-04-17 06:00:00,2026-08-07 20:10:16,order_items.csv,2026-08-07,Order ID not found in orders
ITEM000001286,ORD00039201,SKU02854,Cloned tertiary alliance,Clothing,4.0,1543.04,6172.16,2025-04-17 06:00:00,2026-08-07 20:10:16,order_items.csv,2026-08-07,Order ID not found in orders
ITEM000001460,ORD00039801,SKU01225,Decentralized regional extranet,Beauty,6.0,3339.88,20039.28,2025-04-17 06:00:00,2026-08-07 20:10:16,order_items.csv,2026-08-07,Order ID not found in orders
ITEM000001462,ORD00005601,SKU03695,Phased zero-defect Internet solution,Clothing,2.0,9333.73,18667.46,2025-04-17 06:00:00,2026-08-07 20:10:16,order_items.csv,2026-08-07,Order ID not found in orders
ITEM000001750,ORD00026501,SKU04661,Balanced upward-trending framework,Electronics,5.0,3209.34,16046.7,2025-04-17 06:00:00,2026-08-07 20:10:16,order_items.csv,2026-08-07,Order ID not found in orders
ITEM000001768,ORD00006201,SKU00031,Function-based multimedia array,Sports,3.0,2759.52,8278.56,2025-04-17 06:00:00,2026-08-07 20:10:16,order_items.csv,2026-08-07,Order ID not found in orders
ITEM000001784,ORD00035801,SKU00464,Cross-group 6thgeneration algorithm,Electronics,7.0,4750.16,33251.12,2025-04-17 06:00:00,2026-08-07 20:10:16,order_items.csv,2026-08-07,Order ID not found in orders
ITEM000002039,ORD00012901,SKU00284,Right-sized 3rdgeneration capacity,Clothing,5.0,1685.16,8425.8,2025-04-17 06:00:00,2026-08-07 20:10:16,order_items.csv,2026-08-07,Order ID not found in orders
ITEM000002169,ORD00015101,SKU03140,Triple-buffered systematic installation,Home & Kitchen,6.0,7241.55,43449.3,2025-04-17 06:00:00,2026-08-07 20:10:16,order_items.csv,2026-08-07,Order ID not found in orders
ITEM000002311,ORD00017501,SKU04876,Enterprise-wide modular extranet,Grocery,10.0,13390.5,133905.0,2025-04-17 06:00:00,2026-08-07 20:10:16,order_items.csv,2026-08-07,Order ID not found in orders
ITEM000002697,ORD00036501,SKU00486,Decentralized exuding ability,Sports,3.0,3771.71,11315.13,2025-04-17 06:00:00,2026-08-07 20:10:16,order_items.csv,2026-08-07,Order ID not found in orders
ITEM000002825,ORD00047401,SKU00760,Optional cohesive Local Area Network,Grocery,6.0,14542.74,87256.44,2025-04-17 06:00:00,2026-08-07 20:10:16,order_items.csv,2026-08-07,Order ID not found in orders
ITEM000003131,ORD00003701,SKU02976,Streamlined directional definition,Books,2.0,5581.97,11163.94,2025-04-17 06:00:00,2026-08-07 20:10:16,order_items.csv,2026-08-07,Order ID not found in orders
ITEM000003171,ORD00004201,SKU04318,Grass-roots object-oriented adapter,Toys,2.0,5071.73,10143.46,2025-04-17 06:00:00,2026-08-07 20:10:16,order_items.csv,2026-08-07,Order ID not found in orders
ITEM000003179,ORD00019501,SKU01338,De-engineered uniform array,Home & Kitchen,2.0,3002.3,6004.6,2025-04-17 06:00:00,2026-08-07 20:10:16,order_items.csv,2026-08-07,Order ID not found in orders
ITEM000003185,ORD00014201,SKU04797,Digitized client-driven hub,Toys,3.0,5618.16,16854.48,2025-04-17 06:00:00,2026-08-07 20:10:16,order_items.csv,2026-08-07,Order ID not found in orders
ITEM000003664,ORD00005301,SKU02303,Open-source logistical collaboration,Sports,3.0,2357.68,7073.04,2025-04-17 06:00:00,2026-08-07 20:10:16,order_items.csv,2026-08-07,Order ID not found in orders
ITEM000003706,ORD00025401,SKU01500,Team-oriented methodical collaboration,Sports,2.0,7757.76,15515.52,2025-04-17 06:00:00,2026-08-07 20:10:16,order_items.csv,2026-08-07,Order ID not found in orders
ITEM000003768,ORD00042801,SKU02377,Up-sized attitude-oriented framework,Sports,1.0,2717.8,2717.8,2025-04-17 06:00:00,2026-08-07 20:10:16,order_items.csv,2026-08-07,Order ID not found in orders
ITEM000003860,ORD00004101,SKU04661,Balanced upward-trending framework,Electronics,7.0,3209.34,22465.38,2025-04-17 06:00:00,2026-08-07 20:10:16,order_items.csv,2026-08-07,Order ID not found in orders
ITEM000003919,ORD00027701,SKU03137,Distributed leadingedge algorithm,Books,3.0,5438.01,16314.03,2025-04-17 06:00:00,2026-08-07 20:10:16,order_items.csv,2026-08-07,Order ID not found in orders
ITEM000003998,ORD00026701,SKU04377,Inverse intermediate neural-net,Books,8.0,6243.4,49947.2,2025-04-17 06:00:00,2026-08-07 20:10:16,order_items.csv,2026-08-07,Order ID not found in orders
ITEM000004022,ORD00000501,SKU00364,Synchronized clear-thinking access,Clothing,10.0,14429.61,144296.1,2025-04-17 06:00:00,2026-08-07 20:10:16,order_items.csv,2026-08-07,Order ID not found in orders
ITEM000004259,ORD00010101,SKU04323,Fully-configurable next generation task-force,Grocery,2.0,12369.07,24738.14,2025-04-17 06:00:00,2026-08-07 20:10:16,order_items.csv,2026-08-07,Order ID not found in orders
ITEM000004288,ORD00032601,SKU00405,Balanced cohesive array,Home & Kitchen,3.0,5220.11,15660.33,2025-04-17 06:00:00,2026-08-07 20:10:16,order_items.csv,2026-08-07,Order ID not found in orders
ITEM000004432,ORD00030401,SKU02275,Distributed discrete knowledge user,Electronics,6.0,7696.18,46177.08,2025-04-17 06:00:00,2026-08-07 20:10:16,order_items.csv,2026-08-07,Order ID not found in orders
ITEM000004451,ORD00004301,SKU02204,Mandatory multimedia model,Books,4.0,11416.97,45667.88,2025-04-17 06:00:00,2026-08-07 20:10:16,order_items.csv,2026-08-07,Order ID not found in orders
ITEM000004520,ORD00016601,SKU00904,Future-proofed global model,Electronics,2.0,2483.28,4966.56,2025-04-17 06:00:00,2026-08-07 20:10:16,order_items.csv,2026-08-07,Order ID not found in orders
ITEM000004596,ORD00048501,SKU03427,Reduced clear-thinking migration,Books,1.0,8452.09,8452.09,2025-04-17 06:00:00,2026-08-07 20:10:16,order_items.csv,2026-08-07,Order ID not found in orders
ITEM000004666,ORD00013701,SKU04286,Self-enabling 5thgeneration attitude,Beauty,5.0,2623.26,13116.3,2025-04-17 06:00:00,2026-08-07 20:10:16,order_items.csv,2026-08-07,Order ID not found in orders
ITEM000004909,ORD00015301,SKU01742,Enhanced executive support,Books,6.0,9786.95,58721.7,2025-04-17 06:00:00,2026-08-07 20:10:16,order_items.csv,2026-08-07,Order ID not found in orders
ITEM000005008,ORD00007201,SKU00782,Realigned encompassing system engine,Beauty,3.0,1439.09,4317.27,2025-04-17 06:00:00,2026-08-07 20:10:16,order_items.csv,2026-08-07,Order ID not found in orders
ITEM000005070,ORD00005101,SKU01444,Balanced regional projection,Beauty,9.0,9084.38,81759.42,2025-04-17 06:00:00,2026-08-07 20:10:16,order_items.csv,2026-08-07,Order ID not found in orders
ITEM000005094,ORD00016601,SKU03443,Programmable user-facing instruction set,Toys,8.0,549.23,4393.84,2025-04-17 06:00:00,2026-08-07 20:10:16,order_items.csv,2026-08-07,Order ID not found in orders
ITEM000005124,ORD00025001,SKU02701,Adaptive eco-centric capability,Books,9.0,1125.84,10132.56,2025-04-17 06:00:00,2026-08-07 20:10:16,order_items.csv,2026-08-07,Order ID not found in orders
ITEM000005266,ORD00044701,SKU03980,Pre-emptive well-modulated focus group,Home & Kitchen,9.0,9891.42,89022.78,2025-04-17 06:00:00,2026-08-07 20:10:16,order_items.csv,2026-08-07,Order ID not found in orders
ITEM000005391,ORD00021601,SKU04343,Advanced systematic product,Clothing,5.0,14643.7,73218.5,2025-04-17 06:00:00,2026-08-07 20:10:16,order_items.csv,2026-08-07,Order ID not found in orders
ITEM000005569,ORD00020001,SKU01707,Object-based didactic alliance,Beauty,9.0,8835.55,79519.95,2025-04-17 06:00:00,2026-08-07 20:10:16,order_items.csv,2026-08-07,Order ID not found in orders
ITEM000005700,ORD00023001,SKU04425,Synergistic optimal groupware,Electronics,8.0,10638.99,85111.92,2025-04-17 06:00:00,2026-08-07 20:10:16,order_items.csv,2026-08-07,Order ID not found in orders
ITEM000005737,ORD00019401,SKU00623,Monitored cohesive open system,Home & Kitchen,2.0,3119.03,6238.06,2025-04-17 06:00:00,2026-08-07 20:10:16,order_items.csv,2026-08-07,Order ID not found in orders
ITEM000005844,ORD00032701,SKU02585,User-centric web-enabled encryption,Clothing,3.0,8596.21,25788.63,2025-04-17 06:00:00,2026-08-07 20:10:16,order_items.csv,2026-08-07,Order ID not found in orders
ITEM000005907,ORD00003501,SKU03327,Upgradable leadingedge approach,Books,10.0,9097.93,90979.3,2025-04-17 06:00:00,2026-08-07 20:10:16,order_items.csv,2026-08-07,Order ID not found in orders
ITEM000005940,ORD00039101,SKU03599,Cloned system-worthy leverage,Clothing,4.0,1955.74,7822.96,2025-04-17 06:00:00,2026-08-07 20:10:16,order_items.csv,2026-08-07,Order ID not found in orders
ITEM000006011,ORD00016901,SKU02063,Fundamental contextually-based process improvement,Clothing,5.0,7931.79,39658.95,2025-04-17 06:00:00,2026-08-07 20:10:16,order_items.csv,2026-08-07,Order ID not found in orders
ITEM000006130,ORD00009401,SKU02416,Extended global pricing structure,Clothing,8.0,12151.99,97215.92,2025-04-17 06:00:00,2026-08-07 20:10:16,order_items.csv,2026-08-07,Order ID not found in orders
ITEM000006318,ORD00030701,SKU04707,Phased empowering middleware,Grocery,6.0,1713.35,10280.1,2025-04-17 06:00:00,2026-08-07 20:10:16,order_items.csv,2026-08-07,Order ID not found in orders
ITEM000006337,ORD00007201,SKU01379,Total content-based conglomeration,Home & Kitchen,3.0,12604.74,37814.22,2025-04-17 06:00:00,2026-08-07 20:10:16,order_items.csv,2026-08-07,Order ID not found in orders
ITEM000006413,ORD00031901,SKU04681,Profit-focused bifurcated data-warehouse,Sports,4.0,1236.38,4945.52,2025-04-17 06:00:00,2026-08-07 20:10:16,order_items.csv,2026-08-07,Order ID not found in orders
ITEM000006536,ORD00008201,SKU03571,Future-proofed multi-tasking intranet,Toys,9.0,2760.38,24843.42,2025-04-17 06:00:00,2026-08-07 20:10:16,order_items.csv,2026-08-07,Order ID not found in orders
ITEM000006617,ORD00003701,SKU01090,Synergized bifurcated policy,Sports,5.0,8831.71,44158.55,2025-04-17 06:00:00,2026-08-07 20:10:16,order_items.csv,2026-08-07,Order ID not found in orders
ITEM000006692,ORD00022301,SKU03859,Adaptive intermediate time-frame,Toys,6.0,64.49,386.94,2025-04-17 06:00:00,2026-08-07 20:10:16,order_items.csv,2026-08-07,Order ID not found in orders
ITEM000006784,ORD00039101,SKU02459,Compatible grid-enabled firmware,Home & Kitchen,7.0,14249.22,99744.54,2025-04-17 06:00:00,2026-08-07 20:10:16,order_items.csv,2026-08-07,Order ID not found in orders
ITEM000006921,ORD00005501,SKU04372,Switchable value-added info-mediaries,Electronics,5.0,2647.18,13235.9,2025-04-17 06:00:00,2026-08-07 20:10:16,order_items.csv,2026-08-07,Order ID not found in orders
ITEM000007314,ORD00003201,SKU03275,Monitored static Internet solution,Electronics,4.0,365.57,1462.28,2025-04-17 06:00:00,2026-08-07 20:10:16,order_items.csv,2026-08-07,Order ID not found in orders
ITEM000007605,ORD00012901,SKU00601,Managed hybrid access,Toys,10.0,12085.4,120854.0,2025-04-17 06:00:00,2026-08-07 20:10:16,order_items.csv,2026-08-07,Order ID not found in orders
ITEM000007683,ORD00004601,SKU04879,Total user-facing algorithm,Sports,10.0,8822.39,88223.9,2025-04-17 06:00:00,2026-08-07 20:10:16,order_items.csv,2026-08-07,Order ID not found in orders
ITEM000007894,ORD00048501,SKU03720,Down-sized cohesive definition,Toys,10.0,8911.14,89111.4,2025-04-17 06:00:00,2026-08-07 20:10:16,order_items.csv,2026-08-07,Order ID not found in orders
ITEM000008024,ORD00029301,SKU01824,Automated regional structure,Home & Kitchen,4.0,1906.79,7627.16,2025-04-17 06:00:00,2026-08-07 20:10:16,order_items.csv,2026-08-07,Order ID not found in orders
ITEM000008044,ORD00025801,SKU02671,Reactive systematic throughput,Grocery,1.0,10068.25,10068.25,2025-04-17 06:00:00,2026-08-07 20:10:16,order_items.csv,2026-08-07,Order ID not found in orders
ITEM000008299,ORD00037001,SKU04867,Proactive multimedia instruction set,Beauty,4.0,3713.13,14852.52,2025-04-17 06:00:00,2026-08-07 20:10:16,order_items.csv,2026-08-07,Order ID not found in orders
ITEM000008330,ORD00036501,SKU03868,Innovative foreground hierarchy,Books,8.0,5757.93,46063.44,2025-04-17 06:00:00,2026-08-07 20:10:16,order_items.csv,2026-08-07,Order ID not found in orders
ITEM000008340,ORD00045201,SKU04205,Quality-focused mission-critical process improveme,Books,4.0,10798.96,43195.84,2025-04-17 06:00:00,2026-08-07 20:10:16,order_items.csv,2026-08-07,Order ID not found in orders
ITEM000008402,ORD00046801,SKU04794,Customizable stable capacity,Beauty,8.0,397.26,3178.08,2025-04-17 06:00:00,2026-08-07 20:10:16,order_items.csv,2026-08-07,Order ID not found in orders
ITEM000008575,ORD00048101,SKU02137,Fully-configurable even-keeled standardization,Books,10.0,11298.34,112983.4,2025-04-17 06:00:00,2026-08-07 20:10:16,order_items.csv,2026-08-07,Order ID not found in orders
ITEM000008765,ORD00015901,SKU02979,Up-sized 24/7 model,Grocery,8.0,910.18,7281.44,2025-04-17 06:00:00,2026-08-07 20:10:16,order_items.csv,2026-08-07,Order ID not found in orders
ITEM000008941,ORD00015101,SKU03889,Universal cohesive access,Grocery,9.0,10630.02,95670.18,2025-04-17 06:00:00,2026-08-07 20:10:16,order_items.csv,2026-08-07,Order ID not found in orders
ITEM000008947,ORD00049401,SKU03713,Reverse-engineered multimedia matrices,Electronics,6.0,8369.49,50216.94,2025-04-17 06:00:00,2026-08-07 20:10:16,order_items.csv,2026-08-07,Order ID not found in orders
ITEM000008953,ORD00030401,SKU02365,Reactive tangible Local Area Network,Grocery,6.0,10360.32,62161.92,2025-04-17 06:00:00,2026-08-07 20:10:16,order_items.csv,2026-08-07,Order ID not found in orders
ITEM000009063,ORD00013901,SKU02586,Multi-layered 5thgeneration infrastructure,Toys,1.0,1928.99,1928.99,2025-04-17 06:00:00,2026-08-07 20:10:16,order_items.csv,2026-08-07,Order ID not found in orders
ITEM000009211,ORD00032801,SKU01081,Function-based web-enabled parallelism,Toys,5.0,7646.26,38231.3,2025-04-17 06:00:00,2026-08-07 20:10:16,order_items.csv,2026-08-07,Order ID not found in orders
ITEM000009290,ORD00003601,SKU03190,Optional holistic product,Electronics,5.0,5580.33,27901.65,2025-04-17 06:00:00,2026-08-07 20:10:16,order_items.csv,2026-08-07,Order ID not found in orders
ITEM000009315,ORD00036301,SKU04518,Cloned even-keeled initiative,Toys,2.0,1435.51,2871.02,2025-04-17 06:00:00,2026-08-07 20:10:16,order_items.csv,2026-08-07,Order ID not found in orders
ITEM000009397,ORD00010501,SKU00849,Configurable next generation approach,Grocery,4.0,7520.6,30082.4,2025-04-17 06:00:00,2026-08-07 20:10:16,order_items.csv,2026-08-07,Order ID not found in orders
ITEM000009434,ORD00018401,SKU03823,Stand-alone 24hour flexibility,Electronics,9.0,5589.12,50302.08,2025-04-17 06:00:00,2026-08-07 20:10:16,order_items.csv,2026-08-07,Order ID not found in orders
ITEM000009530,ORD00044501,SKU01816,Robust value-added application,Clothing,8.0,11634.96,93079.68,2025-04-17 06:00:00,2026-08-07 20:10:16,order_items.csv,2026-08-07,Order ID not found in orders
ITEM000009538,ORD00018701,SKU04602,Vision-oriented leadingedge info-mediaries,Clothing,5.0,13439.19,67195.95,2025-04-17 06:00:00,2026-08-07 20:10:16,order_items.csv,2026-08-07,Order ID not found in orders
ITEM000009570,ORD00049701,SKU03551,Re-engineered demand-driven hub,Sports,5.0,3090.5,15452.5,2025-04-17 06:00:00,2026-08-07 20:10:16,order_items.csv,2026-08-07,Order ID not found in orders
ITEM000009572,ORD00049401,SKU04234,Reduced analyzing moderator,Beauty,7.0,11965.02,83755.14,2025-04-17 06:00:00,2026-08-07 20:10:16,order_items.csv,2026-08-07,Order ID not found in orders
ITEM000009721,ORD00033201,SKU02712,Polarized 5thgeneration strategy,Grocery,4.0,13852.28,55409.12,2025-04-17 06:00:00,2026-08-07 20:10:16,order_items.csv,2026-08-07,Order ID not found in orders
ITEM000009855,ORD00041201,SKU02444,Profit-focused tangible artificial intelligence,Books,9.0,8670.3,78032.7,2025-04-17 06:00:00,2026-08-07 20:10:16,order_items.csv,2026-08-07,Order ID not found in orders
ITEM000009950,ORD00020201,SKU00730,Devolved didactic workforce,Grocery,9.0,11610.22,104491.98,2025-04-17 06:00:00,2026-08-07 20:10:16,order_items.csv,2026-08-07,Order ID not found in orders
ITEM000009979,ORD00008701,SKU04278,Synchronized full-range toolset,Sports,7.0,10197.23,71380.61,2025-04-17 06:00:00,2026-08-07 20:10:16,order_items.csv,2026-08-07,Order ID not found in orders
ITEM000010224,ORD00002101,SKU01733,Front-line global matrix,Clothing,3.0,6999.61,20998.83,2025-04-17 06:00:00,2026-08-07 20:10:16,order_items.csv,2026-08-07,Order ID not found in orders
ITEM000010352,ORD00027601,SKU02749,Cloned asynchronous Internet solution,Books,10.0,9583.43,95834.3,2025-04-17 06:00:00,2026-08-07 20:10:16,order_items.csv,2026-08-07,Order ID not found in orders
ITEM000010610,ORD00006801,SKU04470,Phased upward-trending secured line,Home & Kitchen,5.0,2417.49,12087.45,2025-04-17 06:00:00,2026-08-07 20:10:16,order_items.csv,2026-08-07,Order ID not found in orders
ITEM000010629,ORD00026001,SKU02616,Operative reciprocal hardware,Clothing,7.0,3379.29,23655.03,2025-04-17 06:00:00,2026-08-07 20:10:16,order_items.csv,2026-08-07,Order ID not found in orders
ITEM000010707,ORD00024201,SKU00062,Business-focused tertiary infrastructure,Sports,7.0,3948.35,27638.45,2025-04-17 06:00:00,2026-08-07 20:10:16,order_items.csv,2026-08-07,Order ID not found in orders
ITEM000010774,ORD00025601,SKU02126,Public-key user-facing Local Area Network,Toys,3.0,8582.02,25746.06,2025-04-17 06:00:00,2026-08-07 20:10:16,order_items.csv,2026-08-07,Order ID not found in orders
ITEM000010844,ORD00025101,SKU03315,Robust heuristic data-warehouse,Grocery,9.0,7178.15,64603.35,2025-04-17 06:00:00,2026-08-07 20:10:16,order_items.csv,2026-08-07,Order ID not found in orders
ITEM000010908,ORD00049501,SKU00817,Pre-emptive uniform implementation,Home & Kitchen,10.0,12612.43,126124.3,2025-04-17 06:00:00,2026-08-07 20:10:16,order_items.csv,2026-08-07,Order ID not found in orders
ITEM000011173,ORD00034501,SKU01611,Managed eco-centric Graphical User Interface,Books,10.0,8972.1,89721.0,2025-04-17 06:00:00,2026-08-07 20:10:16,order_items.csv,2026-08-07,Order ID not found in orders
ITEM000011227,ORD00027101,SKU03946,Profit-focused next generation complexity,Clothing,2.0,5174.28,10348.56,2025-04-17 06:00:00,2026-08-07 20:10:16,order_items.csv,2026-08-07,Order ID not found in orders
ITEM000011312,ORD00036601,SKU02042,Decentralized regional approach,Electronics,5.0,13152.91,65764.55,2025-04-17 06:00:00,2026-08-07 20:10:16,order_items.csv,2026-08-07,Order ID not found in orders
ITEM000011348,ORD00015901,SKU02282,Future-proofed user-facing moratorium,Grocery,5.0,13110.92,65554.6,2025-04-17 06:00:00,2026-08-07 20:10:16,order_items.csv,2026-08-07,Order ID not found in orders
ITEM000011524,ORD00008501,SKU02633,Re-contextualized stable policy,Beauty,5.0,9463.81,47319.05,2025-04-17 06:00:00,2026-08-07 20:10:16,order_items.csv,2026-08-07,Order ID not found in orders
ITEM000011608,ORD00028601,SKU01628,Re-contextualized optimal productivity,Grocery,5.0,176.08,880.4,2025-04-17 06:00:00,2026-08-07 20:10:16,order_items.csv,2026-08-07,Order ID not found in orders
ITEM000011767,ORD00031901,SKU02167,Enterprise-wide content-based info-mediaries,Toys,7.0,5181.76,36272.32,2025-04-17 06:00:00,2026-08-07 20:10:16,order_items.csv,2026-08-07,Order ID not found in orders
ITEM000011772,ORD00022501,SKU04189,Managed reciprocal access,Sports,7.0,4259.19,29814.33,2025-04-17 06:00:00,2026-08-07 20:10:16,order_items.csv,2026-08-07,Order ID not found in orders
ITEM000012093,ORD00045501,SKU03266,Vision-oriented 3rdgeneration algorithm,Beauty,7.0,13599.46,95196.22,2025-04-17 06:00:00,2026-08-07 20:10:16,order_items.csv,2026-08-07,Order ID not found in orders
ITEM000012366,ORD00004001,SKU03207,Cross-platform mission-critical encryption,Toys,1.0,13203.89,13203.89,2025-04-17 06:00:00,2026-08-07 20:10:16,order_items.csv,2026-08-07,Order ID not found in orders
ITEM000012476,ORD00003401,SKU00334,Mandatory multi-tasking success,Sports,7.0,13458.73,94211.11,2025-04-17 06:00:00,2026-08-07 20:10:16,order_items.csv,2026-08-07,Order ID not found in orders
ITEM000012510,ORD00048701,SKU03387,Re-engineered grid-enabled moderator,Beauty,1.0,12046.08,12046.08,2025-04-17 06:00:00,2026-08-07 20:10:16,order_items.csv,2026-08-07,Order ID not found in orders
ITEM000012512,ORD00002501,SKU02341,Down-sized clear-thinking approach,Grocery,4.0,14497.32,57989.28,2025-04-17 06:00:00,2026-08-07 20:10:16,order_items.csv,2026-08-07,Order ID not found in orders
ITEM000012524,ORD00014501,SKU02647,Exclusive intermediate success,Electronics,3.0,4134.72,12404.16,2025-04-17 06:00:00,2026-08-07 20:10:16,order_items.csv,2026-08-07,Order ID not found in orders
ITEM000012657,ORD00034301,SKU03360,Networked interactive strategy,Grocery,1.0,14327.1,14327.1,2025-04-17 06:00:00,2026-08-07 20:10:16,order_items.csv,2026-08-07,Order ID not found in orders
ITEM000012678,ORD00032101,SKU01182,Managed optimizing website,Clothing,10.0,9867.17,98671.7,2025-04-17 06:00:00,2026-08-07 20:10:16,order_items.csv,2026-08-07,Order ID not found in orders
ITEM000013139,ORD00019201,SKU01179,De-engineered national knowledgebase,Home & Kitchen,10.0,881.45,8814.5,2025-04-17 06:00:00,2026-08-07 20:10:16,order_items.csv,2026-08-07,Order ID not found in orders
ITEM000013260,ORD00002501,SKU00898,Inverse 3rdgeneration emulation,Beauty,3.0,7121.22,21363.66,2025-04-17 06:00:00,2026-08-07 20:10:16,order_items.csv,2026-08-07,Order ID not found in orders
ITEM000013631,ORD00004401,SKU00897,De-engineered zero-defect service-desk,Clothing,5.0,3099.0,15495.0,2025-04-17 06:00:00,2026-08-07 20:10:16,order_items.csv,2026-08-07,Order ID not found in orders
ITEM000013875,ORD00047401,SKU04587,Networked dynamic focus group,Books,5.0,2428.8,12144.0,2025-04-17 06:00:00,2026-08-07 20:10:16,order_items.csv,2026-08-07,Order ID not found in orders
ITEM000014088,ORD00040001,SKU02215,Decentralized impactful throughput,Toys,4.0,894.38,3577.52,2025-04-17 06:00:00,2026-08-07 20:10:16,order_items.csv,2026-08-07,Order ID not found in orders
ITEM000014125,ORD00022701,SKU04647,Streamlined stable portal,Home & Kitchen,3.0,11969.07,35907.21,2025-04-17 06:00:00,2026-08-07 20:10:16,order_items.csv,2026-08-07,Order ID not found in orders
ITEM000014203,ORD00025401,SKU04532,Right-sized secondary flexibility,Clothing,3.0,3679.0,11037.0,2025-04-17 06:00:00,2026-08-07 20:10:16,order_items.csv,2026-08-07,Order ID not found in orders
ITEM000014230,ORD00011901,SKU01800,Adaptive contextually-based data-warehouse,Books,8.0,9698.05,77584.4,2025-04-17 06:00:00,2026-08-07 20:10:16,order_items.csv,2026-08-07,Order ID not found in orders
ITEM000014370,ORD00032101,SKU00954,Phased holistic service-desk,Sports,1.0,9496.66,9496.66,2025-04-17 06:00:00,2026-08-07 20:10:16,order_items.csv,2026-08-07,Order ID not found in orders
ITEM000014563,ORD00034401,SKU02111,Future-proofed didactic help-desk,Beauty,5.0,13810.37,69051.85,2025-04-17 06:00:00,2026-08-07 20:10:16,order_items.csv,2026-08-07,Order ID not found in orders
ITEM000014617,ORD00025501,SKU01482,Persistent web-enabled flexibility,Clothing,1.0,8550.53,8550.53,2025-04-17 06:00:00,2026-08-07 20:10:16,order_items.csv,2026-08-07,Order ID not found in orders
ITEM000014759,ORD00010201,SKU02913,Managed local project,Books,9.0,13417.21,120754.89,2025-04-17 06:00:00,2026-08-07 20:10:16,order_items.csv,2026-08-07,Order ID not found in orders
ITEM000014782,ORD00047901,SKU01721,Triple-buffered heuristic migration,Grocery,2.0,14834.12,29668.24,2025-04-17 06:00:00,2026-08-07 20:10:16,order_items.csv,2026-08-07,Order ID not found in orders
ITEM000014811,ORD00004401,SKU00486,Decentralized exuding ability,Sports,5.0,3771.71,18858.55,2025-04-17 06:00:00,2026-08-07 20:10:16,order_items.csv,2026-08-07,Order ID not found in orders
ITEM000015113,ORD00041901,SKU00508,Programmable optimizing structure,Clothing,7.0,9906.46,69345.22,2025-04-17 06:00:00,2026-08-07 20:10:16,order_items.csv,2026-08-07,Order ID not found in orders
ITEM000015256,ORD00016801,SKU03519,Up-sized optimal artificial intelligence,Toys,3.0,3222.22,9666.66,2025-04-17 06:00:00,2026-08-07 20:10:16,order_items.csv,2026-08-07,Order ID not found in orders
ITEM000015258,ORD00020701,SKU01136,Synergistic content-based solution,Beauty,4.0,8593.9,34375.6,2025-04-17 06:00:00,2026-08-07 20:10:16,order_items.csv,2026-08-07,Order ID not found in orders
ITEM000015264,ORD00014701,SKU03069,Automated intangible structure,Sports,8.0,6748.7,53989.6,2025-04-17 06:00:00,2026-08-07 20:10:16,order_items.csv,2026-08-07,Order ID not found in orders
ITEM000015503,ORD00037301,SKU04734,Compatible didactic algorithm,Sports,8.0,2233.24,17865.92,2025-04-17 06:00:00,2026-08-07 20:10:16,order_items.csv,2026-08-07,Order ID not found in orders
ITEM000015524,ORD00009901,SKU02235,Triple-buffered local approach,Electronics,6.0,3766.93,22601.58,2025-04-17 06:00:00,2026-08-07 20:10:16,order_items.csv,2026-08-07,Order ID not found in orders
ITEM000015591,ORD00023701,SKU02978,Intuitive client-driven help-desk,Beauty,6.0,5965.22,35791.32,2025-04-17 06:00:00,2026-08-07 20:10:16,order_items.csv,2026-08-07,Order ID not found in orders
ITEM000015687,ORD00021501,SKU00937,Persevering client-server leverage,Grocery,8.0,2972.01,23776.08,2025-04-17 06:00:00,2026-08-07 20:10:16,order_items.csv,2026-08-07,Order ID not found in orders
ITEM000015754,ORD00013301,SKU00399,Grass-roots modular circuit,Beauty,1.0,7607.54,7607.54,2025-04-17 06:00:00,2026-08-07 20:10:16,order_items.csv,2026-08-07,Order ID not found in orders
ITEM000015764,ORD00022601,SKU01165,Decentralized asymmetric hub,Home & Kitchen,6.0,3459.89,20759.34,2025-04-17 06:00:00,2026-08-07 20:10:16,order_items.csv,2026-08-07,Order ID not found in orders
ITEM000015847,ORD00011001,SKU01522,Open-source scalable monitoring,Clothing,2.0,819.5,1639.0,2025-04-17 06:00:00,2026-08-07 20:10:16,order_items.csv,2026-08-07,Order ID not found in orders
ITEM000016055,ORD00033001,SKU01467,Extended interactive standardization,Beauty,2.0,14428.24,28856.48,2025-04-17 06:00:00,2026-08-07 20:10:16,order_items.csv,2026-08-07,Order ID not found in orders
ITEM000016129,ORD00010801,SKU01909,Inverse 3rdgeneration benchmark,Toys,1.0,12010.03,12010.03,2025-04-17 06:00:00,2026-08-07 20:10:16,order_items.csv,2026-08-07,Order ID not found in orders
ITEM000016269,ORD00015101,SKU02688,Multi-tiered web-enabled algorithm,Sports,6.0,8774.37,52646.22,2025-04-17 06:00:00,2026-08-07 20:10:16,order_items.csv,2026-08-07,Order ID not found in orders
ITEM000016467,ORD00028301,SKU02205,Business-focused mission-critical adapter,Grocery,5.0,10206.75,51033.75,2025-04-17 06:00:00,2026-08-07 20:10:16,order_items.csv,2026-08-07,Order ID not found in orders
ITEM000016595,ORD00047201,SKU04834,Face-to-face intermediate toolset,Books,2.0,3991.14,7982.28,2025-04-17 06:00:00,2026-08-07 20:10:16,order_items.csv,2026-08-07,Order ID not found in orders
ITEM000016599,ORD00043701,SKU04102,Stand-alone scalable frame,Electronics,2.0,14717.24,29434.48,2025-04-17 06:00:00,2026-08-07 20:10:16,order_items.csv,2026-08-07,Order ID not found in orders
ITEM000016612,ORD00044001,SKU01622,Synchronized regional pricing structure,Books,7.0,9414.36,65900.52,2025-04-17 06:00:00,2026-08-07 20:10:16,order_items.csv,2026-08-07,Order ID not found in orders
ITEM000016700,ORD00041401,SKU02793,Versatile system-worthy monitoring,Sports,1.0,7352.38,7352.38,2025-04-17 06:00:00,2026-08-07 20:10:16,order_items.csv,2026-08-07,Order ID not found in orders
ITEM000016707,ORD00004001,SKU03723,Innovative well-modulated emulation,Beauty,8.0,156.22,1249.76,2025-04-17 06:00:00,2026-08-07 20:10:16,order_items.csv,2026-08-07,Order ID not found in orders
ITEM000016871,ORD00036101,SKU01682,Future-proofed mobile attitude,Books,10.0,11788.1,117881.0,2025-04-17 06:00:00,2026-08-07 20:10:16,order_items.csv,2026-08-07,Order ID not found in orders
ITEM000016940,ORD00031001,SKU01987,Networked clear-thinking challenge,Toys,5.0,6390.7,31953.5,2025-04-17 06:00:00,2026-08-07 20:10:16,order_items.csv,2026-08-07,Order ID not found in orders
ITEM000017184,ORD00016301,SKU04616,Enterprise-wide holistic ability,Clothing,2.0,12993.41,25986.82,2025-04-17 06:00:00,2026-08-07 20:10:16,order_items.csv,2026-08-07,Order ID not found in orders
ITEM000017319,ORD00020001,SKU04493,Compatible neutral benchmark,Electronics,5.0,2659.65,13298.25,2025-04-17 06:00:00,2026-08-07 20:10:16,order_items.csv,2026-08-07,Order ID not found in orders
ITEM000017348,ORD00021701,SKU02228,Realigned modular moderator,Clothing,10.0,12254.76,122547.6,2025-04-17 06:00:00,2026-08-07 20:10:16,order_items.csv,2026-08-07,Order ID not found in orders
ITEM000017404,ORD00029601,SKU03031,Reduced logistical frame,Home & Kitchen,9.0,959.38,8634.42,2025-04-17 06:00:00,2026-08-07 20:10:16,order_items.csv,2026-08-07,Order ID not found in orders
ITEM000017483,ORD00004501,SKU00070,Focused radical monitoring,Grocery,6.0,6446.1,38676.6,2025-04-17 06:00:00,2026-08-07 20:10:16,order_items.csv,2026-08-07,Order ID not found in orders
ITEM000017558,ORD00026801,SKU03926,Proactive bottom-line parallelism,Home & Kitchen,10.0,2494.82,24948.2,2025-04-17 06:00:00,2026-08-07 20:10:16,order_items.csv,2026-08-07,Order ID not found in orders
ITEM000017635,ORD00020601,SKU01410,Business-focused full-range interface,Electronics,9.0,6450.2,58051.8,2025-04-17 06:00:00,2026-08-07 20:10:16,order_items.csv,2026-08-07,Order ID not found in orders
ITEM000017693,ORD00044601,SKU00013,Sharable value-added ability,Home & Kitchen,1.0,10554.14,10554.14,2025-04-17 06:00:00,2026-08-07 20:10:16,order_items.csv,2026-08-07,Order ID not found in orders
ITEM000017697,ORD00007101,SKU03958,Innovative next generation circuit,Electronics,5.0,1532.06,7660.3,2025-04-17 06:00:00,2026-08-07 20:10:16,order_items.csv,2026-08-07,Order ID not found in orders
ITEM000017709,ORD00000301,SKU02892,Face-to-face transitional hardware,Sports,9.0,1113.78,10024.02,2025-04-17 06:00:00,2026-08-07 20:10:16,order_items.csv,2026-08-07,Order ID not found in orders
ITEM000017972,ORD00027801,SKU03821,Implemented exuding extranet,Beauty,4.0,2480.33,9921.32,2025-04-17 06:00:00,2026-08-07 20:10:16,order_items.csv,2026-08-07,Order ID not found in orders
ITEM000018009,ORD00041101,SKU03968,Synergistic encompassing support,Clothing,6.0,13186.96,79121.76,2025-04-17 06:00:00,2026-08-07 20:10:16,order_items.csv,2026-08-07,Order ID not found in orders
ITEM000018012,ORD00014701,SKU03363,Persevering national array,Grocery,5.0,7455.2,37276.0,2025-04-17 06:00:00,2026-08-07 20:10:16,order_items.csv,2026-08-07,Order ID not found in orders
ITEM000018077,ORD00023701,SKU03461,Multi-channeled disintermediate intranet,Sports,1.0,4300.78,4300.78,2025-04-17 06:00:00,2026-08-07 20:10:16,order_items.csv,2026-08-07,Order ID not found in orders
ITEM000018085,ORD00013701,SKU03643,Synergistic exuding info-mediaries,Sports,8.0,13920.78,111366.24,2025-04-17 06:00:00,2026-08-07 20:10:16,order_items.csv,2026-08-07,Order ID not found in orders
ITEM000018254,ORD00005401,SKU00988,Proactive multimedia infrastructure,Electronics,7.0,7340.24,51381.68,2025-04-17 06:00:00,2026-08-07 20:10:16,order_items.csv,2026-08-07,Order ID not found in orders
ITEM000018277,ORD00004901,SKU03057,Ergonomic object-oriented Local Area Network,Toys,7.0,2440.71,17084.97,2025-04-17 06:00:00,2026-08-07 20:10:16,order_items.csv,2026-08-07,Order ID not found in orders
ITEM000018309,ORD00029201,SKU03332,Front-line analyzing product,Books,1.0,9527.96,9527.96,2025-04-17 06:00:00,2026-08-07 20:10:16,order_items.csv,2026-08-07,Order ID not found in orders
ITEM000018311,ORD00000101,SKU01217,Business-focused asynchronous architecture,Clothing,3.0,1293.29,3879.87,2025-04-17 06:00:00,2026-08-07 20:10:16,order_items.csv,2026-08-07,Order ID not found in orders
ITEM000018626,ORD00039001,SKU02024,Ergonomic 4thgeneration project,Home & Kitchen,10.0,534.68,5346.8,2025-04-17 06:00:00,2026-08-07 20:10:16,order_items.csv,2026-08-07,Order ID not found in orders
ITEM000018637,ORD00033801,SKU04204,Object-based solution-oriented instruction set,Grocery,1.0,14835.32,14835.32,2025-04-17 06:00:00,2026-08-07 20:10:16,order_items.csv,2026-08-07,Order ID not found in orders
ITEM000018670,ORD00020501,SKU02810,Face-to-face secondary encoding,Home & Kitchen,4.0,11688.68,46754.72,2025-04-17 06:00:00,2026-08-07 20:10:16,order_items.csv,2026-08-07,Order ID not found in orders
ITEM000018721,ORD00005101,SKU00069,Organized grid-enabled access,Beauty,9.0,882.67,7944.03,2025-04-17 06:00:00,2026-08-07 20:10:16,order_items.csv,2026-08-07,Order ID not found in orders
ITEM000018847,ORD00011801,SKU00897,De-engineered zero-defect service-desk,Clothing,8.0,3099.0,24792.0,2025-04-17 06:00:00,2026-08-07 20:10:16,order_items.csv,2026-08-07,Order ID not found in orders
ITEM000018874,ORD00038901,SKU04427,Future-proofed intangible monitoring,Grocery,5.0,5206.73,26033.65,2025-04-17 06:00:00,2026-08-07 20:10:16,order_items.csv,2026-08-07,Order ID not found in orders
ITEM000019006,ORD00001101,SKU00056,Inverse real-time policy,Electronics,9.0,13089.13,117802.17,2025-04-17 06:00:00,2026-08-07 20:10:16,order_items.csv,2026-08-07,Order ID not found in orders
ITEM000019274,ORD00036601,SKU02259,Intuitive object-oriented parallelism,Toys,5.0,4417.97,22089.85,2025-04-17 06:00:00,2026-08-07 20:10:16,order_items.csv,2026-08-07,Order ID not found in orders
ITEM000019329,ORD00042001,SKU03947,Re-contextualized intermediate frame,Clothing,9.0,14470.99,130238.91,2025-04-17 06:00:00,2026-08-07 20:10:16,order_items.csv,2026-08-07,Order ID not found in orders
ITEM000019417,ORD00034801,SKU01879,Extended radical protocol,Clothing,2.0,10998.67,21997.34,2025-04-17 06:00:00,2026-08-07 20:10:16,order_items.csv,2026-08-07,Order ID not found in orders
ITEM000019466,ORD00001401,SKU04482,Expanded systematic contingency,Beauty,10.0,1808.29,18082.9,2025-04-17 06:00:00,2026-08-07 20:10:16,order_items.csv,2026-08-07,Order ID not found in orders
ITEM000019487,ORD00006401,SKU02474,Quality-focused content-based knowledgebase,Sports,6.0,2686.37,16118.22,2025-04-17 06:00:00,2026-08-07 20:10:16,order_items.csv,2026-08-07,Order ID not found in orders
ITEM000019622,ORD00028301,SKU04837,Open-source clear-thinking matrices,Electronics,8.0,13156.65,105253.2,2025-04-17 06:00:00,2026-08-07 20:10:16,order_items.csv,2026-08-07,Order ID not found in orders
ITEM000019703,ORD00007501,SKU00851,Operative leadingedge strategy,Grocery,8.0,3313.94,26511.52,2025-04-17 06:00:00,2026-08-07 20:10:16,order_items.csv,2026-08-07,Order ID not found in orders
ITEM000019844,ORD00042901,SKU02976,Streamlined directional definition,Books,7.0,5581.97,39073.79,2025-04-17 06:00:00,2026-08-07 20:10:16,order_items.csv,2026-08-07,Order ID not found in orders
ITEM000019918,ORD00010101,SKU03564,Visionary transitional Internet solution,Electronics,6.0,3464.4,20786.4,2025-04-17 06:00:00,2026-08-07 20:10:16,order_items.csv,2026-08-07,Order ID not found in orders
ITEM000020039,ORD00003901,SKU03138,Integrated 4thgeneration contingency,Electronics,5.0,8415.43,42077.15,2025-04-17 06:00:00,2026-08-07 20:10:16,order_items.csv,2026-08-07,Order ID not found in orders
ITEM000020151,ORD00042801,SKU03573,Robust clear-thinking concept,Books,4.0,11877.25,47509.0,2025-04-17 06:00:00,2026-08-07 20:10:16,order_items.csv,2026-08-07,Order ID not found in orders
ITEM000020383,ORD00046601,SKU03108,Re-contextualized clear-thinking analyzer,Grocery,8.0,13743.99,109951.92,2025-04-17 06:00:00,2026-08-07 20:10:16,order_items.csv,2026-08-07,Order ID not found in orders
ITEM000020491,ORD00038301,SKU02504,Quality-focused impactful service-desk,Grocery,7.0,7490.71,52434.97,2025-04-17 06:00:00,2026-08-07 20:10:16,order_items.csv,2026-08-07,Order ID not found in orders
ITEM000020583,ORD00013901,SKU01386,Integrated context-sensitive Internet solution,Toys,9.0,9793.31,88139.79,2025-04-17 06:00:00,2026-08-07 20:10:16,order_items.csv,2026-08-07,Order ID not found in orders
ITEM000020605,ORD00022401,SKU01786,Profit-focused homogeneous synergy,Toys,4.0,6828.02,27312.08,2025-04-17 06:00:00,2026-08-07 20:10:16,order_items.csv,2026-08-07,Order ID not found in orders
ITEM000020800,ORD00035201,SKU04383,Versatile transitional Local Area Network,Electronics,5.0,9962.53,49812.65,2025-04-17 06:00:00,2026-08-07 20:10:16,order_items.csv,2026-08-07,Order ID not found in orders
ITEM000020852,ORD00030801,SKU00082,Robust 4thgeneration monitoring,Beauty,9.0,6624.18,59617.62,2025-04-17 06:00:00,2026-08-07 20:10:16,order_items.csv,2026-08-07,Order ID not found in orders
ITEM000020880,ORD00004101,SKU01654,Pre-emptive demand-driven budgetary management,Beauty,10.0,8940.43,89404.3,2025-04-17 06:00:00,2026-08-07 20:10:16,order_items.csv,2026-08-07,Order ID not found in orders
ITEM000020939,ORD00034101,SKU04642,Cloned logistical migration,Beauty,1.0,7933.17,7933.17,2025-04-17 06:00:00,2026-08-07 20:10:16,order_items.csv,2026-08-07,Order ID not found in orders
ITEM000020952,ORD00031501,SKU04682,Phased client-server productivity,Home & Kitchen,10.0,11168.09,111680.9,2025-04-17 06:00:00,2026-08-07 20:10:16,order_items.csv,2026-08-07,Order ID not found in orders
ITEM000021004,ORD00028401,SKU04163,Fully-configurable static Graphical User Interface,Electronics,6.0,539.01,3234.06,2025-04-17 06:00:00,2026-08-07 20:10:16,order_items.csv,2026-08-07,Order ID not found in orders
ITEM000021034,ORD00018801,SKU03940,Re-contextualized mobile complexity,Beauty,6.0,11798.4,70790.4,2025-04-17 06:00:00,2026-08-07 20:10:16,order_items.csv,2026-08-07,Order ID not found in orders
ITEM000021044,ORD00007601,SKU00118,Seamless even-keeled adapter,Clothing,1.0,3837.29,3837.29,2025-04-17 06:00:00,2026-08-07 20:10:16,order_items.csv,2026-08-07,Order ID not found in orders
ITEM000021254,ORD00025901,SKU01088,Sharable zero-defect extranet,Clothing,10.0,126.38,1263.8,2025-04-17 06:00:00,2026-08-07 20:10:16,order_items.csv,2026-08-07,Order ID not found in orders
ITEM000021269,ORD00036601,SKU03086,Diverse modular portal,Books,1.0,11633.0,11633.0,2025-04-17 06:00:00,2026-08-07 20:10:16,order_items.csv,2026-08-07,Order ID not found in orders
ITEM000021350,ORD00018001,SKU01223,Focused intermediate Internet solution,Books,8.0,5445.16,43561.28,2025-04-17 06:00:00,2026-08-07 20:10:16,order_items.csv,2026-08-07,Order ID not found in orders
ITEM000021403,ORD00005001,SKU04621,Multi-lateral actuating benchmark,Electronics,10.0,5475.79,54757.9,2025-04-17 06:00:00,2026-08-07 20:10:16,order_items.csv,2026-08-07,Order ID not found in orders
ITEM000021471,ORD00015001,SKU02101,Universal disintermediate architecture,Electronics,7.0,11241.72,78692.04,2025-04-17 06:00:00,2026-08-07 20:10:16,order_items.csv,2026-08-07,Order ID not found in orders
ITEM000021588,ORD00049601,SKU03343,Proactive dedicated task-force,Clothing,5.0,10275.03,51375.15,2025-04-17 06:00:00,2026-08-07 20:10:16,order_items.csv,2026-08-07,Order ID not found in orders
ITEM000021749,ORD00005101,SKU00974,Intuitive modular customer loyalty,Toys,6.0,10688.4,64130.4,2025-04-17 06:00:00,2026-08-07 20:10:16,order_items.csv,2026-08-07,Order ID not found in orders
ITEM000021887,ORD00014601,SKU00062,Business-focused tertiary infrastructure,Sports,1.0,3948.35,3948.35,2025-04-17 06:00:00,2026-08-07 20:10:16,order_items.csv,2026-08-07,Order ID not found in orders
ITEM000021952,ORD00040601,SKU04777,Ameliorated discrete success,Toys,7.0,4320.24,30241.68,2025-04-17 06:00:00,2026-08-07 20:10:16,order_items.csv,2026-08-07,Order ID not found in orders
ITEM000022154,ORD00015701,SKU01829,User-friendly client-server solution,Electronics,5.0,7852.76,39263.8,2025-04-17 06:00:00,2026-08-07 20:10:16,order_items.csv,2026-08-07,Order ID not found in orders
ITEM000022168,ORD00046901,SKU02355,Polarized cohesive synergy,Beauty,7.0,5557.73,38904.11,2025-04-17 06:00:00,2026-08-07 20:10:16,order_items.csv,2026-08-07,Order ID not found in orders
ITEM000022218,ORD00031301,SKU01094,Re-contextualized value-added emulation,Beauty,4.0,14686.56,58746.24,2025-04-17 06:00:00,2026-08-07 20:10:16,order_items.csv,2026-08-07,Order ID not found in orders
ITEM000022321,ORD00049501,SKU02399,Profound stable functionalities,Beauty,7.0,589.96,4129.72,2025-04-17 06:00:00,2026-08-07 20:10:16,order_items.csv,2026-08-07,Order ID not found in orders
ITEM000022339,ORD00028801,SKU01165,Decentralized asymmetric hub,Home & Kitchen,7.0,3459.89,24219.23,2025-04-17 06:00:00,2026-08-07 20:10:16,order_items.csv,2026-08-07,Order ID not found in orders
ITEM000022466,ORD00027501,SKU02223,Vision-oriented contextually-based attitude,Toys,4.0,4262.97,17051.88,2025-04-17 06:00:00,2026-08-07 20:10:16,order_items.csv,2026-08-07,Order ID not found in orders
ITEM000022552,ORD00041601,SKU04715,Cross-group dynamic hierarchy,Books,1.0,8334.22,8334.22,2025-04-17 06:00:00,2026-08-07 20:10:16,order_items.csv,2026-08-07,Order ID not found in orders
ITEM000022559,ORD00009201,SKU00966,User-centric incremental workforce,Electronics,4.0,10380.86,41523.44,2025-04-17 06:00:00,2026-08-07 20:10:16,order_items.csv,2026-08-07,Order ID not found in orders
ITEM000022597,ORD00046801,SKU01505,Cross-platform foreground intranet,Sports,2.0,4027.04,8054.08,2025-04-17 06:00:00,2026-08-07 20:10:16,order_items.csv,2026-08-07,Order ID not found in orders
ITEM000022615,ORD00009801,SKU04258,Multi-tiered upward-trending synergy,Sports,9.0,9538.08,85842.72,2025-04-17 06:00:00,2026-08-07 20:10:16,order_items.csv,2026-08-07,Order ID not found in orders
ITEM000022708,ORD00035601,SKU03976,Customizable maximized paradigm,Home & Kitchen,7.0,291.47,2040.29,2025-04-17 06:00:00,2026-08-07 20:10:16,order_items.csv,2026-08-07,Order ID not found in orders
ITEM000022746,ORD00000001,SKU00314,Focused static pricing structure,Books,10.0,3024.85,30248.5,2025-04-17 06:00:00,2026-08-07 20:10:16,order_items.csv,2026-08-07,Order ID not found in orders
ITEM000022839,ORD00042701,SKU02791,Operative analyzing project,Electronics,1.0,1716.56,1716.56,2025-04-17 06:00:00,2026-08-07 20:10:16,order_items.csv,2026-08-07,Order ID not found in orders
ITEM000022846,ORD00032901,SKU03957,Down-sized interactive paradigm,Home & Kitchen,4.0,4798.13,19192.52,2025-04-17 06:00:00,2026-08-07 20:10:16,order_items.csv,2026-08-07,Order ID not found in orders
ITEM000022966,ORD00030501,SKU00547,Universal contextually-based software,Sports,3.0,6640.14,19920.42,2025-04-17 06:00:00,2026-08-07 20:10:16,order_items.csv,2026-08-07,Order ID not found in orders
ITEM000022971,ORD00003301,SKU04559,Compatible homogeneous algorithm,Beauty,7.0,10033.89,70237.23,2025-04-17 06:00:00,2026-08-07 20:10:16,order_items.csv,2026-08-07,Order ID not found in orders
ITEM000022979,ORD00037701,SKU00221,Intuitive local customer loyalty,Books,4.0,8378.39,33513.56,2025-04-17 06:00:00,2026-08-07 20:10:16,order_items.csv,2026-08-07,Order ID not found in orders
ITEM000023072,ORD00037801,SKU04046,Focused value-added portal,Books,10.0,13684.82,136848.2,2025-04-17 06:00:00,2026-08-07 20:10:16,order_items.csv,2026-08-07,Order ID not found in orders
ITEM000023111,ORD00008701,SKU02661,Enhanced logistical moderator,Clothing,10.0,11388.75,113887.5,2025-04-17 06:00:00,2026-08-07 20:10:16,order_items.csv,2026-08-07,Order ID not found in orders
ITEM000023150,ORD00024201,SKU01140,Horizontal tertiary monitoring,Toys,5.0,11303.6,56518.0,2025-04-17 06:00:00,2026-08-07 20:10:16,order_items.csv,2026-08-07,Order ID not found in orders
ITEM000023594,ORD00040801,SKU00235,Streamlined needs-based database,Sports,8.0,3378.69,27029.52,2025-04-17 06:00:00,2026-08-07 20:10:16,order_items.csv,2026-08-07,Order ID not found in orders
ITEM000023633,ORD00013901,SKU01926,Re-engineered tangible ability,Sports,4.0,12756.54,51026.16,2025-04-17 06:00:00,2026-08-07 20:10:16,order_items.csv,2026-08-07,Order ID not found in orders
ITEM000023736,ORD00027801,SKU02357,Automated global orchestration,Clothing,4.0,4101.2,16404.8,2025-04-17 06:00:00,2026-08-07 20:10:16,order_items.csv,2026-08-07,Order ID not found in orders
ITEM000023807,ORD00003301,SKU02411,Reactive incremental neural-net,Beauty,4.0,3761.5,15046.0,2025-04-17 06:00:00,2026-08-07 20:10:16,order_items.csv,2026-08-07,Order ID not found in orders
ITEM000023924,ORD00020501,SKU01772,Fully-configurable contextually-based groupware,Electronics,3.0,14893.34,44680.02,2025-04-17 06:00:00,2026-08-07 20:10:16,order_items.csv,2026-08-07,Order ID not found in orders
ITEM000024147,ORD00027101,SKU01184,Networked fresh-thinking budgetary management,Clothing,6.0,277.62,1665.72,2025-04-17 06:00:00,2026-08-07 20:10:16,order_items.csv,2026-08-07,Order ID not found in orders
ITEM000024397,ORD00014601,SKU02897,Down-sized modular infrastructure,Toys,4.0,8926.03,35704.12,2025-04-17 06:00:00,2026-08-07 20:10:16,order_items.csv,2026-08-07,Order ID not found in orders
ITEM000024578,ORD00038801,SKU00777,Open-architected logistical array,Grocery,3.0,4072.0,12216.0,2025-04-17 06:00:00,2026-08-07 20:10:16,order_items.csv,2026-08-07,Order ID not found in orders
ITEM000024799,ORD00031701,SKU00769,Open-architected content-based workforce,Beauty,9.0,10993.54,98941.86,2025-04-17 06:00:00,2026-08-07 20:10:16,order_items.csv,2026-08-07,Order ID not found in orders
ITEM000024881,ORD00021801,SKU02336,Horizontal fault-tolerant budgetary management,Sports,4.0,5500.68,22002.72,2025-04-17 06:00:00,2026-08-07 20:10:16,order_items.csv,2026-08-07,Order ID not found in orders
ITEM000024930,ORD00002601,SKU04038,Cross-platform didactic flexibility,Toys,4.0,2944.9,11779.6,2025-04-17 06:00:00,2026-08-07 20:10:16,order_items.csv,2026-08-07,Order ID not found in orders
ITEM000024933,ORD00020401,SKU04778,Robust motivating leverage,Clothing,3.0,1352.91,4058.73,2025-04-17 06:00:00,2026-08-07 20:10:16,order_items.csv,2026-08-07,Order ID not found in orders
ITEM000024935,ORD00001101,SKU00537,Integrated foreground strategy,Sports,3.0,3911.15,11733.45,2025-04-17 06:00:00,2026-08-07 20:10:16,order_items.csv,2026-08-07,Order ID not found in orders
ITEM000025031,ORD00019501,SKU02435,Enterprise-wide client-driven ability,Books,4.0,389.36,1557.44,2025-04-17 06:00:00,2026-08-07 20:10:16,order_items.csv,2026-08-07,Order ID not found in orders
ITEM000025114,ORD00024001,SKU00690,Diverse regional leverage,Toys,7.0,9621.73,67352.11,2025-04-17 06:00:00,2026-08-07 20:10:16,order_items.csv,2026-08-07,Order ID not found in orders
ITEM000025294,ORD00009801,SKU01067,Fully-configurable secondary algorithm,Grocery,4.0,3157.7,12630.8,2025-04-17 06:00:00,2026-08-07 20:10:16,order_items.csv,2026-08-07,Order ID not found in orders
ITEM000025408,ORD00012701,SKU04905,Ergonomic human-resource frame,Toys,6.0,86.49,518.94,2025-04-17 06:00:00,2026-08-07 20:10:16,order_items.csv,2026-08-07,Order ID not found in orders
ITEM000025834,ORD00001001,SKU00836,Assimilated explicit success,Home & Kitchen,2.0,8076.01,16152.02,2025-04-17 06:00:00,2026-08-07 20:10:16,order_items.csv,2026-08-07,Order ID not found in orders
ITEM000025858,ORD00015901,SKU01821,Sharable maximized open system,Clothing,6.0,12199.16,73194.96,2025-04-17 06:00:00,2026-08-07 20:10:16,order_items.csv,2026-08-07,Order ID not found in orders
ITEM000026125,ORD00047001,SKU03389,Organic object-oriented challenge,Books,6.0,11013.86,66083.16,2025-04-17 06:00:00,2026-08-07 20:10:16,order_items.csv,2026-08-07,Order ID not found in orders
ITEM000026182,ORD00008401,SKU00228,User-centric heuristic knowledge user,Beauty,2.0,1074.4,2148.8,2025-04-17 06:00:00,2026-08-07 20:10:16,order_items.csv,2026-08-07,Order ID not found in orders
ITEM000026312,ORD00015201,SKU04347,Expanded didactic solution,Toys,5.0,8725.46,43627.3,2025-04-17 06:00:00,2026-08-07 20:10:16,order_items.csv,2026-08-07,Order ID not found in orders
ITEM000026741,ORD00011101,SKU01582,Progressive motivating firmware,Toys,10.0,3162.13,31621.3,2025-04-17 06:00:00,2026-08-07 20:10:16,order_items.csv,2026-08-07,Order ID not found in orders
ITEM000026902,ORD00004201,SKU03534,Right-sized system-worthy budgetary management,Electronics,7.0,2934.8,20543.6,2025-04-17 06:00:00,2026-08-07 20:10:16,order_items.csv,2026-08-07,Order ID not found in orders
ITEM000027000,ORD00015501,SKU03003,Devolved asynchronous capacity,Electronics,3.0,8372.03,25116.09,2025-04-17 06:00:00,2026-08-07 20:10:16,order_items.csv,2026-08-07,Order ID not found in orders
ITEM000027186,ORD00008701,SKU03584,Polarized contextually-based array,Beauty,4.0,6020.83,24083.32,2025-04-17 06:00:00,2026-08-07 20:10:16,order_items.csv,2026-08-07,Order ID not found in orders
ITEM000027246,ORD00022201,SKU04672,Decentralized neutral Local Area Network,Toys,7.0,5750.1,40250.7,2025-04-17 06:00:00,2026-08-07 20:10:16,order_items.csv,2026-08-07,Order ID not found in orders
ITEM000027277,ORD00026601,SKU04547,Right-sized homogeneous standardization,Home & Kitchen,5.0,2040.01,10200.05,2025-04-17 06:00:00,2026-08-07 20:10:16,order_items.csv,2026-08-07,Order ID not found in orders
ITEM000027339,ORD00035401,SKU04591,Open-architected eco-centric website,Home & Kitchen,1.0,8442.36,8442.36,2025-04-17 06:00:00,2026-08-07 20:10:16,order_items.csv,2026-08-07,Order ID not found in orders
ITEM000027365,ORD00048401,SKU01730,Networked analyzing hardware,Beauty,3.0,1769.07,5307.21,2025-04-17 06:00:00,2026-08-07 20:10:16,order_items.csv,2026-08-07,Order ID not found in orders
ITEM000027419,ORD00048101,SKU04741,Versatile multi-tasking array,Toys,7.0,13334.72,93343.04,2025-04-17 06:00:00,2026-08-07 20:10:16,order_items.csv,2026-08-07,Order ID not found in orders
ITEM000027458,ORD00038701,SKU01891,Innovative encompassing portal,Sports,10.0,11285.29,112852.9,2025-04-17 06:00:00,2026-08-07 20:10:16,order_items.csv,2026-08-07,Order ID not found in orders
ITEM000027781,ORD00049301,SKU03656,Persevering intangible firmware,Grocery,9.0,14392.9,129536.1,2025-04-17 06:00:00,2026-08-07 20:10:16,order_items.csv,2026-08-07,Order ID not found in orders
ITEM000027847,ORD00009901,SKU04387,Inverse mobile migration,Toys,5.0,10369.22,51846.1,2025-04-17 06:00:00,2026-08-07 20:10:16,order_items.csv,2026-08-07,Order ID not found in orders
ITEM000027874,ORD00017701,SKU03230,Virtual 4thgeneration instruction set,Clothing,2.0,4144.64,8289.28,2025-04-17 06:00:00,2026-08-07 20:10:16,order_items.csv,2026-08-07,Order ID not found in orders
ITEM000027910,ORD00005501,SKU02308,Cross-group global pricing structure,Grocery,9.0,9928.82,89359.38,2025-04-17 06:00:00,2026-08-07 20:10:16,order_items.csv,2026-08-07,Order ID not found in orders
ITEM000027927,ORD00034301,SKU00441,Managed non-volatile approach,Books,9.0,12417.17,111754.53,2025-04-17 06:00:00,2026-08-07 20:10:16,order_items.csv,2026-08-07,Order ID not found in orders
ITEM000027981,ORD00008001,SKU01895,Secured content-based moratorium,Sports,10.0,3194.91,31949.1,2025-04-17 06:00:00,2026-08-07 20:10:16,order_items.csv,2026-08-07,Order ID not found in orders
ITEM000028104,ORD00006301,SKU00065,Phased incremental middleware,Beauty,4.0,11734.02,46936.08,2025-04-17 06:00:00,2026-08-07 20:10:16,order_items.csv,2026-08-07,Order ID not found in orders
ITEM000028246,ORD00000501,SKU00235,Streamlined needs-based database,Sports,8.0,3378.69,27029.52,2025-04-17 06:00:00,2026-08-07 20:10:16,order_items.csv,2026-08-07,Order ID not found in orders
ITEM000028289,ORD00043301,SKU02213,Re-contextualized encompassing portal,Electronics,5.0,7105.26,35526.3,2025-04-17 06:00:00,2026-08-07 20:10:16,order_items.csv,2026-08-07,Order ID not found in orders
ITEM000028321,ORD00049101,SKU00549,Down-sized bandwidth-monitored moratorium,Sports,4.0,7656.05,30624.2,2025-04-17 06:00:00,2026-08-07 20:10:16,order_items.csv,2026-08-07,Order ID not found in orders
ITEM000028328,ORD00020701,SKU02654,Multi-tiered maximized superstructure,Beauty,9.0,867.0,7803.0,2025-04-17 06:00:00,2026-08-07 20:10:16,order_items.csv,2026-08-07,Order ID not found in orders
ITEM000028348,ORD00043801,SKU00633,Up-sized 3rdgeneration project,Beauty,2.0,1040.02,2080.04,2025-04-17 06:00:00,2026-08-07 20:10:16,order_items.csv,2026-08-07,Order ID not found in orders
ITEM000028419,ORD00029801,SKU01369,Secured high-level installation,Grocery,7.0,9009.1,63063.7,2025-04-17 06:00:00,2026-08-07 20:10:16,order_items.csv,2026-08-07,Order ID not found in orders
ITEM000028459,ORD00046401,SKU04104,Re-engineered multimedia open architecture,Sports,3.0,1972.22,5916.66,2025-04-17 06:00:00,2026-08-07 20:10:16,order_items.csv,2026-08-07,Order ID not found in orders
ITEM000028496,ORD00006801,SKU04269,Synergized mission-critical knowledge user,Toys,6.0,13660.49,81962.94,2025-04-17 06:00:00,2026-08-07 20:10:16,order_items.csv,2026-08-07,Order ID not found in orders
ITEM000028557,ORD00011301,SKU01797,Horizontal next generation portal,Home & Kitchen,1.0,7046.89,7046.89,2025-04-17 06:00:00,2026-08-07 20:10:16,order_items.csv,2026-08-07,Order ID not found in orders
ITEM000028563,ORD00006901,SKU01027,Programmable systemic throughput,Home & Kitchen,10.0,5088.43,50884.3,2025-04-17 06:00:00,2026-08-07 20:10:16,order_items.csv,2026-08-07,Order ID not found in orders
ITEM000028652,ORD00045601,SKU01639,Diverse transitional knowledgebase,Sports,2.0,2276.58,4553.16,2025-04-17 06:00:00,2026-08-07 20:10:16,order_items.csv,2026-08-07,Order ID not found in orders
ITEM000028698,ORD00022501,SKU03326,Fully-configurable context-sensitive paradigm,Toys,9.0,713.25,6419.25,2025-04-17 06:00:00,2026-08-07 20:10:16,order_items.csv,2026-08-07,Order ID not found in orders
ITEM000028931,ORD00026201,SKU03627,Enterprise-wide directional extranet,Grocery,10.0,7984.78,79847.8,2025-04-17 06:00:00,2026-08-07 20:10:16,order_items.csv,2026-08-07,Order ID not found in orders
ITEM000028961,ORD00021701,SKU03190,Optional holistic product,Electronics,10.0,5580.33,55803.3,2025-04-17 06:00:00,2026-08-07 20:10:16,order_items.csv,2026-08-07,Order ID not found in orders
ITEM000029000,ORD00032201,SKU00206,Cloned optimal frame,Grocery,8.0,9800.5,78404.0,2025-04-17 06:00:00,2026-08-07 20:10:16,order_items.csv,2026-08-07,Order ID not found in orders
ITEM000029742,ORD00038201,SKU01312,De-engineered radical hardware,Clothing,6.0,11737.34,70424.04,2025-04-17 06:00:00,2026-08-07 20:10:16,order_items.csv,2026-08-07,Order ID not found in orders
ITEM000029809,ORD00012001,SKU02512,Re-contextualized asynchronous hardware,Beauty,4.0,5881.22,23524.88,2025-04-17 06:00:00,2026-08-07 20:10:16,order_items.csv,2026-08-07,Order ID not found in orders
ITEM000029876,ORD00019401,SKU00866,Open-source multi-state projection,Electronics,6.0,1322.89,7937.34,2025-04-17 06:00:00,2026-08-07 20:10:16,order_items.csv,2026-08-07,Order ID not found in orders
ITEM000029886,ORD00045001,SKU00962,Optimized bottom-line middleware,Electronics,1.0,11724.34,11724.34,2025-04-17 06:00:00,2026-08-07 20:10:16,order_items.csv,2026-08-07,Order ID not found in orders
ITEM000029962,ORD00015801,SKU00641,Sharable reciprocal projection,Beauty,10.0,12112.83,121128.3,2025-04-17 06:00:00,2026-08-07 20:10:16,order_items.csv,2026-08-07,Order ID not found in orders
ITEM000029994,ORD00011201,SKU01399,Reduced analyzing benchmark,Home & Kitchen,10.0,10658.11,106581.1,2025-04-17 06:00:00,2026-08-07 20:10:16,order_items.csv,2026-08-07,Order ID not found in orders
ITEM000030077,ORD00024301,SKU03366,Customer-focused local array,Books,4.0,3652.61,14610.44,2025-04-17 06:00:00,2026-08-07 20:10:16,order_items.csv,2026-08-07,Order ID not found in orders
ITEM000030092,ORD00007701,SKU03308,Virtual empowering application,Home & Kitchen,6.0,8669.28,52015.68,2025-04-17 06:00:00,2026-08-07 20:10:16,order_items.csv,2026-08-07,Order ID not found in orders
ITEM000030153,ORD00039101,SKU00416,Polarized grid-enabled database,Clothing,8.0,6313.31,50506.48,2025-04-17 06:00:00,2026-08-07 20:10:16,order_items.csv,2026-08-07,Order ID not found in orders
ITEM000030450,ORD00042701,SKU01063,Stand-alone web-enabled synergy,Home & Kitchen,7.0,14208.75,99461.25,2025-04-17 06:00:00,2026-08-07 20:10:16,order_items.csv,2026-08-07,Order ID not found in orders
ITEM000030545,ORD00044501,SKU03395,Self-enabling modular hub,Grocery,2.0,14068.05,28136.1,2025-04-17 06:00:00,2026-08-07 20:10:16,order_items.csv,2026-08-07,Order ID not found in orders
ITEM000030568,ORD00037101,SKU01705,Monitored zero tolerance policy,Home & Kitchen,8.0,10624.87,84998.96,2025-04-17 06:00:00,2026-08-07 20:10:16,order_items.csv,2026-08-07,Order ID not found in orders
ITEM000030646,ORD00025901,SKU02449,Object-based multi-state Internet solution,Toys,9.0,12163.02,109467.18,2025-04-17 06:00:00,2026-08-07 20:10:16,order_items.csv,2026-08-07,Order ID not found in orders
ITEM000030662,ORD00010601,SKU01521,Synchronized bottom-line encryption,Electronics,10.0,6285.95,62859.5,2025-04-17 06:00:00,2026-08-07 20:10:16,order_items.csv,2026-08-07,Order ID not found in orders
ITEM000030885,ORD00029701,SKU01351,Phased national adapter,Toys,10.0,11399.03,113990.3,2025-04-17 06:00:00,2026-08-07 20:10:16,order_items.csv,2026-08-07,Order ID not found in orders
ITEM000030993,ORD00024201,SKU00283,Cross-group fault-tolerant Graphical User Interfac,Books,6.0,2753.91,16523.46,2025-04-17 06:00:00,2026-08-07 20:10:16,order_items.csv,2026-08-07,Order ID not found in orders
ITEM000031063,ORD00046601,SKU01180,Automated static circuit,Books,6.0,10765.9,64595.4,2025-04-17 06:00:00,2026-08-07 20:10:16,order_items.csv,2026-08-07,Order ID not found in orders
ITEM000031192,ORD00031701,SKU01370,Compatible foreground hub,Beauty,8.0,7798.33,62386.64,2025-04-17 06:00:00,2026-08-07 20:10:16,order_items.csv,2026-08-07,Order ID not found in orders
ITEM000031289,ORD00022601,SKU02045,Distributed system-worthy portal,Books,10.0,7085.91,70859.1,2025-04-17 06:00:00,2026-08-07 20:10:16,order_items.csv,2026-08-07,Order ID not found in orders
ITEM000031363,ORD00041701,SKU04478,Managed content-based encoding,Toys,9.0,12697.27,114275.43,2025-04-17 06:00:00,2026-08-07 20:10:16,order_items.csv,2026-08-07,Order ID not found in orders
ITEM000031392,ORD00010701,SKU03825,Polarized leadingedge analyzer,Beauty,5.0,8089.4,40447.0,2025-04-17 06:00:00,2026-08-07 20:10:16,order_items.csv,2026-08-07,Order ID not found in orders
ITEM000031422,ORD00025201,SKU04383,Versatile transitional Local Area Network,Electronics,6.0,9962.53,59775.18,2025-04-17 06:00:00,2026-08-07 20:10:16,order_items.csv,2026-08-07,Order ID not found in orders
ITEM000031526,ORD00044001,SKU04494,Optimized dedicated leverage,Home & Kitchen,7.0,13475.53,94328.71,2025-04-17 06:00:00,2026-08-07 20:10:16,order_items.csv,2026-08-07,Order ID not found in orders
ITEM000031709,ORD00041901,SKU04707,Phased empowering middleware,Grocery,2.0,1713.35,3426.7,2025-04-17 06:00:00,2026-08-07 20:10:16,order_items.csv,2026-08-07,Order ID not found in orders
ITEM000031734,ORD00016001,SKU03751,Face-to-face asynchronous strategy,Grocery,8.0,9462.95,75703.6,2025-04-17 06:00:00,2026-08-07 20:10:16,order_items.csv,2026-08-07,Order ID not found in orders
ITEM000031788,ORD00048101,SKU00254,Decentralized motivating matrix,Sports,8.0,10956.52,87652.16,2025-04-17 06:00:00,2026-08-07 20:10:16,order_items.csv,2026-08-07,Order ID not found in orders
ITEM000031849,ORD00039401,SKU00973,Future-proofed non-volatile solution,Beauty,1.0,8796.88,8796.88,2025-04-17 06:00:00,2026-08-07 20:10:16,order_items.csv,2026-08-07,Order ID not found in orders
ITEM000031857,ORD00023401,SKU04025,Pre-emptive global frame,Electronics,6.0,9326.18,55957.08,2025-04-17 06:00:00,2026-08-07 20:10:16,order_items.csv,2026-08-07,Order ID not found in orders
ITEM000031895,ORD00046701,SKU03936,Cross-platform multi-tasking knowledge user,Sports,4.0,13766.86,55067.44,2025-04-17 06:00:00,2026-08-07 20:10:16,order_items.csv,2026-08-07,Order ID not found in orders
ITEM000031952,ORD00038101,SKU01647,Innovative intangible open system,Books,10.0,9604.35,96043.5,2025-04-17 06:00:00,2026-08-07 20:10:16,order_items.csv,2026-08-07,Order ID not found in orders
ITEM000032030,ORD00002901,SKU03701,Adaptive human-resource frame,Toys,9.0,2818.5,25366.5,2025-04-17 06:00:00,2026-08-07 20:10:16,order_items.csv,2026-08-07,Order ID not found in orders
ITEM000032112,ORD00042801,SKU04043,Pre-emptive transitional concept,Electronics,2.0,7021.12,14042.24,2025-04-17 06:00:00,2026-08-07 20:10:16,order_items.csv,2026-08-07,Order ID not found in orders
ITEM000032165,ORD00040801,SKU00396,Profit-focused needs-based neural-net,Clothing,1.0,8593.29,8593.29,2025-04-17 06:00:00,2026-08-07 20:10:16,order_items.csv,2026-08-07,Order ID not found in orders
ITEM000032280,ORD00032401,SKU03511,Function-based real-time challenge,Books,4.0,7388.16,29552.64,2025-04-17 06:00:00,2026-08-07 20:10:16,order_items.csv,2026-08-07,Order ID not found in orders
ITEM000032307,ORD00015401,SKU00083,Synchronized 5thgeneration algorithm,Grocery,7.0,13247.79,92734.53,2025-04-17 06:00:00,2026-08-07 20:10:16,order_items.csv,2026-08-07,Order ID not found in orders
ITEM000032534,ORD00010901,SKU04162,Down-sized mission-critical software,Sports,3.0,10440.84,31322.52,2025-04-17 06:00:00,2026-08-07 20:10:16,order_items.csv,2026-08-07,Order ID not found in orders
ITEM000032670,ORD00032601,SKU04255,Profit-focused high-level alliance,Home & Kitchen,1.0,8641.76,8641.76,2025-04-17 06:00:00,2026-08-07 20:10:16,order_items.csv,2026-08-07,Order ID not found in orders
ITEM000032717,ORD00038701,SKU02635,Focused asynchronous budgetary management,Beauty,10.0,723.33,7233.3,2025-04-17 06:00:00,2026-08-07 20:10:16,order_items.csv,2026-08-07,Order ID not found in orders
ITEM000032775,ORD00032201,SKU02601,Devolved hybrid archive,Home & Kitchen,3.0,6101.18,18303.54,2025-04-17 06:00:00,2026-08-07 20:10:16,order_items.csv,2026-08-07,Order ID not found in orders
ITEM000032946,ORD00027801,SKU02866,Progressive encompassing flexibility,Books,2.0,5799.62,11599.24,2025-04-17 06:00:00,2026-08-07 20:10:16,order_items.csv,2026-08-07,Order ID not found in orders
ITEM000033045,ORD00030701,SKU04120,Quality-focused 24/7 capability,Books,6.0,6582.36,39494.16,2025-04-17 06:00:00,2026-08-07 20:10:16,order_items.csv,2026-08-07,Order ID not found in orders
ITEM000033095,ORD00038801,SKU03736,Ameliorated 5thgeneration installation,Electronics,7.0,10129.3,70905.1,2025-04-17 06:00:00,2026-08-07 20:10:16,order_items.csv,2026-08-07,Order ID not found in orders
ITEM000033107,ORD00048201,SKU04314,Stand-alone attitude-oriented framework,Books,4.0,11009.53,44038.12,2025-04-17 06:00:00,2026-08-07 20:10:16,order_items.csv,2026-08-07,Order ID not found in orders
ITEM000033180,ORD00004801,SKU03594,Secured fault-tolerant standardization,Beauty,9.0,843.09,7587.81,2025-04-17 06:00:00,2026-08-07 20:10:16,order_items.csv,2026-08-07,Order ID not found in orders
ITEM000033227,ORD00009201,SKU00765,Phased content-based open system,Grocery,1.0,91.31,91.31,2025-04-17 06:00:00,2026-08-07 20:10:16,order_items.csv,2026-08-07,Order ID not found in orders
ITEM000033440,ORD00020601,SKU02273,Extended web-enabled encoding,Electronics,2.0,8024.66,16049.32,2025-04-17 06:00:00,2026-08-07 20:10:16,order_items.csv,2026-08-07,Order ID not found in orders
ITEM000033631,ORD00028701,SKU02291,Robust heuristic alliance,Home & Kitchen,9.0,4425.97,39833.73,2025-04-17 06:00:00,2026-08-07 20:10:16,order_items.csv,2026-08-07,Order ID not found in orders
ITEM000033656,ORD00040701,SKU02906,Enhanced high-level moderator,Electronics,1.0,9678.1,9678.1,2025-04-17 06:00:00,2026-08-07 20:10:16,order_items.csv,2026-08-07,Order ID not found in orders
ITEM000033698,ORD00010701,SKU00870,De-engineered next generation function,Electronics,3.0,14202.35,42607.05,2025-04-17 06:00:00,2026-08-07 20:10:16,order_items.csv,2026-08-07,Order ID not found in orders
ITEM000033819,ORD00032101,SKU02777,Multi-layered radical website,Grocery,6.0,4790.7,28744.2,2025-04-17 06:00:00,2026-08-07 20:10:16,order_items.csv,2026-08-07,Order ID not found in orders
ITEM000034180,ORD00011401,SKU04714,Self-enabling multi-state function,Toys,10.0,4929.06,49290.6,2025-04-17 06:00:00,2026-08-07 20:10:16,order_items.csv,2026-08-07,Order ID not found in orders
ITEM000034228,ORD00043601,SKU02162,Diverse actuating access,Home & Kitchen,7.0,10561.92,73933.44,2025-04-17 06:00:00,2026-08-07 20:10:16,order_items.csv,2026-08-07,Order ID not found in orders
ITEM000034243,ORD00041201,SKU01170,Monitored demand-driven process improvement,Toys,9.0,3237.44,29136.96,2025-04-17 06:00:00,2026-08-07 20:10:16,order_items.csv,2026-08-07,Order ID not found in orders
ITEM000034266,ORD00023901,SKU01123,Optional interactive throughput,Home & Kitchen,5.0,3356.37,16781.85,2025-04-17 06:00:00,2026-08-07 20:10:16,order_items.csv,2026-08-07,Order ID not found in orders
ITEM000034287,ORD00037901,SKU01744,Advanced impactful time-frame,Sports,7.0,9091.37,63639.59,2025-04-17 06:00:00,2026-08-07 20:10:16,order_items.csv,2026-08-07,Order ID not found in orders
ITEM000034374,ORD00007801,SKU01728,Visionary heuristic core,Toys,10.0,11597.76,115977.6,2025-04-17 06:00:00,2026-08-07 20:10:16,order_items.csv,2026-08-07,Order ID not found in orders
ITEM000034699,ORD00018301,SKU03644,Self-enabling exuding archive,Toys,6.0,6255.88,37535.28,2025-04-17 06:00:00,2026-08-07 20:10:16,order_items.csv,2026-08-07,Order ID not found in orders
ITEM000034709,ORD00009301,SKU01179,De-engineered national knowledgebase,Home & Kitchen,1.0,881.45,881.45,2025-04-17 06:00:00,2026-08-07 20:10:16,order_items.csv,2026-08-07,Order ID not found in orders
ITEM000034838,ORD00046201,SKU03339,Customer-focused incremental capacity,Beauty,7.0,14724.31,103070.17,2025-04-17 06:00:00,2026-08-07 20:10:16,order_items.csv,2026-08-07,Order ID not found in orders
ITEM000034965,ORD00009901,SKU03247,Stand-alone solution-oriented info-mediaries,Books,2.0,6530.3,13060.6,2025-04-17 06:00:00,2026-08-07 20:10:16,order_items.csv,2026-08-07,Order ID not found in orders
ITEM000035120,ORD00004301,SKU03339,Customer-focused incremental capacity,Beauty,5.0,14724.31,73621.55,2025-04-17 06:00:00,2026-08-07 20:10:16,order_items.csv,2026-08-07,Order ID not found in orders
ITEM000035160,ORD00012901,SKU03141,Enterprise-wide maximized moderator,Toys,3.0,520.25,1560.75,2025-04-17 06:00:00,2026-08-07 20:10:16,order_items.csv,2026-08-07,Order ID not found in orders
ITEM000035316,ORD00029301,SKU02382,Focused 24hour alliance,Books,5.0,8639.58,43197.9,2025-04-17 06:00:00,2026-08-07 20:10:16,order_items.csv,2026-08-07,Order ID not found in orders
ITEM000035331,ORD00046901,SKU00882,Streamlined well-modulated success,Home & Kitchen,2.0,11633.89,23267.78,2025-04-17 06:00:00,2026-08-07 20:10:16,order_items.csv,2026-08-07,Order ID not found in orders
ITEM000035626,ORD00047901,SKU02464,Polarized 24/7 success,Grocery,6.0,12700.46,76202.76,2025-04-17 06:00:00,2026-08-07 20:10:16,order_items.csv,2026-08-07,Order ID not found in orders
ITEM000035730,ORD00016301,SKU01495,Public-key 3rdgeneration knowledgebase,Grocery,9.0,11725.57,105530.13,2025-04-17 06:00:00,2026-08-07 20:10:16,order_items.csv,2026-08-07,Order ID not found in orders
ITEM000035763,ORD00017901,SKU01978,Open-architected executive encoding,Beauty,4.0,10523.78,42095.12,2025-04-17 06:00:00,2026-08-07 20:10:16,order_items.csv,2026-08-07,Order ID not found in orders
ITEM000035983,ORD00001401,SKU03860,Multi-tiered analyzing website,Sports,9.0,6866.47,61798.23,2025-04-17 06:00:00,2026-08-07 20:10:16,order_items.csv,2026-08-07,Order ID not found in orders
ITEM000036159,ORD00038001,SKU04705,Expanded zero tolerance complexity,Sports,2.0,11006.98,22013.96,2025-04-17 06:00:00,2026-08-07 20:10:16,order_items.csv,2026-08-07,Order ID not found in orders
ITEM000036270,ORD00040801,SKU04370,Multi-layered coherent artificial intelligence,Home & Kitchen,5.0,10355.6,51778.0,2025-04-17 06:00:00,2026-08-07 20:10:16,order_items.csv,2026-08-07,Order ID not found in orders
ITEM000036319,ORD00001501,SKU00920,Profound tertiary website,Clothing,9.0,1437.69,12939.21,2025-04-17 06:00:00,2026-08-07 20:10:16,order_items.csv,2026-08-07,Order ID not found in orders
ITEM000036411,ORD00009101,SKU02333,Advanced bifurcated encoding,Beauty,10.0,4121.4,41214.0,2025-04-17 06:00:00,2026-08-07 20:10:16,order_items.csv,2026-08-07,Order ID not found in orders
ITEM000036462,ORD00018101,SKU02201,Optimized content-based software,Electronics,4.0,2984.97,11939.88,2025-04-17 06:00:00,2026-08-07 20:10:16,order_items.csv,2026-08-07,Order ID not found in orders
ITEM000036549,ORD00005501,SKU04924,Switchable 24hour capacity,Grocery,3.0,1174.78,3524.34,2025-04-17 06:00:00,2026-08-07 20:10:16,order_items.csv,2026-08-07,Order ID not found in orders
ITEM000036647,ORD00016901,SKU03283,Operative exuding data-warehouse,Grocery,8.0,2690.76,21526.08,2025-04-17 06:00:00,2026-08-07 20:10:16,order_items.csv,2026-08-07,Order ID not found in orders
ITEM000036689,ORD00019601,SKU02140,Total exuding artificial intelligence,Home & Kitchen,10.0,242.36,2423.6,2025-04-17 06:00:00,2026-08-07 20:10:16,order_items.csv,2026-08-07,Order ID not found in orders
ITEM000036810,ORD00034301,SKU01085,Secured cohesive definition,Sports,2.0,11629.2,23258.4,2025-04-17 06:00:00,2026-08-07 20:10:16,order_items.csv,2026-08-07,Order ID not found in orders
ITEM000036895,ORD00010901,SKU02508,Business-focused leadingedge projection,Home & Kitchen,6.0,13018.4,78110.4,2025-04-17 06:00:00,2026-08-07 20:10:16,order_items.csv,2026-08-07,Order ID not found in orders
ITEM000036934,ORD00018101,SKU03819,Open-architected logistical pricing structure,Sports,9.0,14515.34,130638.06,2025-04-17 06:00:00,2026-08-07 20:10:16,order_items.csv,2026-08-07,Order ID not found in orders
ITEM000037295,ORD00044901,SKU03480,User-centric fresh-thinking Internet solution,Home & Kitchen,1.0,7989.73,7989.73,2025-04-17 06:00:00,2026-08-07 20:10:16,order_items.csv,2026-08-07,Order ID not found in orders
ITEM000037360,ORD00019801,SKU03608,Implemented human-resource encoding,Sports,9.0,9295.64,83660.76,2025-04-17 06:00:00,2026-08-07 20:10:16,order_items.csv,2026-08-07,Order ID not found in orders
ITEM000037456,ORD00005701,SKU02336,Horizontal fault-tolerant budgetary management,Sports,3.0,5500.68,16502.04,2025-04-17 06:00:00,2026-08-07 20:10:16,order_items.csv,2026-08-07,Order ID not found in orders
ITEM000037762,ORD00030001,SKU02199,Object-based leadingedge focus group,Home & Kitchen,1.0,13991.09,13991.09,2025-04-17 06:00:00,2026-08-07 20:10:16,order_items.csv,2026-08-07,Order ID not found in orders
ITEM000037780,ORD00047001,SKU01372,De-engineered uniform methodology,Grocery,3.0,9973.08,29919.24,2025-04-17 06:00:00,2026-08-07 20:10:16,order_items.csv,2026-08-07,Order ID not found in orders
ITEM000037922,ORD00004201,SKU02193,Distributed needs-based alliance,Electronics,4.0,6788.63,27154.52,2025-04-17 06:00:00,2026-08-07 20:10:16,order_items.csv,2026-08-07,Order ID not found in orders
ITEM000037960,ORD00007201,SKU03535,Diverse asymmetric flexibility,Sports,10.0,5037.98,50379.8,2025-04-17 06:00:00,2026-08-07 20:10:16,order_items.csv,2026-08-07,Order ID not found in orders
ITEM000038011,ORD00047901,SKU01315,Persevering cohesive attitude,Books,2.0,8824.35,17648.7,2025-04-17 06:00:00,2026-08-07 20:10:16,order_items.csv,2026-08-07,Order ID not found in orders
ITEM000038172,ORD00039901,SKU01477,Polarized multi-state knowledge user,Beauty,9.0,9836.35,88527.15,2025-04-17 06:00:00,2026-08-07 20:10:16,order_items.csv,2026-08-07,Order ID not found in orders
ITEM000038179,ORD00010701,SKU00884,Synergistic upward-trending database,Beauty,6.0,7396.82,44380.92,2025-04-17 06:00:00,2026-08-07 20:10:16,order_items.csv,2026-08-07,Order ID not found in orders
ITEM000038214,ORD00028901,SKU02032,Profound systemic support,Books,6.0,5879.79,35278.74,2025-04-17 06:00:00,2026-08-07 20:10:16,order_items.csv,2026-08-07,Order ID not found in orders
ITEM000038288,ORD00014601,SKU02021,Inverse holistic interface,Toys,9.0,13334.03,120006.27,2025-04-17 06:00:00,2026-08-07 20:10:16,order_items.csv,2026-08-07,Order ID not found in orders
ITEM000038404,ORD00030901,SKU00188,Seamless secondary moratorium,Home & Kitchen,5.0,7906.78,39533.9,2025-04-17 06:00:00,2026-08-07 20:10:16,order_items.csv,2026-08-07,Order ID not found in orders
ITEM000038420,ORD00032101,SKU01972,Phased logistical migration,Home & Kitchen,2.0,9998.94,19997.88,2025-04-17 06:00:00,2026-08-07 20:10:16,order_items.csv,2026-08-07,Order ID not found in orders
ITEM000038423,ORD00039301,SKU02168,Synergistic 5thgeneration encryption,Clothing,2.0,10476.72,20953.44,2025-04-17 06:00:00,2026-08-07 20:10:16,order_items.csv,2026-08-07,Order ID not found in orders
ITEM000038475,ORD00040901,SKU02735,Centralized asymmetric functionalities,Electronics,5.0,10989.6,54948.0,2025-04-17 06:00:00,2026-08-07 20:10:16,order_items.csv,2026-08-07,Order ID not found in orders
ITEM000038529,ORD00032201,SKU01278,Proactive content-based complexity,Clothing,9.0,3990.61,35915.49,2025-04-17 06:00:00,2026-08-07 20:10:16,order_items.csv,2026-08-07,Order ID not found in orders
ITEM000038594,ORD00002101,SKU03485,Quality-focused asymmetric superstructure,Home & Kitchen,7.0,3682.43,25777.01,2025-04-17 06:00:00,2026-08-07 20:10:16,order_items.csv,2026-08-07,Order ID not found in orders
ITEM000038626,ORD00049101,SKU01253,Object-based reciprocal encoding,Grocery,9.0,9854.55,88690.95,2025-04-17 06:00:00,2026-08-07 20:10:16,order_items.csv,2026-08-07,Order ID not found in orders
ITEM000038900,ORD00003601,SKU04224,Public-key uniform superstructure,Books,6.0,9751.75,58510.5,2025-04-17 06:00:00,2026-08-07 20:10:16,order_items.csv,2026-08-07,Order ID not found in orders
ITEM000038988,ORD00007201,SKU02727,Decentralized dynamic parallelism,Sports,9.0,7365.08,66285.72,2025-04-17 06:00:00,2026-08-07 20:10:16,order_items.csv,2026-08-07,Order ID not found in orders
ITEM000039007,ORD00037801,SKU03826,Operative background approach,Beauty,2.0,5646.23,11292.46,2025-04-17 06:00:00,2026-08-07 20:10:16,order_items.csv,2026-08-07,Order ID not found in orders
ITEM000039096,ORD00011901,SKU00267,Organic methodical superstructure,Books,2.0,4087.85,8175.7,2025-04-17 06:00:00,2026-08-07 20:10:16,order_items.csv,2026-08-07,Order ID not found in orders
ITEM000039106,ORD00045301,SKU01162,Phased bifurcated policy,Books,4.0,4015.33,16061.32,2025-04-17 06:00:00,2026-08-07 20:10:16,order_items.csv,2026-08-07,Order ID not found in orders
ITEM000039428,ORD00008001,SKU03006,Organized 5thgeneration support,Home & Kitchen,6.0,11243.36,67460.16,2025-04-17 06:00:00,2026-08-07 20:10:16,order_items.csv,2026-08-07,Order ID not found in orders
ITEM000039433,ORD00022701,SKU03116,User-centric static core,Electronics,3.0,4345.6,13036.8,2025-04-17 06:00:00,2026-08-07 20:10:16,order_items.csv,2026-08-07,Order ID not found in orders
ITEM000039509,ORD00046601,SKU01581,Expanded secondary groupware,Beauty,1.0,9204.39,9204.39,2025-04-17 06:00:00,2026-08-07 20:10:16,order_items.csv,2026-08-07,Order ID not found in orders
ITEM000039539,ORD00040901,SKU01532,Multi-channeled system-worthy utilization,Home & Kitchen,5.0,11078.98,55394.9,2025-04-17 06:00:00,2026-08-07 20:10:16,order_items.csv,2026-08-07,Order ID not found in orders
ITEM000039592,ORD00025001,SKU04001,Streamlined 24/7 access,Toys,6.0,584.89,3509.34,2025-04-17 06:00:00,2026-08-07 20:10:16,order_items.csv,2026-08-07,Order ID not found in orders
ITEM000039705,ORD00042101,SKU01199,Extended intangible projection,Grocery,2.0,3140.76,6281.52,2025-04-17 06:00:00,2026-08-07 20:10:16,order_items.csv,2026-08-07,Order ID not found in orders
ITEM000039723,ORD00047401,SKU00625,Optimized context-sensitive initiative,Home & Kitchen,8.0,9442.77,75542.16,2025-04-17 06:00:00,2026-08-07 20:10:16,order_items.csv,2026-08-07,Order ID not found in orders
ITEM000039735,ORD00008701,SKU04890,Up-sized asymmetric core,Toys,10.0,13476.38,134763.8,2025-04-17 06:00:00,2026-08-07 20:10:16,order_items.csv,2026-08-07,Order ID not found in orders
ITEM000039881,ORD00002801,SKU02441,Advanced upward-trending hierarchy,Sports,8.0,1455.68,11645.44,2025-04-17 06:00:00,2026-08-07 20:10:16,order_items.csv,2026-08-07,Order ID not found in orders
ITEM000039988,ORD00039901,SKU02620,Versatile local website,Grocery,3.0,2470.15,7410.45,2025-04-17 06:00:00,2026-08-07 20:10:16,order_items.csv,2026-08-07,Order ID not found in orders
ITEM000040388,ORD00032901,SKU02975,Re-engineered leadingedge task-force,Toys,6.0,3369.16,20214.96,2025-04-17 06:00:00,2026-08-07 20:10:16,order_items.csv,2026-08-07,Order ID not found in orders
ITEM000040455,ORD00009501,SKU01414,Streamlined uniform function,Grocery,8.0,4265.96,34127.68,2025-04-17 06:00:00,2026-08-07 20:10:16,order_items.csv,2026-08-07,Order ID not found in orders
ITEM000040568,ORD00029901,SKU04111,Configurable 6thgeneration installation,Beauty,3.0,14816.41,44449.23,2025-04-17 06:00:00,2026-08-07 20:10:16,order_items.csv,2026-08-07,Order ID not found in orders
ITEM000040589,ORD00046801,SKU03109,Business-focused transitional array,Home & Kitchen,2.0,1544.38,3088.76,2025-04-17 06:00:00,2026-08-07 20:10:16,order_items.csv,2026-08-07,Order ID not found in orders
ITEM000040626,ORD00045401,SKU01917,Focused encompassing utilization,Beauty,2.0,2320.94,4641.88,2025-04-17 06:00:00,2026-08-07 20:10:16,order_items.csv,2026-08-07,Order ID not found in orders
ITEM000040717,ORD00005001,SKU03757,Front-line didactic challenge,Sports,1.0,12740.82,12740.82,2025-04-17 06:00:00,2026-08-07 20:10:16,order_items.csv,2026-08-07,Order ID not found in orders
ITEM000040745,ORD00036901,SKU03510,Organic even-keeled Graphical User Interface,Electronics,6.0,3380.76,20284.56,2025-04-17 06:00:00,2026-08-07 20:10:16,order_items.csv,2026-08-07,Order ID not found in orders
ITEM000041011,ORD00046701,SKU00453,Universal 4thgeneration matrices,Beauty,2.0,12844.97,25689.94,2025-04-17 06:00:00,2026-08-07 20:10:16,order_items.csv,2026-08-07,Order ID not found in orders
ITEM000041015,ORD00028801,SKU02252,Decentralized 3rdgeneration data-warehouse,Sports,3.0,11499.05,34497.15,2025-04-17 06:00:00,2026-08-07 20:10:16,order_items.csv,2026-08-07,Order ID not found in orders
ITEM000041064,ORD00031201,SKU00905,Reactive eco-centric pricing structure,Clothing,9.0,8697.02,78273.18,2025-04-17 06:00:00,2026-08-07 20:10:16,order_items.csv,2026-08-07,Order ID not found in orders
ITEM000041075,ORD00025001,SKU00076,Reverse-engineered tangible collaboration,Electronics,9.0,11398.43,102585.87,2025-04-17 06:00:00,2026-08-07 20:10:16,order_items.csv,2026-08-07,Order ID not found in orders
ITEM000041220,ORD00020001,SKU00771,Reactive dedicated alliance,Clothing,5.0,573.07,2865.35,2025-04-17 06:00:00,2026-08-07 20:10:16,order_items.csv,2026-08-07,Order ID not found in orders
ITEM000041310,ORD00046701,SKU02656,Cross-group intangible instruction set,Clothing,10.0,2364.07,23640.7,2025-04-17 06:00:00,2026-08-07 20:10:16,order_items.csv,2026-08-07,Order ID not found in orders
ITEM000041448,ORD00010501,SKU01113,Progressive clear-thinking Internet solution,Books,4.0,7196.11,28784.44,2025-04-17 06:00:00,2026-08-07 20:10:16,order_items.csv,2026-08-07,Order ID not found in orders
ITEM000041871,ORD00037601,SKU00053,Organic neutral pricing structure,Sports,1.0,11106.6,11106.6,2025-04-17 06:00:00,2026-08-07 20:10:16,order_items.csv,2026-08-07,Order ID not found in orders
ITEM000041923,ORD00031101,SKU03771,Profit-focused zero tolerance interface,Clothing,3.0,8458.24,25374.72,2025-04-17 06:00:00,2026-08-07 20:10:16,order_items.csv,2026-08-07,Order ID not found in orders
ITEM000041966,ORD00011901,SKU02424,Seamless optimal challenge,Home & Kitchen,2.0,14423.39,28846.78,2025-04-17 06:00:00,2026-08-07 20:10:16,order_items.csv,2026-08-07,Order ID not found in orders
ITEM000041986,ORD00007501,SKU01543,Up-sized client-server capacity,Toys,1.0,6883.08,6883.08,2025-04-17 06:00:00,2026-08-07 20:10:16,order_items.csv,2026-08-07,Order ID not found in orders
ITEM000042027,ORD00015901,SKU04643,Phased object-oriented attitude,Books,2.0,6436.02,12872.04,2025-04-17 06:00:00,2026-08-07 20:10:16,order_items.csv,2026-08-07,Order ID not found in orders
ITEM000042086,ORD00004301,SKU00889,Synergized non-volatile forecast,Home & Kitchen,5.0,10866.26,54331.3,2025-04-17 06:00:00,2026-08-07 20:10:16,order_items.csv,2026-08-07,Order ID not found in orders
ITEM000042090,ORD00028101,SKU03211,Automated solution-oriented archive,Grocery,7.0,893.2,6252.4,2025-04-17 06:00:00,2026-08-07 20:10:16,order_items.csv,2026-08-07,Order ID not found in orders
ITEM000042134,ORD00001801,SKU04040,Enterprise-wide intermediate archive,Sports,1.0,9127.03,9127.03,2025-04-17 06:00:00,2026-08-07 20:10:16,order_items.csv,2026-08-07,Order ID not found in orders
ITEM000042153,ORD00006601,SKU00216,Managed bifurcated Internet solution,Toys,8.0,9513.23,76105.84,2025-04-17 06:00:00,2026-08-07 20:10:16,order_items.csv,2026-08-07,Order ID not found in orders
ITEM000042199,ORD00005801,SKU02888,Inverse 4thgeneration migration,Clothing,5.0,2601.04,13005.2,2025-04-17 06:00:00,2026-08-07 20:10:16,order_items.csv,2026-08-07,Order ID not found in orders
ITEM000042203,ORD00022401,SKU01669,Progressive reciprocal archive,Beauty,6.0,947.39,5684.34,2025-04-17 06:00:00,2026-08-07 20:10:16,order_items.csv,2026-08-07,Order ID not found in orders
ITEM000042249,ORD00038001,SKU00389,Devolved logistical productivity,Home & Kitchen,8.0,13536.2,108289.6,2025-04-17 06:00:00,2026-08-07 20:10:16,order_items.csv,2026-08-07,Order ID not found in orders
ITEM000042262,ORD00031701,SKU00719,User-centric 24hour artificial intelligence,Electronics,9.0,5501.93,49517.37,2025-04-17 06:00:00,2026-08-07 20:10:16,order_items.csv,2026-08-07,Order ID not found in orders
ITEM000042272,ORD00043001,SKU03930,Organized system-worthy neural-net,Electronics,5.0,6930.03,34650.15,2025-04-17 06:00:00,2026-08-07 20:10:16,order_items.csv,2026-08-07,Order ID not found in orders
ITEM000042388,ORD00031901,SKU01710,Grass-roots 6thgeneration customer loyalty,Grocery,5.0,2943.22,14716.1,2025-04-17 06:00:00,2026-08-07 20:10:16,order_items.csv,2026-08-07,Order ID not found in orders
ITEM000042395,ORD00002001,SKU00625,Optimized context-sensitive initiative,Home & Kitchen,7.0,9442.77,66099.39,2025-04-17 06:00:00,2026-08-07 20:10:16,order_items.csv,2026-08-07,Order ID not found in orders
ITEM000042541,ORD00037001,SKU01627,Function-based intermediate hardware,Electronics,4.0,14150.17,56600.68,2025-04-17 06:00:00,2026-08-07 20:10:16,order_items.csv,2026-08-07,Order ID not found in orders
ITEM000042882,ORD00017201,SKU03840,Networked bandwidth-monitored implementation,Beauty,10.0,6001.29,60012.9,2025-04-17 06:00:00,2026-08-07 20:10:16,order_items.csv,2026-08-07,Order ID not found in orders
ITEM000043071,ORD00013901,SKU03976,Customizable maximized paradigm,Home & Kitchen,2.0,291.47,582.94,2025-04-17 06:00:00,2026-08-07 20:10:16,order_items.csv,2026-08-07,Order ID not found in orders
ITEM000043167,ORD00002201,SKU02736,Enhanced reciprocal service-desk,Clothing,4.0,11914.32,47657.28,2025-04-17 06:00:00,2026-08-07 20:10:16,order_items.csv,2026-08-07,Order ID not found in orders
ITEM000043209,ORD00000201,SKU00033,Stand-alone zero administration toolset,Toys,10.0,9019.23,90192.3,2025-04-17 06:00:00,2026-08-07 20:10:16,order_items.csv,2026-08-07,Order ID not found in orders
ITEM000043449,ORD00010301,SKU00054,Down-sized systemic model,Toys,8.0,6474.01,51792.08,2025-04-17 06:00:00,2026-08-07 20:10:16,order_items.csv,2026-08-07,Order ID not found in orders
ITEM000043592,ORD00009001,SKU04038,Cross-platform didactic flexibility,Toys,9.0,2944.9,26504.1,2025-04-17 06:00:00,2026-08-07 20:10:16,order_items.csv,2026-08-07,Order ID not found in orders
ITEM000043689,ORD00033501,SKU01301,Proactive neutral portal,Toys,10.0,125.93,1259.3,2025-04-17 06:00:00,2026-08-07 20:10:16,order_items.csv,2026-08-07,Order ID not found in orders
ITEM000043822,ORD00043501,SKU03140,Triple-buffered systematic installation,Home & Kitchen,2.0,7241.55,14483.1,2025-04-17 06:00:00,2026-08-07 20:10:16,order_items.csv,2026-08-07,Order ID not found in orders
ITEM000044095,ORD00012101,SKU03537,Centralized systemic leverage,Books,8.0,13193.65,105549.2,2025-04-17 06:00:00,2026-08-07 20:10:16,order_items.csv,2026-08-07,Order ID not found in orders
ITEM000044198,ORD00045901,SKU04912,Reduced bifurcated concept,Books,10.0,8297.92,82979.2,2025-04-17 06:00:00,2026-08-07 20:10:16,order_items.csv,2026-08-07,Order ID not found in orders
ITEM000044265,ORD00005201,SKU00729,Grass-roots 4thgeneration policy,Grocery,3.0,5649.14,16947.42,2025-04-17 06:00:00,2026-08-07 20:10:16,order_items.csv,2026-08-07,Order ID not found in orders
ITEM000044347,ORD00048601,SKU04130,Re-contextualized real-time time-frame,Home & Kitchen,8.0,10863.27,86906.16,2025-04-17 06:00:00,2026-08-07 20:10:16,order_items.csv,2026-08-07,Order ID not found in orders
ITEM000044362,ORD00039401,SKU01348,Ergonomic reciprocal pricing structure,Books,8.0,3092.88,24743.04,2025-04-17 06:00:00,2026-08-07 20:10:16,order_items.csv,2026-08-07,Order ID not found in orders
ITEM000044387,ORD00007901,SKU02920,Stand-alone dedicated groupware,Beauty,1.0,12084.13,12084.13,2025-04-17 06:00:00,2026-08-07 20:10:16,order_items.csv,2026-08-07,Order ID not found in orders
ITEM000044506,ORD00000401,SKU03552,Cross-platform mission-critical functionalities,Grocery,2.0,6085.05,12170.1,2025-04-17 06:00:00,2026-08-07 20:10:16,order_items.csv,2026-08-07,Order ID not found in orders
ITEM000044827,ORD00010601,SKU02503,Fundamental demand-driven throughput,Books,10.0,14170.98,141709.8,2025-04-17 06:00:00,2026-08-07 20:10:16,order_items.csv,2026-08-07,Order ID not found in orders
ITEM000044900,ORD00025801,SKU00024,Quality-focused 3rdgeneration hub,Sports,7.0,6616.31,46314.17,2025-04-17 06:00:00,2026-08-07 20:10:16,order_items.csv,2026-08-07,Order ID not found in orders
ITEM000044927,ORD00026101,SKU02876,Vision-oriented neutral Graphical User Interface,Electronics,9.0,1799.8,16198.2,2025-04-17 06:00:00,2026-08-07 20:10:16,order_items.csv,2026-08-07,Order ID not found in orders
ITEM000044967,ORD00019901,SKU04015,Implemented impactful forecast,Grocery,2.0,10362.78,20725.56,2025-04-17 06:00:00,2026-08-07 20:10:16,order_items.csv,2026-08-07,Order ID not found in orders
ITEM000045079,ORD00033701,SKU02064,Horizontal interactive flexibility,Grocery,1.0,2201.65,2201.65,2025-04-17 06:00:00,2026-08-07 20:10:16,order_items.csv,2026-08-07,Order ID not found in orders
ITEM000045089,ORD00045401,SKU01364,Intuitive content-based hub,Toys,6.0,11605.23,69631.38,2025-04-17 06:00:00,2026-08-07 20:10:16,order_items.csv,2026-08-07,Order ID not found in orders
ITEM000045281,ORD00032201,SKU01212,Universal web-enabled definition,Sports,6.0,8695.26,52171.56,2025-04-17 06:00:00,2026-08-07 20:10:16,order_items.csv,2026-08-07,Order ID not found in orders
ITEM000046141,ORD00023501,SKU02229,Business-focused grid-enabled definition,Beauty,9.0,11050.41,99453.69,2025-04-17 06:00:00,2026-08-07 20:10:16,order_items.csv,2026-08-07,Order ID not found in orders
ITEM000046170,ORD00017001,SKU01460,Organized empowering interface,Grocery,9.0,781.93,7037.37,2025-04-17 06:00:00,2026-08-07 20:10:16,order_items.csv,2026-08-07,Order ID not found in orders
ITEM000046300,ORD00044001,SKU00651,Progressive reciprocal challenge,Electronics,5.0,8815.91,44079.55,2025-04-17 06:00:00,2026-08-07 20:10:16,order_items.csv,2026-08-07,Order ID not found in orders
ITEM000046337,ORD00009501,SKU03319,Intuitive holistic circuit,Home & Kitchen,6.0,9838.02,59028.12,2025-04-17 06:00:00,2026-08-07 20:10:16,order_items.csv,2026-08-07,Order ID not found in orders
ITEM000046399,ORD00016601,SKU04286,Self-enabling 5thgeneration attitude,Beauty,8.0,2623.26,20986.08,2025-04-17 06:00:00,2026-08-07 20:10:16,order_items.csv,2026-08-07,Order ID not found in orders
ITEM000046438,ORD00040601,SKU02650,Self-enabling user-facing service-desk,Grocery,8.0,3200.81,25606.48,2025-04-17 06:00:00,2026-08-07 20:10:16,order_items.csv,2026-08-07,Order ID not found in orders
ITEM000046861,ORD00015301,SKU00035,Switchable eco-centric service-desk,Clothing,5.0,12529.73,62648.65,2025-04-17 06:00:00,2026-08-07 20:10:16,order_items.csv,2026-08-07,Order ID not found in orders
ITEM000046959,ORD00044301,SKU02632,Centralized radical circuit,Toys,10.0,11509.57,115095.7,2025-04-17 06:00:00,2026-08-07 20:10:16,order_items.csv,2026-08-07,Order ID not found in orders
ITEM000047182,ORD00032701,SKU02155,Public-key object-oriented adapter,Home & Kitchen,3.0,10530.08,31590.24,2025-04-17 06:00:00,2026-08-07 20:10:16,order_items.csv,2026-08-07,Order ID not found in orders
ITEM000047187,ORD00046201,SKU01825,Business-focused dedicated structure,Electronics,1.0,9526.98,9526.98,2025-04-17 06:00:00,2026-08-07 20:10:16,order_items.csv,2026-08-07,Order ID not found in orders
ITEM000047228,ORD00030801,SKU02344,Phased dedicated methodology,Clothing,2.0,5838.72,11677.44,2025-04-17 06:00:00,2026-08-07 20:10:16,order_items.csv,2026-08-07,Order ID not found in orders
ITEM000047255,ORD00023901,SKU01931,Customer-focused system-worthy groupware,Electronics,3.0,746.48,2239.44,2025-04-17 06:00:00,2026-08-07 20:10:16,order_items.csv,2026-08-07,Order ID not found in orders
ITEM000047269,ORD00039201,SKU04996,Cross-platform reciprocal policy,Sports,5.0,5581.42,27907.1,2025-04-17 06:00:00,2026-08-07 20:10:16,order_items.csv,2026-08-07,Order ID not found in orders
ITEM000047302,ORD00026501,SKU00566,Vision-oriented coherent infrastructure,Sports,3.0,7623.17,22869.51,2025-04-17 06:00:00,2026-08-07 20:10:16,order_items.csv,2026-08-07,Order ID not found in orders
ITEM000047353,ORD00023801,SKU04057,Configurable tangible artificial intelligence,Sports,4.0,7102.85,28411.4,2025-04-17 06:00:00,2026-08-07 20:10:16,order_items.csv,2026-08-07,Order ID not found in orders
ITEM000047420,ORD00014701,SKU03339,Customer-focused incremental capacity,Beauty,10.0,14724.31,147243.1,2025-04-17 06:00:00,2026-08-07 20:10:16,order_items.csv,2026-08-07,Order ID not found in orders
ITEM000047454,ORD00001301,SKU01367,Robust global initiative,Grocery,7.0,4207.51,29452.57,2025-04-17 06:00:00,2026-08-07 20:10:16,order_items.csv,2026-08-07,Order ID not found in orders
ITEM000047738,ORD00036301,SKU02635,Focused asynchronous budgetary management,Beauty,6.0,723.33,4339.98,2025-04-17 06:00:00,2026-08-07 20:10:16,order_items.csv,2026-08-07,Order ID not found in orders
ITEM000047800,ORD00027401,SKU02435,Enterprise-wide client-driven ability,Books,1.0,389.36,389.36,2025-04-17 06:00:00,2026-08-07 20:10:16,order_items.csv,2026-08-07,Order ID not found in orders
ITEM000047986,ORD00048101,SKU04913,Profit-focused next generation encoding,Home & Kitchen,7.0,5215.19,36506.33,2025-04-17 06:00:00,2026-08-07 20:10:16,order_items.csv,2026-08-07,Order ID not found in orders
ITEM000048020,ORD00010201,SKU04255,Profit-focused high-level alliance,Home & Kitchen,6.0,8641.76,51850.56,2025-04-17 06:00:00,2026-08-07 20:10:16,order_items.csv,2026-08-07,Order ID not found in orders
ITEM000048319,ORD00022101,SKU02928,Implemented next generation neural-net,Beauty,7.0,444.45,3111.15,2025-04-17 06:00:00,2026-08-07 20:10:16,order_items.csv,2026-08-07,Order ID not found in orders
ITEM000048425,ORD00003901,SKU04647,Streamlined stable portal,Home & Kitchen,6.0,11969.07,71814.42,2025-04-17 06:00:00,2026-08-07 20:10:16,order_items.csv,2026-08-07,Order ID not found in orders
ITEM000048459,ORD00021701,SKU03055,Managed systemic conglomeration,Grocery,9.0,4959.63,44636.67,2025-04-17 06:00:00,2026-08-07 20:10:16,order_items.csv,2026-08-07,Order ID not found in orders
ITEM000048660,ORD00011101,SKU00175,Multi-lateral radical paradigm,Clothing,3.0,12000.5,36001.5,2025-04-17 06:00:00,2026-08-07 20:10:16,order_items.csv,2026-08-07,Order ID not found in orders
ITEM000048675,ORD00023101,SKU03620,Visionary 5thgeneration interface,Books,8.0,14186.62,113492.96,2025-04-17 06:00:00,2026-08-07 20:10:16,order_items.csv,2026-08-07,Order ID not found in orders
ITEM000048944,ORD00039301,SKU00787,Enterprise-wide contextually-based projection,Clothing,6.0,4161.74,24970.44,2025-04-17 06:00:00,2026-08-07 20:10:16,order_items.csv,2026-08-07,Order ID not found in orders
ITEM000049041,ORD00030701,SKU02268,Balanced bandwidth-monitored infrastructure,Sports,2.0,8585.9,17171.8,2025-04-17 06:00:00,2026-08-07 20:10:16,order_items.csv,2026-08-07,Order ID not found in orders
ITEM000049074,ORD00033501,SKU02828,Reduced executive matrices,Grocery,9.0,4956.19,44605.71,2025-04-17 06:00:00,2026-08-07 20:10:16,order_items.csv,2026-08-07,Order ID not found in orders
ITEM000049240,ORD00015301,SKU00812,Phased even-keeled parallelism,Sports,8.0,14498.82,115990.56,2025-04-17 06:00:00,2026-08-07 20:10:16,order_items.csv,2026-08-07,Order ID not found in orders
ITEM000049856,ORD00048501,SKU02191,Digitized secondary data-warehouse,Toys,9.0,1876.15,16885.35,2025-04-17 06:00:00,2026-08-07 20:10:16,order_items.csv,2026-08-07,Order ID not found in orders
ITEM000049873,ORD00003001,SKU03839,Enhanced value-added interface,Electronics,4.0,2762.8,11051.2,2025-04-17 06:00:00,2026-08-07 20:10:16,order_items.csv,2026-08-07,Order ID not found in orders
ITEM000050013,ORD00048601,SKU01951,Innovative didactic methodology,Books,4.0,14943.02,59772.08,2025-04-17 06:00:00,2026-08-07 20:10:16,order_items.csv,2026-08-07,Order ID not found in orders
ITEM000050086,ORD00013501,SKU02028,De-engineered full-range Local Area Network,Beauty,1.0,11111.02,11111.02,2025-04-17 06:00:00,2026-08-07 20:10:16,order_items.csv,2026-08-07,Order ID not found in orders
ITEM000050090,ORD00016301,SKU02169,Down-sized systematic implementation,Books,4.0,2167.62,8670.48,2025-04-17 06:00:00,2026-08-07 20:10:16,order_items.csv,2026-08-07,Order ID not found in orders
ITEM000050135,ORD00045801,SKU02046,Multi-tiered local hub,Grocery,1.0,10854.9,10854.9,2025-04-17 06:00:00,2026-08-07 20:10:16,order_items.csv,2026-08-07,Order ID not found in orders
ITEM000050139,ORD00022801,SKU04802,Down-sized optimal open architecture,Electronics,6.0,13233.9,79403.4,2025-04-17 06:00:00,2026-08-07 20:10:16,order_items.csv,2026-08-07,Order ID not found in orders
ITEM000050154,ORD00024801,SKU03060,Synchronized upward-trending conglomeration,Beauty,4.0,12641.07,50564.28,2025-04-17 06:00:00,2026-08-07 20:10:16,order_items.csv,2026-08-07,Order ID not found in orders
ITEM000050168,ORD00003201,SKU04078,Persistent client-driven contingency,Clothing,2.0,14175.75,28351.5,2025-04-17 06:00:00,2026-08-07 20:10:16,order_items.csv,2026-08-07,Order ID not found in orders
ITEM000050190,ORD00043901,SKU04703,Devolved coherent strategy,Sports,2.0,11890.53,23781.06,2025-04-17 06:00:00,2026-08-07 20:10:16,order_items.csv,2026-08-07,Order ID not found in orders
ITEM000050260,ORD00049801,SKU01848,Virtual modular core,Electronics,10.0,6578.13,65781.3,2025-04-17 06:00:00,2026-08-07 20:10:16,order_items.csv,2026-08-07,Order ID not found in orders
ITEM000050415,ORD00032101,SKU02638,Diverse zero-defect project,Electronics,3.0,13906.45,41719.35,2025-04-17 06:00:00,2026-08-07 20:10:16,order_items.csv,2026-08-07,Order ID not found in orders
ITEM000050977,ORD00017901,SKU02870,Decentralized actuating hierarchy,Clothing,2.0,8547.13,17094.26,2025-04-17 06:00:00,2026-08-07 20:10:16,order_items.csv,2026-08-07,Order ID not found in orders
ITEM000051149,ORD00015101,SKU01796,Reactive web-enabled service-desk,Grocery,4.0,7961.84,31847.36,2025-04-17 06:00:00,2026-08-07 20:10:16,order_items.csv,2026-08-07,Order ID not found in orders
ITEM000051212,ORD00041201,SKU02470,Ameliorated coherent concept,Electronics,8.0,2514.59,20116.72,2025-04-17 06:00:00,2026-08-07 20:10:16,order_items.csv,2026-08-07,Order ID not found in orders
ITEM000051361,ORD00036201,SKU00335,Polarized zero administration secured line,Grocery,4.0,10894.16,43576.64,2025-04-17 06:00:00,2026-08-07 20:10:16,order_items.csv,2026-08-07,Order ID not found in orders
ITEM000051387,ORD00046301,SKU01323,Multi-layered 24hour capacity,Sports,6.0,11139.03,66834.18,2025-04-17 06:00:00,2026-08-07 20:10:16,order_items.csv,2026-08-07,Order ID not found in orders
ITEM000051430,ORD00029701,SKU01894,Reactive web-enabled Graphical User Interface,Sports,8.0,10333.1,82664.8,2025-04-17 06:00:00,2026-08-07 20:10:16,order_items.csv,2026-08-07,Order ID not found in orders
ITEM000051654,ORD00017501,SKU00826,Progressive demand-driven capability,Grocery,1.0,13089.46,13089.46,2025-04-17 06:00:00,2026-08-07 20:10:16,order_items.csv,2026-08-07,Order ID not found in orders
ITEM000051793,ORD00011601,SKU03458,Exclusive national system engine,Beauty,10.0,7135.14,71351.4,2025-04-17 06:00:00,2026-08-07 20:10:16,order_items.csv,2026-08-07,Order ID not found in orders
ITEM000051816,ORD00044401,SKU03169,Cross-platform demand-driven collaboration,Sports,5.0,13178.42,65892.1,2025-04-17 06:00:00,2026-08-07 20:10:16,order_items.csv,2026-08-07,Order ID not found in orders
ITEM000051916,ORD00045901,SKU00328,Universal non-volatile pricing structure,Grocery,10.0,11471.26,114712.6,2025-04-17 06:00:00,2026-08-07 20:10:16,order_items.csv,2026-08-07,Order ID not found in orders
ITEM000051935,ORD00005201,SKU04219,Quality-focused responsive adapter,Books,2.0,3305.61,6611.22,2025-04-17 06:00:00,2026-08-07 20:10:16,order_items.csv,2026-08-07,Order ID not found in orders
ITEM000052150,ORD00003201,SKU00062,Business-focused tertiary infrastructure,Sports,2.0,3948.35,7896.7,2025-04-17 06:00:00,2026-08-07 20:10:16,order_items.csv,2026-08-07,Order ID not found in orders
ITEM000052290,ORD00044401,SKU00844,Persevering directional capacity,Home & Kitchen,3.0,144.07,432.21,2025-04-17 06:00:00,2026-08-07 20:10:16,order_items.csv,2026-08-07,Order ID not found in orders
ITEM000052444,ORD00048801,SKU02183,Team-oriented well-modulated moderator,Sports,9.0,5896.85,53071.65,2025-04-17 06:00:00,2026-08-07 20:10:16,order_items.csv,2026-08-07,Order ID not found in orders
ITEM000052450,ORD00020301,SKU03833,Centralized systemic artificial intelligence,Grocery,3.0,4086.37,12259.11,2025-04-17 06:00:00,2026-08-07 20:10:16,order_items.csv,2026-08-07,Order ID not found in orders
ITEM000052522,ORD00005301,SKU00624,Fundamental zero-defect workforce,Beauty,4.0,5998.95,23995.8,2025-04-17 06:00:00,2026-08-07 20:10:16,order_items.csv,2026-08-07,Order ID not found in orders
ITEM000052619,ORD00040201,SKU02484,Balanced 4thgeneration workforce,Clothing,9.0,1765.75,15891.75,2025-04-17 06:00:00,2026-08-07 20:10:16,order_items.csv,2026-08-07,Order ID not found in orders
ITEM000052752,ORD00019001,SKU01216,Seamless background time-frame,Sports,6.0,8408.71,50452.26,2025-04-17 06:00:00,2026-08-07 20:10:16,order_items.csv,2026-08-07,Order ID not found in orders
ITEM000053023,ORD00031601,SKU02607,Ergonomic national moratorium,Grocery,8.0,4973.5,39788.0,2025-04-17 06:00:00,2026-08-07 20:10:16,order_items.csv,2026-08-07,Order ID not found in orders
ITEM000053073,ORD00009901,SKU04315,Compatible secondary adapter,Books,6.0,5915.86,35495.16,2025-04-17 06:00:00,2026-08-07 20:10:16,order_items.csv,2026-08-07,Order ID not found in orders
ITEM000053597,ORD00036801,SKU03724,Enhanced fresh-thinking analyzer,Beauty,3.0,10652.93,31958.79,2025-04-17 06:00:00,2026-08-07 20:10:16,order_items.csv,2026-08-07,Order ID not found in orders
ITEM000053702,ORD00019001,SKU02125,Stand-alone leadingedge implementation,Electronics,6.0,5245.19,31471.14,2025-04-17 06:00:00,2026-08-07 20:10:16,order_items.csv,2026-08-07,Order ID not found in orders
ITEM000053793,ORD00049001,SKU03557,Integrated human-resource definition,Electronics,9.0,10320.63,92885.67,2025-04-17 06:00:00,2026-08-07 20:10:16,order_items.csv,2026-08-07,Order ID not found in orders
ITEM000053905,ORD00019301,SKU01988,Organized holistic methodology,Sports,7.0,10382.79,72679.53,2025-04-17 06:00:00,2026-08-07 20:10:16,order_items.csv,2026-08-07,Order ID not found in orders
ITEM000054202,ORD00031901,SKU02751,Pre-emptive cohesive benchmark,Home & Kitchen,2.0,3992.81,7985.62,2025-04-17 06:00:00,2026-08-07 20:10:16,order_items.csv,2026-08-07,Order ID not found in orders
ITEM000054378,ORD00048701,SKU00121,Cloned needs-based standardization,Home & Kitchen,7.0,13749.04,96243.28,2025-04-17 06:00:00,2026-08-07 20:10:16,order_items.csv,2026-08-07,Order ID not found in orders
ITEM000054565,ORD00042801,SKU00443,Self-enabling secondary application,Books,10.0,9454.62,94546.2,2025-04-17 06:00:00,2026-08-07 20:10:16,order_items.csv,2026-08-07,Order ID not found in orders
ITEM000054698,ORD00002601,SKU03841,Reactive actuating flexibility,Grocery,3.0,614.06,1842.18,2025-04-17 06:00:00,2026-08-07 20:10:16,order_items.csv,2026-08-07,Order ID not found in orders
ITEM000054880,ORD00012601,SKU03375,Front-line client-driven contingency,Sports,5.0,3049.16,15245.8,2025-04-17 06:00:00,2026-08-07 20:10:16,order_items.csv,2026-08-07,Order ID not found in orders
ITEM000055020,ORD00003001,SKU03469,Grass-roots real-time circuit,Sports,4.0,8730.43,34921.72,2025-04-17 06:00:00,2026-08-07 20:10:16,order_items.csv,2026-08-07,Order ID not found in orders
ITEM000055129,ORD00008601,SKU03422,Organic clear-thinking access,Home & Kitchen,4.0,14085.52,56342.08,2025-04-17 06:00:00,2026-08-07 20:10:16,order_items.csv,2026-08-07,Order ID not found in orders
ITEM000055198,ORD00001701,SKU01691,Digitized optimal matrices,Sports,10.0,3735.55,37355.5,2025-04-17 06:00:00,2026-08-07 20:10:16,order_items.csv,2026-08-07,Order ID not found in orders
ITEM000055349,ORD00013501,SKU04969,Reduced context-sensitive groupware,Home & Kitchen,3.0,8309.81,24929.43,2025-04-17 06:00:00,2026-08-07 20:10:16,order_items.csv,2026-08-07,Order ID not found in orders
ITEM000055357,ORD00040801,SKU01228,Up-sized context-sensitive infrastructure,Beauty,1.0,12995.0,12995.0,2025-04-17 06:00:00,2026-08-07 20:10:16,order_items.csv,2026-08-07,Order ID not found in orders
ITEM000055503,ORD00043201,SKU01058,Re-contextualized clear-thinking protocol,Beauty,2.0,6560.42,13120.84,2025-04-17 06:00:00,2026-08-07 20:10:16,order_items.csv,2026-08-07,Order ID not found in orders
ITEM000055634,ORD00001101,SKU00689,Persistent composite alliance,Grocery,8.0,6074.73,48597.84,2025-04-17 06:00:00,2026-08-07 20:10:16,order_items.csv,2026-08-07,Order ID not found in orders
ITEM000055731,ORD00017901,SKU03548,Diverse asymmetric contingency,Grocery,2.0,4738.44,9476.88,2025-04-17 06:00:00,2026-08-07 20:10:16,order_items.csv,2026-08-07,Order ID not found in orders
ITEM000055734,ORD00044401,SKU02597,Monitored fresh-thinking instruction set,Electronics,6.0,11874.9,71249.4,2025-04-17 06:00:00,2026-08-07 20:10:16,order_items.csv,2026-08-07,Order ID not found in orders
ITEM000055739,ORD00035001,SKU00608,Up-sized bandwidth-monitored budgetary management,Electronics,4.0,4841.09,19364.36,2025-04-17 06:00:00,2026-08-07 20:10:16,order_items.csv,2026-08-07,Order ID not found in orders
ITEM000055787,ORD00049601,SKU01511,Public-key mission-critical instruction set,Grocery,2.0,14568.4,29136.8,2025-04-17 06:00:00,2026-08-07 20:10:16,order_items.csv,2026-08-07,Order ID not found in orders
ITEM000055862,ORD00029701,SKU04849,Cloned actuating architecture,Grocery,3.0,1325.27,3975.81,2025-04-17 06:00:00,2026-08-07 20:10:16,order_items.csv,2026-08-07,Order ID not found in orders
ITEM000055948,ORD00028901,SKU04406,Front-line actuating encryption,Toys,2.0,3570.3,7140.6,2025-04-17 06:00:00,2026-08-07 20:10:16,order_items.csv,2026-08-07,Order ID not found in orders
ITEM000055955,ORD00002901,SKU03327,Upgradable leadingedge approach,Books,2.0,9097.93,18195.86,2025-04-17 06:00:00,2026-08-07 20:10:16,order_items.csv,2026-08-07,Order ID not found in orders
ITEM000055960,ORD00008901,SKU00621,Multi-tiered encompassing definition,Toys,2.0,2268.84,4537.68,2025-04-17 06:00:00,2026-08-07 20:10:16,order_items.csv,2026-08-07,Order ID not found in orders
ITEM000056038,ORD00046901,SKU04267,Stand-alone holistic focus group,Toys,1.0,10824.05,10824.05,2025-04-17 06:00:00,2026-08-07 20:10:16,order_items.csv,2026-08-07,Order ID not found in orders
ITEM000056176,ORD00045501,SKU01830,Future-proofed asynchronous array,Home & Kitchen,4.0,4879.34,19517.36,2025-04-17 06:00:00,2026-08-07 20:10:16,order_items.csv,2026-08-07,Order ID not found in orders
ITEM000056202,ORD00031601,SKU02053,Switchable leadingedge project,Grocery,1.0,3859.19,3859.19,2025-04-17 06:00:00,2026-08-07 20:10:16,order_items.csv,2026-08-07,Order ID not found in orders
ITEM000056325,ORD00040101,SKU02092,Innovative demand-driven process improvement,Home & Kitchen,3.0,8078.34,24235.02,2025-04-17 06:00:00,2026-08-07 20:10:16,order_items.csv,2026-08-07,Order ID not found in orders
ITEM000056345,ORD00032601,SKU01349,Synchronized multimedia software,Toys,2.0,7659.17,15318.34,2025-04-17 06:00:00,2026-08-07 20:10:16,order_items.csv,2026-08-07,Order ID not found in orders
ITEM000056414,ORD00000901,SKU02442,Implemented 6thgeneration core,Beauty,6.0,12230.41,73382.46,2025-04-17 06:00:00,2026-08-07 20:10:16,order_items.csv,2026-08-07,Order ID not found in orders
ITEM000056552,ORD00049901,SKU03687,Extended radical paradigm,Grocery,1.0,13301.27,13301.27,2025-04-17 06:00:00,2026-08-07 20:10:16,order_items.csv,2026-08-07,Order ID not found in orders
ITEM000056614,ORD00020401,SKU04936,User-friendly static hardware,Books,3.0,7646.42,22939.26,2025-04-17 06:00:00,2026-08-07 20:10:16,order_items.csv,2026-08-07,Order ID not found in orders
ITEM000056781,ORD00026601,SKU04522,Managed methodical service-desk,Home & Kitchen,1.0,7291.45,7291.45,2025-04-17 06:00:00,2026-08-07 20:10:16,order_items.csv,2026-08-07,Order ID not found in orders
ITEM000056846,ORD00041601,SKU02323,Phased cohesive Internet solution,Grocery,3.0,14615.39,43846.17,2025-04-17 06:00:00,2026-08-07 20:10:16,order_items.csv,2026-08-07,Order ID not found in orders
ITEM000056857,ORD00034501,SKU03225,Customer-focused clear-thinking open system,Clothing,8.0,12664.76,101318.08,2025-04-17 06:00:00,2026-08-07 20:10:16,order_items.csv,2026-08-07,Order ID not found in orders
ITEM000056999,ORD00017101,SKU02326,Business-focused scalable frame,Grocery,1.0,4760.73,4760.73,2025-04-17 06:00:00,2026-08-07 20:10:16,order_items.csv,2026-08-07,Order ID not found in orders
ITEM000057299,ORD00043301,SKU02712,Polarized 5thgeneration strategy,Grocery,5.0,13852.28,69261.4,2025-04-17 06:00:00,2026-08-07 20:10:16,order_items.csv,2026-08-07,Order ID not found in orders
ITEM000057369,ORD00037701,SKU03452,Synergized 3rdgeneration process improvement,Clothing,2.0,4244.53,8489.06,2025-04-17 06:00:00,2026-08-07 20:10:16,order_items.csv,2026-08-07,Order ID not found in orders
ITEM000057596,ORD00026601,SKU03983,Down-sized secondary product,Electronics,4.0,5897.37,23589.48,2025-04-17 06:00:00,2026-08-07 20:10:16,order_items.csv,2026-08-07,Order ID not found in orders
ITEM000057664,ORD00041901,SKU03031,Reduced logistical frame,Home & Kitchen,9.0,959.38,8634.42,2025-04-17 06:00:00,2026-08-07 20:10:16,order_items.csv,2026-08-07,Order ID not found in orders
ITEM000057736,ORD00009301,SKU02812,Upgradable uniform help-desk,Beauty,4.0,84.52,338.08,2025-04-17 06:00:00,2026-08-07 20:10:16,order_items.csv,2026-08-07,Order ID not found in orders
ITEM000057762,ORD00037801,SKU01134,Extended attitude-oriented conglomeration,Electronics,8.0,6238.87,49910.96,2025-04-17 06:00:00,2026-08-07 20:10:16,order_items.csv,2026-08-07,Order ID not found in orders
ITEM000057787,ORD00037501,SKU00360,Focused stable help-desk,Toys,7.0,4880.62,34164.34,2025-04-17 06:00:00,2026-08-07 20:10:16,order_items.csv,2026-08-07,Order ID not found in orders
ITEM000057877,ORD00030101,SKU01704,Enterprise-wide reciprocal toolset,Clothing,2.0,14357.18,28714.36,2025-04-17 06:00:00,2026-08-07 20:10:16,order_items.csv,2026-08-07,Order ID not found in orders
ITEM000057944,ORD00023301,SKU01941,Total mission-critical help-desk,Home & Kitchen,4.0,14298.62,57194.48,2025-04-17 06:00:00,2026-08-07 20:10:16,order_items.csv,2026-08-07,Order ID not found in orders
ITEM000057988,ORD00000401,SKU01269,Business-focused national initiative,Toys,10.0,3129.33,31293.3,2025-04-17 06:00:00,2026-08-07 20:10:16,order_items.csv,2026-08-07,Order ID not found in orders
ITEM000058009,ORD00044101,SKU04512,Phased multi-tasking Graphical User Interface,Sports,8.0,12213.98,97711.84,2025-04-17 06:00:00,2026-08-07 20:10:16,order_items.csv,2026-08-07,Order ID not found in orders
ITEM000058181,ORD00048001,SKU03366,Customer-focused local array,Books,9.0,3652.61,32873.49,2025-04-17 06:00:00,2026-08-07 20:10:16,order_items.csv,2026-08-07,Order ID not found in orders
ITEM000058383,ORD00016301,SKU02312,Devolved zero administration Internet solution,Clothing,10.0,7101.4,71014.0,2025-04-17 06:00:00,2026-08-07 20:10:16,order_items.csv,2026-08-07,Order ID not found in orders
ITEM000058443,ORD00035001,SKU01657,Pre-emptive multi-tasking help-desk,Beauty,10.0,3189.27,31892.7,2025-04-17 06:00:00,2026-08-07 20:10:16,order_items.csv,2026-08-07,Order ID not found in orders
ITEM000058554,ORD00000701,SKU01983,Open-architected real-time capability,Home & Kitchen,9.0,10666.19,95995.71,2025-04-17 06:00:00,2026-08-07 20:10:16,order_items.csv,2026-08-07,Order ID not found in orders
ITEM000058629,ORD00015301,SKU04540,Robust value-added synergy,Books,1.0,10142.24,10142.24,2025-04-17 06:00:00,2026-08-07 20:10:16,order_items.csv,2026-08-07,Order ID not found in orders
ITEM000058633,ORD00036601,SKU02263,Object-based homogeneous application,Books,6.0,5924.33,35545.98,2025-04-17 06:00:00,2026-08-07 20:10:16,order_items.csv,2026-08-07,Order ID not found in orders
ITEM000058685,ORD00039801,SKU03032,Optional methodical archive,Electronics,10.0,2273.39,22733.9,2025-04-17 06:00:00,2026-08-07 20:10:16,order_items.csv,2026-08-07,Order ID not found in orders
ITEM000058731,ORD00029301,SKU02168,Synergistic 5thgeneration encryption,Clothing,9.0,10476.72,94290.48,2025-04-17 06:00:00,2026-08-07 20:10:16,order_items.csv,2026-08-07,Order ID not found in orders
ITEM000058799,ORD00020601,SKU01537,Devolved transitional project,Clothing,2.0,4303.42,8606.84,2025-04-17 06:00:00,2026-08-07 20:10:16,order_items.csv,2026-08-07,Order ID not found in orders
ITEM000058811,ORD00011801,SKU04303,Cross-group context-sensitive budgetary management,Toys,10.0,4837.38,48373.8,2025-04-17 06:00:00,2026-08-07 20:10:16,order_items.csv,2026-08-07,Order ID not found in orders
ITEM000059039,ORD00034801,SKU01278,Proactive content-based complexity,Clothing,6.0,3990.61,23943.66,2025-04-17 06:00:00,2026-08-07 20:10:16,order_items.csv,2026-08-07,Order ID not found in orders
ITEM000059231,ORD00019401,SKU01024,Reduced 6thgeneration toolset,Sports,6.0,1986.3,11917.8,2025-04-17 06:00:00,2026-08-07 20:10:16,order_items.csv,2026-08-07,Order ID not found in orders
ITEM000059250,ORD00023701,SKU03389,Organic object-oriented challenge,Books,8.0,11013.86,88110.88,2025-04-17 06:00:00,2026-08-07 20:10:16,order_items.csv,2026-08-07,Order ID not found in orders
ITEM000059354,ORD00035301,SKU03575,De-engineered cohesive open architecture,Toys,2.0,4582.23,9164.46,2025-04-17 06:00:00,2026-08-07 20:10:16,order_items.csv,2026-08-07,Order ID not found in orders
ITEM000059448,ORD00045201,SKU01685,Monitored modular collaboration,Home & Kitchen,5.0,12902.64,64513.2,2025-04-17 06:00:00,2026-08-07 20:10:16,order_items.csv,2026-08-07,Order ID not found in orders
ITEM000059534,ORD00023601,SKU03098,Realigned eco-centric emulation,Clothing,7.0,13134.89,91944.23,2025-04-17 06:00:00,2026-08-07 20:10:16,order_items.csv,2026-08-07,Order ID not found in orders
ITEM000059781,ORD00017801,SKU00507,Exclusive even-keeled Local Area Network,Toys,4.0,11166.19,44664.76,2025-04-17 06:00:00,2026-08-07 20:10:16,order_items.csv,2026-08-07,Order ID not found in orders
ITEM000059917,ORD00002901,SKU01487,Assimilated impactful conglomeration,Toys,1.0,10358.71,10358.71,2025-04-17 06:00:00,2026-08-07 20:10:16,order_items.csv,2026-08-07,Order ID not found in orders
ITEM000059985,ORD00017501,SKU00122,Multi-lateral well-modulated toolset,Books,6.0,12582.63,75495.78,2025-04-17 06:00:00,2026-08-07 20:10:16,order_items.csv,2026-08-07,Order ID not found in orders
ITEM000060106,ORD00026101,SKU04853,Reduced incremental firmware,Toys,1.0,5917.61,5917.61,2025-04-17 06:00:00,2026-08-07 20:10:16,order_items.csv,2026-08-07,Order ID not found in orders
ITEM000060229,ORD00013601,SKU04585,Team-oriented composite implementation,Clothing,7.0,14883.88,104187.16,2025-04-17 06:00:00,2026-08-07 20:10:16,order_items.csv,2026-08-07,Order ID not found in orders
ITEM000060317,ORD00006501,SKU04129,Persevering asynchronous orchestration,Home & Kitchen,3.0,13129.04,39387.12,2025-04-17 06:00:00,2026-08-07 20:10:16,order_items.csv,2026-08-07,Order ID not found in orders
ITEM000060466,ORD00036101,SKU02185,Integrated object-oriented archive,Beauty,10.0,4094.66,40946.6,2025-04-17 06:00:00,2026-08-07 20:10:16,order_items.csv,2026-08-07,Order ID not found in orders
ITEM000060524,ORD00011301,SKU04341,Team-oriented intangible alliance,Toys,3.0,12209.53,36628.59,2025-04-17 06:00:00,2026-08-07 20:10:16,order_items.csv,2026-08-07,Order ID not found in orders
ITEM000060708,ORD00037101,SKU02071,Right-sized discrete secured line,Grocery,1.0,13663.38,13663.38,2025-04-17 06:00:00,2026-08-07 20:10:16,order_items.csv,2026-08-07,Order ID not found in orders
ITEM000060931,ORD00038601,SKU01317,Reactive system-worthy orchestration,Home & Kitchen,2.0,7315.99,14631.98,2025-04-17 06:00:00,2026-08-07 20:10:16,order_items.csv,2026-08-07,Order ID not found in orders
ITEM000060940,ORD00012301,SKU01095,Mandatory even-keeled monitoring,Clothing,7.0,9595.18,67166.26,2025-04-17 06:00:00,2026-08-07 20:10:16,order_items.csv,2026-08-07,Order ID not found in orders
ITEM000060951,ORD00046301,SKU04261,Upgradable homogeneous knowledge user,Home & Kitchen,9.0,1951.4,17562.6,2025-04-17 06:00:00,2026-08-07 20:10:16,order_items.csv,2026-08-07,Order ID not found in orders
ITEM000061115,ORD00011501,SKU00994,Multi-channeled intermediate process improvement,Sports,4.0,8415.54,33662.16,2025-04-17 06:00:00,2026-08-07 20:10:16,order_items.csv,2026-08-07,Order ID not found in orders
ITEM000061166,ORD00000501,SKU00785,Distributed homogeneous help-desk,Beauty,1.0,5185.4,5185.4,2025-04-17 06:00:00,2026-08-07 20:10:16,order_items.csv,2026-08-07,Order ID not found in orders
ITEM000061339,ORD00035401,SKU02990,Implemented bottom-line function,Electronics,6.0,14908.84,89453.04,2025-04-17 06:00:00,2026-08-07 20:10:16,order_items.csv,2026-08-07,Order ID not found in orders
ITEM000061412,ORD00010701,SKU03014,Configurable uniform workforce,Grocery,7.0,2354.71,16482.97,2025-04-17 06:00:00,2026-08-07 20:10:16,order_items.csv,2026-08-07,Order ID not found in orders
ITEM000061415,ORD00033901,SKU04468,Team-oriented systematic policy,Home & Kitchen,7.0,6498.21,45487.47,2025-04-17 06:00:00,2026-08-07 20:10:16,order_items.csv,2026-08-07,Order ID not found in orders
ITEM000061429,ORD00039201,SKU02539,Pre-emptive client-driven analyzer,Clothing,4.0,5427.61,21710.44,2025-04-17 06:00:00,2026-08-07 20:10:16,order_items.csv,2026-08-07,Order ID not found in orders
ITEM000061513,ORD00037601,SKU00332,Focused regional protocol,Sports,2.0,8723.15,17446.3,2025-04-17 06:00:00,2026-08-07 20:10:16,order_items.csv,2026-08-07,Order ID not found in orders
ITEM000061674,ORD00021801,SKU01389,Focused fresh-thinking success,Toys,5.0,3954.02,19770.1,2025-04-17 06:00:00,2026-08-07 20:10:16,order_items.csv,2026-08-07,Order ID not found in orders
ITEM000061695,ORD00027001,SKU00381,Function-based coherent extranet,Electronics,2.0,1279.92,2559.84,2025-04-17 06:00:00,2026-08-07 20:10:16,order_items.csv,2026-08-07,Order ID not found in orders
ITEM000061897,ORD00043301,SKU01715,Multi-tiered needs-based knowledge user,Toys,10.0,14570.2,145702.0,2025-04-17 06:00:00,2026-08-07 20:10:16,order_items.csv,2026-08-07,Order ID not found in orders
ITEM000061915,ORD00024701,SKU03341,Polarized national flexibility,Books,8.0,2648.1,21184.8,2025-04-17 06:00:00,2026-08-07 20:10:16,order_items.csv,2026-08-07,Order ID not found in orders
ITEM000061967,ORD00015301,SKU03621,Synergized 24hour open architecture,Home & Kitchen,10.0,425.37,4253.7,2025-04-17 06:00:00,2026-08-07 20:10:16,order_items.csv,2026-08-07,Order ID not found in orders
ITEM000062022,ORD00045001,SKU02448,Pre-emptive local forecast,Beauty,6.0,5744.31,34465.86,2025-04-17 06:00:00,2026-08-07 20:10:16,order_items.csv,2026-08-07,Order ID not found in orders
ITEM000062097,ORD00007001,SKU01796,Reactive web-enabled service-desk,Grocery,10.0,7961.84,79618.4,2025-04-17 06:00:00,2026-08-07 20:10:16,order_items.csv,2026-08-07,Order ID not found in orders
ITEM000062254,ORD00011901,SKU04944,Multi-lateral optimizing website,Grocery,2.0,6875.04,13750.08,2025-04-17 06:00:00,2026-08-07 20:10:16,order_items.csv,2026-08-07,Order ID not found in orders
ITEM000062510,ORD00011101,SKU00313,Business-focused web-enabled access,Grocery,7.0,5534.23,38739.61,2025-04-17 06:00:00,2026-08-07 20:10:16,order_items.csv,2026-08-07,Order ID not found in orders
ITEM000062696,ORD00023601,SKU00570,Secured client-server array,Books,9.0,11875.91,106883.19,2025-04-17 06:00:00,2026-08-07 20:10:16,order_items.csv,2026-08-07,Order ID not found in orders
ITEM000063110,ORD00024501,SKU04138,Stand-alone web-enabled paradigm,Home & Kitchen,2.0,1580.23,3160.46,2025-04-17 06:00:00,2026-08-07 20:10:16,order_items.csv,2026-08-07,Order ID not found in orders
ITEM000063260,ORD00031801,SKU04880,Monitored 24hour moderator,Beauty,1.0,1426.37,1426.37,2025-04-17 06:00:00,2026-08-07 20:10:16,order_items.csv,2026-08-07,Order ID not found in orders
ITEM000063380,ORD00030001,SKU04006,Implemented scalable moderator,Grocery,3.0,8208.07,24624.21,2025-04-17 06:00:00,2026-08-07 20:10:16,order_items.csv,2026-08-07,Order ID not found in orders
ITEM000063659,ORD00009901,SKU03132,Integrated secondary hardware,Sports,1.0,1607.99,1607.99,2025-04-17 06:00:00,2026-08-07 20:10:16,order_items.csv,2026-08-07,Order ID not found in orders
ITEM000063704,ORD00046501,SKU01952,Horizontal hybrid info-mediaries,Sports,9.0,12470.13,112231.17,2025-04-17 06:00:00,2026-08-07 20:10:16,order_items.csv,2026-08-07,Order ID not found in orders
ITEM000063849,ORD00027001,SKU03263,Ergonomic optimizing analyzer,Toys,10.0,4663.35,46633.5,2025-04-17 06:00:00,2026-08-07 20:10:16,order_items.csv,2026-08-07,Order ID not found in orders
ITEM000063908,ORD00027701,SKU04583,Triple-buffered tangible artificial intelligence,Home & Kitchen,2.0,3559.38,7118.76,2025-04-17 06:00:00,2026-08-07 20:10:16,order_items.csv,2026-08-07,Order ID not found in orders
ITEM000063917,ORD00013501,SKU01368,Organized grid-enabled core,Electronics,10.0,3901.97,39019.7,2025-04-17 06:00:00,2026-08-07 20:10:16,order_items.csv,2026-08-07,Order ID not found in orders
ITEM000064059,ORD00038501,SKU04260,Extended scalable challenge,Sports,2.0,2359.09,4718.18,2025-04-17 06:00:00,2026-08-07 20:10:16,order_items.csv,2026-08-07,Order ID not found in orders
ITEM000064069,ORD00022501,SKU01947,Virtual fault-tolerant extranet,Electronics,5.0,6738.01,33690.05,2025-04-17 06:00:00,2026-08-07 20:10:16,order_items.csv,2026-08-07,Order ID not found in orders
ITEM000064222,ORD00024001,SKU03889,Universal cohesive access,Grocery,9.0,10630.02,95670.18,2025-04-17 06:00:00,2026-08-07 20:10:16,order_items.csv,2026-08-07,Order ID not found in orders
ITEM000064389,ORD00013301,SKU00934,Multi-lateral analyzing info-mediaries,Clothing,7.0,3213.02,22491.14,2025-04-17 06:00:00,2026-08-07 20:10:16,order_items.csv,2026-08-07,Order ID not found in orders
ITEM000064430,ORD00046401,SKU02886,Business-focused 24/7 Internet solution,Grocery,1.0,6359.67,6359.67,2025-04-17 06:00:00,2026-08-07 20:10:16,order_items.csv,2026-08-07,Order ID not found in orders
ITEM000064514,ORD00022701,SKU03267,Fully-configurable well-modulated emulation,Clothing,10.0,11954.79,119547.9,2025-04-17 06:00:00,2026-08-07 20:10:16,order_items.csv,2026-08-07,Order ID not found in orders
ITEM000064585,ORD00010701,SKU00100,Object-based 6thgeneration software,Toys,6.0,6476.07,38856.42,2025-04-17 06:00:00,2026-08-07 20:10:16,order_items.csv,2026-08-07,Order ID not found in orders
ITEM000064602,ORD00011601,SKU03651,Mandatory real-time implementation,Toys,6.0,10684.56,64107.36,2025-04-17 06:00:00,2026-08-07 20:10:16,order_items.csv,2026-08-07,Order ID not found in orders
ITEM000064807,ORD00027701,SKU00087,Monitored actuating encoding,Grocery,2.0,12215.07,24430.14,2025-04-17 06:00:00,2026-08-07 20:10:16,order_items.csv,2026-08-07,Order ID not found in orders
ITEM000064844,ORD00006401,SKU00753,Decentralized mission-critical database,Home & Kitchen,10.0,13577.98,135779.8,2025-04-17 06:00:00,2026-08-07 20:10:16,order_items.csv,2026-08-07,Order ID not found in orders
ITEM000064976,ORD00026701,SKU01431,Object-based bandwidth-monitored policy,Electronics,1.0,2183.13,2183.13,2025-04-17 06:00:00,2026-08-07 20:10:16,order_items.csv,2026-08-07,Order ID not found in orders
ITEM000065572,ORD00026901,SKU02434,Decentralized 4thgeneration support,Toys,10.0,5348.62,53486.2,2025-04-17 06:00:00,2026-08-07 20:10:16,order_items.csv,2026-08-07,Order ID not found in orders
ITEM000065593,ORD00046501,SKU01252,Compatible empowering architecture,Beauty,9.0,8938.19,80443.71,2025-04-17 06:00:00,2026-08-07 20:10:16,order_items.csv,2026-08-07,Order ID not found in orders
ITEM000065603,ORD00030301,SKU01979,Team-oriented executive application,Electronics,1.0,13419.48,13419.48,2025-04-17 06:00:00,2026-08-07 20:10:16,order_items.csv,2026-08-07,Order ID not found in orders
ITEM000065781,ORD00035401,SKU00709,Up-sized multi-state challenge,Grocery,6.0,7335.12,44010.72,2025-04-17 06:00:00,2026-08-07 20:10:16,order_items.csv,2026-08-07,Order ID not found in orders
ITEM000066084,ORD00023401,SKU02605,Open-architected clear-thinking ability,Grocery,9.0,2510.63,22595.67,2025-04-17 06:00:00,2026-08-07 20:10:16,order_items.csv,2026-08-07,Order ID not found in orders
ITEM000066087,ORD00044101,SKU03786,Universal systemic capability,Beauty,9.0,12141.84,109276.56,2025-04-17 06:00:00,2026-08-07 20:10:16,order_items.csv,2026-08-07,Order ID not found in orders
ITEM000066224,ORD00027101,SKU02979,Up-sized 24/7 model,Grocery,2.0,910.18,1820.36,2025-04-17 06:00:00,2026-08-07 20:10:16,order_items.csv,2026-08-07,Order ID not found in orders
ITEM000066283,ORD00031901,SKU01494,Adaptive methodical knowledgebase,Electronics,2.0,4778.17,9556.34,2025-04-17 06:00:00,2026-08-07 20:10:16,order_items.csv,2026-08-07,Order ID not found in orders
ITEM000066452,ORD00004501,SKU00962,Optimized bottom-line middleware,Electronics,6.0,11724.34,70346.04,2025-04-17 06:00:00,2026-08-07 20:10:16,order_items.csv,2026-08-07,Order ID not found in orders
ITEM000066458,ORD00039601,SKU02782,Networked leadingedge capability,Beauty,4.0,9220.06,36880.24,2025-04-17 06:00:00,2026-08-07 20:10:16,order_items.csv,2026-08-07,Order ID not found in orders
ITEM000066461,ORD00016301,SKU01320,Universal exuding hardware,Grocery,5.0,10299.14,51495.7,2025-04-17 06:00:00,2026-08-07 20:10:16,order_items.csv,2026-08-07,Order ID not found in orders
ITEM000066490,ORD00000901,SKU00903,Future-proofed 4thgeneration Graphical User Interf,Books,2.0,639.53,1279.06,2025-04-17 06:00:00,2026-08-07 20:10:16,order_items.csv,2026-08-07,Order ID not found in orders
ITEM000066493,ORD00044301,SKU00973,Future-proofed non-volatile solution,Beauty,8.0,8796.88,70375.04,2025-04-17 06:00:00,2026-08-07 20:10:16,order_items.csv,2026-08-07,Order ID not found in orders
ITEM000066588,ORD00035001,SKU00051,Fundamental impactful superstructure,Books,6.0,117.73,706.38,2025-04-17 06:00:00,2026-08-07 20:10:16,order_items.csv,2026-08-07,Order ID not found in orders
ITEM000066672,ORD00024001,SKU01941,Total mission-critical help-desk,Home & Kitchen,7.0,14298.62,100090.34,2025-04-17 06:00:00,2026-08-07 20:10:16,order_items.csv,2026-08-07,Order ID not found in orders
ITEM000066880,ORD00012301,SKU03169,Cross-platform demand-driven collaboration,Sports,5.0,13178.42,65892.1,2025-04-17 06:00:00,2026-08-07 20:10:16,order_items.csv,2026-08-07,Order ID not found in orders
ITEM000066988,ORD00032501,SKU04298,Versatile system-worthy intranet,Toys,7.0,6903.11,48321.77,2025-04-17 06:00:00,2026-08-07 20:10:16,order_items.csv,2026-08-07,Order ID not found in orders
ITEM000067019,ORD00029901,SKU03854,Sharable disintermediate firmware,Beauty,7.0,8871.49,62100.43,2025-04-17 06:00:00,2026-08-07 20:10:16,order_items.csv,2026-08-07,Order ID not found in orders
ITEM000067133,ORD00045301,SKU00093,Front-line encompassing structure,Beauty,9.0,1253.73,11283.57,2025-04-17 06:00:00,2026-08-07 20:10:16,order_items.csv,2026-08-07,Order ID not found in orders
ITEM000067311,ORD00039301,SKU00266,Integrated even-keeled orchestration,Toys,10.0,729.86,7298.6,2025-04-17 06:00:00,2026-08-07 20:10:16,order_items.csv,2026-08-07,Order ID not found in orders
ITEM000067389,ORD00033301,SKU03535,Diverse asymmetric flexibility,Sports,4.0,5037.98,20151.92,2025-04-17 06:00:00,2026-08-07 20:10:16,order_items.csv,2026-08-07,Order ID not found in orders
ITEM000067434,ORD00012601,SKU03488,Open-architected explicit infrastructure,Toys,9.0,7499.55,67495.95,2025-04-17 06:00:00,2026-08-07 20:10:16,order_items.csv,2026-08-07,Order ID not found in orders
ITEM000067477,ORD00040201,SKU03692,Front-line upward-trending productivity,Home & Kitchen,9.0,14613.76,131523.84,2025-04-17 06:00:00,2026-08-07 20:10:16,order_items.csv,2026-08-07,Order ID not found in orders
ITEM000067497,ORD00011101,SKU01206,Mandatory bifurcated policy,Home & Kitchen,2.0,7237.38,14474.76,2025-04-17 06:00:00,2026-08-07 20:10:16,order_items.csv,2026-08-07,Order ID not found in orders
ITEM000067525,ORD00011701,SKU00666,Optional well-modulated projection,Books,10.0,5551.24,55512.4,2025-04-17 06:00:00,2026-08-07 20:10:16,order_items.csv,2026-08-07,Order ID not found in orders
ITEM000067618,ORD00018501,SKU02595,Decentralized demand-driven implementation,Books,5.0,13021.21,65106.05,2025-04-17 06:00:00,2026-08-07 20:10:16,order_items.csv,2026-08-07,Order ID not found in orders
ITEM000067739,ORD00025701,SKU01981,Fully-configurable regional flexibility,Toys,7.0,4328.42,30298.94,2025-04-17 06:00:00,2026-08-07 20:10:16,order_items.csv,2026-08-07,Order ID not found in orders
ITEM000067922,ORD00033801,SKU01680,Innovative homogeneous Internet solution,Home & Kitchen,1.0,5883.11,5883.11,2025-04-17 06:00:00,2026-08-07 20:10:16,order_items.csv,2026-08-07,Order ID not found in orders
ITEM000067957,ORD00049801,SKU04538,Secured system-worthy hub,Grocery,7.0,11589.61,81127.27,2025-04-17 06:00:00,2026-08-07 20:10:16,order_items.csv,2026-08-07,Order ID not found in orders
ITEM000067976,ORD00022101,SKU04881,Extended executive time-frame,Clothing,3.0,4181.46,12544.38,2025-04-17 06:00:00,2026-08-07 20:10:16,order_items.csv,2026-08-07,Order ID not found in orders
ITEM000068188,ORD00028701,SKU04197,Optional stable info-mediaries,Clothing,2.0,13749.56,27499.12,2025-04-17 06:00:00,2026-08-07 20:10:16,order_items.csv,2026-08-07,Order ID not found in orders
ITEM000068530,ORD00047101,SKU04744,Virtual radical data-warehouse,Sports,10.0,9866.77,98667.7,2025-04-17 06:00:00,2026-08-07 20:10:16,order_items.csv,2026-08-07,Order ID not found in orders
ITEM000068680,ORD00020601,SKU03490,Re-engineered motivating benchmark,Home & Kitchen,1.0,8442.33,8442.33,2025-04-17 06:00:00,2026-08-07 20:10:16,order_items.csv,2026-08-07,Order ID not found in orders
ITEM000068685,ORD00048401,SKU00804,Synchronized even-keeled infrastructure,Sports,10.0,6730.5,67305.0,2025-04-17 06:00:00,2026-08-07 20:10:16,order_items.csv,2026-08-07,Order ID not found in orders
ITEM000068748,ORD00023301,SKU03902,Realigned foreground customer loyalty,Books,9.0,12893.06,116037.54,2025-04-17 06:00:00,2026-08-07 20:10:16,order_items.csv,2026-08-07,Order ID not found in orders
ITEM000068773,ORD00037701,SKU02924,Public-key zero-defect extranet,Beauty,4.0,6901.45,27605.8,2025-04-17 06:00:00,2026-08-07 20:10:16,order_items.csv,2026-08-07,Order ID not found in orders
ITEM000068839,ORD00000801,SKU00038,Fully-configurable optimal groupware,Toys,3.0,6398.37,19195.11,2025-04-17 06:00:00,2026-08-07 20:10:16,order_items.csv,2026-08-07,Order ID not found in orders
ITEM000068895,ORD00023001,SKU04145,Ameliorated high-level data-warehouse,Toys,8.0,424.63,3397.04,2025-04-17 06:00:00,2026-08-07 20:10:16,order_items.csv,2026-08-07,Order ID not found in orders
ITEM000068917,ORD00046701,SKU04589,Progressive empowering analyzer,Beauty,4.0,11490.05,45960.2,2025-04-17 06:00:00,2026-08-07 20:10:16,order_items.csv,2026-08-07,Order ID not found in orders
ITEM000068952,ORD00025401,SKU00842,Future-proofed system-worthy encryption,Home & Kitchen,4.0,6440.76,25763.04,2025-04-17 06:00:00,2026-08-07 20:10:16,order_items.csv,2026-08-07,Order ID not found in orders
ITEM000069137,ORD00031901,SKU04845,Multi-channeled tangible ability,Toys,5.0,4257.49,21287.45,2025-04-17 06:00:00,2026-08-07 20:10:16,order_items.csv,2026-08-07,Order ID not found in orders
ITEM000069189,ORD00031001,SKU00503,Centralized even-keeled initiative,Grocery,7.0,10413.15,72892.05,2025-04-17 06:00:00,2026-08-07 20:10:16,order_items.csv,2026-08-07,Order ID not found in orders
ITEM000069295,ORD00033901,SKU00674,Multi-channeled 24/7 orchestration,Home & Kitchen,7.0,1788.47,12519.29,2025-04-17 06:00:00,2026-08-07 20:10:16,order_items.csv,2026-08-07,Order ID not found in orders
ITEM000069365,ORD00031501,SKU00055,Digitized content-based functionalities,Sports,3.0,6881.93,20645.79,2025-04-17 06:00:00,2026-08-07 20:10:16,order_items.csv,2026-08-07,Order ID not found in orders
ITEM000069618,ORD00032101,SKU00581,Reactive upward-trending standardization,Home & Kitchen,3.0,9084.83,27254.49,2025-04-17 06:00:00,2026-08-07 20:10:16,order_items.csv,2026-08-07,Order ID not found in orders
ITEM000069893,ORD00011901,SKU03794,Profit-focused dynamic help-desk,Home & Kitchen,3.0,13964.89,41894.67,2025-04-17 06:00:00,2026-08-07 20:10:16,order_items.csv,2026-08-07,Order ID not found in orders
ITEM000069991,ORD00005801,SKU02303,Open-source logistical collaboration,Sports,9.0,2357.68,21219.12,2025-04-17 06:00:00,2026-08-07 20:10:16,order_items.csv,2026-08-07,Order ID not found in orders
ITEM000070032,ORD00028801,SKU00339,Implemented secondary artificial intelligence,Electronics,8.0,7287.55,58300.4,2025-04-17 06:00:00,2026-08-07 20:10:16,order_items.csv,2026-08-07,Order ID not found in orders
ITEM000070064,ORD00013701,SKU04329,Horizontal interactive adapter,Beauty,6.0,9195.19,55171.14,2025-04-17 06:00:00,2026-08-07 20:10:16,order_items.csv,2026-08-07,Order ID not found in orders
ITEM000070096,ORD00012001,SKU04480,Grass-roots needs-based help-desk,Toys,10.0,13650.71,136507.1,2025-04-17 06:00:00,2026-08-07 20:10:16,order_items.csv,2026-08-07,Order ID not found in orders
ITEM000070195,ORD00032601,SKU02592,Persevering 24hour challenge,Grocery,2.0,11470.41,22940.82,2025-04-17 06:00:00,2026-08-07 20:10:16,order_items.csv,2026-08-07,Order ID not found in orders
ITEM000070229,ORD00026401,SKU00524,Multi-layered real-time secured line,Home & Kitchen,4.0,13331.44,53325.76,2025-04-17 06:00:00,2026-08-07 20:10:16,order_items.csv,2026-08-07,Order ID not found in orders
ITEM000070376,ORD00035001,SKU01126,Fully-configurable methodical moratorium,Clothing,10.0,8582.27,85822.7,2025-04-17 06:00:00,2026-08-07 20:10:16,order_items.csv,2026-08-07,Order ID not found in orders
ITEM000070395,ORD00031901,SKU00781,Fully-configurable bandwidth-monitored functionali,Beauty,4.0,11689.48,46757.92,2025-04-17 06:00:00,2026-08-07 20:10:16,order_items.csv,2026-08-07,Order ID not found in orders
ITEM000070537,ORD00013101,SKU03042,Profit-focused object-oriented task-force,Grocery,4.0,12299.74,49198.96,2025-04-17 06:00:00,2026-08-07 20:10:16,order_items.csv,2026-08-07,Order ID not found in orders
ITEM000070667,ORD00034501,SKU03779,Multi-channeled analyzing intranet,Beauty,6.0,13104.99,78629.94,2025-04-17 06:00:00,2026-08-07 20:10:16,order_items.csv,2026-08-07,Order ID not found in orders
ITEM000070699,ORD00010001,SKU00746,Persistent needs-based implementation,Beauty,2.0,7573.88,15147.76,2025-04-17 06:00:00,2026-08-07 20:10:16,order_items.csv,2026-08-07,Order ID not found in orders
ITEM000070771,ORD00036601,SKU04129,Persevering asynchronous orchestration,Home & Kitchen,8.0,13129.04,105032.32,2025-04-17 06:00:00,2026-08-07 20:10:16,order_items.csv,2026-08-07,Order ID not found in orders
ITEM000070825,ORD00038101,SKU01771,Total contextually-based solution,Clothing,3.0,12481.9,37445.7,2025-04-17 06:00:00,2026-08-07 20:10:16,order_items.csv,2026-08-07,Order ID not found in orders
ITEM000070869,ORD00019301,SKU04708,Versatile tangible encryption,Books,9.0,9552.4,85971.6,2025-04-17 06:00:00,2026-08-07 20:10:16,order_items.csv,2026-08-07,Order ID not found in orders
ITEM000070943,ORD00024701,SKU03827,De-engineered optimizing forecast,Toys,6.0,7761.96,46571.76,2025-04-17 06:00:00,2026-08-07 20:10:16,order_items.csv,2026-08-07,Order ID not found in orders
ITEM000070993,ORD00005901,SKU02182,Configurable foreground Local Area Network,Books,6.0,8854.85,53129.1,2025-04-17 06:00:00,2026-08-07 20:10:16,order_items.csv,2026-08-07,Order ID not found in orders
ITEM000071085,ORD00049701,SKU01366,Universal methodical benchmark,Clothing,8.0,2824.63,22597.04,2025-04-17 06:00:00,2026-08-07 20:10:16,order_items.csv,2026-08-07,Order ID not found in orders
ITEM000071314,ORD00019301,SKU00209,Reduced contextually-based software,Sports,3.0,6566.61,19699.83,2025-04-17 06:00:00,2026-08-07 20:10:16,order_items.csv,2026-08-07,Order ID not found in orders
ITEM000071332,ORD00000201,SKU00745,Secured neutral success,Electronics,6.0,13527.97,81167.82,2025-04-17 06:00:00,2026-08-07 20:10:16,order_items.csv,2026-08-07,Order ID not found in orders
ITEM000071443,ORD00034901,SKU03022,Organic bi-directional focus group,Electronics,9.0,6530.36,58773.24,2025-04-17 06:00:00,2026-08-07 20:10:16,order_items.csv,2026-08-07,Order ID not found in orders
ITEM000071480,ORD00032001,SKU02749,Cloned asynchronous Internet solution,Books,8.0,9583.43,76667.44,2025-04-17 06:00:00,2026-08-07 20:10:16,order_items.csv,2026-08-07,Order ID not found in orders
ITEM000071905,ORD00042701,SKU00671,Implemented demand-driven moratorium,Home & Kitchen,3.0,6660.17,19980.51,2025-04-17 06:00:00,2026-08-07 20:10:16,order_items.csv,2026-08-07,Order ID not found in orders
ITEM000072055,ORD00016001,SKU00062,Business-focused tertiary infrastructure,Sports,5.0,3948.35,19741.75,2025-04-17 06:00:00,2026-08-07 20:10:16,order_items.csv,2026-08-07,Order ID not found in orders
ITEM000072060,ORD00049601,SKU00266,Integrated even-keeled orchestration,Toys,1.0,729.86,729.86,2025-04-17 06:00:00,2026-08-07 20:10:16,order_items.csv,2026-08-07,Order ID not found in orders
ITEM000072103,ORD00036001,SKU01287,Digitized encompassing solution,Toys,1.0,14030.85,14030.85,2025-04-17 06:00:00,2026-08-07 20:10:16,order_items.csv,2026-08-07,Order ID not found in orders
ITEM000072190,ORD00036801,SKU02633,Re-contextualized stable policy,Beauty,5.0,9463.81,47319.05,2025-04-17 06:00:00,2026-08-07 20:10:16,order_items.csv,2026-08-07,Order ID not found in orders
ITEM000072228,ORD00029501,SKU01631,Function-based systemic interface,Beauty,9.0,4041.35,36372.15,2025-04-17 06:00:00,2026-08-07 20:10:16,order_items.csv,2026-08-07,Order ID not found in orders
ITEM000072324,ORD00010401,SKU01831,Optional human-resource circuit,Electronics,1.0,3563.51,3563.51,2025-04-17 06:00:00,2026-08-07 20:10:16,order_items.csv,2026-08-07,Order ID not found in orders
ITEM000072376,ORD00040501,SKU04586,Seamless web-enabled utilization,Grocery,4.0,5517.31,22069.24,2025-04-17 06:00:00,2026-08-07 20:10:16,order_items.csv,2026-08-07,Order ID not found in orders
ITEM000072552,ORD00022901,SKU01401,Fundamental incremental paradigm,Sports,3.0,1976.41,5929.23,2025-04-17 06:00:00,2026-08-07 20:10:16,order_items.csv,2026-08-07,Order ID not found in orders
ITEM000072607,ORD00028801,SKU01664,Persevering modular archive,Sports,6.0,10063.13,60378.78,2025-04-17 06:00:00,2026-08-07 20:10:16,order_items.csv,2026-08-07,Order ID not found in orders
ITEM000072729,ORD00013701,SKU00245,Robust non-volatile productivity,Grocery,10.0,4669.86,46698.6,2025-04-17 06:00:00,2026-08-07 20:10:16,order_items.csv,2026-08-07,Order ID not found in orders
ITEM000072733,ORD00014301,SKU03386,Advanced responsive paradigm,Home & Kitchen,9.0,5878.75,52908.75,2025-04-17 06:00:00,2026-08-07 20:10:16,order_items.csv,2026-08-07,Order ID not found in orders
ITEM000072822,ORD00047701,SKU00888,Fundamental object-oriented customer loyalty,Electronics,10.0,2868.87,28688.7,2025-04-17 06:00:00,2026-08-07 20:10:16,order_items.csv,2026-08-07,Order ID not found in orders
ITEM000072855,ORD00042401,SKU02092,Innovative demand-driven process improvement,Home & Kitchen,3.0,8078.34,24235.02,2025-04-17 06:00:00,2026-08-07 20:10:16,order_items.csv,2026-08-07,Order ID not found in orders
ITEM000072881,ORD00013901,SKU02443,Ergonomic full-range open system,Beauty,7.0,8184.12,57288.84,2025-04-17 06:00:00,2026-08-07 20:10:16,order_items.csv,2026-08-07,Order ID not found in orders
ITEM000072998,ORD00034601,SKU04085,Triple-buffered grid-enabled standardization,Sports,8.0,10498.25,83986.0,2025-04-17 06:00:00,2026-08-07 20:10:16,order_items.csv,2026-08-07,Order ID not found in orders
ITEM000073135,ORD00047901,SKU02412,Assimilated eco-centric frame,Grocery,7.0,634.94,4444.58,2025-04-17 06:00:00,2026-08-07 20:10:16,order_items.csv,2026-08-07,Order ID not found in orders
ITEM000073355,ORD00001901,SKU03381,Centralized disintermediate success,Sports,5.0,5858.23,29291.15,2025-04-17 06:00:00,2026-08-07 20:10:16,order_items.csv,2026-08-07,Order ID not found in orders
ITEM000073531,ORD00041201,SKU04568,User-centric client-server productivity,Electronics,7.0,14122.73,98859.11,2025-04-17 06:00:00,2026-08-07 20:10:16,order_items.csv,2026-08-07,Order ID not found in orders
ITEM000073700,ORD00035201,SKU02743,Synchronized homogeneous support,Clothing,3.0,5718.15,17154.45,2025-04-17 06:00:00,2026-08-07 20:10:16,order_items.csv,2026-08-07,Order ID not found in orders
ITEM000073721,ORD00042301,SKU03892,Integrated bottom-line utilization,Home & Kitchen,10.0,14194.84,141948.4,2025-04-17 06:00:00,2026-08-07 20:10:16,order_items.csv,2026-08-07,Order ID not found in orders
ITEM000073726,ORD00027001,SKU01122,Reactive web-enabled Graphical User Interface,Grocery,2.0,8733.1,17466.2,2025-04-17 06:00:00,2026-08-07 20:10:16,order_items.csv,2026-08-07,Order ID not found in orders
ITEM000073729,ORD00002301,SKU03500,Focused reciprocal Local Area Network,Sports,2.0,5335.51,10671.02,2025-04-17 06:00:00,2026-08-07 20:10:16,order_items.csv,2026-08-07,Order ID not found in orders
ITEM000073770,ORD00005701,SKU03861,Virtual attitude-oriented standardization,Grocery,4.0,12119.21,48476.84,2025-04-17 06:00:00,2026-08-07 20:10:16,order_items.csv,2026-08-07,Order ID not found in orders
ITEM000073883,ORD00015501,SKU01778,Quality-focused analyzing frame,Home & Kitchen,1.0,4392.53,4392.53,2025-04-17 06:00:00,2026-08-07 20:10:16,order_items.csv,2026-08-07,Order ID not found in orders
ITEM000074042,ORD00026301,SKU04151,Exclusive exuding orchestration,Electronics,10.0,5414.24,54142.4,2025-04-17 06:00:00,2026-08-07 20:10:16,order_items.csv,2026-08-07,Order ID not found in orders
ITEM000074345,ORD00009401,SKU03786,Universal systemic capability,Beauty,4.0,12141.84,48567.36,2025-04-17 06:00:00,2026-08-07 20:10:16,order_items.csv,2026-08-07,Order ID not found in orders
ITEM000074429,ORD00001301,SKU03314,Down-sized hybrid parallelism,Electronics,6.0,14823.67,88942.02,2025-04-17 06:00:00,2026-08-07 20:10:16,order_items.csv,2026-08-07,Order ID not found in orders
ITEM000074432,ORD00030601,SKU00583,Secured optimizing encoding,Clothing,5.0,10024.97,50124.85,2025-04-17 06:00:00,2026-08-07 20:10:16,order_items.csv,2026-08-07,Order ID not found in orders
ITEM000074547,ORD00042301,SKU03881,Operative object-oriented artificial intelligence,Grocery,10.0,12007.69,120076.9,2025-04-17 06:00:00,2026-08-07 20:10:16,order_items.csv,2026-08-07,Order ID not found in orders
ITEM000074742,ORD00029601,SKU01326,Multi-layered user-facing implementation,Home & Kitchen,6.0,9833.39,59000.34,2025-04-17 06:00:00,2026-08-07 20:10:16,order_items.csv,2026-08-07,Order ID not found in orders
ITEM000074984,ORD00026301,SKU03970,Organized tertiary parallelism,Electronics,5.0,11052.12,55260.6,2025-04-17 06:00:00,2026-08-07 20:10:16,order_items.csv,2026-08-07,Order ID not found in orders
ITEM000075026,ORD00040401,SKU04693,Managed even-keeled frame,Grocery,5.0,7491.17,37455.85,2025-04-17 06:00:00,2026-08-07 20:10:16,order_items.csv,2026-08-07,Order ID not found in orders
ITEM000075040,ORD00021801,SKU02596,Enhanced holistic complexity,Grocery,9.0,9877.33,88895.97,2025-04-17 06:00:00,2026-08-07 20:10:16,order_items.csv,2026-08-07,Order ID not found in orders
ITEM000075099,ORD00045401,SKU00925,Total full-range help-desk,Grocery,4.0,936.01,3744.04,2025-04-17 06:00:00,2026-08-07 20:10:16,order_items.csv,2026-08-07,Order ID not found in orders
ITEM000075152,ORD00045501,SKU02444,Profit-focused tangible artificial intelligence,Books,9.0,8670.3,78032.7,2025-04-17 06:00:00,2026-08-07 20:10:16,order_items.csv,2026-08-07,Order ID not found in orders
ITEM000075439,ORD00045401,SKU00644,Persevering national frame,Toys,3.0,12550.42,37651.26,2025-04-17 06:00:00,2026-08-07 20:10:16,order_items.csv,2026-08-07,Order ID not found in orders
ITEM000075521,ORD00024501,SKU00811,Reduced interactive complexity,Beauty,2.0,4433.25,8866.5,2025-04-17 06:00:00,2026-08-07 20:10:16,order_items.csv,2026-08-07,Order ID not found in orders
ITEM000075538,ORD00016501,SKU02114,Versatile encompassing Local Area Network,Beauty,9.0,12545.97,112913.73,2025-04-17 06:00:00,2026-08-07 20:10:16,order_items.csv,2026-08-07,Order ID not found in orders
ITEM000075584,ORD00000801,SKU04583,Triple-buffered tangible artificial intelligence,Home & Kitchen,6.0,3559.38,21356.28,2025-04-17 06:00:00,2026-08-07 20:10:16,order_items.csv,2026-08-07,Order ID not found in orders
ITEM000075689,ORD00017501,SKU01225,Decentralized regional extranet,Beauty,9.0,3339.88,30058.92,2025-04-17 06:00:00,2026-08-07 20:10:16,order_items.csv,2026-08-07,Order ID not found in orders
ITEM000075902,ORD00002901,SKU04054,Versatile grid-enabled knowledge user,Electronics,2.0,11670.66,23341.32,2025-04-17 06:00:00,2026-08-07 20:10:16,order_items.csv,2026-08-07,Order ID not found in orders
ITEM000075954,ORD00022901,SKU02589,Self-enabling leadingedge monitoring,Grocery,3.0,4740.84,14222.52,2025-04-17 06:00:00,2026-08-07 20:10:16,order_items.csv,2026-08-07,Order ID not found in orders
ITEM000075989,ORD00025001,SKU01503,Cross-group clear-thinking support,Toys,2.0,13354.19,26708.38,2025-04-17 06:00:00,2026-08-07 20:10:16,order_items.csv,2026-08-07,Order ID not found in orders
ITEM000076263,ORD00014701,SKU01031,Fully-configurable bandwidth-monitored Graphical U,Electronics,9.0,4043.11,36387.99,2025-04-17 06:00:00,2026-08-07 20:10:16,order_items.csv,2026-08-07,Order ID not found in orders
ITEM000076364,ORD00008501,SKU00058,Persistent empowering model,Electronics,2.0,14452.44,28904.88,2025-04-17 06:00:00,2026-08-07 20:10:16,order_items.csv,2026-08-07,Order ID not found in orders
ITEM000076410,ORD00025201,SKU01544,Customizable maximized structure,Toys,8.0,4716.96,37735.68,2025-04-17 06:00:00,2026-08-07 20:10:16,order_items.csv,2026-08-07,Order ID not found in orders
ITEM000076414,ORD00005901,SKU04720,Focused analyzing solution,Books,1.0,12627.07,12627.07,2025-04-17 06:00:00,2026-08-07 20:10:16,order_items.csv,2026-08-07,Order ID not found in orders
ITEM000076545,ORD00014601,SKU01395,Balanced clear-thinking strategy,Books,10.0,4920.67,49206.7,2025-04-17 06:00:00,2026-08-07 20:10:16,order_items.csv,2026-08-07,Order ID not found in orders
ITEM000076603,ORD00037801,SKU01235,Cross-group upward-trending hub,Beauty,4.0,14719.55,58878.2,2025-04-17 06:00:00,2026-08-07 20:10:16,order_items.csv,2026-08-07,Order ID not found in orders
ITEM000076662,ORD00015301,SKU01464,Reverse-engineered impactful application,Home & Kitchen,4.0,13220.07,52880.28,2025-04-17 06:00:00,2026-08-07 20:10:16,order_items.csv,2026-08-07,Order ID not found in orders
ITEM000076767,ORD00013901,SKU00894,Networked global infrastructure,Beauty,10.0,8765.77,87657.7,2025-04-17 06:00:00,2026-08-07 20:10:16,order_items.csv,2026-08-07,Order ID not found in orders
ITEM000076835,ORD00038001,SKU01439,Cross-platform dedicated product,Electronics,9.0,12435.39,111918.51,2025-04-17 06:00:00,2026-08-07 20:10:16,order_items.csv,2026-08-07,Order ID not found in orders
ITEM000076938,ORD00041601,SKU01023,Reduced 4thgeneration approach,Books,2.0,2952.13,5904.26,2025-04-17 06:00:00,2026-08-07 20:10:16,order_items.csv,2026-08-07,Order ID not found in orders
ITEM000076987,ORD00026001,SKU01958,Face-to-face encompassing paradigm,Toys,8.0,8035.74,64285.92,2025-04-17 06:00:00,2026-08-07 20:10:16,order_items.csv,2026-08-07,Order ID not found in orders
ITEM000077029,ORD00046601,SKU03929,Diverse zero administration capability,Home & Kitchen,5.0,7618.63,38093.15,2025-04-17 06:00:00,2026-08-07 20:10:16,order_items.csv,2026-08-07,Order ID not found in orders
ITEM000077030,ORD00009301,SKU00548,Universal reciprocal artificial intelligence,Sports,3.0,13158.37,39475.11,2025-04-17 06:00:00,2026-08-07 20:10:16,order_items.csv,2026-08-07,Order ID not found in orders
ITEM000077072,ORD00049501,SKU03432,Secured value-added projection,Sports,10.0,416.26,4162.6,2025-04-17 06:00:00,2026-08-07 20:10:16,order_items.csv,2026-08-07,Order ID not found in orders
ITEM000077187,ORD00011201,SKU01368,Organized grid-enabled core,Electronics,7.0,3901.97,27313.79,2025-04-17 06:00:00,2026-08-07 20:10:16,order_items.csv,2026-08-07,Order ID not found in orders
ITEM000077194,ORD00025301,SKU04632,Devolved grid-enabled methodology,Toys,1.0,3947.83,3947.83,2025-04-17 06:00:00,2026-08-07 20:10:16,order_items.csv,2026-08-07,Order ID not found in orders
ITEM000077289,ORD00001501,SKU04484,Programmable dynamic conglomeration,Beauty,9.0,1045.98,9413.82,2025-04-17 06:00:00,2026-08-07 20:10:16,order_items.csv,2026-08-07,Order ID not found in orders
ITEM000077439,ORD00042501,SKU02211,Centralized fresh-thinking neural-net,Books,2.0,9522.9,19045.8,2025-04-17 06:00:00,2026-08-07 20:10:16,order_items.csv,2026-08-07,Order ID not found in orders
ITEM000077671,ORD00012701,SKU04083,Seamless mobile capability,Books,1.0,8259.27,8259.27,2025-04-17 06:00:00,2026-08-07 20:10:16,order_items.csv,2026-08-07,Order ID not found in orders
ITEM000077730,ORD00029401,SKU03403,Intuitive tangible software,Toys,10.0,140.16,1401.6,2025-04-17 06:00:00,2026-08-07 20:10:16,order_items.csv,2026-08-07,Order ID not found in orders
ITEM000077863,ORD00000101,SKU00811,Reduced interactive complexity,Beauty,4.0,4433.25,17733.0,2025-04-17 06:00:00,2026-08-07 20:10:16,order_items.csv,2026-08-07,Order ID not found in orders
ITEM000077870,ORD00016801,SKU02880,Integrated zero-defect throughput,Sports,10.0,11762.25,117622.5,2025-04-17 06:00:00,2026-08-07 20:10:16,order_items.csv,2026-08-07,Order ID not found in orders
ITEM000077951,ORD00025001,SKU03994,User-friendly empowering solution,Books,1.0,6225.21,6225.21,2025-04-17 06:00:00,2026-08-07 20:10:16,order_items.csv,2026-08-07,Order ID not found in orders
ITEM000078240,ORD00036601,SKU04060,Profit-focused context-sensitive framework,Books,10.0,6277.8,62778.0,2025-04-17 06:00:00,2026-08-07 20:10:16,order_items.csv,2026-08-07,Order ID not found in orders
ITEM000078245,ORD00002701,SKU04537,Grass-roots multi-tasking algorithm,Grocery,3.0,236.16,708.48,2025-04-17 06:00:00,2026-08-07 20:10:16,order_items.csv,2026-08-07,Order ID not found in orders
ITEM000078280,ORD00032901,SKU01460,Organized empowering interface,Grocery,9.0,781.93,7037.37,2025-04-17 06:00:00,2026-08-07 20:10:16,order_items.csv,2026-08-07,Order ID not found in orders
ITEM000078609,ORD00010901,SKU00750,Pre-emptive neutral contingency,Books,5.0,6823.08,34115.4,2025-04-17 06:00:00,2026-08-07 20:10:16,order_items.csv,2026-08-07,Order ID not found in orders
ITEM000078750,ORD00012601,SKU02656,Cross-group intangible instruction set,Clothing,6.0,2364.07,14184.42,2025-04-17 06:00:00,2026-08-07 20:10:16,order_items.csv,2026-08-07,Order ID not found in orders
ITEM000078766,ORD00024901,SKU02100,Ergonomic hybrid support,Beauty,6.0,11479.25,68875.5,2025-04-17 06:00:00,2026-08-07 20:10:16,order_items.csv,2026-08-07,Order ID not found in orders
ITEM000078854,ORD00046201,SKU01622,Synchronized regional pricing structure,Books,5.0,9414.36,47071.8,2025-04-17 06:00:00,2026-08-07 20:10:16,order_items.csv,2026-08-07,Order ID not found in orders
ITEM000078864,ORD00007301,SKU00685,Robust reciprocal productivity,Grocery,2.0,5969.09,11938.18,2025-04-17 06:00:00,2026-08-07 20:10:16,order_items.csv,2026-08-07,Order ID not found in orders
ITEM000078975,ORD00022001,SKU02905,Operative systematic website,Sports,1.0,8427.23,8427.23,2025-04-17 06:00:00,2026-08-07 20:10:16,order_items.csv,2026-08-07,Order ID not found in orders
ITEM000079057,ORD00012201,SKU01605,Down-sized eco-centric superstructure,Grocery,9.0,3874.4,34869.6,2025-04-17 06:00:00,2026-08-07 20:10:16,order_items.csv,2026-08-07,Order ID not found in orders
ITEM000079170,ORD00008301,SKU04092,Configurable systemic model,Sports,4.0,349.79,1399.16,2025-04-17 06:00:00,2026-08-07 20:10:16,order_items.csv,2026-08-07,Order ID not found in orders
ITEM000079215,ORD00005101,SKU01493,Optional zero tolerance protocol,Sports,9.0,10300.62,92705.58,2025-04-17 06:00:00,2026-08-07 20:10:16,order_items.csv,2026-08-07,Order ID not found in orders
ITEM000079216,ORD00015601,SKU02938,Open-source optimal policy,Sports,6.0,2136.52,12819.12,2025-04-17 06:00:00,2026-08-07 20:10:16,order_items.csv,2026-08-07,Order ID not found in orders
ITEM000079269,ORD00022601,SKU02420,Innovative executive interface,Clothing,6.0,4053.17,24319.02,2025-04-17 06:00:00,2026-08-07 20:10:16,order_items.csv,2026-08-07,Order ID not found in orders
ITEM000079296,ORD00009101,SKU03151,Organized object-oriented challenge,Toys,8.0,14878.23,119025.84,2025-04-17 06:00:00,2026-08-07 20:10:16,order_items.csv,2026-08-07,Order ID not found in orders
ITEM000079357,ORD00020101,SKU02695,Devolved holistic neural-net,Grocery,5.0,8973.25,44866.25,2025-04-17 06:00:00,2026-08-07 20:10:16,order_items.csv,2026-08-07,Order ID not found in orders
ITEM000079359,ORD00047201,SKU00194,Self-enabling disintermediate challenge,Beauty,9.0,2241.06,20169.54,2025-04-17 06:00:00,2026-08-07 20:10:16,order_items.csv,2026-08-07,Order ID not found in orders
ITEM000079873,ORD00047301,SKU01354,Down-sized mission-critical model,Books,8.0,3384.86,27078.88,2025-04-17 06:00:00,2026-08-07 20:10:16,order_items.csv,2026-08-07,Order ID not found in orders
ITEM000079945,ORD00006701,SKU01750,Organized didactic framework,Books,4.0,9814.13,39256.52,2025-04-17 06:00:00,2026-08-07 20:10:16,order_items.csv,2026-08-07,Order ID not found in orders
ITEM000079993,ORD00013901,SKU03313,Customer-focused 24/7 algorithm,Clothing,7.0,5582.88,39080.16,2025-04-17 06:00:00,2026-08-07 20:10:16,order_items.csv,2026-08-07,Order ID not found in orders
ITEM000080079,ORD00005601,SKU03808,Versatile scalable algorithm,Beauty,2.0,4919.1,9838.2,2025-04-17 06:00:00,2026-08-07 20:10:16,order_items.csv,2026-08-07,Order ID not found in orders
ITEM000080226,ORD00004001,SKU03231,Team-oriented human-resource migration,Clothing,5.0,9307.65,46538.25,2025-04-17 06:00:00,2026-08-07 20:10:16,order_items.csv,2026-08-07,Order ID not found in orders
ITEM000080236,ORD00008501,SKU00748,Organized well-modulated function,Toys,7.0,13297.44,93082.08,2025-04-17 06:00:00,2026-08-07 20:10:16,order_items.csv,2026-08-07,Order ID not found in orders
ITEM000080442,ORD00043101,SKU01115,Assimilated next generation model,Sports,7.0,8136.47,56955.29,2025-04-17 06:00:00,2026-08-07 20:10:16,order_items.csv,2026-08-07,Order ID not found in orders
ITEM000080753,ORD00010101,SKU03923,Total leadingedge support,Grocery,4.0,1114.38,4457.52,2025-04-17 06:00:00,2026-08-07 20:10:16,order_items.csv,2026-08-07,Order ID not found in orders
ITEM000080777,ORD00021301,SKU03329,Customer-focused multi-state solution,Home & Kitchen,2.0,1105.52,2211.04,2025-04-17 06:00:00,2026-08-07 20:10:16,order_items.csv,2026-08-07,Order ID not found in orders
ITEM000080836,ORD00007601,SKU03325,Right-sized even-keeled implementation,Toys,4.0,1874.26,7497.04,2025-04-17 06:00:00,2026-08-07 20:10:16,order_items.csv,2026-08-07,Order ID not found in orders
ITEM000080888,ORD00048201,SKU02625,Extended high-level collaboration,Beauty,3.0,10342.26,31026.78,2025-04-17 06:00:00,2026-08-07 20:10:16,order_items.csv,2026-08-07,Order ID not found in orders
ITEM000081104,ORD00033801,SKU02423,Ergonomic interactive firmware,Toys,1.0,12164.86,12164.86,2025-04-17 06:00:00,2026-08-07 20:10:16,order_items.csv,2026-08-07,Order ID not found in orders
ITEM000081126,ORD00038601,SKU02211,Centralized fresh-thinking neural-net,Books,1.0,9522.9,9522.9,2025-04-17 06:00:00,2026-08-07 20:10:16,order_items.csv,2026-08-07,Order ID not found in orders
ITEM000081175,ORD00045101,SKU04745,Monitored web-enabled customer loyalty,Sports,5.0,7354.11,36770.55,2025-04-17 06:00:00,2026-08-07 20:10:16,order_items.csv,2026-08-07,Order ID not found in orders
ITEM000081212,ORD00047601,SKU00856,Reduced client-driven access,Clothing,10.0,6262.76,62627.6,2025-04-17 06:00:00,2026-08-07 20:10:16,order_items.csv,2026-08-07,Order ID not found in orders
ITEM000081237,ORD00044501,SKU00430,Secured even-keeled data-warehouse,Toys,9.0,4900.49,44104.41,2025-04-17 06:00:00,2026-08-07 20:10:16,order_items.csv,2026-08-07,Order ID not found in orders
ITEM000081306,ORD00046701,SKU00025,Progressive uniform time-frame,Toys,4.0,9877.68,39510.72,2025-04-17 06:00:00,2026-08-07 20:10:16,order_items.csv,2026-08-07,Order ID not found in orders
ITEM000081308,ORD00018101,SKU02847,Exclusive global budgetary management,Electronics,4.0,10032.86,40131.44,2025-04-17 06:00:00,2026-08-07 20:10:16,order_items.csv,2026-08-07,Order ID not found in orders
ITEM000081478,ORD00041301,SKU04282,Customer-focused asynchronous knowledgebase,Books,5.0,11021.39,55106.95,2025-04-17 06:00:00,2026-08-07 20:10:16,order_items.csv,2026-08-07,Order ID not found in orders
ITEM000081585,ORD00029101,SKU02655,Realigned optimal interface,Toys,10.0,5806.58,58065.8,2025-04-17 06:00:00,2026-08-07 20:10:16,order_items.csv,2026-08-07,Order ID not found in orders
ITEM000081688,ORD00045001,SKU01652,Future-proofed 3rdgeneration policy,Home & Kitchen,8.0,3749.54,29996.32,2025-04-17 06:00:00,2026-08-07 20:10:16,order_items.csv,2026-08-07,Order ID not found in orders
ITEM000081735,ORD00048401,SKU04053,Advanced fault-tolerant Graphic Interface,Toys,8.0,6736.2,53889.6,2025-04-17 06:00:00,2026-08-07 20:10:16,order_items.csv,2026-08-07,Order ID not found in orders
ITEM000081791,ORD00030601,SKU04285,Optimized fault-tolerant encoding,Electronics,7.0,1815.36,12707.52,2025-04-17 06:00:00,2026-08-07 20:10:16,order_items.csv,2026-08-07,Order ID not found in orders
ITEM000082017,ORD00010301,SKU02263,Object-based homogeneous application,Books,5.0,5924.33,29621.65,2025-04-17 06:00:00,2026-08-07 20:10:16,order_items.csv,2026-08-07,Order ID not found in orders
ITEM000082025,ORD00014701,SKU02047,Configurable incremental ability,Books,5.0,7313.32,36566.6,2025-04-17 06:00:00,2026-08-07 20:10:16,order_items.csv,2026-08-07,Order ID not found in orders
ITEM000082054,ORD00046701,SKU03500,Focused reciprocal Local Area Network,Sports,10.0,5335.51,53355.1,2025-04-17 06:00:00,2026-08-07 20:10:16,order_items.csv,2026-08-07,Order ID not found in orders
ITEM000082088,ORD00037701,SKU01287,Digitized encompassing solution,Toys,7.0,14030.85,98215.95,2025-04-17 06:00:00,2026-08-07 20:10:16,order_items.csv,2026-08-07,Order ID not found in orders
ITEM000082194,ORD00041501,SKU01368,Organized grid-enabled core,Electronics,7.0,3901.97,27313.79,2025-04-17 06:00:00,2026-08-07 20:10:16,order_items.csv,2026-08-07,Order ID not found in orders
ITEM000082443,ORD00019701,SKU00855,Profound exuding core,Grocery,9.0,13390.98,120518.82,2025-04-17 06:00:00,2026-08-07 20:10:16,order_items.csv,2026-08-07,Order ID not found in orders
ITEM000082569,ORD00021201,SKU00238,Managed exuding attitude,Electronics,1.0,7328.81,7328.81,2025-04-17 06:00:00,2026-08-07 20:10:16,order_items.csv,2026-08-07,Order ID not found in orders
ITEM000082573,ORD00045301,SKU04767,Phased bottom-line access,Clothing,4.0,13699.18,54796.72,2025-04-17 06:00:00,2026-08-07 20:10:16,order_items.csv,2026-08-07,Order ID not found in orders
ITEM000082749,ORD00023701,SKU01342,Managed uniform attitude,Clothing,10.0,11744.46,117444.6,2025-04-17 06:00:00,2026-08-07 20:10:16,order_items.csv,2026-08-07,Order ID not found in orders
ITEM000082920,ORD00031601,SKU03174,Right-sized upward-trending projection,Sports,2.0,4408.93,8817.86,2025-04-17 06:00:00,2026-08-07 20:10:16,order_items.csv,2026-08-07,Order ID not found in orders
ITEM000083213,ORD00006301,SKU04425,Synergistic optimal groupware,Electronics,6.0,10638.99,63833.94,2025-04-17 06:00:00,2026-08-07 20:10:16,order_items.csv,2026-08-07,Order ID not found in orders
ITEM000083366,ORD00027801,SKU00898,Inverse 3rdgeneration emulation,Beauty,2.0,7121.22,14242.44,2025-04-17 06:00:00,2026-08-07 20:10:16,order_items.csv,2026-08-07,Order ID not found in orders
ITEM000083447,ORD00029401,SKU01891,Innovative encompassing portal,Sports,9.0,11285.29,101567.61,2025-04-17 06:00:00,2026-08-07 20:10:16,order_items.csv,2026-08-07,Order ID not found in orders
ITEM000083478,ORD00039401,SKU02568,Secured non-volatile array,Clothing,7.0,4081.73,28572.11,2025-04-17 06:00:00,2026-08-07 20:10:16,order_items.csv,2026-08-07,Order ID not found in orders
ITEM000083576,ORD00025001,SKU03985,User-friendly local customer loyalty,Electronics,10.0,9746.65,97466.5,2025-04-17 06:00:00,2026-08-07 20:10:16,order_items.csv,2026-08-07,Order ID not found in orders
ITEM000083709,ORD00030801,SKU00134,Decentralized mobile orchestration,Clothing,10.0,8238.59,82385.9,2025-04-17 06:00:00,2026-08-07 20:10:16,order_items.csv,2026-08-07,Order ID not found in orders
ITEM000083726,ORD00016101,SKU03692,Front-line upward-trending productivity,Home & Kitchen,10.0,14613.76,146137.6,2025-04-17 06:00:00,2026-08-07 20:10:16,order_items.csv,2026-08-07,Order ID not found in orders
ITEM000083972,ORD00037701,SKU00616,Mandatory full-range knowledge user,Grocery,1.0,7052.69,7052.69,2025-04-17 06:00:00,2026-08-07 20:10:16,order_items.csv,2026-08-07,Order ID not found in orders
ITEM000084104,ORD00043301,SKU03778,Re-contextualized next generation monitoring,Home & Kitchen,6.0,9881.06,59286.36,2025-04-17 06:00:00,2026-08-07 20:10:16,order_items.csv,2026-08-07,Order ID not found in orders
ITEM000084242,ORD00045401,SKU02633,Re-contextualized stable policy,Beauty,10.0,9463.81,94638.1,2025-04-17 06:00:00,2026-08-07 20:10:16,order_items.csv,2026-08-07,Order ID not found in orders
ITEM000084398,ORD00011501,SKU02672,Secured mobile challenge,Sports,6.0,6576.55,39459.3,2025-04-17 06:00:00,2026-08-07 20:10:16,order_items.csv,2026-08-07,Order ID not found in orders
ITEM000084574,ORD00048701,SKU04747,Compatible zero administration data-warehouse,Grocery,2.0,13691.78,27383.56,2025-04-17 06:00:00,2026-08-07 20:10:16,order_items.csv,2026-08-07,Order ID not found in orders
ITEM000084610,ORD00032801,SKU03129,Versatile 5thgeneration budgetary management,Home & Kitchen,5.0,9171.48,45857.4,2025-04-17 06:00:00,2026-08-07 20:10:16,order_items.csv,2026-08-07,Order ID not found in orders
ITEM000085108,ORD00004401,SKU00278,Optimized analyzing portal,Clothing,1.0,1372.49,1372.49,2025-04-17 06:00:00,2026-08-07 20:10:16,order_items.csv,2026-08-07,Order ID not found in orders
ITEM000085228,ORD00036401,SKU03677,Ergonomic content-based budgetary management,Electronics,8.0,8052.23,64417.84,2025-04-17 06:00:00,2026-08-07 20:10:16,order_items.csv,2026-08-07,Order ID not found in orders
ITEM000085285,ORD00023901,SKU03181,Reactive asynchronous policy,Home & Kitchen,3.0,14908.81,44726.43,2025-04-17 06:00:00,2026-08-07 20:10:16,order_items.csv,2026-08-07,Order ID not found in orders
ITEM000085302,ORD00028001,SKU04217,Persistent dedicated throughput,Beauty,2.0,280.49,560.98,2025-04-17 06:00:00,2026-08-07 20:10:16,order_items.csv,2026-08-07,Order ID not found in orders
ITEM000085303,ORD00032101,SKU01890,Grass-roots cohesive Graphical User Interface,Electronics,7.0,13821.16,96748.12,2025-04-17 06:00:00,2026-08-07 20:10:16,order_items.csv,2026-08-07,Order ID not found in orders
ITEM000085331,ORD00038801,SKU01232,Open-source directional application,Electronics,9.0,1351.11,12159.99,2025-04-17 06:00:00,2026-08-07 20:10:16,order_items.csv,2026-08-07,Order ID not found in orders
ITEM000085402,ORD00024901,SKU00141,Persevering systemic architecture,Books,8.0,3779.41,30235.28,2025-04-17 06:00:00,2026-08-07 20:10:16,order_items.csv,2026-08-07,Order ID not found in orders
ITEM000085617,ORD00044701,SKU01426,Cloned bottom-line matrices,Sports,8.0,11024.44,88195.52,2025-04-17 06:00:00,2026-08-07 20:10:16,order_items.csv,2026-08-07,Order ID not found in orders
ITEM000085993,ORD00045501,SKU03614,Ergonomic system-worthy focus group,Beauty,5.0,8050.42,40252.1,2025-04-17 06:00:00,2026-08-07 20:10:16,order_items.csv,2026-08-07,Order ID not found in orders
ITEM000086032,ORD00001501,SKU00747,Polarized bandwidth-monitored hierarchy,Toys,1.0,246.46,246.46,2025-04-17 06:00:00,2026-08-07 20:10:16,order_items.csv,2026-08-07,Order ID not found in orders
ITEM000086309,ORD00028301,SKU00586,Horizontal reciprocal superstructure,Clothing,8.0,2132.76,17062.08,2025-04-17 06:00:00,2026-08-07 20:10:16,order_items.csv,2026-08-07,Order ID not found in orders
ITEM000086374,ORD00019401,SKU03516,Innovative needs-based algorithm,Electronics,5.0,2538.7,12693.5,2025-04-17 06:00:00,2026-08-07 20:10:16,order_items.csv,2026-08-07,Order ID not found in orders
ITEM000086494,ORD00010901,SKU00485,Seamless value-added paradigm,Beauty,1.0,10049.09,10049.09,2025-04-17 06:00:00,2026-08-07 20:10:16,order_items.csv,2026-08-07,Order ID not found in orders
ITEM000086693,ORD00015701,SKU02547,Assimilated mission-critical workforce,Grocery,8.0,1602.86,12822.88,2025-04-17 06:00:00,2026-08-07 20:10:16,order_items.csv,2026-08-07,Order ID not found in orders
ITEM000086738,ORD00013101,SKU00951,Profound mobile open system,Sports,10.0,5717.3,57173.0,2025-04-17 06:00:00,2026-08-07 20:10:16,order_items.csv,2026-08-07,Order ID not found in orders
ITEM000087007,ORD00019401,SKU02844,Progressive upward-trending customer loyalty,Electronics,3.0,6622.34,19867.02,2025-04-17 06:00:00,2026-08-07 20:10:16,order_items.csv,2026-08-07,Order ID not found in orders
ITEM000087146,ORD00002501,SKU03155,Cross-group zero tolerance product,Toys,10.0,4082.53,40825.3,2025-04-17 06:00:00,2026-08-07 20:10:16,order_items.csv,2026-08-07,Order ID not found in orders
ITEM000087172,ORD00047001,SKU02098,Object-based bandwidth-monitored intranet,Toys,2.0,7457.95,14915.9,2025-04-17 06:00:00,2026-08-07 20:10:16,order_items.csv,2026-08-07,Order ID not found in orders
ITEM000087187,ORD00000401,SKU03255,Centralized bottom-line middleware,Toys,4.0,14793.83,59175.32,2025-04-17 06:00:00,2026-08-07 20:10:16,order_items.csv,2026-08-07,Order ID not found in orders
ITEM000087242,ORD00032701,SKU01022,Automated contextually-based circuit,Electronics,4.0,10815.82,43263.28,2025-04-17 06:00:00,2026-08-07 20:10:16,order_items.csv,2026-08-07,Order ID not found in orders
ITEM000087300,ORD00036001,SKU00595,Visionary global initiative,Books,4.0,12435.63,49742.52,2025-04-17 06:00:00,2026-08-07 20:10:16,order_items.csv,2026-08-07,Order ID not found in orders
ITEM000087367,ORD00044901,SKU04148,Polarized multimedia middleware,Sports,9.0,5490.59,49415.31,2025-04-17 06:00:00,2026-08-07 20:10:16,order_items.csv,2026-08-07,Order ID not found in orders
ITEM000087377,ORD00010501,SKU03673,Centralized reciprocal paradigm,Home & Kitchen,5.0,5155.41,25777.05,2025-04-17 06:00:00,2026-08-07 20:10:16,order_items.csv,2026-08-07,Order ID not found in orders
ITEM000087457,ORD00033601,SKU04540,Robust value-added synergy,Books,2.0,10142.24,20284.48,2025-04-17 06:00:00,2026-08-07 20:10:16,order_items.csv,2026-08-07,Order ID not found in orders
ITEM000087462,ORD00003201,SKU02190,Virtual homogeneous array,Beauty,4.0,7759.42,31037.68,2025-04-17 06:00:00,2026-08-07 20:10:16,order_items.csv,2026-08-07,Order ID not found in orders
ITEM000087561,ORD00035501,SKU02883,Compatible exuding success,Sports,5.0,9367.89,46839.45,2025-04-17 06:00:00,2026-08-07 20:10:16,order_items.csv,2026-08-07,Order ID not found in orders
ITEM000087710,ORD00016601,SKU00060,Balanced upward-trending project,Beauty,9.0,50.77,456.93,2025-04-17 06:00:00,2026-08-07 20:10:16,order_items.csv,2026-08-07,Order ID not found in orders
ITEM000087871,ORD00000901,SKU01416,Reverse-engineered responsive time-frame,Books,8.0,6055.51,48444.08,2025-04-17 06:00:00,2026-08-07 20:10:16,order_items.csv,2026-08-07,Order ID not found in orders
ITEM000087878,ORD00029501,SKU03068,Distributed client-server Graphical User Interface,Grocery,10.0,6137.13,61371.3,2025-04-17 06:00:00,2026-08-07 20:10:16,order_items.csv,2026-08-07,Order ID not found in orders
ITEM000087964,ORD00015501,SKU03385,Networked multi-tasking orchestration,Beauty,6.0,533.54,3201.24,2025-04-17 06:00:00,2026-08-07 20:10:16,order_items.csv,2026-08-07,Order ID not found in orders
ITEM000087983,ORD00009601,SKU02862,Programmable zero tolerance middleware,Sports,4.0,6759.05,27036.2,2025-04-17 06:00:00,2026-08-07 20:10:16,order_items.csv,2026-08-07,Order ID not found in orders
ITEM000087985,ORD00037601,SKU00602,Universal systematic initiative,Books,10.0,6943.38,69433.8,2025-04-17 06:00:00,2026-08-07 20:10:16,order_items.csv,2026-08-07,Order ID not found in orders
ITEM000088096,ORD00020001,SKU03094,Enterprise-wide next generation architecture,Toys,5.0,2122.2,10611.0,2025-04-17 06:00:00,2026-08-07 20:10:16,order_items.csv,2026-08-07,Order ID not found in orders
ITEM000088223,ORD00021201,SKU03103,Reverse-engineered bi-directional definition,Grocery,5.0,175.4,877.0,2025-04-17 06:00:00,2026-08-07 20:10:16,order_items.csv,2026-08-07,Order ID not found in orders
ITEM000088309,ORD00041701,SKU00942,Optional 6thgeneration synergy,Grocery,1.0,11512.52,11512.52,2025-04-17 06:00:00,2026-08-07 20:10:16,order_items.csv,2026-08-07,Order ID not found in orders
ITEM000088488,ORD00014801,SKU01787,Extended web-enabled intranet,Sports,1.0,1701.42,1701.42,2025-04-17 06:00:00,2026-08-07 20:10:16,order_items.csv,2026-08-07,Order ID not found in orders
ITEM000088499,ORD00045201,SKU00122,Multi-lateral well-modulated toolset,Books,5.0,12582.63,62913.15,2025-04-17 06:00:00,2026-08-07 20:10:16,order_items.csv,2026-08-07,Order ID not found in orders
ITEM000088648,ORD00028301,SKU04757,Proactive bi-directional projection,Beauty,2.0,12916.78,25833.56,2025-04-17 06:00:00,2026-08-07 20:10:16,order_items.csv,2026-08-07,Order ID not found in orders
ITEM000088700,ORD00012401,SKU04333,Networked discrete algorithm,Home & Kitchen,3.0,7284.36,21853.08,2025-04-17 06:00:00,2026-08-07 20:10:16,order_items.csv,2026-08-07,Order ID not found in orders
ITEM000088929,ORD00002601,SKU01696,Secured intermediate algorithm,Beauty,10.0,12648.72,126487.2,2025-04-17 06:00:00,2026-08-07 20:10:16,order_items.csv,2026-08-07,Order ID not found in orders
ITEM000088946,ORD00019001,SKU01213,Team-oriented directional collaboration,Sports,7.0,14722.63,103058.41,2025-04-17 06:00:00,2026-08-07 20:10:16,order_items.csv,2026-08-07,Order ID not found in orders
ITEM000088967,ORD00028501,SKU00522,Adaptive hybrid forecast,Clothing,8.0,13106.7,104853.6,2025-04-17 06:00:00,2026-08-07 20:10:16,order_items.csv,2026-08-07,Order ID not found in orders
ITEM000089329,ORD00003501,SKU02034,Pre-emptive intangible instruction set,Clothing,7.0,4781.06,33467.42,2025-04-17 06:00:00,2026-08-07 20:10:16,order_items.csv,2026-08-07,Order ID not found in orders
ITEM000089444,ORD00049001,SKU04722,Balanced client-server forecast,Clothing,8.0,11895.45,95163.6,2025-04-17 06:00:00,2026-08-07 20:10:16,order_items.csv,2026-08-07,Order ID not found in orders
ITEM000089587,ORD00022901,SKU04264,Exclusive analyzing encryption,Sports,5.0,7727.54,38637.7,2025-04-17 06:00:00,2026-08-07 20:10:16,order_items.csv,2026-08-07,Order ID not found in orders
ITEM000089763,ORD00019101,SKU03376,Phased impactful contingency,Electronics,3.0,10553.43,31660.29,2025-04-17 06:00:00,2026-08-07 20:10:16,order_items.csv,2026-08-07,Order ID not found in orders
ITEM000089795,ORD00042301,SKU04239,Secured bottom-line framework,Grocery,2.0,12388.23,24776.46,2025-04-17 06:00:00,2026-08-07 20:10:16,order_items.csv,2026-08-07,Order ID not found in orders
ITEM000089845,ORD00042201,SKU04480,Grass-roots needs-based help-desk,Toys,7.0,13650.71,95554.97,2025-04-17 06:00:00,2026-08-07 20:10:16,order_items.csv,2026-08-07,Order ID not found in orders
ITEM000089867,ORD00022501,SKU02059,Distributed stable hierarchy,Grocery,3.0,5657.99,16973.97,2025-04-17 06:00:00,2026-08-07 20:10:16,order_items.csv,2026-08-07,Order ID not found in orders
ITEM000090021,ORD00048701,SKU03560,Up-sized zero-defect model,Toys,3.0,1002.97,3008.91,2025-04-17 06:00:00,2026-08-07 20:10:16,order_items.csv,2026-08-07,Order ID not found in orders
ITEM000090157,ORD00020001,SKU02514,Ameliorated systematic ability,Home & Kitchen,4.0,13259.48,53037.92,2025-04-17 06:00:00,2026-08-07 20:10:16,order_items.csv,2026-08-07,Order ID not found in orders
ITEM000090161,ORD00019301,SKU01259,Horizontal non-volatile conglomeration,Beauty,8.0,13183.5,105468.0,2025-04-17 06:00:00,2026-08-07 20:10:16,order_items.csv,2026-08-07,Order ID not found in orders
ITEM000090175,ORD00030601,SKU01612,Organized multi-tasking emulation,Home & Kitchen,5.0,9871.2,49356.0,2025-04-17 06:00:00,2026-08-07 20:10:16,order_items.csv,2026-08-07,Order ID not found in orders
ITEM000090208,ORD00040201,SKU04117,Streamlined optimal framework,Toys,2.0,8016.24,16032.48,2025-04-17 06:00:00,2026-08-07 20:10:16,order_items.csv,2026-08-07,Order ID not found in orders
ITEM000090231,ORD00018601,SKU04357,Expanded multimedia secured line,Clothing,1.0,12874.8,12874.8,2025-04-17 06:00:00,2026-08-07 20:10:16,order_items.csv,2026-08-07,Order ID not found in orders
ITEM000090359,ORD00021301,SKU01219,Stand-alone hybrid standardization,Sports,10.0,2545.45,25454.5,2025-04-17 06:00:00,2026-08-07 20:10:16,order_items.csv,2026-08-07,Order ID not found in orders
ITEM000090405,ORD00030301,SKU02432,Innovative logistical access,Books,6.0,3400.17,20401.02,2025-04-17 06:00:00,2026-08-07 20:10:16,order_items.csv,2026-08-07,Order ID not found in orders
ITEM000090434,ORD00005101,SKU04880,Monitored 24hour moderator,Beauty,10.0,1426.37,14263.7,2025-04-17 06:00:00,2026-08-07 20:10:16,order_items.csv,2026-08-07,Order ID not found in orders
ITEM000090474,ORD00020801,SKU00651,Progressive reciprocal challenge,Electronics,8.0,8815.91,70527.28,2025-04-17 06:00:00,2026-08-07 20:10:16,order_items.csv,2026-08-07,Order ID not found in orders
ITEM000090670,ORD00016601,SKU02602,Vision-oriented impactful core,Beauty,6.0,4380.25,26281.5,2025-04-17 06:00:00,2026-08-07 20:10:16,order_items.csv,2026-08-07,Order ID not found in orders
ITEM000090720,ORD00025101,SKU03974,Up-sized empowering open system,Beauty,3.0,6843.36,20530.08,2025-04-17 06:00:00,2026-08-07 20:10:16,order_items.csv,2026-08-07,Order ID not found in orders
ITEM000090916,ORD00039801,SKU00624,Fundamental zero-defect workforce,Beauty,10.0,5998.95,59989.5,2025-04-17 06:00:00,2026-08-07 20:10:16,order_items.csv,2026-08-07,Order ID not found in orders
ITEM000090959,ORD00040301,SKU04482,Expanded systematic contingency,Beauty,5.0,1808.29,9041.45,2025-04-17 06:00:00,2026-08-07 20:10:16,order_items.csv,2026-08-07,Order ID not found in orders
ITEM000090973,ORD00044601,SKU02613,Multi-layered background toolset,Toys,2.0,8235.27,16470.54,2025-04-17 06:00:00,2026-08-07 20:10:16,order_items.csv,2026-08-07,Order ID not found in orders
ITEM000091192,ORD00027701,SKU02698,Cloned systematic database,Clothing,5.0,6000.3,30001.5,2025-04-17 06:00:00,2026-08-07 20:10:16,order_items.csv,2026-08-07,Order ID not found in orders
ITEM000091210,ORD00007001,SKU00712,Innovative explicit definition,Toys,5.0,1747.51,8737.55,2025-04-17 06:00:00,2026-08-07 20:10:16,order_items.csv,2026-08-07,Order ID not found in orders
ITEM000091407,ORD00010501,SKU01609,Inverse explicit database,Beauty,10.0,14402.64,144026.4,2025-04-17 06:00:00,2026-08-07 20:10:16,order_items.csv,2026-08-07,Order ID not found in orders
ITEM000091455,ORD00008801,SKU04794,Customizable stable capacity,Beauty,10.0,397.26,3972.6,2025-04-17 06:00:00,2026-08-07 20:10:16,order_items.csv,2026-08-07,Order ID not found in orders
ITEM000091521,ORD00002701,SKU03631,Persistent analyzing software,Sports,3.0,6092.97,18278.91,2025-04-17 06:00:00,2026-08-07 20:10:16,order_items.csv,2026-08-07,Order ID not found in orders
ITEM000091525,ORD00019701,SKU03121,Optional multimedia knowledgebase,Grocery,7.0,14641.68,102491.76,2025-04-17 06:00:00,2026-08-07 20:10:16,order_items.csv,2026-08-07,Order ID not found in orders
ITEM000091569,ORD00018201,SKU04011,Cross-platform user-facing hardware,Beauty,6.0,1750.87,10505.22,2025-04-17 06:00:00,2026-08-07 20:10:16,order_items.csv,2026-08-07,Order ID not found in orders
ITEM000091637,ORD00030201,SKU04176,Customer-focused attitude-oriented data-warehouse,Toys,3.0,2234.31,6702.93,2025-04-17 06:00:00,2026-08-07 20:10:16,order_items.csv,2026-08-07,Order ID not found in orders
ITEM000091673,ORD00032701,SKU02929,Stand-alone next generation concept,Grocery,6.0,2450.2,14701.2,2025-04-17 06:00:00,2026-08-07 20:10:16,order_items.csv,2026-08-07,Order ID not found in orders
ITEM000091708,ORD00042601,SKU02362,Fundamental incremental migration,Beauty,9.0,11249.91,101249.19,2025-04-17 06:00:00,2026-08-07 20:10:16,order_items.csv,2026-08-07,Order ID not found in orders
ITEM000091749,ORD00046201,SKU00618,User-centric solution-oriented secured line,Clothing,10.0,8486.66,84866.6,2025-04-17 06:00:00,2026-08-07 20:10:16,order_items.csv,2026-08-07,Order ID not found in orders
ITEM000091960,ORD00018301,SKU03447,Phased full-range encryption,Sports,9.0,2932.04,26388.36,2025-04-17 06:00:00,2026-08-07 20:10:16,order_items.csv,2026-08-07,Order ID not found in orders
ITEM000092063,ORD00016401,SKU03739,Multi-channeled coherent protocol,Clothing,2.0,10233.17,20466.34,2025-04-17 06:00:00,2026-08-07 20:10:16,order_items.csv,2026-08-07,Order ID not found in orders
ITEM000092099,ORD00022201,SKU02195,Open-architected optimizing hub,Grocery,1.0,4281.71,4281.71,2025-04-17 06:00:00,2026-08-07 20:10:16,order_items.csv,2026-08-07,Order ID not found in orders
ITEM000092219,ORD00048101,SKU04098,Compatible object-oriented paradigm,Toys,4.0,6627.41,26509.64,2025-04-17 06:00:00,2026-08-07 20:10:16,order_items.csv,2026-08-07,Order ID not found in orders
ITEM000092386,ORD00044501,SKU01707,Object-based didactic alliance,Beauty,5.0,8835.55,44177.75,2025-04-17 06:00:00,2026-08-07 20:10:16,order_items.csv,2026-08-07,Order ID not found in orders
ITEM000092452,ORD00033401,SKU02104,Decentralized full-range access,Grocery,3.0,7279.19,21837.57,2025-04-17 06:00:00,2026-08-07 20:10:16,order_items.csv,2026-08-07,Order ID not found in orders
ITEM000092460,ORD00034901,SKU00571,Switchable grid-enabled analyzer,Grocery,1.0,14061.52,14061.52,2025-04-17 06:00:00,2026-08-07 20:10:16,order_items.csv,2026-08-07,Order ID not found in orders
ITEM000092535,ORD00040901,SKU03841,Reactive actuating flexibility,Grocery,1.0,614.06,614.06,2025-04-17 06:00:00,2026-08-07 20:10:16,order_items.csv,2026-08-07,Order ID not found in orders
ITEM000092612,ORD00007301,SKU00318,Distributed 5thgeneration task-force,Books,1.0,11583.75,11583.75,2025-04-17 06:00:00,2026-08-07 20:10:16,order_items.csv,2026-08-07,Order ID not found in orders
ITEM000092628,ORD00000401,SKU03209,De-engineered methodical archive,Electronics,6.0,11799.14,70794.84,2025-04-17 06:00:00,2026-08-07 20:10:16,order_items.csv,2026-08-07,Order ID not found in orders
ITEM000092894,ORD00007201,SKU04236,Future-proofed tangible service-desk,Grocery,7.0,5228.63,36600.41,2025-04-17 06:00:00,2026-08-07 20:10:16,order_items.csv,2026-08-07,Order ID not found in orders
ITEM000092999,ORD00012201,SKU04157,Self-enabling bifurcated database,Clothing,1.0,1254.25,1254.25,2025-04-17 06:00:00,2026-08-07 20:10:16,order_items.csv,2026-08-07,Order ID not found in orders
ITEM000093026,ORD00006501,SKU00127,Realigned eco-centric knowledgebase,Clothing,9.0,5271.46,47443.14,2025-04-17 06:00:00,2026-08-07 20:10:16,order_items.csv,2026-08-07,Order ID not found in orders
ITEM000093031,ORD00043001,SKU04132,Compatible context-sensitive process improvement,Beauty,2.0,14106.48,28212.96,2025-04-17 06:00:00,2026-08-07 20:10:16,order_items.csv,2026-08-07,Order ID not found in orders
ITEM000093244,ORD00049201,SKU02880,Integrated zero-defect throughput,Sports,8.0,11762.25,94098.0,2025-04-17 06:00:00,2026-08-07 20:10:16,order_items.csv,2026-08-07,Order ID not found in orders
ITEM000093298,ORD00045601,SKU03784,Horizontal maximized approach,Beauty,2.0,1785.53,3571.06,2025-04-17 06:00:00,2026-08-07 20:10:16,order_items.csv,2026-08-07,Order ID not found in orders
ITEM000093409,ORD00012201,SKU03299,Function-based motivating benchmark,Books,1.0,9166.41,9166.41,2025-04-17 06:00:00,2026-08-07 20:10:16,order_items.csv,2026-08-07,Order ID not found in orders
ITEM000093440,ORD00047801,SKU00032,Re-engineered neutral monitoring,Home & Kitchen,2.0,3665.84,7331.68,2025-04-17 06:00:00,2026-08-07 20:10:16,order_items.csv,2026-08-07,Order ID not found in orders
ITEM000093769,ORD00024801,SKU03653,Universal user-facing initiative,Clothing,5.0,5997.43,29987.15,2025-04-17 06:00:00,2026-08-07 20:10:16,order_items.csv,2026-08-07,Order ID not found in orders
ITEM000093941,ORD00016501,SKU02823,Inverse explicit algorithm,Books,10.0,5960.95,59609.5,2025-04-17 06:00:00,2026-08-07 20:10:16,order_items.csv,2026-08-07,Order ID not found in orders
ITEM000094251,ORD00046201,SKU04985,Cross-platform systematic benchmark,Grocery,1.0,8090.51,8090.51,2025-04-17 06:00:00,2026-08-07 20:10:16,order_items.csv,2026-08-07,Order ID not found in orders
ITEM000094273,ORD00015701,SKU01855,Multi-layered neutral portal,Home & Kitchen,6.0,552.27,3313.62,2025-04-17 06:00:00,2026-08-07 20:10:16,order_items.csv,2026-08-07,Order ID not found in orders
ITEM000094282,ORD00022801,SKU03057,Ergonomic object-oriented Local Area Network,Toys,1.0,2440.71,2440.71,2025-04-17 06:00:00,2026-08-07 20:10:16,order_items.csv,2026-08-07,Order ID not found in orders
ITEM000094324,ORD00035501,SKU02488,Open-architected logistical analyzer,Beauty,7.0,4416.29,30914.03,2025-04-17 06:00:00,2026-08-07 20:10:16,order_items.csv,2026-08-07,Order ID not found in orders
ITEM000094660,ORD00017201,SKU04513,Function-based neutral model,Toys,10.0,4842.04,48420.4,2025-04-17 06:00:00,2026-08-07 20:10:16,order_items.csv,2026-08-07,Order ID not found in orders
ITEM000094698,ORD00002301,SKU02716,Upgradable methodical orchestration,Clothing,5.0,11453.86,57269.3,2025-04-17 06:00:00,2026-08-07 20:10:16,order_items.csv,2026-08-07,Order ID not found in orders
ITEM000094853,ORD00035501,SKU01648,Triple-buffered system-worthy task-force,Clothing,3.0,12051.85,36155.55,2025-04-17 06:00:00,2026-08-07 20:10:16,order_items.csv,2026-08-07,Order ID not found in orders
ITEM000094885,ORD00036401,SKU01345,Grass-roots bandwidth-monitored solution,Electronics,4.0,885.44,3541.76,2025-04-17 06:00:00,2026-08-07 20:10:16,order_items.csv,2026-08-07,Order ID not found in orders
ITEM000094925,ORD00048801,SKU00057,Optimized solution-oriented moderator,Clothing,7.0,12701.88,88913.16,2025-04-17 06:00:00,2026-08-07 20:10:16,order_items.csv,2026-08-07,Order ID not found in orders
ITEM000094946,ORD00028601,SKU03996,Fundamental holistic projection,Sports,5.0,8474.2,42371.0,2025-04-17 06:00:00,2026-08-07 20:10:16,order_items.csv,2026-08-07,Order ID not found in orders
ITEM000095377,ORD00008101,SKU02525,Integrated high-level utilization,Home & Kitchen,6.0,10679.55,64077.3,2025-04-17 06:00:00,2026-08-07 20:10:16,order_items.csv,2026-08-07,Order ID not found in orders
ITEM000095587,ORD00022701,SKU03478,Virtual bifurcated installation,Sports,1.0,7984.77,7984.77,2025-04-17 06:00:00,2026-08-07 20:10:16,order_items.csv,2026-08-07,Order ID not found in orders
ITEM000095692,ORD00009701,SKU02079,Horizontal reciprocal toolset,Books,6.0,3563.84,21383.04,2025-04-17 06:00:00,2026-08-07 20:10:16,order_items.csv,2026-08-07,Order ID not found in orders
ITEM000095706,ORD00034801,SKU01195,Triple-buffered well-modulated open architecture,Sports,7.0,3299.39,23095.73,2025-04-17 06:00:00,2026-08-07 20:10:16,order_items.csv,2026-08-07,Order ID not found in orders
ITEM000095892,ORD00011301,SKU03700,Organic leadingedge knowledge user,Toys,5.0,1929.29,9646.45,2025-04-17 06:00:00,2026-08-07 20:10:16,order_items.csv,2026-08-07,Order ID not found in orders
ITEM000095967,ORD00003401,SKU01307,Robust intermediate parallelism,Clothing,5.0,12058.53,60292.65,2025-04-17 06:00:00,2026-08-07 20:10:16,order_items.csv,2026-08-07,Order ID not found in orders
ITEM000096007,ORD00035701,SKU01818,Intuitive stable installation,Books,5.0,5930.35,29651.75,2025-04-17 06:00:00,2026-08-07 20:10:16,order_items.csv,2026-08-07,Order ID not found in orders
ITEM000096398,ORD00041901,SKU03355,Seamless static encryption,Beauty,2.0,1997.81,3995.62,2025-04-17 06:00:00,2026-08-07 20:10:16,order_items.csv,2026-08-07,Order ID not found in orders
ITEM000096785,ORD00034001,SKU00966,User-centric incremental workforce,Electronics,9.0,10380.86,93427.74,2025-04-17 06:00:00,2026-08-07 20:10:16,order_items.csv,2026-08-07,Order ID not found in orders
ITEM000096906,ORD00027201,SKU03280,Assimilated modular extranet,Electronics,10.0,5167.18,51671.8,2025-04-17 06:00:00,2026-08-07 20:10:16,order_items.csv,2026-08-07,Order ID not found in orders
ITEM000096939,ORD00025701,SKU03315,Robust heuristic data-warehouse,Grocery,2.0,7178.15,14356.3,2025-04-17 06:00:00,2026-08-07 20:10:16,order_items.csv,2026-08-07,Order ID not found in orders
ITEM000096969,ORD00043701,SKU02685,Networked upward-trending framework,Toys,9.0,1924.34,17319.06,2025-04-17 06:00:00,2026-08-07 20:10:16,order_items.csv,2026-08-07,Order ID not found in orders
ITEM000097100,ORD00022501,SKU02333,Advanced bifurcated encoding,Beauty,9.0,4121.4,37092.6,2025-04-17 06:00:00,2026-08-07 20:10:16,order_items.csv,2026-08-07,Order ID not found in orders
ITEM000097130,ORD00019901,SKU03195,Decentralized well-modulated workforce,Electronics,2.0,3867.25,7734.5,2025-04-17 06:00:00,2026-08-07 20:10:16,order_items.csv,2026-08-07,Order ID not found in orders
ITEM000097144,ORD00022801,SKU02922,Persistent attitude-oriented success,Beauty,5.0,5559.49,27797.45,2025-04-17 06:00:00,2026-08-07 20:10:16,order_items.csv,2026-08-07,Order ID not found in orders
ITEM000097234,ORD00003501,SKU00993,Mandatory systemic artificial intelligence,Beauty,1.0,14552.52,14552.52,2025-04-17 06:00:00,2026-08-07 20:10:16,order_items.csv,2026-08-07,Order ID not found in orders
ITEM000097330,ORD00042401,SKU00696,Public-key real-time matrices,Beauty,9.0,6278.76,56508.84,2025-04-17 06:00:00,2026-08-07 20:10:16,order_items.csv,2026-08-07,Order ID not found in orders
ITEM000097336,ORD00041301,SKU02305,Optional even-keeled Graphic Interface,Sports,3.0,12325.91,36977.73,2025-04-17 06:00:00,2026-08-07 20:10:16,order_items.csv,2026-08-07,Order ID not found in orders
ITEM000097440,ORD00031701,SKU02639,Public-key holistic initiative,Books,6.0,5013.9,30083.4,2025-04-17 06:00:00,2026-08-07 20:10:16,order_items.csv,2026-08-07,Order ID not found in orders
ITEM000097737,ORD00008401,SKU04831,Versatile logistical help-desk,Toys,8.0,10361.51,82892.08,2025-04-17 06:00:00,2026-08-07 20:10:16,order_items.csv,2026-08-07,Order ID not found in orders
ITEM000097875,ORD00011101,SKU03262,Balanced optimal encryption,Electronics,8.0,8058.74,64469.92,2025-04-17 06:00:00,2026-08-07 20:10:16,order_items.csv,2026-08-07,Order ID not found in orders
ITEM000097924,ORD00041701,SKU03410,Robust motivating focus group,Clothing,8.0,6711.89,53695.12,2025-04-17 06:00:00,2026-08-07 20:10:16,order_items.csv,2026-08-07,Order ID not found in orders
ITEM000097925,ORD00034901,SKU03642,Team-oriented exuding open system,Grocery,4.0,13651.24,54604.96,2025-04-17 06:00:00,2026-08-07 20:10:16,order_items.csv,2026-08-07,Order ID not found in orders
ITEM000097942,ORD00048001,SKU00489,Operative cohesive pricing structure,Books,6.0,3641.39,21848.34,2025-04-17 06:00:00,2026-08-07 20:10:16,order_items.csv,2026-08-07,Order ID not found in orders
ITEM000098103,ORD00029401,SKU03674,Realigned optimizing core,Books,5.0,837.84,4189.2,2025-04-17 06:00:00,2026-08-07 20:10:16,order_items.csv,2026-08-07,Order ID not found in orders
ITEM000098198,ORD00023601,SKU03983,Down-sized secondary product,Electronics,3.0,5897.37,17692.11,2025-04-17 06:00:00,2026-08-07 20:10:16,order_items.csv,2026-08-07,Order ID not found in orders
ITEM000098202,ORD00006701,SKU00733,Face-to-face secondary groupware,Sports,6.0,9193.44,55160.64,2025-04-17 06:00:00,2026-08-07 20:10:16,order_items.csv,2026-08-07,Order ID not found in orders
ITEM000098340,ORD00031601,SKU01719,Stand-alone modular methodology,Beauty,10.0,823.51,8235.1,2025-04-17 06:00:00,2026-08-07 20:10:16,order_items.csv,2026-08-07,Order ID not found in orders
ITEM000098346,ORD00036401,SKU04671,Decentralized web-enabled structure,Electronics,6.0,991.69,5950.14,2025-04-17 06:00:00,2026-08-07 20:10:16,order_items.csv,2026-08-07,Order ID not found in orders
ITEM000098578,ORD00021201,SKU00845,Profit-focused dynamic capacity,Books,8.0,12475.87,99806.96,2025-04-17 06:00:00,2026-08-07 20:10:16,order_items.csv,2026-08-07,Order ID not found in orders
ITEM000098628,ORD00031501,SKU04246,Extended systematic moderator,Grocery,5.0,13444.88,67224.4,2025-04-17 06:00:00,2026-08-07 20:10:16,order_items.csv,2026-08-07,Order ID not found in orders
ITEM000098722,ORD00026001,SKU04441,Profound 5thgeneration intranet,Home & Kitchen,9.0,13885.35,124968.15,2025-04-17 06:00:00,2026-08-07 20:10:16,order_items.csv,2026-08-07,Order ID not found in orders
ITEM000098976,ORD00034801,SKU03700,Organic leadingedge knowledge user,Toys,6.0,1929.29,11575.74,2025-04-17 06:00:00,2026-08-07 20:10:16,order_items.csv,2026-08-07,Order ID not found in orders
ITEM000099018,ORD00003301,SKU00836,Assimilated explicit success,Home & Kitchen,5.0,8076.01,40380.05,2025-04-17 06:00:00,2026-08-07 20:10:16,order_items.csv,2026-08-07,Order ID not found in orders
ITEM000099104,ORD00027801,SKU03939,Realigned composite moratorium,Sports,3.0,10291.62,30874.86,2025-04-17 06:00:00,2026-08-07 20:10:16,order_items.csv,2026-08-07,Order ID not found in orders
ITEM000099174,ORD00014601,SKU02554,Multi-lateral static open architecture,Clothing,5.0,9775.13,48875.65,2025-04-17 06:00:00,2026-08-07 20:10:16,order_items.csv,2026-08-07,Order ID not found in orders
ITEM000099396,ORD00022901,SKU03573,Robust clear-thinking concept,Books,2.0,11877.25,23754.5,2025-04-17 06:00:00,2026-08-07 20:10:16,order_items.csv,2026-08-07,Order ID not found in orders
ITEM000099432,ORD00034201,SKU04711,Synergistic zero-defect product,Home & Kitchen,6.0,7519.31,45115.86,2025-04-17 06:00:00,2026-08-07 20:10:16,order_items.csv,2026-08-07,Order ID not found in orders
ITEM000099442,ORD00016701,SKU03134,Cloned didactic hardware,Home & Kitchen,8.0,12062.1,96496.8,2025-04-17 06:00:00,2026-08-07 20:10:16,order_items.csv,2026-08-07,Order ID not found in orders
ITEM000099530,ORD00007901,SKU02242,Virtual leadingedge middleware,Home & Kitchen,4.0,10743.09,42972.36,2025-04-17 06:00:00,2026-08-07 20:10:16,order_items.csv,2026-08-07,Order ID not found in orders
ITEM000099543,ORD00032701,SKU03410,Robust motivating focus group,Clothing,4.0,6711.89,26847.56,2025-04-17 06:00:00,2026-08-07 20:10:16,order_items.csv,2026-08-07,Order ID not found in orders
ITEM000099545,ORD00019801,SKU01063,Stand-alone web-enabled synergy,Home & Kitchen,2.0,14208.75,28417.5,2025-04-17 06:00:00,2026-08-07 20:10:16,order_items.csv,2026-08-07,Order ID not found in orders
ITEM000099709,ORD00007801,SKU04180,Mandatory contextually-based definition,Grocery,2.0,12104.33,24208.66,2025-04-17 06:00:00,2026-08-07 20:10:16,order_items.csv,2026-08-07,Order ID not found in orders
ITEM000099743,ORD00027201,SKU01856,Persistent multi-tasking product,Clothing,7.0,735.58,5149.06,2025-04-17 06:00:00,2026-08-07 20:10:16,order_items.csv,2026-08-07,Order ID not found in orders
ITEM000099807,ORD00029801,SKU04177,Inverse modular capability,Sports,6.0,4070.5,24423.0,2025-04-17 06:00:00,2026-08-07 20:10:16,order_items.csv,2026-08-07,Order ID not found in orders
ITEM000099921,ORD00031701,SKU00679,Pre-emptive full-range process improvement,Grocery,8.0,8680.88,69447.04,2025-04-17 06:00:00,2026-08-07 20:10:16,order_items.csv,2026-08-07,Order ID not found in orders
ITEM000099922,ORD00019401,SKU00053,Organic neutral pricing structure,Sports,6.0,11106.6,66639.6,2025-04-17 06:00:00,2026-08-07 20:10:16,order_items.csv,2026-08-07,Order ID not found in orders
ITEM000100104,ORD00006601,SKU04698,Proactive bottom-line interface,Grocery,2.0,13684.69,27369.38,2025-04-17 06:00:00,2026-08-07 20:10:16,order_items.csv,2026-08-07,Order ID not found in orders
ITEM000100108,ORD00030701,SKU02604,Extended non-volatile artificial intelligence,Clothing,9.0,1061.93,9557.37,2025-04-17 06:00:00,2026-08-07 20:10:16,order_items.csv,2026-08-07,Order ID not found in orders
ITEM000100118,ORD00049801,SKU04232,Self-enabling background product,Beauty,10.0,14039.93,140399.3,2025-04-17 06:00:00,2026-08-07 20:10:16,order_items.csv,2026-08-07,Order ID not found in orders
ITEM000100328,ORD00020701,SKU00694,Synchronized multi-state system engine,Electronics,10.0,6957.82,69578.2,2025-04-17 06:00:00,2026-08-07 20:10:16,order_items.csv,2026-08-07,Order ID not found in orders
ITEM000100507,ORD00000301,SKU04559,Compatible homogeneous algorithm,Beauty,10.0,10033.89,100338.9,2025-04-17 06:00:00,2026-08-07 20:10:16,order_items.csv,2026-08-07,Order ID not found in orders
ITEM000100519,ORD00009701,SKU04575,Upgradable empowering collaboration,Toys,10.0,10558.43,105584.3,2025-04-17 06:00:00,2026-08-07 20:10:16,order_items.csv,2026-08-07,Order ID not found in orders
ITEM000100587,ORD00004301,SKU01000,Implemented mobile data-warehouse,Beauty,6.0,6917.64,41505.84,2025-04-17 06:00:00,2026-08-07 20:10:16,order_items.csv,2026-08-07,Order ID not found in orders
ITEM000100754,ORD00042501,SKU00209,Reduced contextually-based software,Sports,1.0,6566.61,6566.61,2025-04-17 06:00:00,2026-08-07 20:10:16,order_items.csv,2026-08-07,Order ID not found in orders
ITEM000100824,ORD00019401,SKU02186,Ergonomic didactic application,Grocery,1.0,11206.64,11206.64,2025-04-17 06:00:00,2026-08-07 20:10:16,order_items.csv,2026-08-07,Order ID not found in orders
ITEM000100857,ORD00043801,SKU00555,Intuitive tangible hierarchy,Toys,5.0,12490.6,62453.0,2025-04-17 06:00:00,2026-08-07 20:10:16,order_items.csv,2026-08-07,Order ID not found in orders
ITEM000101105,ORD00032801,SKU02434,Decentralized 4thgeneration support,Toys,1.0,5348.62,5348.62,2025-04-17 06:00:00,2026-08-07 20:10:16,order_items.csv,2026-08-07,Order ID not found in orders
ITEM000101374,ORD00005301,SKU04771,Object-based fresh-thinking support,Toys,2.0,9931.01,19862.02,2025-04-17 06:00:00,2026-08-07 20:10:16,order_items.csv,2026-08-07,Order ID not found in orders
ITEM000101443,ORD00023201,SKU01577,Triple-buffered discrete complexity,Home & Kitchen,6.0,11542.02,69252.12,2025-04-17 06:00:00,2026-08-07 20:10:16,order_items.csv,2026-08-07,Order ID not found in orders
ITEM000101469,ORD00029001,SKU04639,Fundamental motivating moratorium,Sports,8.0,122.22,977.76,2025-04-17 06:00:00,2026-08-07 20:10:16,order_items.csv,2026-08-07,Order ID not found in orders
ITEM000101605,ORD00020601,SKU01540,Synergistic clear-thinking open architecture,Sports,9.0,10542.52,94882.68,2025-04-17 06:00:00,2026-08-07 20:10:16,order_items.csv,2026-08-07,Order ID not found in orders
ITEM000101653,ORD00011601,SKU02296,Ergonomic multimedia hardware,Toys,9.0,2535.36,22818.24,2025-04-17 06:00:00,2026-08-07 20:10:16,order_items.csv,2026-08-07,Order ID not found in orders
ITEM000101731,ORD00049901,SKU01688,Diverse static strategy,Grocery,6.0,8476.81,50860.86,2025-04-17 06:00:00,2026-08-07 20:10:16,order_items.csv,2026-08-07,Order ID not found in orders
ITEM000101767,ORD00041101,SKU02210,Seamless radical implementation,Clothing,1.0,7682.48,7682.48,2025-04-17 06:00:00,2026-08-07 20:10:16,order_items.csv,2026-08-07,Order ID not found in orders
ITEM000101899,ORD00017801,SKU02512,Re-contextualized asynchronous hardware,Beauty,8.0,5881.22,47049.76,2025-04-17 06:00:00,2026-08-07 20:10:16,order_items.csv,2026-08-07,Order ID not found in orders
ITEM000102000,ORD00046201,SKU03292,Expanded mission-critical archive,Beauty,9.0,8679.97,78119.73,2025-04-17 06:00:00,2026-08-07 20:10:16,order_items.csv,2026-08-07,Order ID not found in orders
ITEM000102165,ORD00004101,SKU00865,Seamless context-sensitive application,Toys,4.0,409.24,1636.96,2025-04-17 06:00:00,2026-08-07 20:10:16,order_items.csv,2026-08-07,Order ID not found in orders
ITEM000102186,ORD00030801,SKU03785,Horizontal methodical circuit,Grocery,2.0,13567.0,27134.0,2025-04-17 06:00:00,2026-08-07 20:10:16,order_items.csv,2026-08-07,Order ID not found in orders
ITEM000102262,ORD00024601,SKU02786,Persevering client-server forecast,Beauty,3.0,9701.33,29103.99,2025-04-17 06:00:00,2026-08-07 20:10:16,order_items.csv,2026-08-07,Order ID not found in orders
ITEM000102341,ORD00011101,SKU03324,Multi-layered full-range Local Area Network,Sports,2.0,10165.28,20330.56,2025-04-17 06:00:00,2026-08-07 20:10:16,order_items.csv,2026-08-07,Order ID not found in orders
ITEM000102474,ORD00001601,SKU00667,Horizontal multimedia access,Beauty,7.0,8964.05,62748.35,2025-04-17 06:00:00,2026-08-07 20:10:16,order_items.csv,2026-08-07,Order ID not found in orders
ITEM000102577,ORD00002601,SKU03125,Vision-oriented interactive projection,Beauty,5.0,6661.16,33305.8,2025-04-17 06:00:00,2026-08-07 20:10:16,order_items.csv,2026-08-07,Order ID not found in orders
ITEM000102603,ORD00025401,SKU04939,Proactive modular Graphic Interface,Beauty,7.0,10366.79,72567.53,2025-04-17 06:00:00,2026-08-07 20:10:16,order_items.csv,2026-08-07,Order ID not found in orders
ITEM000102640,ORD00003101,SKU01767,Front-line intermediate throughput,Beauty,5.0,9830.83,49154.15,2025-04-17 06:00:00,2026-08-07 20:10:16,order_items.csv,2026-08-07,Order ID not found in orders
ITEM000102838,ORD00024901,SKU04181,Visionary mobile superstructure,Books,6.0,2405.37,14432.22,2025-04-17 06:00:00,2026-08-07 20:10:16,order_items.csv,2026-08-07,Order ID not found in orders
ITEM000102862,ORD00020201,SKU02556,Optional 6thgeneration firmware,Grocery,4.0,8938.38,35753.52,2025-04-17 06:00:00,2026-08-07 20:10:16,order_items.csv,2026-08-07,Order ID not found in orders
ITEM000102887,ORD00006801,SKU02488,Open-architected logistical analyzer,Beauty,7.0,4416.29,30914.03,2025-04-17 06:00:00,2026-08-07 20:10:16,order_items.csv,2026-08-07,Order ID not found in orders
ITEM000102920,ORD00035301,SKU01014,Enhanced maximized budgetary management,Toys,4.0,14625.78,58503.12,2025-04-17 06:00:00,2026-08-07 20:10:16,order_items.csv,2026-08-07,Order ID not found in orders
ITEM000102939,ORD00049601,SKU02338,Virtual systematic intranet,Electronics,10.0,9966.69,99666.9,2025-04-17 06:00:00,2026-08-07 20:10:16,order_items.csv,2026-08-07,Order ID not found in orders
ITEM000103071,ORD00046401,SKU03643,Synergistic exuding info-mediaries,Sports,6.0,13920.78,83524.68,2025-04-17 06:00:00,2026-08-07 20:10:16,order_items.csv,2026-08-07,Order ID not found in orders
ITEM000103108,ORD00001701,SKU00216,Managed bifurcated Internet solution,Toys,7.0,9513.23,66592.61,2025-04-17 06:00:00,2026-08-07 20:10:16,order_items.csv,2026-08-07,Order ID not found in orders
ITEM000103185,ORD00021501,SKU01445,Cross-group high-level core,Books,8.0,506.37,4050.96,2025-04-17 06:00:00,2026-08-07 20:10:16,order_items.csv,2026-08-07,Order ID not found in orders
ITEM000103207,ORD00029601,SKU01386,Integrated context-sensitive Internet solution,Toys,6.0,9793.31,58759.86,2025-04-17 06:00:00,2026-08-07 20:10:16,order_items.csv,2026-08-07,Order ID not found in orders
ITEM000103339,ORD00039001,SKU02605,Open-architected clear-thinking ability,Grocery,5.0,2510.63,12553.15,2025-04-17 06:00:00,2026-08-07 20:10:16,order_items.csv,2026-08-07,Order ID not found in orders
ITEM000103369,ORD00041501,SKU01809,Inverse object-oriented workforce,Beauty,3.0,6849.6,20548.8,2025-04-17 06:00:00,2026-08-07 20:10:16,order_items.csv,2026-08-07,Order ID not found in orders
ITEM000103424,ORD00026201,SKU04469,Integrated incremental middleware,Grocery,9.0,11451.36,103062.24,2025-04-17 06:00:00,2026-08-07 20:10:16,order_items.csv,2026-08-07,Order ID not found in orders
ITEM000103481,ORD00000201,SKU03731,Optimized empowering ability,Sports,10.0,1662.86,16628.6,2025-04-17 06:00:00,2026-08-07 20:10:16,order_items.csv,2026-08-07,Order ID not found in orders
ITEM000103495,ORD00012201,SKU04443,Reverse-engineered contextually-based matrix,Beauty,5.0,6773.48,33867.4,2025-04-17 06:00:00,2026-08-07 20:10:16,order_items.csv,2026-08-07,Order ID not found in orders
ITEM000103510,ORD00002701,SKU03126,Monitored zero tolerance moratorium,Clothing,4.0,9018.49,36073.96,2025-04-17 06:00:00,2026-08-07 20:10:16,order_items.csv,2026-08-07,Order ID not found in orders
ITEM000103531,ORD00035101,SKU04021,User-centric leadingedge instruction set,Beauty,10.0,2893.39,28933.9,2025-04-17 06:00:00,2026-08-07 20:10:16,order_items.csv,2026-08-07,Order ID not found in orders
ITEM000103544,ORD00018901,SKU01556,Devolved explicit matrices,Grocery,4.0,4570.64,18282.56,2025-04-17 06:00:00,2026-08-07 20:10:16,order_items.csv,2026-08-07,Order ID not found in orders
ITEM000103557,ORD00035201,SKU01567,Networked full-range open system,Toys,4.0,7763.79,31055.16,2025-04-17 06:00:00,2026-08-07 20:10:16,order_items.csv,2026-08-07,Order ID not found in orders
ITEM000103614,ORD00009801,SKU02018,Progressive coherent artificial intelligence,Electronics,1.0,13651.12,13651.12,2025-04-17 06:00:00,2026-08-07 20:10:16,order_items.csv,2026-08-07,Order ID not found in orders
ITEM000103675,ORD00037701,SKU01646,Pre-emptive tertiary attitude,Grocery,4.0,9876.16,39504.64,2025-04-17 06:00:00,2026-08-07 20:10:16,order_items.csv,2026-08-07,Order ID not found in orders
ITEM000103726,ORD00000801,SKU03521,Customer-focused context-sensitive open architectu,Electronics,10.0,13078.16,130781.6,2025-04-17 06:00:00,2026-08-07 20:10:16,order_items.csv,2026-08-07,Order ID not found in orders
ITEM000103849,ORD00048501,SKU00647,Grass-roots motivating knowledge user,Sports,8.0,8725.26,69802.08,2025-04-17 06:00:00,2026-08-07 20:10:16,order_items.csv,2026-08-07,Order ID not found in orders
ITEM000103862,ORD00024601,SKU04377,Inverse intermediate neural-net,Books,7.0,6243.4,43703.8,2025-04-17 06:00:00,2026-08-07 20:10:16,order_items.csv,2026-08-07,Order ID not found in orders
ITEM000103878,ORD00029401,SKU02946,Re-engineered intangible contingency,Home & Kitchen,2.0,12476.47,24952.94,2025-04-17 06:00:00,2026-08-07 20:10:16,order_items.csv,2026-08-07,Order ID not found in orders
ITEM000103921,ORD00038501,SKU03335,Digitized systematic product,Home & Kitchen,2.0,8229.39,16458.78,2025-04-17 06:00:00,2026-08-07 20:10:16,order_items.csv,2026-08-07,Order ID not found in orders
ITEM000103958,ORD00020401,SKU00522,Adaptive hybrid forecast,Clothing,4.0,13106.7,52426.8,2025-04-17 06:00:00,2026-08-07 20:10:16,order_items.csv,2026-08-07,Order ID not found in orders
ITEM000104070,ORD00040301,SKU02403,Configurable hybrid firmware,Electronics,6.0,5773.99,34643.94,2025-04-17 06:00:00,2026-08-07 20:10:16,order_items.csv,2026-08-07,Order ID not found in orders
ITEM000104168,ORD00042101,SKU03998,User-centric non-volatile encryption,Sports,6.0,2864.71,17188.26,2025-04-17 06:00:00,2026-08-07 20:10:16,order_items.csv,2026-08-07,Order ID not found in orders
ITEM000104271,ORD00026301,SKU03458,Exclusive national system engine,Beauty,10.0,7135.14,71351.4,2025-04-17 06:00:00,2026-08-07 20:10:16,order_items.csv,2026-08-07,Order ID not found in orders
ITEM000104382,ORD00014401,SKU01328,Grass-roots user-facing orchestration,Beauty,5.0,5232.71,26163.55,2025-04-17 06:00:00,2026-08-07 20:10:16,order_items.csv,2026-08-07,Order ID not found in orders
ITEM000104414,ORD00040101,SKU00277,Up-sized reciprocal customer loyalty,Clothing,4.0,2165.28,8661.12,2025-04-17 06:00:00,2026-08-07 20:10:16,order_items.csv,2026-08-07,Order ID not found in orders
ITEM000104436,ORD00043001,SKU02715,Expanded next generation encoding,Beauty,7.0,791.78,5542.46,2025-04-17 06:00:00,2026-08-07 20:10:16,order_items.csv,2026-08-07,Order ID not found in orders
ITEM000104477,ORD00030301,SKU04124,Cross-platform neutral installation,Toys,7.0,12319.26,86234.82,2025-04-17 06:00:00,2026-08-07 20:10:16,order_items.csv,2026-08-07,Order ID not found in orders
ITEM000104524,ORD00022701,SKU04811,Open-architected content-based productivity,Toys,7.0,2010.95,14076.65,2025-04-17 06:00:00,2026-08-07 20:10:16,order_items.csv,2026-08-07,Order ID not found in orders
ITEM000104669,ORD00007201,SKU04360,Customizable mobile utilization,Sports,1.0,6684.17,6684.17,2025-04-17 06:00:00,2026-08-07 20:10:16,order_items.csv,2026-08-07,Order ID not found in orders
ITEM000104865,ORD00008001,SKU00026,Multi-lateral grid-enabled array,Sports,5.0,1590.6,7953.0,2025-04-17 06:00:00,2026-08-07 20:10:16,order_items.csv,2026-08-07,Order ID not found in orders
ITEM000104955,ORD00030801,SKU04092,Configurable systemic model,Sports,10.0,349.79,3497.9,2025-04-17 06:00:00,2026-08-07 20:10:16,order_items.csv,2026-08-07,Order ID not found in orders
ITEM000105127,ORD00024901,SKU02840,Reactive static knowledge user,Books,8.0,8127.67,65021.36,2025-04-17 06:00:00,2026-08-07 20:10:16,order_items.csv,2026-08-07,Order ID not found in orders
ITEM000105276,ORD00041701,SKU03298,Monitored 4thgeneration neural-net,Home & Kitchen,4.0,13589.65,54358.6,2025-04-17 06:00:00,2026-08-07 20:10:16,order_items.csv,2026-08-07,Order ID not found in orders
ITEM000105373,ORD00000301,SKU02666,Phased motivating challenge,Toys,2.0,11091.18,22182.36,2025-04-17 06:00:00,2026-08-07 20:10:16,order_items.csv,2026-08-07,Order ID not found in orders
ITEM000105397,ORD00027101,SKU01540,Synergistic clear-thinking open architecture,Sports,3.0,10542.52,31627.56,2025-04-17 06:00:00,2026-08-07 20:10:16,order_items.csv,2026-08-07,Order ID not found in orders
ITEM000105406,ORD00013701,SKU04278,Synchronized full-range toolset,Sports,9.0,10197.23,91775.07,2025-04-17 06:00:00,2026-08-07 20:10:16,order_items.csv,2026-08-07,Order ID not found in orders
ITEM000105455,ORD00037001,SKU04309,Right-sized interactive contingency,Grocery,7.0,4988.72,34921.04,2025-04-17 06:00:00,2026-08-07 20:10:16,order_items.csv,2026-08-07,Order ID not found in orders
ITEM000105483,ORD00008801,SKU02840,Reactive static knowledge user,Books,7.0,8127.67,56893.69,2025-04-17 06:00:00,2026-08-07 20:10:16,order_items.csv,2026-08-07,Order ID not found in orders
ITEM000105611,ORD00004501,SKU02283,Persistent static framework,Beauty,8.0,886.88,7095.04,2025-04-17 06:00:00,2026-08-07 20:10:16,order_items.csv,2026-08-07,Order ID not found in orders
ITEM000105620,ORD00003901,SKU01079,Open-architected transitional migration,Clothing,1.0,8921.55,8921.55,2025-04-17 06:00:00,2026-08-07 20:10:16,order_items.csv,2026-08-07,Order ID not found in orders
ITEM000106055,ORD00045801,SKU01693,Face-to-face global pricing structure,Beauty,6.0,2371.65,14229.9,2025-04-17 06:00:00,2026-08-07 20:10:16,order_items.csv,2026-08-07,Order ID not found in orders
ITEM000106105,ORD00044101,SKU02208,Balanced systematic core,Books,7.0,8484.42,59390.94,2025-04-17 06:00:00,2026-08-07 20:10:16,order_items.csv,2026-08-07,Order ID not found in orders
ITEM000106124,ORD00011901,SKU01202,Phased incremental customer loyalty,Toys,5.0,12901.44,64507.2,2025-04-17 06:00:00,2026-08-07 20:10:16,order_items.csv,2026-08-07,Order ID not found in orders
ITEM000106195,ORD00001301,SKU01319,Reduced clear-thinking orchestration,Clothing,2.0,7591.43,15182.86,2025-04-17 06:00:00,2026-08-07 20:10:16,order_items.csv,2026-08-07,Order ID not found in orders
ITEM000106484,ORD00020801,SKU01774,Profound background workforce,Grocery,1.0,1282.6,1282.6,2025-04-17 06:00:00,2026-08-07 20:10:16,order_items.csv,2026-08-07,Order ID not found in orders
ITEM000106564,ORD00047101,SKU04964,Expanded mission-critical knowledgebase,Clothing,3.0,12127.04,36381.12,2025-04-17 06:00:00,2026-08-07 20:10:16,order_items.csv,2026-08-07,Order ID not found in orders
ITEM000106587,ORD00035301,SKU04384,Intuitive next generation architecture,Toys,2.0,6722.25,13444.5,2025-04-17 06:00:00,2026-08-07 20:10:16,order_items.csv,2026-08-07,Order ID not found in orders
ITEM000106653,ORD00023101,SKU03243,Innovative dedicated application,Electronics,6.0,14266.54,85599.24,2025-04-17 06:00:00,2026-08-07 20:10:16,order_items.csv,2026-08-07,Order ID not found in orders
ITEM000106714,ORD00040901,SKU04022,Total systematic monitoring,Home & Kitchen,6.0,3537.51,21225.06,2025-04-17 06:00:00,2026-08-07 20:10:16,order_items.csv,2026-08-07,Order ID not found in orders
ITEM000106772,ORD00029301,SKU04630,Optional client-driven definition,Sports,3.0,12080.96,36242.88,2025-04-17 06:00:00,2026-08-07 20:10:16,order_items.csv,2026-08-07,Order ID not found in orders
ITEM000106908,ORD00036201,SKU04858,Down-sized maximized superstructure,Home & Kitchen,1.0,12595.37,12595.37,2025-04-17 06:00:00,2026-08-07 20:10:16,order_items.csv,2026-08-07,Order ID not found in orders
ITEM000107081,ORD00018101,SKU04067,Organized user-facing instruction set,Grocery,4.0,7189.8,28759.2,2025-04-17 06:00:00,2026-08-07 20:10:16,order_items.csv,2026-08-07,Order ID not found in orders
ITEM000107113,ORD00048401,SKU02802,Focused maximized moderator,Beauty,6.0,7272.23,43633.38,2025-04-17 06:00:00,2026-08-07 20:10:16,order_items.csv,2026-08-07,Order ID not found in orders
ITEM000107124,ORD00028201,SKU04548,Multi-layered homogeneous middleware,Clothing,10.0,8110.67,81106.7,2025-04-17 06:00:00,2026-08-07 20:10:16,order_items.csv,2026-08-07,Order ID not found in orders
ITEM000107166,ORD00036701,SKU00162,Vision-oriented asymmetric artificial intelligence,Grocery,6.0,14092.17,84553.02,2025-04-17 06:00:00,2026-08-07 20:10:16,order_items.csv,2026-08-07,Order ID not found in orders
ITEM000107185,ORD00020701,SKU02750,Versatile systematic utilization,Beauty,1.0,1351.07,1351.07,2025-04-17 06:00:00,2026-08-07 20:10:16,order_items.csv,2026-08-07,Order ID not found in orders
ITEM000107255,ORD00024901,SKU01864,Polarized motivating matrix,Electronics,10.0,701.79,7017.9,2025-04-17 06:00:00,2026-08-07 20:10:16,order_items.csv,2026-08-07,Order ID not found in orders
ITEM000107470,ORD00013801,SKU00523,Digitized motivating framework,Home & Kitchen,8.0,11017.88,88143.04,2025-04-17 06:00:00,2026-08-07 20:10:16,order_items.csv,2026-08-07,Order ID not found in orders
ITEM000107520,ORD00021601,SKU00074,Extended bottom-line groupware,Clothing,8.0,374.95,2999.6,2025-04-17 06:00:00,2026-08-07 20:10:16,order_items.csv,2026-08-07,Order ID not found in orders
ITEM000107580,ORD00006901,SKU03171,Organized 24hour database,Grocery,5.0,2297.58,11487.9,2025-04-17 06:00:00,2026-08-07 20:10:16,order_items.csv,2026-08-07,Order ID not found in orders
ITEM000107632,ORD00033001,SKU01888,Virtual solution-oriented moderator,Toys,10.0,13471.66,134716.6,2025-04-17 06:00:00,2026-08-07 20:10:16,order_items.csv,2026-08-07,Order ID not found in orders
ITEM000107688,ORD00021201,SKU03534,Right-sized system-worthy budgetary management,Electronics,7.0,2934.8,20543.6,2025-04-17 06:00:00,2026-08-07 20:10:16,order_items.csv,2026-08-07,Order ID not found in orders
ITEM000107740,ORD00016801,SKU03219,Customizable incremental challenge,Books,9.0,8108.94,72980.46,2025-04-17 06:00:00,2026-08-07 20:10:16,order_items.csv,2026-08-07,Order ID not found in orders
ITEM000107747,ORD00038501,SKU03229,Grass-roots object-oriented benchmark,Toys,3.0,6821.32,20463.96,2025-04-17 06:00:00,2026-08-07 20:10:16,order_items.csv,2026-08-07,Order ID not found in orders
ITEM000107765,ORD00012201,SKU03791,Synergistic client-server project,Electronics,7.0,12308.58,86160.06,2025-04-17 06:00:00,2026-08-07 20:10:16,order_items.csv,2026-08-07,Order ID not found in orders
ITEM000108036,ORD00041901,SKU00443,Self-enabling secondary application,Books,6.0,9454.62,56727.72,2025-04-17 06:00:00,2026-08-07 20:10:16,order_items.csv,2026-08-07,Order ID not found in orders
ITEM000108075,ORD00042401,SKU02495,Object-based disintermediate Internet solution,Grocery,10.0,1517.42,15174.2,2025-04-17 06:00:00,2026-08-07 20:10:16,order_items.csv,2026-08-07,Order ID not found in orders
ITEM000108106,ORD00049801,SKU01660,Customer-focused system-worthy encryption,Electronics,10.0,5718.75,57187.5,2025-04-17 06:00:00,2026-08-07 20:10:16,order_items.csv,2026-08-07,Order ID not found in orders
ITEM000108254,ORD00023401,SKU00929,Synergistic asynchronous website,Grocery,6.0,4432.63,26595.78,2025-04-17 06:00:00,2026-08-07 20:10:16,order_items.csv,2026-08-07,Order ID not found in orders
ITEM000108292,ORD00015601,SKU01447,Upgradable multi-state productivity,Books,8.0,3747.86,29982.88,2025-04-17 06:00:00,2026-08-07 20:10:16,order_items.csv,2026-08-07,Order ID not found in orders
ITEM000108312,ORD00024801,SKU01133,Synergized human-resource info-mediaries,Beauty,5.0,496.06,2480.3,2025-04-17 06:00:00,2026-08-07 20:10:16,order_items.csv,2026-08-07,Order ID not found in orders
ITEM000108345,ORD00008101,SKU01185,Self-enabling multimedia firmware,Beauty,8.0,2177.93,17423.44,2025-04-17 06:00:00,2026-08-07 20:10:16,order_items.csv,2026-08-07,Order ID not found in orders
ITEM000108352,ORD00043901,SKU02466,Ergonomic context-sensitive algorithm,Books,9.0,2866.42,25797.78,2025-04-17 06:00:00,2026-08-07 20:10:16,order_items.csv,2026-08-07,Order ID not found in orders
ITEM000108467,ORD00039501,SKU02998,Balanced multi-tasking success,Sports,5.0,9960.73,49803.65,2025-04-17 06:00:00,2026-08-07 20:10:16,order_items.csv,2026-08-07,Order ID not found in orders
ITEM000108471,ORD00027301,SKU02040,Business-focused disintermediate complexity,Clothing,3.0,7531.11,22593.33,2025-04-17 06:00:00,2026-08-07 20:10:16,order_items.csv,2026-08-07,Order ID not found in orders
ITEM000108574,ORD00005701,SKU00953,Innovative well-modulated matrix,Grocery,10.0,1388.1,13881.0,2025-04-17 06:00:00,2026-08-07 20:10:16,order_items.csv,2026-08-07,Order ID not found in orders
ITEM000108611,ORD00025301,SKU04959,Fundamental system-worthy process improvement,Beauty,4.0,9856.51,39426.04,2025-04-17 06:00:00,2026-08-07 20:10:16,order_items.csv,2026-08-07,Order ID not found in orders
ITEM000108684,ORD00007301,SKU02640,Down-sized tertiary archive,Electronics,10.0,13808.7,138087.0,2025-04-17 06:00:00,2026-08-07 20:10:16,order_items.csv,2026-08-07,Order ID not found in orders
ITEM000108718,ORD00026201,SKU03318,Mandatory 24/7 adapter,Home & Kitchen,8.0,8117.38,64939.04,2025-04-17 06:00:00,2026-08-07 20:10:16,order_items.csv,2026-08-07,Order ID not found in orders
ITEM000108750,ORD00027201,SKU01667,Phased coherent hardware,Sports,7.0,12772.73,89409.11,2025-04-17 06:00:00,2026-08-07 20:10:16,order_items.csv,2026-08-07,Order ID not found in orders
ITEM000108851,ORD00029701,SKU00424,Organized foreground superstructure,Clothing,6.0,7849.47,47096.82,2025-04-17 06:00:00,2026-08-07 20:10:16,order_items.csv,2026-08-07,Order ID not found in orders
ITEM000108921,ORD00049201,SKU02485,Synchronized bifurcated archive,Books,6.0,14295.17,85771.02,2025-04-17 06:00:00,2026-08-07 20:10:16,order_items.csv,2026-08-07,Order ID not found in orders
ITEM000108986,ORD00023501,SKU04061,Operative motivating concept,Home & Kitchen,5.0,10446.04,52230.2,2025-04-17 06:00:00,2026-08-07 20:10:16,order_items.csv,2026-08-07,Order ID not found in orders
ITEM000109005,ORD00039601,SKU04744,Virtual radical data-warehouse,Sports,7.0,9866.77,69067.39,2025-04-17 06:00:00,2026-08-07 20:10:16,order_items.csv,2026-08-07,Order ID not found in orders
ITEM000109027,ORD00024901,SKU00871,Ameliorated attitude-oriented toolset,Sports,8.0,12573.69,100589.52,2025-04-17 06:00:00,2026-08-07 20:10:16,order_items.csv,2026-08-07,Order ID not found in orders
ITEM000109050,ORD00012101,SKU03841,Reactive actuating flexibility,Grocery,6.0,614.06,3684.36,2025-04-17 06:00:00,2026-08-07 20:10:16,order_items.csv,2026-08-07,Order ID not found in orders
ITEM000109123,ORD00012801,SKU02579,Monitored multimedia benchmark,Sports,5.0,7752.44,38762.2,2025-04-17 06:00:00,2026-08-07 20:10:16,order_items.csv,2026-08-07,Order ID not found in orders
ITEM000109355,ORD00011501,SKU00516,Switchable cohesive architecture,Home & Kitchen,3.0,3803.38,11410.14,2025-04-17 06:00:00,2026-08-07 20:10:16,order_items.csv,2026-08-07,Order ID not found in orders
ITEM000109379,ORD00044001,SKU03662,Self-enabling motivating hardware,Beauty,5.0,6845.42,34227.1,2025-04-17 06:00:00,2026-08-07 20:10:16,order_items.csv,2026-08-07,Order ID not found in orders
ITEM000109576,ORD00042401,SKU01512,Team-oriented context-sensitive project,Clothing,8.0,1556.14,12449.12,2025-04-17 06:00:00,2026-08-07 20:10:16,order_items.csv,2026-08-07,Order ID not found in orders
ITEM000109739,ORD00027301,SKU04397,Optimized client-driven structure,Toys,4.0,7318.57,29274.28,2025-04-17 06:00:00,2026-08-07 20:10:16,order_items.csv,2026-08-07,Order ID not found in orders
ITEM000109746,ORD00040701,SKU03818,Adaptive bottom-line productivity,Clothing,10.0,10524.13,105241.3,2025-04-17 06:00:00,2026-08-07 20:10:16,order_items.csv,2026-08-07,Order ID not found in orders
ITEM000109868,ORD00008901,SKU00983,Total client-driven knowledgebase,Toys,10.0,9893.6,98936.0,2025-04-17 06:00:00,2026-08-07 20:10:16,order_items.csv,2026-08-07,Order ID not found in orders
ITEM000109939,ORD00028101,SKU04506,Balanced static open architecture,Clothing,5.0,13943.32,69716.6,2025-04-17 06:00:00,2026-08-07 20:10:16,order_items.csv,2026-08-07,Order ID not found in orders
ITEM000110225,ORD00049801,SKU03549,Innovative multimedia knowledge user,Home & Kitchen,4.0,500.11,2000.44,2025-04-17 06:00:00,2026-08-07 20:10:16,order_items.csv,2026-08-07,Order ID not found in orders
ITEM000110228,ORD00031501,SKU04575,Upgradable empowering collaboration,Toys,2.0,10558.43,21116.86,2025-04-17 06:00:00,2026-08-07 20:10:16,order_items.csv,2026-08-07,Order ID not found in orders
ITEM000110338,ORD00004901,SKU03959,Open-architected cohesive hardware,Books,1.0,11742.99,11742.99,2025-04-17 06:00:00,2026-08-07 20:10:16,order_items.csv,2026-08-07,Order ID not found in orders
ITEM000110396,ORD00005801,SKU00721,Implemented 4thgeneration product,Beauty,6.0,12178.61,73071.66,2025-04-17 06:00:00,2026-08-07 20:10:16,order_items.csv,2026-08-07,Order ID not found in orders
ITEM000110587,ORD00045301,SKU03107,Synergistic system-worthy synergy,Books,5.0,3861.92,19309.6,2025-04-17 06:00:00,2026-08-07 20:10:16,order_items.csv,2026-08-07,Order ID not found in orders
ITEM000110603,ORD00014901,SKU04269,Synergized mission-critical knowledge user,Toys,4.0,13660.49,54641.96,2025-04-17 06:00:00,2026-08-07 20:10:16,order_items.csv,2026-08-07,Order ID not found in orders
ITEM000110869,ORD00043401,SKU02856,Right-sized multi-state algorithm,Electronics,3.0,8944.8,26834.4,2025-04-17 06:00:00,2026-08-07 20:10:16,order_items.csv,2026-08-07,Order ID not found in orders
ITEM000110952,ORD00042801,SKU03514,Public-key modular policy,Grocery,6.0,13773.23,82639.38,2025-04-17 06:00:00,2026-08-07 20:10:16,order_items.csv,2026-08-07,Order ID not found in orders
ITEM000111022,ORD00022601,SKU00544,Inverse fault-tolerant portal,Clothing,9.0,450.1,4050.9,2025-04-17 06:00:00,2026-08-07 20:10:16,order_items.csv,2026-08-07,Order ID not found in orders
ITEM000111262,ORD00032601,SKU01057,Organic stable database,Books,9.0,8367.16,75304.44,2025-04-17 06:00:00,2026-08-07 20:10:16,order_items.csv,2026-08-07,Order ID not found in orders
ITEM000111543,ORD00046301,SKU03194,Polarized didactic encoding,Beauty,7.0,6822.41,47756.87,2025-04-17 06:00:00,2026-08-07 20:10:16,order_items.csv,2026-08-07,Order ID not found in orders
ITEM000111617,ORD00046101,SKU04326,Adaptive multimedia info-mediaries,Toys,9.0,11134.33,100208.97,2025-04-17 06:00:00,2026-08-07 20:10:16,order_items.csv,2026-08-07,Order ID not found in orders
ITEM000111653,ORD00003901,SKU03865,Universal non-volatile function,Home & Kitchen,1.0,4377.62,4377.62,2025-04-17 06:00:00,2026-08-07 20:10:16,order_items.csv,2026-08-07,Order ID not found in orders
ITEM000111733,ORD00038801,SKU04111,Configurable 6thgeneration installation,Beauty,10.0,14816.41,148164.1,2025-04-17 06:00:00,2026-08-07 20:10:16,order_items.csv,2026-08-07,Order ID not found in orders
ITEM000111796,ORD00032301,SKU00380,Progressive system-worthy application,Home & Kitchen,9.0,14088.0,126792.0,2025-04-17 06:00:00,2026-08-07 20:10:16,order_items.csv,2026-08-07,Order ID not found in orders
ITEM000111828,ORD00029601,SKU02075,Extended zero-defect secured line,Beauty,4.0,5261.48,21045.92,2025-04-17 06:00:00,2026-08-07 20:10:16,order_items.csv,2026-08-07,Order ID not found in orders
ITEM000111848,ORD00048601,SKU03897,Polarized empowering synergy,Home & Kitchen,6.0,8874.43,53246.58,2025-04-17 06:00:00,2026-08-07 20:10:16,order_items.csv,2026-08-07,Order ID not found in orders
ITEM000111870,ORD00047101,SKU04122,Exclusive static system engine,Clothing,6.0,503.85,3023.1,2025-04-17 06:00:00,2026-08-07 20:10:16,order_items.csv,2026-08-07,Order ID not found in orders
ITEM000112096,ORD00016101,SKU03043,Face-to-face asymmetric installation,Books,9.0,9558.19,86023.71,2025-04-17 06:00:00,2026-08-07 20:10:16,order_items.csv,2026-08-07,Order ID not found in orders
ITEM000112111,ORD00041801,SKU01087,Horizontal 5thgeneration budgetary management,Beauty,3.0,5863.69,17591.07,2025-04-17 06:00:00,2026-08-07 20:10:16,order_items.csv,2026-08-07,Order ID not found in orders
ITEM000112129,ORD00038901,SKU03224,Diverse bottom-line moratorium,Electronics,4.0,14489.53,57958.12,2025-04-17 06:00:00,2026-08-07 20:10:16,order_items.csv,2026-08-07,Order ID not found in orders
ITEM000112316,ORD00020601,SKU02595,Decentralized demand-driven implementation,Books,2.0,13021.21,26042.42,2025-04-17 06:00:00,2026-08-07 20:10:16,order_items.csv,2026-08-07,Order ID not found in orders
ITEM000112355,ORD00008801,SKU03222,Managed high-level attitude,Toys,7.0,9913.41,69393.87,2025-04-17 06:00:00,2026-08-07 20:10:16,order_items.csv,2026-08-07,Order ID not found in orders
ITEM000112574,ORD00017401,SKU03090,Triple-buffered foreground productivity,Beauty,3.0,3117.12,9351.36,2025-04-17 06:00:00,2026-08-07 20:10:16,order_items.csv,2026-08-07,Order ID not found in orders
ITEM000112596,ORD00042001,SKU00423,User-centric well-modulated knowledge user,Beauty,1.0,6345.51,6345.51,2025-04-17 06:00:00,2026-08-07 20:10:16,order_items.csv,2026-08-07,Order ID not found in orders
ITEM000112774,ORD00009801,SKU01189,Team-oriented full-range architecture,Grocery,9.0,2511.18,22600.62,2025-04-17 06:00:00,2026-08-07 20:10:16,order_items.csv,2026-08-07,Order ID not found in orders
ITEM000112897,ORD00025901,SKU01122,Reactive web-enabled Graphical User Interface,Grocery,8.0,8733.1,69864.8,2025-04-17 06:00:00,2026-08-07 20:10:16,order_items.csv,2026-08-07,Order ID not found in orders
ITEM000112907,ORD00026501,SKU04653,Right-sized mission-critical protocol,Sports,7.0,6220.29,43542.03,2025-04-17 06:00:00,2026-08-07 20:10:16,order_items.csv,2026-08-07,Order ID not found in orders
ITEM000112934,ORD00018801,SKU00801,Operative well-modulated instruction set,Electronics,3.0,5057.45,15172.35,2025-04-17 06:00:00,2026-08-07 20:10:16,order_items.csv,2026-08-07,Order ID not found in orders
ITEM000112981,ORD00018101,SKU01096,Synergized scalable Internet solution,Clothing,1.0,4742.15,4742.15,2025-04-17 06:00:00,2026-08-07 20:10:16,order_items.csv,2026-08-07,Order ID not found in orders
ITEM000113130,ORD00013301,SKU03221,Configurable neutral encoding,Sports,4.0,3803.88,15215.52,2025-04-17 06:00:00,2026-08-07 20:10:16,order_items.csv,2026-08-07,Order ID not found in orders
ITEM000113471,ORD00018401,SKU01077,Multi-layered empowering artificial intelligence,Electronics,4.0,9904.75,39619.0,2025-04-17 06:00:00,2026-08-07 20:10:16,order_items.csv,2026-08-07,Order ID not found in orders
ITEM000113658,ORD00005201,SKU00172,Profit-focused systematic software,Grocery,2.0,10933.68,21867.36,2025-04-17 06:00:00,2026-08-07 20:10:16,order_items.csv,2026-08-07,Order ID not found in orders
ITEM000113670,ORD00043501,SKU01237,Focused incremental protocol,Books,5.0,5837.21,29186.05,2025-04-17 06:00:00,2026-08-07 20:10:16,order_items.csv,2026-08-07,Order ID not found in orders
ITEM000113694,ORD00031901,SKU02178,Sharable multimedia groupware,Home & Kitchen,9.0,14166.66,127499.94,2025-04-17 06:00:00,2026-08-07 20:10:16,order_items.csv,2026-08-07,Order ID not found in orders
ITEM000113727,ORD00000701,SKU00470,Realigned asymmetric functionalities,Clothing,7.0,5818.81,40731.67,2025-04-17 06:00:00,2026-08-07 20:10:16,order_items.csv,2026-08-07,Order ID not found in orders
ITEM000113880,ORD00032501,SKU02841,Versatile exuding firmware,Grocery,5.0,13324.06,66620.3,2025-04-17 06:00:00,2026-08-07 20:10:16,order_items.csv,2026-08-07,Order ID not found in orders
ITEM000114090,ORD00017101,SKU01207,Horizontal intermediate toolset,Toys,5.0,3958.35,19791.75,2025-04-17 06:00:00,2026-08-07 20:10:16,order_items.csv,2026-08-07,Order ID not found in orders
ITEM000114105,ORD00045201,SKU03839,Enhanced value-added interface,Electronics,3.0,2762.8,8288.4,2025-04-17 06:00:00,2026-08-07 20:10:16,order_items.csv,2026-08-07,Order ID not found in orders
ITEM000114155,ORD00017201,SKU00008,Pre-emptive non-volatile access,Books,1.0,1452.55,1452.55,2025-04-17 06:00:00,2026-08-07 20:10:16,order_items.csv,2026-08-07,Order ID not found in orders
ITEM000114323,ORD00028501,SKU02203,Face-to-face next generation concept,Beauty,3.0,8492.52,25477.56,2025-04-17 06:00:00,2026-08-07 20:10:16,order_items.csv,2026-08-07,Order ID not found in orders
ITEM000114391,ORD00025701,SKU01944,Team-oriented demand-driven customer loyalty,Sports,7.0,1300.86,9106.02,2025-04-17 06:00:00,2026-08-07 20:10:16,order_items.csv,2026-08-07,Order ID not found in orders
ITEM000114473,ORD00011501,SKU01763,Enterprise-wide foreground knowledge user,Toys,7.0,5740.83,40185.81,2025-04-17 06:00:00,2026-08-07 20:10:16,order_items.csv,2026-08-07,Order ID not found in orders
ITEM000114573,ORD00029301,SKU02772,Secured contextually-based task-force,Toys,2.0,5396.96,10793.92,2025-04-17 06:00:00,2026-08-07 20:10:16,order_items.csv,2026-08-07,Order ID not found in orders
ITEM000114627,ORD00024001,SKU01449,User-centric disintermediate functionalities,Electronics,8.0,7811.03,62488.24,2025-04-17 06:00:00,2026-08-07 20:10:16,order_items.csv,2026-08-07,Order ID not found in orders
ITEM000114837,ORD00037201,SKU00506,Progressive mission-critical methodology,Home & Kitchen,6.0,3405.6,20433.6,2025-04-17 06:00:00,2026-08-07 20:10:16,order_items.csv,2026-08-07,Order ID not found in orders
ITEM000115022,ORD00021501,SKU02468,Cloned fault-tolerant concept,Sports,8.0,1965.82,15726.56,2025-04-17 06:00:00,2026-08-07 20:10:16,order_items.csv,2026-08-07,Order ID not found in orders
ITEM000115191,ORD00034701,SKU03800,Decentralized next generation paradigm,Beauty,2.0,5317.64,10635.28,2025-04-17 06:00:00,2026-08-07 20:10:16,order_items.csv,2026-08-07,Order ID not found in orders
ITEM000115226,ORD00019401,SKU01564,Cross-group multi-state structure,Beauty,5.0,10504.77,52523.85,2025-04-17 06:00:00,2026-08-07 20:10:16,order_items.csv,2026-08-07,Order ID not found in orders
ITEM000115240,ORD00012901,SKU01368,Organized grid-enabled core,Electronics,1.0,3901.97,3901.97,2025-04-17 06:00:00,2026-08-07 20:10:16,order_items.csv,2026-08-07,Order ID not found in orders
ITEM000115472,ORD00013201,SKU04203,Centralized leadingedge hierarchy,Electronics,8.0,9964.16,79713.28,2025-04-17 06:00:00,2026-08-07 20:10:16,order_items.csv,2026-08-07,Order ID not found in orders
ITEM000115634,ORD00035101,SKU00863,Expanded incremental hub,Toys,3.0,13372.96,40118.88,2025-04-17 06:00:00,2026-08-07 20:10:16,order_items.csv,2026-08-07,Order ID not found in orders
ITEM000115658,ORD00006701,SKU01983,Open-architected real-time capability,Home & Kitchen,4.0,10666.19,42664.76,2025-04-17 06:00:00,2026-08-07 20:10:16,order_items.csv,2026-08-07,Order ID not found in orders
ITEM000115742,ORD00043101,SKU03156,Fully-configurable 24/7 service-desk,Books,8.0,4686.17,37489.36,2025-04-17 06:00:00,2026-08-07 20:10:16,order_items.csv,2026-08-07,Order ID not found in orders
ITEM000115749,ORD00033201,SKU00956,Down-sized background task-force,Books,6.0,14887.52,89325.12,2025-04-17 06:00:00,2026-08-07 20:10:16,order_items.csv,2026-08-07,Order ID not found in orders
ITEM000115920,ORD00008701,SKU02967,Ameliorated client-server toolset,Toys,4.0,13793.89,55175.56,2025-04-17 06:00:00,2026-08-07 20:10:16,order_items.csv,2026-08-07,Order ID not found in orders
ITEM000115950,ORD00019501,SKU02619,Customer-focused encompassing leverage,Books,3.0,14667.77,44003.31,2025-04-17 06:00:00,2026-08-07 20:10:16,order_items.csv,2026-08-07,Order ID not found in orders
ITEM000116000,ORD00032101,SKU04767,Phased bottom-line access,Clothing,7.0,13699.18,95894.26,2025-04-17 06:00:00,2026-08-07 20:10:16,order_items.csv,2026-08-07,Order ID not found in orders
ITEM000116066,ORD00013201,SKU03871,Profound mission-critical contingency,Toys,3.0,10205.92,30617.76,2025-04-17 06:00:00,2026-08-07 20:10:16,order_items.csv,2026-08-07,Order ID not found in orders
ITEM000116250,ORD00018401,SKU02028,De-engineered full-range Local Area Network,Beauty,10.0,11111.02,111110.2,2025-04-17 06:00:00,2026-08-07 20:10:16,order_items.csv,2026-08-07,Order ID not found in orders
ITEM000116343,ORD00012201,SKU03860,Multi-tiered analyzing website,Sports,2.0,6866.47,13732.94,2025-04-17 06:00:00,2026-08-07 20:10:16,order_items.csv,2026-08-07,Order ID not found in orders
ITEM000116421,ORD00017001,SKU01383,Upgradable content-based data-warehouse,Toys,3.0,7404.5,22213.5,2025-04-17 06:00:00,2026-08-07 20:10:16,order_items.csv,2026-08-07,Order ID not found in orders
ITEM000116515,ORD00001701,SKU01345,Grass-roots bandwidth-monitored solution,Electronics,3.0,885.44,2656.32,2025-04-17 06:00:00,2026-08-07 20:10:16,order_items.csv,2026-08-07,Order ID not found in orders
ITEM000116724,ORD00013501,SKU04156,Profit-focused 6thgeneration circuit,Electronics,2.0,12658.73,25317.46,2025-04-17 06:00:00,2026-08-07 20:10:16,order_items.csv,2026-08-07,Order ID not found in orders
ITEM000116855,ORD00047801,SKU02595,Decentralized demand-driven implementation,Books,10.0,13021.21,130212.1,2025-04-17 06:00:00,2026-08-07 20:10:16,order_items.csv,2026-08-07,Order ID not found in orders
ITEM000116921,ORD00045401,SKU01543,Up-sized client-server capacity,Toys,9.0,6883.08,61947.72,2025-04-17 06:00:00,2026-08-07 20:10:16,order_items.csv,2026-08-07,Order ID not found in orders
ITEM000117033,ORD00031601,SKU01640,Customizable 24/7 initiative,Grocery,3.0,936.45,2809.35,2025-04-17 06:00:00,2026-08-07 20:10:16,order_items.csv,2026-08-07,Order ID not found in orders
ITEM000117042,ORD00047501,SKU04488,Seamless regional database,Electronics,5.0,11788.11,58940.55,2025-04-17 06:00:00,2026-08-07 20:10:16,order_items.csv,2026-08-07,Order ID not found in orders
ITEM000117080,ORD00035901,SKU03654,Organic incremental structure,Toys,4.0,12559.8,50239.2,2025-04-17 06:00:00,2026-08-07 20:10:16,order_items.csv,2026-08-07,Order ID not found in orders
ITEM000117373,ORD00003901,SKU00043,Ergonomic dedicated installation,Home & Kitchen,2.0,4299.97,8599.94,2025-04-17 06:00:00,2026-08-07 20:10:16,order_items.csv,2026-08-07,Order ID not found in orders
ITEM000117474,ORD00018401,SKU02786,Persevering client-server forecast,Beauty,4.0,9701.33,38805.32,2025-04-17 06:00:00,2026-08-07 20:10:16,order_items.csv,2026-08-07,Order ID not found in orders
ITEM000117504,ORD00047001,SKU04217,Persistent dedicated throughput,Beauty,3.0,280.49,841.47,2025-04-17 06:00:00,2026-08-07 20:10:16,order_items.csv,2026-08-07,Order ID not found in orders
ITEM000117511,ORD00021901,SKU04106,Assimilated local moderator,Clothing,9.0,12408.46,111676.14,2025-04-17 06:00:00,2026-08-07 20:10:16,order_items.csv,2026-08-07,Order ID not found in orders
ITEM000118040,ORD00029901,SKU02029,Quality-focused upward-trending Local Area Network,Beauty,8.0,9912.49,79299.92,2025-04-17 06:00:00,2026-08-07 20:10:16,order_items.csv,2026-08-07,Order ID not found in orders
ITEM000118179,ORD00049301,SKU03219,Customizable incremental challenge,Books,7.0,8108.94,56762.58,2025-04-17 06:00:00,2026-08-07 20:10:16,order_items.csv,2026-08-07,Order ID not found in orders
ITEM000118225,ORD00013801,SKU01829,User-friendly client-server solution,Electronics,2.0,7852.76,15705.52,2025-04-17 06:00:00,2026-08-07 20:10:16,order_items.csv,2026-08-07,Order ID not found in orders
ITEM000118404,ORD00020801,SKU00789,Advanced solution-oriented core,Home & Kitchen,9.0,4284.46,38560.14,2025-04-17 06:00:00,2026-08-07 20:10:16,order_items.csv,2026-08-07,Order ID not found in orders
ITEM000118420,ORD00032901,SKU04360,Customizable mobile utilization,Sports,8.0,6684.17,53473.36,2025-04-17 06:00:00,2026-08-07 20:10:16,order_items.csv,2026-08-07,Order ID not found in orders
ITEM000118450,ORD00023301,SKU03621,Synergized 24hour open architecture,Home & Kitchen,2.0,425.37,850.74,2025-04-17 06:00:00,2026-08-07 20:10:16,order_items.csv,2026-08-07,Order ID not found in orders
ITEM000118459,ORD00040801,SKU02458,Optimized 5thgeneration process improvement,Sports,10.0,10462.93,104629.3,2025-04-17 06:00:00,2026-08-07 20:10:16,order_items.csv,2026-08-07,Order ID not found in orders
ITEM000118637,ORD00049801,SKU01331,Optional intangible application,Grocery,3.0,11526.21,34578.63,2025-04-17 06:00:00,2026-08-07 20:10:16,order_items.csv,2026-08-07,Order ID not found in orders
ITEM000118881,ORD00034501,SKU04936,User-friendly static hardware,Books,2.0,7646.42,15292.84,2025-04-17 06:00:00,2026-08-07 20:10:16,order_items.csv,2026-08-07,Order ID not found in orders
ITEM000118882,ORD00025401,SKU03704,Synchronized grid-enabled structure,Books,2.0,4147.97,8295.94,2025-04-17 06:00:00,2026-08-07 20:10:16,order_items.csv,2026-08-07,Order ID not found in orders
ITEM000118887,ORD00034301,SKU01538,Virtual full-range matrix,Electronics,10.0,13591.18,135911.8,2025-04-17 06:00:00,2026-08-07 20:10:16,order_items.csv,2026-08-07,Order ID not found in orders
ITEM000118935,ORD00005201,SKU03580,Cross-platform multimedia website,Electronics,7.0,13580.56,95063.92,2025-04-17 06:00:00,2026-08-07 20:10:16,order_items.csv,2026-08-07,Order ID not found in orders
ITEM000119316,ORD00018301,SKU00522,Adaptive hybrid forecast,Clothing,4.0,13106.7,52426.8,2025-04-17 06:00:00,2026-08-07 20:10:16,order_items.csv,2026-08-07,Order ID not found in orders
ITEM000119329,ORD00024301,SKU02597,Monitored fresh-thinking instruction set,Electronics,9.0,11874.9,106874.1,2025-04-17 06:00:00,2026-08-07 20:10:16,order_items.csv,2026-08-07,Order ID not found in orders
ITEM000119393,ORD00026901,SKU00699,Digitized object-oriented structure,Clothing,8.0,12105.24,96841.92,2025-04-17 06:00:00,2026-08-07 20:10:16,order_items.csv,2026-08-07,Order ID not found in orders
ITEM000119558,ORD00016201,SKU04513,Function-based neutral model,Toys,7.0,4842.04,33894.28,2025-04-17 06:00:00,2026-08-07 20:10:16,order_items.csv,2026-08-07,Order ID not found in orders
ITEM000119576,ORD00025101,SKU01739,Enhanced methodical Internet solution,Toys,7.0,6213.91,43497.37,2025-04-17 06:00:00,2026-08-07 20:10:16,order_items.csv,2026-08-07,Order ID not found in orders
ITEM000119623,ORD00041301,SKU00161,Proactive full-range forecast,Beauty,4.0,9254.48,37017.92,2025-04-17 06:00:00,2026-08-07 20:10:16,order_items.csv,2026-08-07,Order ID not found in orders
ITEM000119856,ORD00025801,SKU00679,Pre-emptive full-range process improvement,Grocery,2.0,8680.88,17361.76,2025-04-17 06:00:00,2026-08-07 20:10:16,order_items.csv,2026-08-07,Order ID not found in orders
ITEM000119944,ORD00003201,SKU02692,Automated encompassing implementation,Books,5.0,6094.85,30474.25,2025-04-17 06:00:00,2026-08-07 20:10:16,order_items.csv,2026-08-07,Order ID not found in orders
ITEM000120084,ORD00048601,SKU01897,Balanced intangible system engine,Toys,1.0,2519.25,2519.25,2025-04-17 06:00:00,2026-08-07 20:10:16,order_items.csv,2026-08-07,Order ID not found in orders
ITEM000120107,ORD00018801,SKU01899,Multi-tiered secondary encoding,Home & Kitchen,3.0,7343.23,22029.69,2025-04-17 06:00:00,2026-08-07 20:10:16,order_items.csv,2026-08-07,Order ID not found in orders
ITEM000120231,ORD00004201,SKU00037,User-friendly fresh-thinking Graphic Interface,Sports,1.0,9822.89,9822.89,2025-04-17 06:00:00,2026-08-07 20:10:16,order_items.csv,2026-08-07,Order ID not found in orders
ITEM000120240,ORD00007301,SKU04832,Cross-platform neutral installation,Sports,6.0,7215.82,43294.92,2025-04-17 06:00:00,2026-08-07 20:10:16,order_items.csv,2026-08-07,Order ID not found in orders
ITEM000120358,ORD00022001,SKU02505,Fully-configurable well-modulated time-frame,Beauty,5.0,8003.89,40019.45,2025-04-17 06:00:00,2026-08-07 20:10:16,order_items.csv,2026-08-07,Order ID not found in orders
ITEM000120425,ORD00022701,SKU00594,Stand-alone local policy,Toys,4.0,12338.11,49352.44,2025-04-17 06:00:00,2026-08-07 20:10:16,order_items.csv,2026-08-07,Order ID not found in orders
ITEM000120586,ORD00017101,SKU00484,Compatible multimedia solution,Clothing,5.0,1305.82,6529.1,2025-04-17 06:00:00,2026-08-07 20:10:16,order_items.csv,2026-08-07,Order ID not found in orders
ITEM000120596,ORD00031001,SKU02190,Virtual homogeneous array,Beauty,2.0,7759.42,15518.84,2025-04-17 06:00:00,2026-08-07 20:10:16,order_items.csv,2026-08-07,Order ID not found in orders
ITEM000120604,ORD00000001,SKU03747,User-friendly contextually-based support,Home & Kitchen,2.0,14860.84,29721.68,2025-04-17 06:00:00,2026-08-07 20:10:16,order_items.csv,2026-08-07,Order ID not found in orders
ITEM000120732,ORD00019901,SKU04990,Synchronized 3rdgeneration model,Home & Kitchen,6.0,6860.76,41164.56,2025-04-17 06:00:00,2026-08-07 20:10:16,order_items.csv,2026-08-07,Order ID not found in orders
ITEM000120908,ORD00049001,SKU01716,Ameliorated zero-defect infrastructure,Clothing,1.0,5449.82,5449.82,2025-04-17 06:00:00,2026-08-07 20:10:16,order_items.csv,2026-08-07,Order ID not found in orders
ITEM000120956,ORD00040801,SKU03615,Synergized well-modulated paradigm,Sports,7.0,4108.41,28758.87,2025-04-17 06:00:00,2026-08-07 20:10:16,order_items.csv,2026-08-07,Order ID not found in orders
ITEM000120990,ORD00018501,SKU03639,Cross-platform radical help-desk,Electronics,1.0,2278.23,2278.23,2025-04-17 06:00:00,2026-08-07 20:10:16,order_items.csv,2026-08-07,Order ID not found in orders
ITEM000121050,ORD00007101,SKU00054,Down-sized systemic model,Toys,10.0,6474.01,64740.1,2025-04-17 06:00:00,2026-08-07 20:10:16,order_items.csv,2026-08-07,Order ID not found in orders
ITEM000121253,ORD00015901,SKU02180,Monitored systematic success,Grocery,4.0,64.37,257.48,2025-04-17 06:00:00,2026-08-07 20:10:16,order_items.csv,2026-08-07,Order ID not found in orders
ITEM000121355,ORD00035001,SKU00491,Digitized static encoding,Grocery,1.0,1668.57,1668.57,2025-04-17 06:00:00,2026-08-07 20:10:16,order_items.csv,2026-08-07,Order ID not found in orders
ITEM000121471,ORD00016401,SKU04714,Self-enabling multi-state function,Toys,2.0,4929.06,9858.12,2025-04-17 06:00:00,2026-08-07 20:10:16,order_items.csv,2026-08-07,Order ID not found in orders
ITEM000121536,ORD00031601,SKU02367,Reverse-engineered bottom-line contingency,Books,3.0,14323.51,42970.53,2025-04-17 06:00:00,2026-08-07 20:10:16,order_items.csv,2026-08-07,Order ID not found in orders
ITEM000121642,ORD00024101,SKU03526,Optimized even-keeled infrastructure,Toys,6.0,9032.35,54194.1,2025-04-17 06:00:00,2026-08-07 20:10:16,order_items.csv,2026-08-07,Order ID not found in orders
ITEM000121845,ORD00037301,SKU03175,Vision-oriented real-time success,Books,5.0,1037.12,5185.6,2025-04-17 06:00:00,2026-08-07 20:10:16,order_items.csv,2026-08-07,Order ID not found in orders
ITEM000121870,ORD00048601,SKU04674,Persevering bi-directional migration,Electronics,10.0,146.77,1467.7,2025-04-17 06:00:00,2026-08-07 20:10:16,order_items.csv,2026-08-07,Order ID not found in orders
ITEM000121923,ORD00025301,SKU04736,Adaptive tangible projection,Home & Kitchen,2.0,13076.46,26152.92,2025-04-17 06:00:00,2026-08-07 20:10:16,order_items.csv,2026-08-07,Order ID not found in orders
ITEM000121937,ORD00010101,SKU04310,Self-enabling logistical matrices,Grocery,10.0,6107.96,61079.6,2025-04-17 06:00:00,2026-08-07 20:10:16,order_items.csv,2026-08-07,Order ID not found in orders
ITEM000121955,ORD00044601,SKU03456,Robust tangible structure,Electronics,6.0,8204.29,49225.74,2025-04-17 06:00:00,2026-08-07 20:10:16,order_items.csv,2026-08-07,Order ID not found in orders
ITEM000122012,ORD00010501,SKU01687,Automated high-level secured line,Books,3.0,2162.96,6488.88,2025-04-17 06:00:00,2026-08-07 20:10:16,order_items.csv,2026-08-07,Order ID not found in orders
ITEM000122062,ORD00011901,SKU00585,Cloned 5thgeneration policy,Sports,7.0,11827.33,82791.31,2025-04-17 06:00:00,2026-08-07 20:10:16,order_items.csv,2026-08-07,Order ID not found in orders
ITEM000122086,ORD00048401,SKU02767,Versatile human-resource throughput,Books,5.0,3849.79,19248.95,2025-04-17 06:00:00,2026-08-07 20:10:16,order_items.csv,2026-08-07,Order ID not found in orders
ITEM000122118,ORD00002801,SKU00473,Enhanced contextually-based budgetary management,Electronics,6.0,9929.53,59577.18,2025-04-17 06:00:00,2026-08-07 20:10:16,order_items.csv,2026-08-07,Order ID not found in orders
ITEM000122184,ORD00000901,SKU01026,Cross-platform scalable protocol,Home & Kitchen,3.0,13433.38,40300.14,2025-04-17 06:00:00,2026-08-07 20:10:16,order_items.csv,2026-08-07,Order ID not found in orders
ITEM000122191,ORD00005401,SKU04923,Cloned transitional projection,Toys,5.0,14429.32,72146.6,2025-04-17 06:00:00,2026-08-07 20:10:16,order_items.csv,2026-08-07,Order ID not found in orders
ITEM000122260,ORD00007101,SKU01384,Streamlined upward-trending software,Books,7.0,819.29,5735.03,2025-04-17 06:00:00,2026-08-07 20:10:16,order_items.csv,2026-08-07,Order ID not found in orders
ITEM000122304,ORD00019001,SKU03400,Adaptive systemic core,Books,9.0,6221.83,55996.47,2025-04-17 06:00:00,2026-08-07 20:10:16,order_items.csv,2026-08-07,Order ID not found in orders
ITEM000122534,ORD00012001,SKU00539,Enterprise-wide intangible capability,Clothing,2.0,10634.88,21269.76,2025-04-17 06:00:00,2026-08-07 20:10:16,order_items.csv,2026-08-07,Order ID not found in orders
ITEM000122609,ORD00018001,SKU01238,Multi-tiered dedicated middleware,Clothing,8.0,723.57,5788.56,2025-04-17 06:00:00,2026-08-07 20:10:16,order_items.csv,2026-08-07,Order ID not found in orders
ITEM000122790,ORD00047201,SKU03377,Virtual well-modulated hub,Toys,5.0,2167.11,10835.55,2025-04-17 06:00:00,2026-08-07 20:10:16,order_items.csv,2026-08-07,Order ID not found in orders
ITEM000122840,ORD00014001,SKU01062,Fully-configurable 6thgeneration secured line,Beauty,10.0,11050.66,110506.6,2025-04-17 06:00:00,2026-08-07 20:10:16,order_items.csv,2026-08-07,Order ID not found in orders
ITEM000122893,ORD00041101,SKU04076,Fully-configurable client-driven data-warehouse,Sports,3.0,6598.61,19795.83,2025-04-17 06:00:00,2026-08-07 20:10:16,order_items.csv,2026-08-07,Order ID not found in orders
ITEM000123005,ORD00037601,SKU00601,Managed hybrid access,Toys,9.0,12085.4,108768.6,2025-04-17 06:00:00,2026-08-07 20:10:16,order_items.csv,2026-08-07,Order ID not found in orders
ITEM000123027,ORD00000101,SKU03474,Realigned global functionalities,Home & Kitchen,9.0,1371.17,12340.53,2025-04-17 06:00:00,2026-08-07 20:10:16,order_items.csv,2026-08-07,Order ID not found in orders
ITEM000123307,ORD00003401,SKU04734,Compatible didactic algorithm,Sports,7.0,2233.24,15632.68,2025-04-17 06:00:00,2026-08-07 20:10:16,order_items.csv,2026-08-07,Order ID not found in orders
ITEM000123353,ORD00036601,SKU02042,Decentralized regional approach,Electronics,2.0,13152.91,26305.82,2025-04-17 06:00:00,2026-08-07 20:10:16,order_items.csv,2026-08-07,Order ID not found in orders
ITEM000123536,ORD00049601,SKU03063,Cross-platform motivating utilization,Clothing,7.0,3163.55,22144.85,2025-04-17 06:00:00,2026-08-07 20:10:16,order_items.csv,2026-08-07,Order ID not found in orders
ITEM000123553,ORD00005901,SKU02867,Reduced secondary knowledgebase,Clothing,4.0,1984.31,7937.24,2025-04-17 06:00:00,2026-08-07 20:10:16,order_items.csv,2026-08-07,Order ID not found in orders
ITEM000123661,ORD00047401,SKU00174,Assimilated 4thgeneration algorithm,Home & Kitchen,5.0,13281.48,66407.4,2025-04-17 06:00:00,2026-08-07 20:10:16,order_items.csv,2026-08-07,Order ID not found in orders
ITEM000123845,ORD00044501,SKU00361,Cross-group leadingedge project,Home & Kitchen,6.0,7612.43,45674.58,2025-04-17 06:00:00,2026-08-07 20:10:16,order_items.csv,2026-08-07,Order ID not found in orders
ITEM000124007,ORD00047201,SKU01928,Innovative value-added encoding,Grocery,6.0,4601.45,27608.7,2025-04-17 06:00:00,2026-08-07 20:10:16,order_items.csv,2026-08-07,Order ID not found in orders
ITEM000124106,ORD00004001,SKU01063,Stand-alone web-enabled synergy,Home & Kitchen,6.0,14208.75,85252.5,2025-04-17 06:00:00,2026-08-07 20:10:16,order_items.csv,2026-08-07,Order ID not found in orders
ITEM000124305,ORD00036401,SKU04552,Compatible human-resource data-warehouse,Books,8.0,3726.64,29813.12,2025-04-17 06:00:00,2026-08-07 20:10:16,order_items.csv,2026-08-07,Order ID not found in orders
ITEM000124315,ORD00041101,SKU02984,Proactive optimizing parallelism,Home & Kitchen,8.0,6235.29,49882.32,2025-04-17 06:00:00,2026-08-07 20:10:16,order_items.csv,2026-08-07,Order ID not found in orders
ITEM000124347,ORD00032701,SKU00464,Cross-group 6thgeneration algorithm,Electronics,9.0,4750.16,42751.44,2025-04-17 06:00:00,2026-08-07 20:10:16,order_items.csv,2026-08-07,Order ID not found in orders
ITEM000124382,ORD00013101,SKU00407,Optimized contextually-based moratorium,Books,3.0,11407.89,34223.67,2025-04-17 06:00:00,2026-08-07 20:10:16,order_items.csv,2026-08-07,Order ID not found in orders
ITEM000124492,ORD00034701,SKU04648,Object-based heuristic task-force,Grocery,1.0,13298.74,13298.74,2025-04-17 06:00:00,2026-08-07 20:10:16,order_items.csv,2026-08-07,Order ID not found in orders
ITEM000124497,ORD00039001,SKU02911,Ergonomic local core,Grocery,3.0,6556.5,19669.5,2025-04-17 06:00:00,2026-08-07 20:10:16,order_items.csv,2026-08-07,Order ID not found in orders
ITEM000124510,ORD00006701,SKU00018,Sharable upward-trending policy,Sports,3.0,2032.43,6097.29,2025-04-17 06:00:00,2026-08-07 20:10:16,order_items.csv,2026-08-07,Order ID not found in orders
ITEM000124553,ORD00034101,SKU02885,Fundamental high-level task-force,Home & Kitchen,5.0,12902.18,64510.9,2025-04-17 06:00:00,2026-08-07 20:10:16,order_items.csv,2026-08-07,Order ID not found in orders
ITEM000124667,ORD00001001,SKU02585,User-centric web-enabled encryption,Clothing,10.0,8596.21,85962.1,2025-04-17 06:00:00,2026-08-07 20:10:16,order_items.csv,2026-08-07,Order ID not found in orders
ITEM000124867,ORD00013701,SKU03204,Universal regional Local Area Network,Grocery,9.0,14368.24,129314.16,2025-04-17 06:00:00,2026-08-07 20:10:16,order_items.csv,2026-08-07,Order ID not found in orders
ITEM000125033,ORD00007501,SKU02323,Phased cohesive Internet solution,Grocery,7.0,14615.39,102307.73,2025-04-17 06:00:00,2026-08-07 20:10:16,order_items.csv,2026-08-07,Order ID not found in orders
ITEM000125084,ORD00046601,SKU01282,Upgradable object-oriented definition,Grocery,2.0,5045.1,10090.2,2025-04-17 06:00:00,2026-08-07 20:10:16,order_items.csv,2026-08-07,Order ID not found in orders
ITEM000125097,ORD00035801,SKU00481,Progressive multi-state collaboration,Books,10.0,6204.26,62042.6,2025-04-17 06:00:00,2026-08-07 20:10:16,order_items.csv,2026-08-07,Order ID not found in orders
ITEM000125163,ORD00003601,SKU02074,Cloned needs-based migration,Toys,1.0,5163.92,5163.92,2025-04-17 06:00:00,2026-08-07 20:10:16,order_items.csv,2026-08-07,Order ID not found in orders
ITEM000125175,ORD00030301,SKU01252,Compatible empowering architecture,Beauty,5.0,8938.19,44690.95,2025-04-17 06:00:00,2026-08-07 20:10:16,order_items.csv,2026-08-07,Order ID not found in orders
ITEM000125412,ORD00035401,SKU04445,Proactive explicit monitoring,Books,8.0,5262.76,42102.08,2025-04-17 06:00:00,2026-08-07 20:10:16,order_items.csv,2026-08-07,Order ID not found in orders
ITEM000125596,ORD00026801,SKU01774,Profound background workforce,Grocery,10.0,1282.6,12826.0,2025-04-17 06:00:00,2026-08-07 20:10:16,order_items.csv,2026-08-07,Order ID not found in orders
ITEM000125625,ORD00029901,SKU03610,Managed system-worthy function,Sports,6.0,6294.14,37764.84,2025-04-17 06:00:00,2026-08-07 20:10:16,order_items.csv,2026-08-07,Order ID not found in orders
ITEM000125640,ORD00022201,SKU02158,Devolved intermediate secured line,Home & Kitchen,2.0,13644.38,27288.76,2025-04-17 06:00:00,2026-08-07 20:10:16,order_items.csv,2026-08-07,Order ID not found in orders
ITEM000125783,ORD00033701,SKU00738,Organized full-range website,Grocery,7.0,1321.34,9249.38,2025-04-17 06:00:00,2026-08-07 20:10:16,order_items.csv,2026-08-07,Order ID not found in orders
ITEM000125810,ORD00023201,SKU02956,Multi-channeled 24/7 archive,Books,3.0,10829.11,32487.33,2025-04-17 06:00:00,2026-08-07 20:10:16,order_items.csv,2026-08-07,Order ID not found in orders
ITEM000126021,ORD00031601,SKU03080,Devolved holistic extranet,Toys,9.0,10533.54,94801.86,2025-04-17 06:00:00,2026-08-07 20:10:16,order_items.csv,2026-08-07,Order ID not found in orders
ITEM000126061,ORD00003301,SKU00236,Digitized global encoding,Grocery,7.0,1572.64,11008.48,2025-04-17 06:00:00,2026-08-07 20:10:16,order_items.csv,2026-08-07,Order ID not found in orders
ITEM000126106,ORD00021001,SKU04927,Mandatory fresh-thinking analyzer,Sports,3.0,691.4,2074.2,2025-04-17 06:00:00,2026-08-07 20:10:16,order_items.csv,2026-08-07,Order ID not found in orders
ITEM000126136,ORD00049601,SKU00849,Configurable next generation approach,Grocery,1.0,7520.6,7520.6,2025-04-17 06:00:00,2026-08-07 20:10:16,order_items.csv,2026-08-07,Order ID not found in orders
ITEM000126178,ORD00021601,SKU03878,Versatile real-time product,Books,2.0,5067.98,10135.96,2025-04-17 06:00:00,2026-08-07 20:10:16,order_items.csv,2026-08-07,Order ID not found in orders
ITEM000126205,ORD00024501,SKU01480,Cross-platform optimal archive,Books,4.0,970.65,3882.6,2025-04-17 06:00:00,2026-08-07 20:10:16,order_items.csv,2026-08-07,Order ID not found in orders
ITEM000126332,ORD00028401,SKU00305,Phased real-time neural-net,Grocery,8.0,9695.34,77562.72,2025-04-17 06:00:00,2026-08-07 20:10:16,order_items.csv,2026-08-07,Order ID not found in orders
ITEM000126390,ORD00025201,SKU00132,Quality-focused executive capacity,Grocery,8.0,5210.17,41681.36,2025-04-17 06:00:00,2026-08-07 20:10:16,order_items.csv,2026-08-07,Order ID not found in orders
ITEM000126467,ORD00049101,SKU00684,Configurable eco-centric function,Toys,7.0,7712.32,53986.24,2025-04-17 06:00:00,2026-08-07 20:10:16,order_items.csv,2026-08-07,Order ID not found in orders
ITEM000126566,ORD00029501,SKU03167,Balanced actuating encryption,Home & Kitchen,8.0,8917.49,71339.92,2025-04-17 06:00:00,2026-08-07 20:10:16,order_items.csv,2026-08-07,Order ID not found in orders
ITEM000126576,ORD00033701,SKU00133,Front-line coherent product,Books,7.0,14139.84,98978.88,2025-04-17 06:00:00,2026-08-07 20:10:16,order_items.csv,2026-08-07,Order ID not found in orders
ITEM000126727,ORD00035301,SKU01354,Down-sized mission-critical model,Books,9.0,3384.86,30463.74,2025-04-17 06:00:00,2026-08-07 20:10:16,order_items.csv,2026-08-07,Order ID not found in orders
ITEM000126754,ORD00025601,SKU02993,Persistent context-sensitive process improvement,Grocery,4.0,6123.21,24492.84,2025-04-17 06:00:00,2026-08-07 20:10:16,order_items.csv,2026-08-07,Order ID not found in orders
ITEM000126924,ORD00014101,SKU00477,Function-based stable algorithm,Books,2.0,6898.62,13797.24,2025-04-17 06:00:00,2026-08-07 20:10:16,order_items.csv,2026-08-07,Order ID not found in orders
ITEM000127110,ORD00038701,SKU03303,Synergistic hybrid approach,Toys,9.0,2528.42,22755.78,2025-04-17 06:00:00,2026-08-07 20:10:16,order_items.csv,2026-08-07,Order ID not found in orders
ITEM000127134,ORD00008601,SKU03976,Customizable maximized paradigm,Home & Kitchen,5.0,291.47,1457.35,2025-04-17 06:00:00,2026-08-07 20:10:16,order_items.csv,2026-08-07,Order ID not found in orders
ITEM000127374,ORD00008501,SKU01789,Horizontal composite Graphical User Interface,Books,9.0,8672.12,78049.08,2025-04-17 06:00:00,2026-08-07 20:10:16,order_items.csv,2026-08-07,Order ID not found in orders
ITEM000127396,ORD00024501,SKU00817,Pre-emptive uniform implementation,Home & Kitchen,2.0,12612.43,25224.86,2025-04-17 06:00:00,2026-08-07 20:10:16,order_items.csv,2026-08-07,Order ID not found in orders
ITEM000127408,ORD00009401,SKU01448,Self-enabling full-range help-desk,Books,5.0,14925.63,74628.15,2025-04-17 06:00:00,2026-08-07 20:10:16,order_items.csv,2026-08-07,Order ID not found in orders
ITEM000127413,ORD00004401,SKU01669,Progressive reciprocal archive,Beauty,10.0,947.39,9473.9,2025-04-17 06:00:00,2026-08-07 20:10:16,order_items.csv,2026-08-07,Order ID not found in orders
ITEM000127529,ORD00047901,SKU00361,Cross-group leadingedge project,Home & Kitchen,3.0,7612.43,22837.29,2025-04-17 06:00:00,2026-08-07 20:10:16,order_items.csv,2026-08-07,Order ID not found in orders
ITEM000127695,ORD00021801,SKU00459,Phased regional alliance,Home & Kitchen,2.0,14383.95,28767.9,2025-04-17 06:00:00,2026-08-07 20:10:16,order_items.csv,2026-08-07,Order ID not found in orders
ITEM000127782,ORD00011801,SKU04299,Function-based multimedia hierarchy,Books,5.0,4854.73,24273.65,2025-04-17 06:00:00,2026-08-07 20:10:16,order_items.csv,2026-08-07,Order ID not found in orders
ITEM000127794,ORD00042001,SKU02093,Down-sized didactic strategy,Sports,1.0,12460.76,12460.76,2025-04-17 06:00:00,2026-08-07 20:10:16,order_items.csv,2026-08-07,Order ID not found in orders
ITEM000127834,ORD00035401,SKU03508,Multi-lateral content-based firmware,Clothing,3.0,13701.42,41104.26,2025-04-17 06:00:00,2026-08-07 20:10:16,order_items.csv,2026-08-07,Order ID not found in orders
ITEM000127835,ORD00044001,SKU03113,Synchronized transitional budgetary management,Electronics,2.0,12635.87,25271.74,2025-04-17 06:00:00,2026-08-07 20:10:16,order_items.csv,2026-08-07,Order ID not found in orders
ITEM000127851,ORD00029601,SKU02828,Reduced executive matrices,Grocery,6.0,4956.19,29737.14,2025-04-17 06:00:00,2026-08-07 20:10:16,order_items.csv,2026-08-07,Order ID not found in orders
ITEM000127926,ORD00027501,SKU04798,Configurable optimal secured line,Sports,3.0,7471.96,22415.88,2025-04-17 06:00:00,2026-08-07 20:10:16,order_items.csv,2026-08-07,Order ID not found in orders
ITEM000127979,ORD00004901,SKU01390,Digitized didactic synergy,Toys,6.0,13736.55,82419.3,2025-04-17 06:00:00,2026-08-07 20:10:16,order_items.csv,2026-08-07,Order ID not found in orders
ITEM000128079,ORD00002901,SKU00049,Automated multimedia neural-net,Beauty,8.0,3182.46,25459.68,2025-04-17 06:00:00,2026-08-07 20:10:16,order_items.csv,2026-08-07,Order ID not found in orders
ITEM000128222,ORD00011601,SKU02295,Sharable dedicated extranet,Electronics,10.0,1846.96,18469.6,2025-04-17 06:00:00,2026-08-07 20:10:16,order_items.csv,2026-08-07,Order ID not found in orders
ITEM000128491,ORD00036201,SKU04380,Automated needs-based open system,Toys,2.0,7070.82,14141.64,2025-04-17 06:00:00,2026-08-07 20:10:16,order_items.csv,2026-08-07,Order ID not found in orders
ITEM000128714,ORD00049201,SKU00607,Grass-roots even-keeled architecture,Books,5.0,3350.76,16753.8,2025-04-17 06:00:00,2026-08-07 20:10:16,order_items.csv,2026-08-07,Order ID not found in orders
ITEM000128916,ORD00003401,SKU04622,Switchable uniform matrix,Home & Kitchen,4.0,10163.51,40654.04,2025-04-17 06:00:00,2026-08-07 20:10:16,order_items.csv,2026-08-07,Order ID not found in orders
ITEM000129205,ORD00006801,SKU03928,Function-based 6thgeneration pricing structure,Grocery,2.0,9775.36,19550.72,2025-04-17 06:00:00,2026-08-07 20:10:16,order_items.csv,2026-08-07,Order ID not found in orders
ITEM000129214,ORD00023901,SKU02590,Distributed zero tolerance benchmark,Electronics,6.0,8576.31,51457.86,2025-04-17 06:00:00,2026-08-07 20:10:16,order_items.csv,2026-08-07,Order ID not found in orders
ITEM000129269,ORD00020501,SKU00128,Right-sized reciprocal strategy,Beauty,2.0,9583.55,19167.1,2025-04-17 06:00:00,2026-08-07 20:10:16,order_items.csv,2026-08-07,Order ID not found in orders
ITEM000129274,ORD00041501,SKU01862,Intuitive upward-trending software,Grocery,10.0,13830.02,138300.2,2025-04-17 06:00:00,2026-08-07 20:10:16,order_items.csv,2026-08-07,Order ID not found in orders
ITEM000129394,ORD00026401,SKU01134,Extended attitude-oriented conglomeration,Electronics,7.0,6238.87,43672.09,2025-04-17 06:00:00,2026-08-07 20:10:16,order_items.csv,2026-08-07,Order ID not found in orders
ITEM000129420,ORD00031801,SKU01431,Object-based bandwidth-monitored policy,Electronics,10.0,2183.13,21831.3,2025-04-17 06:00:00,2026-08-07 20:10:16,order_items.csv,2026-08-07,Order ID not found in orders
ITEM000129593,ORD00014301,SKU00458,Secured clear-thinking infrastructure,Grocery,4.0,14243.44,56973.76,2025-04-17 06:00:00,2026-08-07 20:10:16,order_items.csv,2026-08-07,Order ID not found in orders
ITEM000129708,ORD00037501,SKU00043,Ergonomic dedicated installation,Home & Kitchen,6.0,4299.97,25799.82,2025-04-17 06:00:00,2026-08-07 20:10:16,order_items.csv,2026-08-07,Order ID not found in orders
ITEM000129770,ORD00033501,SKU00333,Face-to-face systemic focus group,Sports,4.0,14918.45,59673.8,2025-04-17 06:00:00,2026-08-07 20:10:16,order_items.csv,2026-08-07,Order ID not found in orders
ITEM000129986,ORD00024001,SKU03881,Operative object-oriented artificial intelligence,Grocery,9.0,12007.69,108069.21,2025-04-17 06:00:00,2026-08-07 20:10:16,order_items.csv,2026-08-07,Order ID not found in orders
ITEM000130113,ORD00016101,SKU04813,Vision-oriented mission-critical conglomeration,Clothing,8.0,7338.02,58704.16,2025-04-17 06:00:00,2026-08-07 20:10:16,order_items.csv,2026-08-07,Order ID not found in orders
ITEM000130422,ORD00048501,SKU02851,Implemented upward-trending workforce,Toys,8.0,11563.66,92509.28,2025-04-17 06:00:00,2026-08-07 20:10:16,order_items.csv,2026-08-07,Order ID not found in orders
ITEM000130586,ORD00017801,SKU00821,Polarized system-worthy collaboration,Toys,6.0,5062.55,30375.3,2025-04-17 06:00:00,2026-08-07 20:10:16,order_items.csv,2026-08-07,Order ID not found in orders
ITEM000130685,ORD00027801,SKU00488,Reverse-engineered incremental flexibility,Home & Kitchen,3.0,5274.88,15824.64,2025-04-17 06:00:00,2026-08-07 20:10:16,order_items.csv,2026-08-07,Order ID not found in orders
ITEM000130714,ORD00007701,SKU02780,Organic grid-enabled Graphical User Interface,Clothing,3.0,6369.8,19109.4,2025-04-17 06:00:00,2026-08-07 20:10:16,order_items.csv,2026-08-07,Order ID not found in orders
ITEM000130728,ORD00000401,SKU02594,Cross-group incremental alliance,Toys,4.0,3750.89,15003.56,2025-04-17 06:00:00,2026-08-07 20:10:16,order_items.csv,2026-08-07,Order ID not found in orders
ITEM000130769,ORD00003601,SKU01739,Enhanced methodical Internet solution,Toys,3.0,6213.91,18641.73,2025-04-17 06:00:00,2026-08-07 20:10:16,order_items.csv,2026-08-07,Order ID not found in orders
ITEM000130835,ORD00025701,SKU04787,Devolved multimedia access,Grocery,10.0,9703.69,97036.9,2025-04-17 06:00:00,2026-08-07 20:10:16,order_items.csv,2026-08-07,Order ID not found in orders
ITEM000130857,ORD00007901,SKU01756,Open-source multimedia strategy,Toys,3.0,11806.2,35418.6,2025-04-17 06:00:00,2026-08-07 20:10:16,order_items.csv,2026-08-07,Order ID not found in orders
ITEM000130889,ORD00013201,SKU02431,Object-based full-range matrix,Home & Kitchen,9.0,5862.45,52762.05,2025-04-17 06:00:00,2026-08-07 20:10:16,order_items.csv,2026-08-07,Order ID not found in orders
ITEM000130939,ORD00048501,SKU01422,Future-proofed value-added hardware,Beauty,7.0,6962.29,48736.03,2025-04-17 06:00:00,2026-08-07 20:10:16,order_items.csv,2026-08-07,Order ID not found in orders
ITEM000131426,ORD00016201,SKU02061,Innovative discrete moratorium,Electronics,4.0,4103.24,16412.96,2025-04-17 06:00:00,2026-08-07 20:10:16,order_items.csv,2026-08-07,Order ID not found in orders
ITEM000131487,ORD00007001,SKU04098,Compatible object-oriented paradigm,Toys,3.0,6627.41,19882.23,2025-04-17 06:00:00,2026-08-07 20:10:16,order_items.csv,2026-08-07,Order ID not found in orders
ITEM000131509,ORD00043101,SKU00648,Front-line context-sensitive synergy,Sports,2.0,4387.74,8775.48,2025-04-17 06:00:00,2026-08-07 20:10:16,order_items.csv,2026-08-07,Order ID not found in orders
ITEM000131557,ORD00014801,SKU00942,Optional 6thgeneration synergy,Grocery,5.0,11512.52,57562.6,2025-04-17 06:00:00,2026-08-07 20:10:16,order_items.csv,2026-08-07,Order ID not found in orders
ITEM000131620,ORD00022901,SKU02774,Cloned multimedia productivity,Toys,4.0,10855.84,43423.36,2025-04-17 06:00:00,2026-08-07 20:10:16,order_items.csv,2026-08-07,Order ID not found in orders
ITEM000131734,ORD00047501,SKU04624,Phased content-based function,Grocery,10.0,5672.09,56720.9,2025-04-17 06:00:00,2026-08-07 20:10:16,order_items.csv,2026-08-07,Order ID not found in orders
ITEM000132012,ORD00008001,SKU01015,Self-enabling upward-trending collaboration,Books,9.0,1918.86,17269.74,2025-04-17 06:00:00,2026-08-07 20:10:16,order_items.csv,2026-08-07,Order ID not found in orders
ITEM000132093,ORD00015501,SKU00890,Secured optimal attitude,Electronics,7.0,11064.93,77454.51,2025-04-17 06:00:00,2026-08-07 20:10:16,order_items.csv,2026-08-07,Order ID not found in orders
ITEM000132147,ORD00027801,SKU01231,Multi-layered reciprocal Graphical User Interface,Grocery,3.0,9296.2,27888.6,2025-04-17 06:00:00,2026-08-07 20:10:16,order_items.csv,2026-08-07,Order ID not found in orders
ITEM000132234,ORD00048101,SKU03567,Progressive zero-defect projection,Beauty,9.0,489.57,4406.13,2025-04-17 06:00:00,2026-08-07 20:10:16,order_items.csv,2026-08-07,Order ID not found in orders
ITEM000132641,ORD00019001,SKU03385,Networked multi-tasking orchestration,Beauty,7.0,533.54,3734.78,2025-04-17 06:00:00,2026-08-07 20:10:16,order_items.csv,2026-08-07,Order ID not found in orders
ITEM000132657,ORD00026701,SKU03363,Persevering national array,Grocery,10.0,7455.2,74552.0,2025-04-17 06:00:00,2026-08-07 20:10:16,order_items.csv,2026-08-07,Order ID not found in orders
ITEM000132662,ORD00037701,SKU00447,User-centric disintermediate open architecture,Books,5.0,5235.27,26176.35,2025-04-17 06:00:00,2026-08-07 20:10:16,order_items.csv,2026-08-07,Order ID not found in orders
ITEM000132693,ORD00036701,SKU02023,Multi-channeled discrete process improvement,Toys,1.0,9287.4,9287.4,2025-04-17 06:00:00,2026-08-07 20:10:16,order_items.csv,2026-08-07,Order ID not found in orders
ITEM000132983,ORD00000601,SKU01100,Self-enabling incremental open architecture,Grocery,8.0,2935.69,23485.52,2025-04-17 06:00:00,2026-08-07 20:10:16,order_items.csv,2026-08-07,Order ID not found in orders
ITEM000133110,ORD00006401,SKU02058,Extended explicit flexibility,Books,6.0,12565.49,75392.94,2025-04-17 06:00:00,2026-08-07 20:10:16,order_items.csv,2026-08-07,Order ID not found in orders
ITEM000133253,ORD00024401,SKU01184,Networked fresh-thinking budgetary management,Clothing,9.0,277.62,2498.58,2025-04-17 06:00:00,2026-08-07 20:10:16,order_items.csv,2026-08-07,Order ID not found in orders
ITEM000133298,ORD00021401,SKU00530,Sharable responsive Graphical User Interface,Sports,6.0,4711.7,28270.2,2025-04-17 06:00:00,2026-08-07 20:10:16,order_items.csv,2026-08-07,Order ID not found in orders
ITEM000133347,ORD00006801,SKU01783,Function-based coherent approach,Home & Kitchen,6.0,1883.96,11303.76,2025-04-17 06:00:00,2026-08-07 20:10:16,order_items.csv,2026-08-07,Order ID not found in orders
ITEM000133383,ORD00007401,SKU01982,Distributed 3rdgeneration capability,Books,6.0,8803.77,52822.62,2025-04-17 06:00:00,2026-08-07 20:10:16,order_items.csv,2026-08-07,Order ID not found in orders
ITEM000133416,ORD00009901,SKU04108,Cloned incremental superstructure,Toys,5.0,14628.39,73141.95,2025-04-17 06:00:00,2026-08-07 20:10:16,order_items.csv,2026-08-07,Order ID not found in orders
ITEM000133435,ORD00016001,SKU02537,Versatile zero tolerance throughput,Books,9.0,7090.93,63818.37,2025-04-17 06:00:00,2026-08-07 20:10:16,order_items.csv,2026-08-07,Order ID not found in orders
ITEM000133438,ORD00002201,SKU04489,Persistent 24/7 interface,Toys,1.0,3344.56,3344.56,2025-04-17 06:00:00,2026-08-07 20:10:16,order_items.csv,2026-08-07,Order ID not found in orders
ITEM000133596,ORD00022001,SKU04522,Managed methodical service-desk,Home & Kitchen,9.0,7291.45,65623.05,2025-04-17 06:00:00,2026-08-07 20:10:16,order_items.csv,2026-08-07,Order ID not found in orders
ITEM000133712,ORD00020001,SKU03394,Assimilated 24hour infrastructure,Home & Kitchen,7.0,10852.6,75968.2,2025-04-17 06:00:00,2026-08-07 20:10:16,order_items.csv,2026-08-07,Order ID not found in orders
ITEM000133743,ORD00003101,SKU04766,Organic bi-directional secured line,Books,1.0,5260.68,5260.68,2025-04-17 06:00:00,2026-08-07 20:10:16,order_items.csv,2026-08-07,Order ID not found in orders
ITEM000133805,ORD00044901,SKU00696,Public-key real-time matrices,Beauty,10.0,6278.76,62787.6,2025-04-17 06:00:00,2026-08-07 20:10:16,order_items.csv,2026-08-07,Order ID not found in orders
ITEM000133840,ORD00006501,SKU00396,Profit-focused needs-based neural-net,Clothing,2.0,8593.29,17186.58,2025-04-17 06:00:00,2026-08-07 20:10:16,order_items.csv,2026-08-07,Order ID not found in orders
ITEM000133946,ORD00023501,SKU04956,Triple-buffered homogeneous approach,Beauty,9.0,14160.64,127445.76,2025-04-17 06:00:00,2026-08-07 20:10:16,order_items.csv,2026-08-07,Order ID not found in orders
ITEM000133989,ORD00039901,SKU00445,Future-proofed reciprocal firmware,Grocery,2.0,14004.4,28008.8,2025-04-17 06:00:00,2026-08-07 20:10:16,order_items.csv,2026-08-07,Order ID not found in orders
ITEM000134104,ORD00025301,SKU01701,Enterprise-wide 6thgeneration hierarchy,Clothing,8.0,6951.96,55615.68,2025-04-17 06:00:00,2026-08-07 20:10:16,order_items.csv,2026-08-07,Order ID not found in orders
ITEM000134158,ORD00021401,SKU00909,Inverse didactic architecture,Home & Kitchen,7.0,3540.89,24786.23,2025-04-17 06:00:00,2026-08-07 20:10:16,order_items.csv,2026-08-07,Order ID not found in orders
ITEM000134170,ORD00013401,SKU00483,Self-enabling asymmetric process improvement,Toys,3.0,6769.13,20307.39,2025-04-17 06:00:00,2026-08-07 20:10:16,order_items.csv,2026-08-07,Order ID not found in orders
ITEM000134205,ORD00048901,SKU03335,Digitized systematic product,Home & Kitchen,10.0,8229.39,82293.9,2025-04-17 06:00:00,2026-08-07 20:10:16,order_items.csv,2026-08-07,Order ID not found in orders
ITEM000134304,ORD00046401,SKU00828,Face-to-face scalable synergy,Grocery,1.0,8190.74,8190.74,2025-04-17 06:00:00,2026-08-07 20:10:16,order_items.csv,2026-08-07,Order ID not found in orders
ITEM000134312,ORD00037501,SKU02686,Profit-focused multi-tasking open system,Toys,9.0,13237.22,119134.98,2025-04-17 06:00:00,2026-08-07 20:10:16,order_items.csv,2026-08-07,Order ID not found in orders
ITEM000134373,ORD00034101,SKU04217,Persistent dedicated throughput,Beauty,5.0,280.49,1402.45,2025-04-17 06:00:00,2026-08-07 20:10:16,order_items.csv,2026-08-07,Order ID not found in orders
ITEM000134481,ORD00014701,SKU01978,Open-architected executive encoding,Beauty,1.0,10523.78,10523.78,2025-04-17 06:00:00,2026-08-07 20:10:16,order_items.csv,2026-08-07,Order ID not found in orders
ITEM000134577,ORD00013901,SKU01211,Integrated holistic throughput,Clothing,7.0,2766.47,19365.29,2025-04-17 06:00:00,2026-08-07 20:10:16,order_items.csv,2026-08-07,Order ID not found in orders
ITEM000134674,ORD00014301,SKU03229,Grass-roots object-oriented benchmark,Toys,7.0,6821.32,47749.24,2025-04-17 06:00:00,2026-08-07 20:10:16,order_items.csv,2026-08-07,Order ID not found in orders
ITEM000134908,ORD00045501,SKU02121,Implemented multimedia circuit,Toys,5.0,1057.27,5286.35,2025-04-17 06:00:00,2026-08-07 20:10:16,order_items.csv,2026-08-07,Order ID not found in orders
ITEM000135104,ORD00013901,SKU02833,Customer-focused 3rdgeneration intranet,Sports,2.0,3147.63,6295.26,2025-04-17 06:00:00,2026-08-07 20:10:16,order_items.csv,2026-08-07,Order ID not found in orders
ITEM000135494,ORD00034601,SKU02812,Upgradable uniform help-desk,Beauty,1.0,84.52,84.52,2025-04-17 06:00:00,2026-08-07 20:10:16,order_items.csv,2026-08-07,Order ID not found in orders
ITEM000135521,ORD00045401,SKU04532,Right-sized secondary flexibility,Clothing,1.0,3679.0,3679.0,2025-04-17 06:00:00,2026-08-07 20:10:16,order_items.csv,2026-08-07,Order ID not found in orders
ITEM000135532,ORD00046301,SKU03645,Proactive methodical software,Electronics,8.0,7356.27,58850.16,2025-04-17 06:00:00,2026-08-07 20:10:16,order_items.csv,2026-08-07,Order ID not found in orders
ITEM000135833,ORD00024501,SKU04360,Customizable mobile utilization,Sports,7.0,6684.17,46789.19,2025-04-17 06:00:00,2026-08-07 20:10:16,order_items.csv,2026-08-07,Order ID not found in orders
ITEM000135889,ORD00012001,SKU02397,Re-engineered optimal matrix,Clothing,10.0,4763.78,47637.8,2025-04-17 06:00:00,2026-08-07 20:10:16,order_items.csv,2026-08-07,Order ID not found in orders
ITEM000135937,ORD00013001,SKU02372,Object-based fresh-thinking initiative,Home & Kitchen,7.0,5285.4,36997.8,2025-04-17 06:00:00,2026-08-07 20:10:16,order_items.csv,2026-08-07,Order ID not found in orders
ITEM000136016,ORD00047501,SKU03442,User-centric exuding array,Grocery,3.0,5800.52,17401.56,2025-04-17 06:00:00,2026-08-07 20:10:16,order_items.csv,2026-08-07,Order ID not found in orders
ITEM000136026,ORD00027601,SKU01059,Horizontal disintermediate system engine,Grocery,7.0,920.21,6441.47,2025-04-17 06:00:00,2026-08-07 20:10:16,order_items.csv,2026-08-07,Order ID not found in orders
ITEM000136099,ORD00005001,SKU02723,Programmable motivating application,Home & Kitchen,4.0,993.51,3974.04,2025-04-17 06:00:00,2026-08-07 20:10:16,order_items.csv,2026-08-07,Order ID not found in orders
ITEM000136127,ORD00031901,SKU03773,Implemented local pricing structure,Grocery,1.0,4093.22,4093.22,2025-04-17 06:00:00,2026-08-07 20:10:16,order_items.csv,2026-08-07,Order ID not found in orders
ITEM000136312,ORD00004501,SKU03943,Customizable actuating time-frame,Sports,4.0,1784.43,7137.72,2025-04-17 06:00:00,2026-08-07 20:10:16,order_items.csv,2026-08-07,Order ID not found in orders
ITEM000136531,ORD00039501,SKU02366,Realigned multimedia extranet,Beauty,10.0,14877.23,148772.3,2025-04-17 06:00:00,2026-08-07 20:10:16,order_items.csv,2026-08-07,Order ID not found in orders
ITEM000136632,ORD00022801,SKU01224,Programmable motivating concept,Sports,10.0,1385.02,13850.2,2025-04-17 06:00:00,2026-08-07 20:10:16,order_items.csv,2026-08-07,Order ID not found in orders
ITEM000136651,ORD00032801,SKU03385,Networked multi-tasking orchestration,Beauty,7.0,533.54,3734.78,2025-04-17 06:00:00,2026-08-07 20:10:16,order_items.csv,2026-08-07,Order ID not found in orders
ITEM000136698,ORD00041001,SKU02158,Devolved intermediate secured line,Home & Kitchen,2.0,13644.38,27288.76,2025-04-17 06:00:00,2026-08-07 20:10:16,order_items.csv,2026-08-07,Order ID not found in orders
ITEM000137074,ORD00026201,SKU00664,Stand-alone zero-defect product,Electronics,2.0,10615.14,21230.28,2025-04-17 06:00:00,2026-08-07 20:10:16,order_items.csv,2026-08-07,Order ID not found in orders
ITEM000137189,ORD00004801,SKU00953,Innovative well-modulated matrix,Grocery,1.0,1388.1,1388.1,2025-04-17 06:00:00,2026-08-07 20:10:16,order_items.csv,2026-08-07,Order ID not found in orders
ITEM000137276,ORD00010001,SKU02077,Horizontal even-keeled application,Sports,7.0,3070.53,21493.71,2025-04-17 06:00:00,2026-08-07 20:10:16,order_items.csv,2026-08-07,Order ID not found in orders
ITEM000137293,ORD00028301,SKU02137,Fully-configurable even-keeled standardization,Books,10.0,11298.34,112983.4,2025-04-17 06:00:00,2026-08-07 20:10:16,order_items.csv,2026-08-07,Order ID not found in orders
ITEM000137300,ORD00012601,SKU00879,Synergistic full-range support,Clothing,5.0,8409.3,42046.5,2025-04-17 06:00:00,2026-08-07 20:10:16,order_items.csv,2026-08-07,Order ID not found in orders
ITEM000137322,ORD00016801,SKU00494,Self-enabling national architecture,Beauty,1.0,4852.69,4852.69,2025-04-17 06:00:00,2026-08-07 20:10:16,order_items.csv,2026-08-07,Order ID not found in orders
ITEM000137346,ORD00002301,SKU01786,Profit-focused homogeneous synergy,Toys,2.0,6828.02,13656.04,2025-04-17 06:00:00,2026-08-07 20:10:16,order_items.csv,2026-08-07,Order ID not found in orders
ITEM000137414,ORD00048401,SKU03483,Profound multi-tasking projection,Grocery,8.0,9711.41,77691.28,2025-04-17 06:00:00,2026-08-07 20:10:16,order_items.csv,2026-08-07,Order ID not found in orders
ITEM000137528,ORD00017201,SKU04240,Progressive optimal pricing structure,Home & Kitchen,4.0,4178.92,16715.68,2025-04-17 06:00:00,2026-08-07 20:10:16,order_items.csv,2026-08-07,Order ID not found in orders
ITEM000137671,ORD00029601,SKU04229,Profound 6thgeneration approach,Beauty,4.0,13467.9,53871.6,2025-04-17 06:00:00,2026-08-07 20:10:16,order_items.csv,2026-08-07,Order ID not found in orders
ITEM000137718,ORD00037701,SKU00331,Compatible systematic database,Grocery,1.0,11416.55,11416.55,2025-04-17 06:00:00,2026-08-07 20:10:16,order_items.csv,2026-08-07,Order ID not found in orders
ITEM000137769,ORD00034201,SKU04716,Balanced secondary process improvement,Books,9.0,4619.58,41576.22,2025-04-17 06:00:00,2026-08-07 20:10:16,order_items.csv,2026-08-07,Order ID not found in orders
ITEM000137778,ORD00012701,SKU00966,User-centric incremental workforce,Electronics,2.0,10380.86,20761.72,2025-04-17 06:00:00,2026-08-07 20:10:16,order_items.csv,2026-08-07,Order ID not found in orders
ITEM000137828,ORD00001501,SKU04073,Public-key zero-defect throughput,Beauty,4.0,10129.43,40517.72,2025-04-17 06:00:00,2026-08-07 20:10:16,order_items.csv,2026-08-07,Order ID not found in orders
ITEM000137830,ORD00008301,SKU04855,Adaptive didactic product,Beauty,6.0,954.03,5724.18,2025-04-17 06:00:00,2026-08-07 20:10:16,order_items.csv,2026-08-07,Order ID not found in orders
ITEM000137924,ORD00034201,SKU03089,Upgradable dynamic hierarchy,Toys,6.0,14287.84,85727.04,2025-04-17 06:00:00,2026-08-07 20:10:16,order_items.csv,2026-08-07,Order ID not found in orders
ITEM000138142,ORD00045601,SKU02420,Innovative executive interface,Clothing,5.0,4053.17,20265.85,2025-04-17 06:00:00,2026-08-07 20:10:16,order_items.csv,2026-08-07,Order ID not found in orders
ITEM000138233,ORD00014101,SKU02269,Visionary foreground hierarchy,Sports,3.0,12805.84,38417.52,2025-04-17 06:00:00,2026-08-07 20:10:16,order_items.csv,2026-08-07,Order ID not found in orders
ITEM000138426,ORD00017401,SKU02303,Open-source logistical collaboration,Sports,4.0,2357.68,9430.72,2025-04-17 06:00:00,2026-08-07 20:10:16,order_items.csv,2026-08-07,Order ID not found in orders
ITEM000138461,ORD00015601,SKU04429,Optional fault-tolerant access,Books,3.0,12358.98,37076.94,2025-04-17 06:00:00,2026-08-07 20:10:16,order_items.csv,2026-08-07,Order ID not found in orders
ITEM000138472,ORD00047801,SKU03254,Horizontal bandwidth-monitored knowledge user,Home & Kitchen,3.0,3876.68,11630.04,2025-04-17 06:00:00,2026-08-07 20:10:16,order_items.csv,2026-08-07,Order ID not found in orders
ITEM000138484,ORD00023301,SKU01617,Organized explicit framework,Home & Kitchen,6.0,673.71,4042.26,2025-04-17 06:00:00,2026-08-07 20:10:16,order_items.csv,2026-08-07,Order ID not found in orders
ITEM000138492,ORD00011901,SKU04656,Robust systemic success,Toys,4.0,2898.47,11593.88,2025-04-17 06:00:00,2026-08-07 20:10:16,order_items.csv,2026-08-07,Order ID not found in orders
ITEM000138526,ORD00019701,SKU02145,Monitored bandwidth-monitored Graphic Interface,Toys,5.0,5804.82,29024.1,2025-04-17 06:00:00,2026-08-07 20:10:16,order_items.csv,2026-08-07,Order ID not found in orders
ITEM000138533,ORD00018801,SKU04848,Switchable local Graphical User Interface,Grocery,8.0,9307.31,74458.48,2025-04-17 06:00:00,2026-08-07 20:10:16,order_items.csv,2026-08-07,Order ID not found in orders
ITEM000138561,ORD00048501,SKU02725,Extended explicit orchestration,Books,2.0,2635.16,5270.32,2025-04-17 06:00:00,2026-08-07 20:10:16,order_items.csv,2026-08-07,Order ID not found in orders
ITEM000138745,ORD00043101,SKU01798,Synergistic stable data-warehouse,Electronics,5.0,6495.31,32476.55,2025-04-17 06:00:00,2026-08-07 20:10:16,order_items.csv,2026-08-07,Order ID not found in orders
ITEM000138808,ORD00025501,SKU03207,Cross-platform mission-critical encryption,Toys,10.0,13203.89,132038.9,2025-04-17 06:00:00,2026-08-07 20:10:16,order_items.csv,2026-08-07,Order ID not found in orders
ITEM000138818,ORD00029201,SKU00074,Extended bottom-line groupware,Clothing,6.0,374.95,2249.7,2025-04-17 06:00:00,2026-08-07 20:10:16,order_items.csv,2026-08-07,Order ID not found in orders
ITEM000138938,ORD00038201,SKU00229,Distributed didactic encryption,Sports,7.0,9080.03,63560.21,2025-04-17 06:00:00,2026-08-07 20:10:16,order_items.csv,2026-08-07,Order ID not found in orders
ITEM000138991,ORD00048501,SKU03792,Reduced modular contingency,Home & Kitchen,4.0,2961.6,11846.4,2025-04-17 06:00:00,2026-08-07 20:10:16,order_items.csv,2026-08-07,Order ID not found in orders
ITEM000139098,ORD00039401,SKU00293,Multi-tiered bi-directional strategy,Electronics,8.0,7646.97,61175.76,2025-04-17 06:00:00,2026-08-07 20:10:16,order_items.csv,2026-08-07,Order ID not found in orders
ITEM000139203,ORD00043401,SKU01903,Open-architected holistic synergy,Electronics,9.0,5333.9,48005.1,2025-04-17 06:00:00,2026-08-07 20:10:16,order_items.csv,2026-08-07,Order ID not found in orders
ITEM000139299,ORD00033101,SKU03962,Diverse logistical open architecture,Home & Kitchen,8.0,9943.4,79547.2,2025-04-17 06:00:00,2026-08-07 20:10:16,order_items.csv,2026-08-07,Order ID not found in orders
ITEM000139370,ORD00037601,SKU02186,Ergonomic didactic application,Grocery,1.0,11206.64,11206.64,2025-04-17 06:00:00,2026-08-07 20:10:16,order_items.csv,2026-08-07,Order ID not found in orders
ITEM000139454,ORD00001001,SKU04928,Adaptive heuristic structure,Toys,1.0,1804.36,1804.36,2025-04-17 06:00:00,2026-08-07 20:10:16,order_items.csv,2026-08-07,Order ID not found in orders
ITEM000139456,ORD00048901,SKU00112,Horizontal high-level productivity,Books,10.0,10390.25,103902.5,2025-04-17 06:00:00,2026-08-07 20:10:16,order_items.csv,2026-08-07,Order ID not found in orders
ITEM000139462,ORD00022101,SKU00865,Seamless context-sensitive application,Toys,7.0,409.24,2864.68,2025-04-17 06:00:00,2026-08-07 20:10:16,order_items.csv,2026-08-07,Order ID not found in orders
ITEM000139472,ORD00016901,SKU03635,Seamless impactful protocol,Electronics,4.0,9984.74,39938.96,2025-04-17 06:00:00,2026-08-07 20:10:16,order_items.csv,2026-08-07,Order ID not found in orders
ITEM000139554,ORD00004501,SKU04464,Total composite orchestration,Clothing,2.0,439.5,879.0,2025-04-17 06:00:00,2026-08-07 20:10:16,order_items.csv,2026-08-07,Order ID not found in orders
ITEM000139753,ORD00004601,SKU04642,Cloned logistical migration,Beauty,9.0,7933.17,71398.53,2025-04-17 06:00:00,2026-08-07 20:10:16,order_items.csv,2026-08-07,Order ID not found in orders
ITEM000139777,ORD00017901,SKU01398,Multi-channeled local alliance,Beauty,4.0,792.45,3169.8,2025-04-17 06:00:00,2026-08-07 20:10:16,order_items.csv,2026-08-07,Order ID not found in orders
ITEM000139838,ORD00004901,SKU01954,Customizable 4thgeneration model,Grocery,8.0,2546.62,20372.96,2025-04-17 06:00:00,2026-08-07 20:10:16,order_items.csv,2026-08-07,Order ID not found in orders
ITEM000140094,ORD00047701,SKU01576,Future-proofed logistical protocol,Beauty,7.0,6868.23,48077.61,2025-04-17 06:00:00,2026-08-07 20:10:16,order_items.csv,2026-08-07,Order ID not found in orders
ITEM000140162,ORD00045601,SKU01563,Persistent mission-critical complexity,Home & Kitchen,1.0,7306.67,7306.67,2025-04-17 06:00:00,2026-08-07 20:10:16,order_items.csv,2026-08-07,Order ID not found in orders
ITEM000140203,ORD00027601,SKU03913,Stand-alone non-volatile monitoring,Toys,2.0,8592.07,17184.14,2025-04-17 06:00:00,2026-08-07 20:10:16,order_items.csv,2026-08-07,Order ID not found in orders
ITEM000140214,ORD00034401,SKU01652,Future-proofed 3rdgeneration policy,Home & Kitchen,4.0,3749.54,14998.16,2025-04-17 06:00:00,2026-08-07 20:10:16,order_items.csv,2026-08-07,Order ID not found in orders
ITEM000140219,ORD00006401,SKU03213,Optimized bi-directional conglomeration,Toys,7.0,2939.55,20576.85,2025-04-17 06:00:00,2026-08-07 20:10:16,order_items.csv,2026-08-07,Order ID not found in orders
ITEM000140329,ORD00032401,SKU01106,Persevering demand-driven analyzer,Toys,10.0,8007.21,80072.1,2025-04-17 06:00:00,2026-08-07 20:10:16,order_items.csv,2026-08-07,Order ID not found in orders
ITEM000140412,ORD00012501,SKU03759,Up-sized asymmetric website,Home & Kitchen,7.0,10567.16,73970.12,2025-04-17 06:00:00,2026-08-07 20:10:16,order_items.csv,2026-08-07,Order ID not found in orders
ITEM000140430,ORD00049801,SKU03163,Switchable heuristic groupware,Beauty,7.0,2496.58,17476.06,2025-04-17 06:00:00,2026-08-07 20:10:16,order_items.csv,2026-08-07,Order ID not found in orders
ITEM000140455,ORD00022001,SKU01660,Customer-focused system-worthy encryption,Electronics,6.0,5718.75,34312.5,2025-04-17 06:00:00,2026-08-07 20:10:16,order_items.csv,2026-08-07,Order ID not found in orders
ITEM000140544,ORD00005801,SKU02983,Programmable zero-defect alliance,Electronics,1.0,1297.24,1297.24,2025-04-17 06:00:00,2026-08-07 20:10:16,order_items.csv,2026-08-07,Order ID not found in orders
ITEM000140576,ORD00017201,SKU02013,Automated actuating focus group,Sports,2.0,9126.68,18253.36,2025-04-17 06:00:00,2026-08-07 20:10:16,order_items.csv,2026-08-07,Order ID not found in orders
ITEM000140590,ORD00011301,SKU00957,Fundamental local capability,Toys,5.0,9670.76,48353.8,2025-04-17 06:00:00,2026-08-07 20:10:16,order_items.csv,2026-08-07,Order ID not found in orders
ITEM000140594,ORD00027501,SKU01288,Re-contextualized regional help-desk,Electronics,6.0,7364.72,44188.32,2025-04-17 06:00:00,2026-08-07 20:10:16,order_items.csv,2026-08-07,Order ID not found in orders
ITEM000140614,ORD00020601,SKU02370,Ameliorated transitional success,Beauty,4.0,2965.84,11863.36,2025-04-17 06:00:00,2026-08-07 20:10:16,order_items.csv,2026-08-07,Order ID not found in orders
ITEM000140791,ORD00010201,SKU01575,Grass-roots systemic interface,Sports,5.0,9896.41,49482.05,2025-04-17 06:00:00,2026-08-07 20:10:16,order_items.csv,2026-08-07,Order ID not found in orders
ITEM000140803,ORD00010901,SKU00010,User-friendly system-worthy parallelism,Beauty,4.0,11638.79,46555.16,2025-04-17 06:00:00,2026-08-07 20:10:16,order_items.csv,2026-08-07,Order ID not found in orders
ITEM000140845,ORD00008601,SKU03098,Realigned eco-centric emulation,Clothing,1.0,13134.89,13134.89,2025-04-17 06:00:00,2026-08-07 20:10:16,order_items.csv,2026-08-07,Order ID not found in orders
ITEM000141052,ORD00035401,SKU03688,Face-to-face contextually-based installation,Beauty,2.0,2911.89,5823.78,2025-04-17 06:00:00,2026-08-07 20:10:16,order_items.csv,2026-08-07,Order ID not found in orders
ITEM000141082,ORD00033801,SKU02206,Devolved directional artificial intelligence,Toys,1.0,12479.29,12479.29,2025-04-17 06:00:00,2026-08-07 20:10:16,order_items.csv,2026-08-07,Order ID not found in orders
ITEM000141235,ORD00032301,SKU02364,Programmable secondary middleware,Home & Kitchen,4.0,13447.14,53788.56,2025-04-17 06:00:00,2026-08-07 20:10:16,order_items.csv,2026-08-07,Order ID not found in orders
ITEM000141241,ORD00008601,SKU02071,Right-sized discrete secured line,Grocery,4.0,13663.38,54653.52,2025-04-17 06:00:00,2026-08-07 20:10:16,order_items.csv,2026-08-07,Order ID not found in orders
ITEM000141291,ORD00034701,SKU02824,Pre-emptive value-added Internet solution,Grocery,2.0,8795.32,17590.64,2025-04-17 06:00:00,2026-08-07 20:10:16,order_items.csv,2026-08-07,Order ID not found in orders
ITEM000141405,ORD00031201,SKU01732,Multi-lateral context-sensitive flexibility,Electronics,5.0,11925.77,59628.85,2025-04-17 06:00:00,2026-08-07 20:10:16,order_items.csv,2026-08-07,Order ID not found in orders
ITEM000141409,ORD00034501,SKU03947,Re-contextualized intermediate frame,Clothing,5.0,14470.99,72354.95,2025-04-17 06:00:00,2026-08-07 20:10:16,order_items.csv,2026-08-07,Order ID not found in orders
ITEM000141473,ORD00048901,SKU00613,Realigned exuding data-warehouse,Home & Kitchen,10.0,1787.64,17876.4,2025-04-17 06:00:00,2026-08-07 20:10:16,order_items.csv,2026-08-07,Order ID not found in orders
ITEM000141543,ORD00044801,SKU04753,Managed explicit architecture,Electronics,2.0,10833.42,21666.84,2025-04-17 06:00:00,2026-08-07 20:10:16,order_items.csv,2026-08-07,Order ID not found in orders
ITEM000141668,ORD00016401,SKU01413,Self-enabling optimal toolset,Home & Kitchen,2.0,703.72,1407.44,2025-04-17 06:00:00,2026-08-07 20:10:16,order_items.csv,2026-08-07,Order ID not found in orders
ITEM000141716,ORD00018701,SKU04557,Cross-group 4thgeneration infrastructure,Electronics,6.0,7736.64,46419.84,2025-04-17 06:00:00,2026-08-07 20:10:16,order_items.csv,2026-08-07,Order ID not found in orders
ITEM000141741,ORD00021801,SKU04202,Secured non-volatile parallelism,Sports,10.0,11664.43,116644.3,2025-04-17 06:00:00,2026-08-07 20:10:16,order_items.csv,2026-08-07,Order ID not found in orders
ITEM000141789,ORD00047901,SKU02783,Adaptive background function,Toys,4.0,4813.1,19252.4,2025-04-17 06:00:00,2026-08-07 20:10:16,order_items.csv,2026-08-07,Order ID not found in orders
ITEM000141899,ORD00032101,SKU02334,Sharable responsive monitoring,Grocery,9.0,12850.4,115653.6,2025-04-17 06:00:00,2026-08-07 20:10:16,order_items.csv,2026-08-07,Order ID not found in orders
ITEM000141928,ORD00046201,SKU03529,Automated disintermediate capability,Electronics,3.0,5798.36,17395.08,2025-04-17 06:00:00,2026-08-07 20:10:16,order_items.csv,2026-08-07,Order ID not found in orders
ITEM000142164,ORD00005001,SKU00999,Assimilated mission-critical complexity,Home & Kitchen,4.0,8140.08,32560.32,2025-04-17 06:00:00,2026-08-07 20:10:16,order_items.csv,2026-08-07,Order ID not found in orders
ITEM000142288,ORD00028101,SKU02681,Configurable exuding database,Grocery,6.0,2387.5,14325.0,2025-04-17 06:00:00,2026-08-07 20:10:16,order_items.csv,2026-08-07,Order ID not found in orders
ITEM000142365,ORD00044301,SKU02483,Programmable even-keeled encoding,Beauty,9.0,9295.08,83655.72,2025-04-17 06:00:00,2026-08-07 20:10:16,order_items.csv,2026-08-07,Order ID not found in orders
ITEM000142366,ORD00023901,SKU01029,User-centric zero-defect knowledgebase,Electronics,10.0,8171.11,81711.1,2025-04-17 06:00:00,2026-08-07 20:10:16,order_items.csv,2026-08-07,Order ID not found in orders
ITEM000142378,ORD00031701,SKU04154,Re-contextualized secondary collaboration,Sports,6.0,6206.43,37238.58,2025-04-17 06:00:00,2026-08-07 20:10:16,order_items.csv,2026-08-07,Order ID not found in orders
ITEM000142540,ORD00049001,SKU02834,Switchable real-time analyzer,Electronics,10.0,14760.51,147605.1,2025-04-17 06:00:00,2026-08-07 20:10:16,order_items.csv,2026-08-07,Order ID not found in orders
ITEM000142766,ORD00006701,SKU04017,Digitized responsive adapter,Electronics,8.0,11197.71,89581.68,2025-04-17 06:00:00,2026-08-07 20:10:16,order_items.csv,2026-08-07,Order ID not found in orders
ITEM000142899,ORD00025201,SKU02989,Extended mobile intranet,Electronics,8.0,12526.37,100210.96,2025-04-17 06:00:00,2026-08-07 20:10:16,order_items.csv,2026-08-07,Order ID not found in orders
ITEM000143153,ORD00001001,SKU00145,Diverse 4thgeneration parallelism,Beauty,7.0,9227.98,64595.86,2025-04-17 06:00:00,2026-08-07 20:10:16,order_items.csv,2026-08-07,Order ID not found in orders
ITEM000143184,ORD00028501,SKU02777,Multi-layered radical website,Grocery,7.0,4790.7,33534.9,2025-04-17 06:00:00,2026-08-07 20:10:16,order_items.csv,2026-08-07,Order ID not found in orders
ITEM000143299,ORD00006001,SKU00244,Phased even-keeled complexity,Beauty,7.0,6049.3,42345.1,2025-04-17 06:00:00,2026-08-07 20:10:16,order_items.csv,2026-08-07,Order ID not found in orders
ITEM000143446,ORD00026201,SKU03845,Digitized optimal interface,Sports,3.0,10966.81,32900.43,2025-04-17 06:00:00,2026-08-07 20:10:16,order_items.csv,2026-08-07,Order ID not found in orders
ITEM000143471,ORD00003801,SKU00714,Down-sized real-time functionalities,Grocery,3.0,11997.97,35993.91,2025-04-17 06:00:00,2026-08-07 20:10:16,order_items.csv,2026-08-07,Order ID not found in orders
ITEM000143475,ORD00049701,SKU03437,Function-based intangible complexity,Grocery,9.0,3315.68,29841.12,2025-04-17 06:00:00,2026-08-07 20:10:16,order_items.csv,2026-08-07,Order ID not found in orders
ITEM000143591,ORD00019801,SKU00924,Synergistic cohesive encryption,Toys,1.0,10311.96,10311.96,2025-04-17 06:00:00,2026-08-07 20:10:16,order_items.csv,2026-08-07,Order ID not found in orders
ITEM000143610,ORD00019001,SKU02442,Implemented 6thgeneration core,Beauty,9.0,12230.41,110073.69,2025-04-17 06:00:00,2026-08-07 20:10:16,order_items.csv,2026-08-07,Order ID not found in orders
ITEM000143743,ORD00044901,SKU03838,Extended logistical project,Sports,9.0,4143.22,37288.98,2025-04-17 06:00:00,2026-08-07 20:10:16,order_items.csv,2026-08-07,Order ID not found in orders
ITEM000143873,ORD00033801,SKU04985,Cross-platform systematic benchmark,Grocery,7.0,8090.51,56633.57,2025-04-17 06:00:00,2026-08-07 20:10:16,order_items.csv,2026-08-07,Order ID not found in orders
ITEM000143885,ORD00008801,SKU01989,Visionary responsive support,Books,3.0,3868.62,11605.86,2025-04-17 06:00:00,2026-08-07 20:10:16,order_items.csv,2026-08-07,Order ID not found in orders
ITEM000143919,ORD00040201,SKU02730,Face-to-face bifurcated workforce,Home & Kitchen,1.0,11059.86,11059.86,2025-04-17 06:00:00,2026-08-07 20:10:16,order_items.csv,2026-08-07,Order ID not found in orders
ITEM000143985,ORD00021301,SKU04307,Integrated holistic concept,Sports,7.0,14164.79,99153.53,2025-04-17 06:00:00,2026-08-07 20:10:16,order_items.csv,2026-08-07,Order ID not found in orders
ITEM000144067,ORD00027401,SKU04733,Business-focused directional project,Home & Kitchen,6.0,11262.72,67576.32,2025-04-17 06:00:00,2026-08-07 20:10:16,order_items.csv,2026-08-07,Order ID not found in orders
ITEM000144169,ORD00013801,SKU01020,Team-oriented bottom-line success,Grocery,3.0,5553.03,16659.09,2025-04-17 06:00:00,2026-08-07 20:10:16,order_items.csv,2026-08-07,Order ID not found in orders
ITEM000144245,ORD00002701,SKU01695,Synergistic optimal frame,Beauty,9.0,13900.52,125104.68,2025-04-17 06:00:00,2026-08-07 20:10:16,order_items.csv,2026-08-07,Order ID not found in orders
ITEM000144283,ORD00006801,SKU00126,Assimilated modular website,Sports,4.0,13515.49,54061.96,2025-04-17 06:00:00,2026-08-07 20:10:16,order_items.csv,2026-08-07,Order ID not found in orders
ITEM000144345,ORD00046301,SKU04319,Networked 3rdgeneration pricing structure,Home & Kitchen,4.0,7293.84,29175.36,2025-04-17 06:00:00,2026-08-07 20:10:16,order_items.csv,2026-08-07,Order ID not found in orders
ITEM000144476,ORD00019501,SKU02030,Triple-buffered global Internet solution,Home & Kitchen,1.0,8915.85,8915.85,2025-04-17 06:00:00,2026-08-07 20:10:16,order_items.csv,2026-08-07,Order ID not found in orders
ITEM000144495,ORD00028201,SKU04039,Ameliorated 24/7 productivity,Toys,10.0,9059.96,90599.6,2025-04-17 06:00:00,2026-08-07 20:10:16,order_items.csv,2026-08-07,Order ID not found in orders
ITEM000144514,ORD00010501,SKU01747,Programmable hybrid frame,Beauty,5.0,8016.83,40084.15,2025-04-17 06:00:00,2026-08-07 20:10:16,order_items.csv,2026-08-07,Order ID not found in orders
ITEM000144612,ORD00046801,SKU04170,Reactive composite ability,Beauty,2.0,10385.85,20771.7,2025-04-17 06:00:00,2026-08-07 20:10:16,order_items.csv,2026-08-07,Order ID not found in orders
ITEM000144785,ORD00044401,SKU01918,Automated transitional functionalities,Books,7.0,10199.39,71395.73,2025-04-17 06:00:00,2026-08-07 20:10:16,order_items.csv,2026-08-07,Order ID not found in orders
ITEM000144802,ORD00007201,SKU00638,Distributed homogeneous challenge,Home & Kitchen,3.0,3647.38,10942.14,2025-04-17 06:00:00,2026-08-07 20:10:16,order_items.csv,2026-08-07,Order ID not found in orders
ITEM000144988,ORD00005201,SKU03432,Secured value-added projection,Sports,5.0,416.26,2081.3,2025-04-17 06:00:00,2026-08-07 20:10:16,order_items.csv,2026-08-07,Order ID not found in orders
ITEM000145028,ORD00016301,SKU04047,Face-to-face upward-trending capacity,Home & Kitchen,4.0,9112.38,36449.52,2025-04-17 06:00:00,2026-08-07 20:10:16,order_items.csv,2026-08-07,Order ID not found in orders
ITEM000145059,ORD00003101,SKU00692,Face-to-face 4thgeneration throughput,Toys,1.0,513.34,513.34,2025-04-17 06:00:00,2026-08-07 20:10:16,order_items.csv,2026-08-07,Order ID not found in orders
ITEM000145082,ORD00049701,SKU01701,Enterprise-wide 6thgeneration hierarchy,Clothing,9.0,6951.96,62567.64,2025-04-17 06:00:00,2026-08-07 20:10:16,order_items.csv,2026-08-07,Order ID not found in orders
ITEM000145103,ORD00020401,SKU01416,Reverse-engineered responsive time-frame,Books,10.0,6055.51,60555.1,2025-04-17 06:00:00,2026-08-07 20:10:16,order_items.csv,2026-08-07,Order ID not found in orders
ITEM000145119,ORD00027001,SKU00584,Reduced attitude-oriented Internet solution,Toys,4.0,1153.3,4613.2,2025-04-17 06:00:00,2026-08-07 20:10:16,order_items.csv,2026-08-07,Order ID not found in orders
ITEM000145141,ORD00027701,SKU01693,Face-to-face global pricing structure,Beauty,4.0,2371.65,9486.6,2025-04-17 06:00:00,2026-08-07 20:10:16,order_items.csv,2026-08-07,Order ID not found in orders
ITEM000145146,ORD00022901,SKU01591,Phased system-worthy website,Beauty,10.0,13166.02,131660.2,2025-04-17 06:00:00,2026-08-07 20:10:16,order_items.csv,2026-08-07,Order ID not found in orders
ITEM000145270,ORD00042301,SKU02667,Multi-layered responsive access,Clothing,2.0,12536.6,25073.2,2025-04-17 06:00:00,2026-08-07 20:10:16,order_items.csv,2026-08-07,Order ID not found in orders
ITEM000145378,ORD00024201,SKU02701,Adaptive eco-centric capability,Books,10.0,1125.84,11258.4,2025-04-17 06:00:00,2026-08-07 20:10:16,order_items.csv,2026-08-07,Order ID not found in orders
ITEM000145603,ORD00002901,SKU00686,Open-architected actuating system engine,Electronics,3.0,7080.45,21241.35,2025-04-17 06:00:00,2026-08-07 20:10:16,order_items.csv,2026-08-07,Order ID not found in orders
ITEM000145614,ORD00026601,SKU03370,Multi-lateral 24hour circuit,Beauty,3.0,1552.4,4657.2,2025-04-17 06:00:00,2026-08-07 20:10:16,order_items.csv,2026-08-07,Order ID not found in orders
ITEM000145812,ORD00032301,SKU02900,Balanced methodical policy,Grocery,1.0,9509.09,9509.09,2025-04-17 06:00:00,2026-08-07 20:10:16,order_items.csv,2026-08-07,Order ID not found in orders
ITEM000146127,ORD00022901,SKU03557,Integrated human-resource definition,Electronics,4.0,10320.63,41282.52,2025-04-17 06:00:00,2026-08-07 20:10:16,order_items.csv,2026-08-07,Order ID not found in orders
ITEM000146214,ORD00023001,SKU00471,Multi-layered holistic methodology,Toys,7.0,14504.94,101534.58,2025-04-17 06:00:00,2026-08-07 20:10:16,order_items.csv,2026-08-07,Order ID not found in orders
ITEM000146308,ORD00012801,SKU04405,Open-source empowering neural-net,Beauty,10.0,7563.16,75631.6,2025-04-17 06:00:00,2026-08-07 20:10:16,order_items.csv,2026-08-07,Order ID not found in orders
ITEM000146782,ORD00042701,SKU04205,Quality-focused mission-critical process improveme,Books,3.0,10798.96,32396.88,2025-04-17 06:00:00,2026-08-07 20:10:16,order_items.csv,2026-08-07,Order ID not found in orders
ITEM000147056,ORD00029201,SKU00848,Operative multimedia moratorium,Beauty,2.0,13366.08,26732.16,2025-04-17 06:00:00,2026-08-07 20:10:16,order_items.csv,2026-08-07,Order ID not found in orders
ITEM000147060,ORD00016501,SKU00546,Re-contextualized incremental budgetary management,Books,3.0,5972.66,17917.98,2025-04-17 06:00:00,2026-08-07 20:10:16,order_items.csv,2026-08-07,Order ID not found in orders
ITEM000147106,ORD00005001,SKU00611,Progressive didactic model,Home & Kitchen,4.0,13838.3,55353.2,2025-04-17 06:00:00,2026-08-07 20:10:16,order_items.csv,2026-08-07,Order ID not found in orders
ITEM000147235,ORD00012401,SKU04389,Upgradable upward-trending emulation,Beauty,3.0,4926.75,14780.25,2025-04-17 06:00:00,2026-08-07 20:10:16,order_items.csv,2026-08-07,Order ID not found in orders
ITEM000147851,ORD00020001,SKU01667,Phased coherent hardware,Sports,4.0,12772.73,51090.92,2025-04-17 06:00:00,2026-08-07 20:10:16,order_items.csv,2026-08-07,Order ID not found in orders
ITEM000147924,ORD00023801,SKU02582,Fundamental bi-directional capability,Home & Kitchen,9.0,12218.94,109970.46,2025-04-17 06:00:00,2026-08-07 20:10:16,order_items.csv,2026-08-07,Order ID not found in orders
ITEM000147949,ORD00000801,SKU02374,Organized real-time Local Area Network,Grocery,8.0,6999.48,55995.84,2025-04-17 06:00:00,2026-08-07 20:10:16,order_items.csv,2026-08-07,Order ID not found in orders
ITEM000148441,ORD00037201,SKU00313,Business-focused web-enabled access,Grocery,7.0,5534.23,38739.61,2025-04-17 06:00:00,2026-08-07 20:10:16,order_items.csv,2026-08-07,Order ID not found in orders
ITEM000148596,ORD00023201,SKU03973,Programmable directional knowledgebase,Books,8.0,9514.15,76113.2,2025-04-17 06:00:00,2026-08-07 20:10:16,order_items.csv,2026-08-07,Order ID not found in orders
ITEM000148854,ORD00037701,SKU04428,Reverse-engineered transitional artificial intelli,Sports,7.0,4289.12,30023.84,2025-04-17 06:00:00,2026-08-07 20:10:16,order_items.csv,2026-08-07,Order ID not found in orders
ITEM000149219,ORD00023601,SKU01304,Persevering modular project,Toys,10.0,5747.41,57474.1,2025-04-17 06:00:00,2026-08-07 20:10:16,order_items.csv,2026-08-07,Order ID not found in orders
ITEM000149267,ORD00045901,SKU04139,Triple-buffered tangible encryption,Sports,1.0,8636.03,8636.03,2025-04-17 06:00:00,2026-08-07 20:10:16,order_items.csv,2026-08-07,Order ID not found in orders
ITEM000149273,ORD00000101,SKU04493,Compatible neutral benchmark,Electronics,4.0,2659.65,10638.6,2025-04-17 06:00:00,2026-08-07 20:10:16,order_items.csv,2026-08-07,Order ID not found in orders
ITEM000149320,ORD00009901,SKU01414,Streamlined uniform function,Grocery,9.0,4265.96,38393.64,2025-04-17 06:00:00,2026-08-07 20:10:16,order_items.csv,2026-08-07,Order ID not found in orders
ITEM000149334,ORD00007101,SKU02542,Total incremental adapter,Beauty,1.0,5073.15,5073.15,2025-04-17 06:00:00,2026-08-07 20:10:16,order_items.csv,2026-08-07,Order ID not found in orders
ITEM000149336,ORD00031701,SKU04199,Future-proofed dynamic parallelism,Beauty,8.0,10786.84,86294.72,2025-04-17 06:00:00,2026-08-07 20:10:16,order_items.csv,2026-08-07,Order ID not found in orders
ITEM000149510,ORD00020101,SKU00012,Function-based eco-centric functionalities,Grocery,6.0,2077.39,12464.34,2025-04-17 06:00:00,2026-08-07 20:10:16,order_items.csv,2026-08-07,Order ID not found in orders
ITEM000149574,ORD00049101,SKU03850,Self-enabling well-modulated Graphic Interface,Electronics,9.0,113.81,1024.29,2025-04-17 06:00:00,2026-08-07 20:10:16,order_items.csv,2026-08-07,Order ID not found in orders
ITEM000149617,ORD00002901,SKU00069,Organized grid-enabled access,Beauty,9.0,882.67,7944.03,2025-04-17 06:00:00,2026-08-07 20:10:16,order_items.csv,2026-08-07,Order ID not found in orders
ITEM000149648,ORD00018701,SKU02655,Realigned optimal interface,Toys,10.0,5806.58,58065.8,2025-04-17 06:00:00,2026-08-07 20:10:16,order_items.csv,2026-08-07,Order ID not found in orders
ITEM000149651,ORD00046701,SKU01472,Centralized didactic encryption,Electronics,10.0,778.18,7781.8,2025-04-17 06:00:00,2026-08-07 20:10:16,order_items.csv,2026-08-07,Order ID not found in orders
ITEM000149779,ORD00006301,SKU00159,Triple-buffered upward-trending process improvemen,Grocery,2.0,784.89,1569.78,2025-04-17 06:00:00,2026-08-07 20:10:16,order_items.csv,2026-08-07,Order ID not found in orders
ITEM000149852,ORD00017801,SKU00979,Versatile bifurcated adapter,Sports,10.0,13115.65,131156.5,2025-04-17 06:00:00,2026-08-07 20:10:16,order_items.csv,2026-08-07,Order ID not found in orders
ITEM000149860,ORD00039601,SKU02060,Operative systemic instruction set,Sports,3.0,6287.6,18862.8,2025-04-17 06:00:00,2026-08-07 20:10:16,order_items.csv,2026-08-07,Order ID not found in orders
ITEM000149862,ORD00015401,SKU02033,Multi-layered solution-oriented customer loyalty,Clothing,4.0,653.4,2613.6,2025-04-17 06:00:00,2026-08-07 20:10:16,order_items.csv,2026-08-07,Order ID not found in orders
ITEM000149980,ORD00032601,SKU00005,Upgradable mission-critical implementation,Books,3.0,6116.95,18350.85,2025-04-17 06:00:00,2026-08-07 20:10:16,order_items.csv,2026-08-07,Order ID not found in orders
ITEM000149999,ORD00046901,SKU03032,Optional methodical archive,Electronics,4.0,2273.39,9093.56,2025-04-17 06:00:00,2026-08-07 20:10:16,order_items.csv,2026-08-07,Order ID not found in orders
ITEM000150128,ORD00009001,SKU01812,Upgradable dynamic emulation,Toys,8.0,14330.84,114646.72,2025-04-17 06:00:00,2026-08-07 20:10:16,order_items.csv,2026-08-07,Order ID not found in orders
ITEM000150310,ORD00017401,SKU01879,Extended radical protocol,Clothing,7.0,10998.67,76990.69,2025-04-17 06:00:00,2026-08-07 20:10:16,order_items.csv,2026-08-07,Order ID not found in orders
ITEM000150379,ORD00034401,SKU02219,Managed explicit structure,Home & Kitchen,3.0,3611.49,10834.47,2025-04-17 06:00:00,2026-08-07 20:10:16,order_items.csv,2026-08-07,Order ID not found in orders
ITEM000150458,ORD00010601,SKU04763,Progressive high-level monitoring,Home & Kitchen,5.0,1908.76,9543.8,2025-04-17 06:00:00,2026-08-07 20:10:16,order_items.csv,2026-08-07,Order ID not found in orders
ITEM000150472,ORD00017401,SKU04756,Reduced local parallelism,Home & Kitchen,4.0,9832.6,39330.4,2025-04-17 06:00:00,2026-08-07 20:10:16,order_items.csv,2026-08-07,Order ID not found in orders
ITEM000150485,ORD00042801,SKU04068,Future-proofed multimedia functionalities,Home & Kitchen,3.0,3404.95,10214.85,2025-04-17 06:00:00,2026-08-07 20:10:16,order_items.csv,2026-08-07,Order ID not found in orders
ITEM000150544,ORD00037701,SKU00384,User-friendly background groupware,Toys,9.0,6255.03,56295.27,2025-04-17 06:00:00,2026-08-07 20:10:16,order_items.csv,2026-08-07,Order ID not found in orders
ITEM000150691,ORD00045701,SKU03296,De-engineered web-enabled hardware,Beauty,2.0,7185.46,14370.92,2025-04-17 06:00:00,2026-08-07 20:10:16,order_items.csv,2026-08-07,Order ID not found in orders
ITEM000150746,ORD00018101,SKU01138,Compatible grid-enabled algorithm,Sports,1.0,9323.46,9323.46,2025-04-17 06:00:00,2026-08-07 20:10:16,order_items.csv,2026-08-07,Order ID not found in orders
ITEM000150855,ORD00043301,SKU03242,Stand-alone high-level budgetary management,Electronics,5.0,4863.57,24317.85,2025-04-17 06:00:00,2026-08-07 20:10:16,order_items.csv,2026-08-07,Order ID not found in orders
ITEM000150873,ORD00025401,SKU04291,Persevering non-volatile Graphic Interface,Home & Kitchen,5.0,6300.91,31504.55,2025-04-17 06:00:00,2026-08-07 20:10:16,order_items.csv,2026-08-07,Order ID not found in orders
ITEM000150980,ORD00042401,SKU02607,Ergonomic national moratorium,Grocery,4.0,4973.5,19894.0,2025-04-17 06:00:00,2026-08-07 20:10:16,order_items.csv,2026-08-07,Order ID not found in orders
ITEM000150985,ORD00002701,SKU04565,Devolved directional knowledge user,Grocery,3.0,2154.96,6464.88,2025-04-17 06:00:00,2026-08-07 20:10:16,order_items.csv,2026-08-07,Order ID not found in orders
ITEM000151120,ORD00037501,SKU01103,De-engineered analyzing array,Clothing,5.0,8986.17,44930.85,2025-04-17 06:00:00,2026-08-07 20:10:16,order_items.csv,2026-08-07,Order ID not found in orders
ITEM000151167,ORD00017601,SKU02369,Ergonomic zero administration time-frame,Electronics,3.0,11951.62,35854.86,2025-04-17 06:00:00,2026-08-07 20:10:16,order_items.csv,2026-08-07,Order ID not found in orders
ITEM000151213,ORD00021101,SKU01494,Adaptive methodical knowledgebase,Electronics,6.0,4778.17,28669.02,2025-04-17 06:00:00,2026-08-07 20:10:16,order_items.csv,2026-08-07,Order ID not found in orders
ITEM000151441,ORD00002001,SKU04558,Expanded regional superstructure,Electronics,10.0,6883.07,68830.7,2025-04-17 06:00:00,2026-08-07 20:10:16,order_items.csv,2026-08-07,Order ID not found in orders
ITEM000151497,ORD00000701,SKU03916,Multi-tiered bifurcated toolset,Toys,4.0,2710.19,10840.76,2025-04-17 06:00:00,2026-08-07 20:10:16,order_items.csv,2026-08-07,Order ID not found in orders
ITEM000151542,ORD00028401,SKU02560,Visionary radical knowledge user,Grocery,5.0,6668.15,33340.75,2025-04-17 06:00:00,2026-08-07 20:10:16,order_items.csv,2026-08-07,Order ID not found in orders
ITEM000151565,ORD00028701,SKU01435,Advanced systemic protocol,Books,7.0,11471.1,80297.7,2025-04-17 06:00:00,2026-08-07 20:10:16,order_items.csv,2026-08-07,Order ID not found in orders
ITEM000151752,ORD00015301,SKU01658,Enterprise-wide value-added benchmark,Home & Kitchen,10.0,3122.3,31223.0,2025-04-17 06:00:00,2026-08-07 20:10:16,order_items.csv,2026-08-07,Order ID not found in orders
ITEM000151757,ORD00008201,SKU01447,Upgradable multi-state productivity,Books,4.0,3747.86,14991.44,2025-04-17 06:00:00,2026-08-07 20:10:16,order_items.csv,2026-08-07,Order ID not found in orders
ITEM000151759,ORD00044301,SKU02887,Focused contextually-based budgetary management,Grocery,1.0,9056.45,9056.45,2025-04-17 06:00:00,2026-08-07 20:10:16,order_items.csv,2026-08-07,Order ID not found in orders
ITEM000151860,ORD00048101,SKU04295,Automated systematic access,Toys,4.0,1139.26,4557.04,2025-04-17 06:00:00,2026-08-07 20:10:16,order_items.csv,2026-08-07,Order ID not found in orders
ITEM000151916,ORD00013801,SKU03356,Mandatory motivating budgetary management,Clothing,5.0,194.78,973.9,2025-04-17 06:00:00,2026-08-07 20:10:16,order_items.csv,2026-08-07,Order ID not found in orders
ITEM000151990,ORD00017701,SKU02718,Quality-focused web-enabled workforce,Grocery,1.0,1287.22,1287.22,2025-04-17 06:00:00,2026-08-07 20:10:16,order_items.csv,2026-08-07,Order ID not found in orders
ITEM000151998,ORD00033901,SKU03699,Open-source even-keeled frame,Books,3.0,3490.05,10470.15,2025-04-17 06:00:00,2026-08-07 20:10:16,order_items.csv,2026-08-07,Order ID not found in orders
ITEM000152097,ORD00030101,SKU02696,Horizontal client-server toolset,Books,2.0,8340.94,16681.88,2025-04-17 06:00:00,2026-08-07 20:10:16,order_items.csv,2026-08-07,Order ID not found in orders
ITEM000152391,ORD00042701,SKU01752,Ameliorated interactive definition,Books,7.0,13188.28,92317.96,2025-04-17 06:00:00,2026-08-07 20:10:16,order_items.csv,2026-08-07,Order ID not found in orders
ITEM000152458,ORD00048901,SKU00267,Organic methodical superstructure,Books,7.0,4087.85,28614.95,2025-04-17 06:00:00,2026-08-07 20:10:16,order_items.csv,2026-08-07,Order ID not found in orders
ITEM000152522,ORD00010401,SKU01102,Profit-focused contextually-based structure,Clothing,10.0,13672.75,136727.5,2025-04-17 06:00:00,2026-08-07 20:10:16,order_items.csv,2026-08-07,Order ID not found in orders
ITEM000152659,ORD00031901,SKU02960,User-centric clear-thinking throughput,Books,2.0,12219.62,24439.24,2025-04-17 06:00:00,2026-08-07 20:10:16,order_items.csv,2026-08-07,Order ID not found in orders
ITEM000152721,ORD00033601,SKU03189,Cloned fault-tolerant solution,Books,5.0,11519.86,57599.3,2025-04-17 06:00:00,2026-08-07 20:10:16,order_items.csv,2026-08-07,Order ID not found in orders
ITEM000152749,ORD00031601,SKU04153,Sharable demand-driven attitude,Electronics,10.0,12969.09,129690.9,2025-04-17 06:00:00,2026-08-07 20:10:16,order_items.csv,2026-08-07,Order ID not found in orders
ITEM000152848,ORD00046601,SKU01022,Automated contextually-based circuit,Electronics,4.0,10815.82,43263.28,2025-04-17 06:00:00,2026-08-07 20:10:16,order_items.csv,2026-08-07,Order ID not found in orders
ITEM000152863,ORD00026701,SKU04595,Cross-group optimizing implementation,Clothing,6.0,11541.37,69248.22,2025-04-17 06:00:00,2026-08-07 20:10:16,order_items.csv,2026-08-07,Order ID not found in orders
ITEM000152892,ORD00000401,SKU03637,Monitored tangible support,Sports,8.0,3161.95,25295.6,2025-04-17 06:00:00,2026-08-07 20:10:16,order_items.csv,2026-08-07,Order ID not found in orders
ITEM000152922,ORD00035101,SKU00474,Organized didactic superstructure,Home & Kitchen,4.0,5733.89,22935.56,2025-04-17 06:00:00,2026-08-07 20:10:16,order_items.csv,2026-08-07,Order ID not found in orders
ITEM000153013,ORD00019301,SKU00343,Open-source contextually-based orchestration,Sports,9.0,14151.94,127367.46,2025-04-17 06:00:00,2026-08-07 20:10:16,order_items.csv,2026-08-07,Order ID not found in orders
ITEM000153024,ORD00006901,SKU04579,Integrated solution-oriented instruction set,Books,9.0,4162.06,37458.54,2025-04-17 06:00:00,2026-08-07 20:10:16,order_items.csv,2026-08-07,Order ID not found in orders
ITEM000153050,ORD00049601,SKU03818,Adaptive bottom-line productivity,Clothing,10.0,10524.13,105241.3,2025-04-17 06:00:00,2026-08-07 20:10:16,order_items.csv,2026-08-07,Order ID not found in orders
ITEM000153067,ORD00040101,SKU01256,Horizontal optimizing open architecture,Electronics,2.0,10767.67,21535.34,2025-04-17 06:00:00,2026-08-07 20:10:16,order_items.csv,2026-08-07,Order ID not found in orders
ITEM000153126,ORD00013701,SKU02840,Reactive static knowledge user,Books,5.0,8127.67,40638.35,2025-04-17 06:00:00,2026-08-07 20:10:16,order_items.csv,2026-08-07,Order ID not found in orders
ITEM000153136,ORD00027801,SKU00256,Synergized executive task-force,Electronics,8.0,7797.11,62376.88,2025-04-17 06:00:00,2026-08-07 20:10:16,order_items.csv,2026-08-07,Order ID not found in orders
ITEM000153626,ORD00023201,SKU00198,Exclusive even-keeled matrices,Sports,9.0,14562.45,131062.05,2025-04-17 06:00:00,2026-08-07 20:10:16,order_items.csv,2026-08-07,Order ID not found in orders
ITEM000153888,ORD00007401,SKU00210,Seamless demand-driven system engine,Electronics,5.0,4155.18,20775.9,2025-04-17 06:00:00,2026-08-07 20:10:16,order_items.csv,2026-08-07,Order ID not found in orders
ITEM000153909,ORD00035601,SKU00622,Face-to-face tertiary Graphical User Interface,Toys,1.0,1605.89,1605.89,2025-04-17 06:00:00,2026-08-07 20:10:16,order_items.csv,2026-08-07,Order ID not found in orders
ITEM000153911,ORD00016101,SKU01200,Compatible uniform methodology,Toys,6.0,8355.85,50135.1,2025-04-17 06:00:00,2026-08-07 20:10:16,order_items.csv,2026-08-07,Order ID not found in orders
ITEM000153918,ORD00005901,SKU03837,Customizable mobile website,Electronics,2.0,11728.57,23457.14,2025-04-17 06:00:00,2026-08-07 20:10:16,order_items.csv,2026-08-07,Order ID not found in orders
ITEM000153929,ORD00005701,SKU01194,Streamlined stable data-warehouse,Home & Kitchen,10.0,1778.27,17782.7,2025-04-17 06:00:00,2026-08-07 20:10:16,order_items.csv,2026-08-07,Order ID not found in orders
ITEM000154036,ORD00023101,SKU04757,Proactive bi-directional projection,Beauty,9.0,12916.78,116251.02,2025-04-17 06:00:00,2026-08-07 20:10:16,order_items.csv,2026-08-07,Order ID not found in orders
ITEM000154126,ORD00008501,SKU03044,Cross-platform homogeneous service-desk,Electronics,1.0,6583.41,6583.41,2025-04-17 06:00:00,2026-08-07 20:10:16,order_items.csv,2026-08-07,Order ID not found in orders
ITEM000154293,ORD00030901,SKU01979,Team-oriented executive application,Electronics,8.0,13419.48,107355.84,2025-04-17 06:00:00,2026-08-07 20:10:16,order_items.csv,2026-08-07,Order ID not found in orders
ITEM000154404,ORD00032301,SKU00305,Phased real-time neural-net,Grocery,1.0,9695.34,9695.34,2025-04-17 06:00:00,2026-08-07 20:10:16,order_items.csv,2026-08-07,Order ID not found in orders
ITEM000154534,ORD00025201,SKU01768,Reverse-engineered non-volatile monitoring,Toys,9.0,10997.53,98977.77,2025-04-17 06:00:00,2026-08-07 20:10:16,order_items.csv,2026-08-07,Order ID not found in orders
ITEM000154560,ORD00004001,SKU03151,Organized object-oriented challenge,Toys,8.0,14878.23,119025.84,2025-04-17 06:00:00,2026-08-07 20:10:16,order_items.csv,2026-08-07,Order ID not found in orders
ITEM000154573,ORD00020101,SKU01366,Universal methodical benchmark,Clothing,4.0,2824.63,11298.52,2025-04-17 06:00:00,2026-08-07 20:10:16,order_items.csv,2026-08-07,Order ID not found in orders
ITEM000154593,ORD00006701,SKU02298,Proactive 24hour focus group,Clothing,2.0,3513.67,7027.34,2025-04-17 06:00:00,2026-08-07 20:10:16,order_items.csv,2026-08-07,Order ID not found in orders
ITEM000154609,ORD00038301,SKU01351,Phased national adapter,Toys,3.0,11399.03,34197.09,2025-04-17 06:00:00,2026-08-07 20:10:16,order_items.csv,2026-08-07,Order ID not found in orders
ITEM000154627,ORD00044901,SKU04859,Horizontal reciprocal neural-net,Toys,6.0,843.01,5058.06,2025-04-17 06:00:00,2026-08-07 20:10:16,order_items.csv,2026-08-07,Order ID not found in orders
ITEM000154655,ORD00042801,SKU03024,Adaptive demand-driven hierarchy,Clothing,3.0,3921.23,11763.69,2025-04-17 06:00:00,2026-08-07 20:10:16,order_items.csv,2026-08-07,Order ID not found in orders
ITEM000154715,ORD00002301,SKU01257,Persevering tertiary framework,Books,8.0,6668.12,53344.96,2025-04-17 06:00:00,2026-08-07 20:10:16,order_items.csv,2026-08-07,Order ID not found in orders
ITEM000154746,ORD00016301,SKU01102,Profit-focused contextually-based structure,Clothing,7.0,13672.75,95709.25,2025-04-17 06:00:00,2026-08-07 20:10:16,order_items.csv,2026-08-07,Order ID not found in orders
ITEM000155160,ORD00003901,SKU01707,Object-based didactic alliance,Beauty,2.0,8835.55,17671.1,2025-04-17 06:00:00,2026-08-07 20:10:16,order_items.csv,2026-08-07,Order ID not found in orders
ITEM000155234,ORD00038901,SKU00824,Robust optimizing throughput,Books,10.0,12563.1,125631.0,2025-04-17 06:00:00,2026-08-07 20:10:16,order_items.csv,2026-08-07,Order ID not found in orders
ITEM000155246,ORD00047301,SKU01299,Persistent optimizing throughput,Beauty,2.0,14947.91,29895.82,2025-04-17 06:00:00,2026-08-07 20:10:16,order_items.csv,2026-08-07,Order ID not found in orders
ITEM000155379,ORD00049201,SKU03372,Reduced secondary projection,Electronics,9.0,7192.49,64732.41,2025-04-17 06:00:00,2026-08-07 20:10:16,order_items.csv,2026-08-07,Order ID not found in orders
ITEM000155386,ORD00010501,SKU01071,Programmable modular info-mediaries,Books,7.0,7459.95,52219.65,2025-04-17 06:00:00,2026-08-07 20:10:16,order_items.csv,2026-08-07,Order ID not found in orders
ITEM000156258,ORD00032701,SKU03104,Total 6thgeneration installation,Books,7.0,4002.84,28019.88,2025-04-17 06:00:00,2026-08-07 20:10:16,order_items.csv,2026-08-07,Order ID not found in orders
ITEM000156310,ORD00021701,SKU02794,Versatile disintermediate productivity,Sports,8.0,10546.91,84375.28,2025-04-17 06:00:00,2026-08-07 20:10:16,order_items.csv,2026-08-07,Order ID not found in orders
ITEM000156341,ORD00047601,SKU04769,Automated modular concept,Toys,7.0,11801.46,82610.22,2025-04-17 06:00:00,2026-08-07 20:10:16,order_items.csv,2026-08-07,Order ID not found in orders
ITEM000156624,ORD00019301,SKU04384,Intuitive next generation architecture,Toys,9.0,6722.25,60500.25,2025-04-17 06:00:00,2026-08-07 20:10:16,order_items.csv,2026-08-07,Order ID not found in orders
ITEM000156652,ORD00035401,SKU01456,Quality-focused non-volatile strategy,Toys,3.0,11825.16,35475.48,2025-04-17 06:00:00,2026-08-07 20:10:16,order_items.csv,2026-08-07,Order ID not found in orders
ITEM000156682,ORD00034301,SKU03544,Implemented responsive function,Sports,5.0,1530.7,7653.5,2025-04-17 06:00:00,2026-08-07 20:10:16,order_items.csv,2026-08-07,Order ID not found in orders
ITEM000157026,ORD00047501,SKU00624,Fundamental zero-defect workforce,Beauty,3.0,5998.95,17996.85,2025-04-17 06:00:00,2026-08-07 20:10:16,order_items.csv,2026-08-07,Order ID not found in orders
ITEM000157236,ORD00012801,SKU02673,Innovative bifurcated circuit,Toys,10.0,10422.18,104221.8,2025-04-17 06:00:00,2026-08-07 20:10:16,order_items.csv,2026-08-07,Order ID not found in orders
ITEM000157425,ORD00027701,SKU04342,De-engineered 4thgeneration functionalities,Home & Kitchen,3.0,9639.05,28917.15,2025-04-17 06:00:00,2026-08-07 20:10:16,order_items.csv,2026-08-07,Order ID not found in orders
ITEM000157445,ORD00027901,SKU02573,Face-to-face directional productivity,Grocery,4.0,12103.27,48413.08,2025-04-17 06:00:00,2026-08-07 20:10:16,order_items.csv,2026-08-07,Order ID not found in orders
ITEM000157736,ORD00030501,SKU01172,Focused directional Local Area Network,Beauty,4.0,4696.71,18786.84,2025-04-17 06:00:00,2026-08-07 20:10:16,order_items.csv,2026-08-07,Order ID not found in orders
ITEM000157837,ORD00003201,SKU01317,Reactive system-worthy orchestration,Home & Kitchen,10.0,7315.99,73159.9,2025-04-17 06:00:00,2026-08-07 20:10:16,order_items.csv,2026-08-07,Order ID not found in orders
ITEM000157889,ORD00000101,SKU01335,Enhanced stable productivity,Grocery,10.0,978.76,9787.6,2025-04-17 06:00:00,2026-08-07 20:10:16,order_items.csv,2026-08-07,Order ID not found in orders
ITEM000158050,ORD00035601,SKU00822,Open-source mobile encoding,Books,9.0,1576.96,14192.64,2025-04-17 06:00:00,2026-08-07 20:10:16,order_items.csv,2026-08-07,Order ID not found in orders
ITEM000158066,ORD00018501,SKU00156,Polarized local instruction set,Books,2.0,9489.84,18979.68,2025-04-17 06:00:00,2026-08-07 20:10:16,order_items.csv,2026-08-07,Order ID not found in orders
ITEM000158098,ORD00024701,SKU00865,Seamless context-sensitive application,Toys,8.0,409.24,3273.92,2025-04-17 06:00:00,2026-08-07 20:10:16,order_items.csv,2026-08-07,Order ID not found in orders
ITEM000158143,ORD00032301,SKU01984,Multi-tiered dedicated array,Toys,8.0,9939.63,79517.04,2025-04-17 06:00:00,2026-08-07 20:10:16,order_items.csv,2026-08-07,Order ID not found in orders
ITEM000158179,ORD00010601,SKU02626,Ergonomic user-facing open architecture,Clothing,2.0,435.57,871.14,2025-04-17 06:00:00,2026-08-07 20:10:16,order_items.csv,2026-08-07,Order ID not found in orders
ITEM000158231,ORD00048201,SKU04560,Future-proofed demand-driven matrices,Home & Kitchen,5.0,1788.26,8941.3,2025-04-17 06:00:00,2026-08-07 20:10:16,order_items.csv,2026-08-07,Order ID not found in orders
ITEM000158234,ORD00030701,SKU00045,Compatible regional implementation,Books,2.0,5133.39,10266.78,2025-04-17 06:00:00,2026-08-07 20:10:16,order_items.csv,2026-08-07,Order ID not found in orders
ITEM000158251,ORD00008301,SKU01672,Multi-tiered secondary initiative,Electronics,3.0,10420.28,31260.84,2025-04-17 06:00:00,2026-08-07 20:10:16,order_items.csv,2026-08-07,Order ID not found in orders
ITEM000158284,ORD00009901,SKU01183,Customer-focused client-driven framework,Sports,8.0,11865.77,94926.16,2025-04-17 06:00:00,2026-08-07 20:10:16,order_items.csv,2026-08-07,Order ID not found in orders
ITEM000158335,ORD00047401,SKU00679,Pre-emptive full-range process improvement,Grocery,9.0,8680.88,78127.92,2025-04-17 06:00:00,2026-08-07 20:10:16,order_items.csv,2026-08-07,Order ID not found in orders
ITEM000158360,ORD00016601,SKU04221,Fully-configurable 24/7 algorithm,Beauty,1.0,763.47,763.47,2025-04-17 06:00:00,2026-08-07 20:10:16,order_items.csv,2026-08-07,Order ID not found in orders
ITEM000158499,ORD00003701,SKU02980,Focused holistic application,Sports,3.0,8530.05,25590.15,2025-04-17 06:00:00,2026-08-07 20:10:16,order_items.csv,2026-08-07,Order ID not found in orders
ITEM000158609,ORD00035801,SKU02797,Decentralized zero-defect collaboration,Grocery,5.0,11965.43,59827.15,2025-04-17 06:00:00,2026-08-07 20:10:16,order_items.csv,2026-08-07,Order ID not found in orders
ITEM000158624,ORD00029301,SKU01472,Centralized didactic encryption,Electronics,8.0,778.18,6225.44,2025-04-17 06:00:00,2026-08-07 20:10:16,order_items.csv,2026-08-07,Order ID not found in orders
ITEM000158734,ORD00018201,SKU00430,Secured even-keeled data-warehouse,Toys,7.0,4900.49,34303.43,2025-04-17 06:00:00,2026-08-07 20:10:16,order_items.csv,2026-08-07,Order ID not found in orders
ITEM000159043,ORD00004901,SKU02430,Multi-tiered empowering ability,Sports,3.0,8792.58,26377.74,2025-04-17 06:00:00,2026-08-07 20:10:16,order_items.csv,2026-08-07,Order ID not found in orders
ITEM000159151,ORD00047501,SKU01482,Persistent web-enabled flexibility,Clothing,1.0,8550.53,8550.53,2025-04-17 06:00:00,2026-08-07 20:10:16,order_items.csv,2026-08-07,Order ID not found in orders
ITEM000159202,ORD00014901,SKU00252,Assimilated real-time info-mediaries,Sports,9.0,6688.39,60195.51,2025-04-17 06:00:00,2026-08-07 20:10:16,order_items.csv,2026-08-07,Order ID not found in orders
ITEM000159209,ORD00041801,SKU00574,Programmable cohesive migration,Beauty,4.0,416.24,1664.96,2025-04-17 06:00:00,2026-08-07 20:10:16,order_items.csv,2026-08-07,Order ID not found in orders
ITEM000159593,ORD00046801,SKU04917,Reactive full-range instruction set,Beauty,10.0,2039.39,20393.9,2025-04-17 06:00:00,2026-08-07 20:10:16,order_items.csv,2026-08-07,Order ID not found in orders
ITEM000159660,ORD00028501,SKU00948,Exclusive intermediate open system,Toys,10.0,1818.03,18180.3,2025-04-17 06:00:00,2026-08-07 20:10:16,order_items.csv,2026-08-07,Order ID not found in orders
ITEM000159682,ORD00041401,SKU02112,Quality-focused logistical emulation,Toys,7.0,13613.68,95295.76,2025-04-17 06:00:00,2026-08-07 20:10:16,order_items.csv,2026-08-07,Order ID not found in orders
ITEM000159840,ORD00007701,SKU02925,Multi-channeled actuating leverage,Books,10.0,7384.64,73846.4,2025-04-17 06:00:00,2026-08-07 20:10:16,order_items.csv,2026-08-07,Order ID not found in orders
ITEM000159900,ORD00008801,SKU04848,Switchable local Graphical User Interface,Grocery,5.0,9307.31,46536.55,2025-04-17 06:00:00,2026-08-07 20:10:16,order_items.csv,2026-08-07,Order ID not found in orders
ITEM000159936,ORD00028301,SKU01746,Decentralized bi-directional system engine,Electronics,4.0,6652.22,26608.88,2025-04-17 06:00:00,2026-08-07 20:10:16,order_items.csv,2026-08-07,Order ID not found in orders
ITEM000160116,ORD00030401,SKU01050,Synchronized leadingedge benchmark,Clothing,9.0,13068.95,117620.55,2025-04-17 06:00:00,2026-08-07 20:10:16,order_items.csv,2026-08-07,Order ID not found in orders
ITEM000160153,ORD00037801,SKU00528,Seamless motivating process improvement,Sports,9.0,195.13,1756.17,2025-04-17 06:00:00,2026-08-07 20:10:16,order_items.csv,2026-08-07,Order ID not found in orders
ITEM000160154,ORD00043001,SKU04181,Visionary mobile superstructure,Books,6.0,2405.37,14432.22,2025-04-17 06:00:00,2026-08-07 20:10:16,order_items.csv,2026-08-07,Order ID not found in orders
ITEM000160347,ORD00020301,SKU01322,Re-contextualized bottom-line Local Area Network,Clothing,8.0,8649.05,69192.4,2025-04-17 06:00:00,2026-08-07 20:10:16,order_items.csv,2026-08-07,Order ID not found in orders
ITEM000160409,ORD00029901,SKU02642,Re-contextualized systematic ability,Beauty,6.0,4911.85,29471.1,2025-04-17 06:00:00,2026-08-07 20:10:16,order_items.csv,2026-08-07,Order ID not found in orders
ITEM000160546,ORD00003101,SKU02307,Balanced context-sensitive hub,Electronics,6.0,5023.86,30143.16,2025-04-17 06:00:00,2026-08-07 20:10:16,order_items.csv,2026-08-07,Order ID not found in orders
ITEM000160827,ORD00027001,SKU03795,Multi-tiered directional complexity,Grocery,10.0,5430.8,54308.0,2025-04-17 06:00:00,2026-08-07 20:10:16,order_items.csv,2026-08-07,Order ID not found in orders
ITEM000160860,ORD00021701,SKU00903,Future-proofed 4thgeneration Graphical User Interf,Books,7.0,639.53,4476.71,2025-04-17 06:00:00,2026-08-07 20:10:16,order_items.csv,2026-08-07,Order ID not found in orders
ITEM000160897,ORD00043401,SKU03318,Mandatory 24/7 adapter,Home & Kitchen,5.0,8117.38,40586.9,2025-04-17 06:00:00,2026-08-07 20:10:16,order_items.csv,2026-08-07,Order ID not found in orders
ITEM000161034,ORD00033501,SKU00651,Progressive reciprocal challenge,Electronics,3.0,8815.91,26447.73,2025-04-17 06:00:00,2026-08-07 20:10:16,order_items.csv,2026-08-07,Order ID not found in orders
ITEM000161107,ORD00016501,SKU03305,Reverse-engineered intermediate forecast,Beauty,4.0,10820.45,43281.8,2025-04-17 06:00:00,2026-08-07 20:10:16,order_items.csv,2026-08-07,Order ID not found in orders
ITEM000161161,ORD00002201,SKU03056,Multi-lateral reciprocal budgetary management,Electronics,4.0,8151.99,32607.96,2025-04-17 06:00:00,2026-08-07 20:10:16,order_items.csv,2026-08-07,Order ID not found in orders
ITEM000161230,ORD00018901,SKU00212,Proactive bottom-line parallelism,Books,10.0,5652.18,56521.8,2025-04-17 06:00:00,2026-08-07 20:10:16,order_items.csv,2026-08-07,Order ID not found in orders
ITEM000161269,ORD00026001,SKU00175,Multi-lateral radical paradigm,Clothing,10.0,12000.5,120005.0,2025-04-17 06:00:00,2026-08-07 20:10:16,order_items.csv,2026-08-07,Order ID not found in orders
ITEM000161358,ORD00023901,SKU00814,Realigned solution-oriented open system,Beauty,6.0,14440.29,86641.74,2025-04-17 06:00:00,2026-08-07 20:10:16,order_items.csv,2026-08-07,Order ID not found in orders
ITEM000161445,ORD00041601,SKU02811,Down-sized tangible service-desk,Clothing,9.0,2821.39,25392.51,2025-04-17 06:00:00,2026-08-07 20:10:16,order_items.csv,2026-08-07,Order ID not found in orders
ITEM000162290,ORD00015901,SKU01905,Streamlined modular array,Toys,7.0,11378.38,79648.66,2025-04-17 06:00:00,2026-08-07 20:10:16,order_items.csv,2026-08-07,Order ID not found in orders
ITEM000162354,ORD00000801,SKU04054,Versatile grid-enabled knowledge user,Electronics,6.0,11670.66,70023.96,2025-04-17 06:00:00,2026-08-07 20:10:16,order_items.csv,2026-08-07,Order ID not found in orders
ITEM000162558,ORD00023901,SKU01984,Multi-tiered dedicated array,Toys,6.0,9939.63,59637.78,2025-04-17 06:00:00,2026-08-07 20:10:16,order_items.csv,2026-08-07,Order ID not found in orders
ITEM000162603,ORD00045001,SKU02174,Assimilated dedicated framework,Electronics,5.0,14928.93,74644.65,2025-04-17 06:00:00,2026-08-07 20:10:16,order_items.csv,2026-08-07,Order ID not found in orders
ITEM000162737,ORD00007701,SKU00325,Open-source optimal benchmark,Toys,5.0,121.95,609.75,2025-04-17 06:00:00,2026-08-07 20:10:16,order_items.csv,2026-08-07,Order ID not found in orders
ITEM000162803,ORD00019801,SKU02291,Robust heuristic alliance,Home & Kitchen,1.0,4425.97,4425.97,2025-04-17 06:00:00,2026-08-07 20:10:16,order_items.csv,2026-08-07,Order ID not found in orders
ITEM000162857,ORD00018401,SKU00686,Open-architected actuating system engine,Electronics,5.0,7080.45,35402.25,2025-04-17 06:00:00,2026-08-07 20:10:16,order_items.csv,2026-08-07,Order ID not found in orders
ITEM000162890,ORD00041401,SKU04051,Business-focused intermediate architecture,Books,4.0,7919.1,31676.4,2025-04-17 06:00:00,2026-08-07 20:10:16,order_items.csv,2026-08-07,Order ID not found in orders
ITEM000162924,ORD00018101,SKU01198,Horizontal global superstructure,Sports,10.0,8373.38,83733.8,2025-04-17 06:00:00,2026-08-07 20:10:16,order_items.csv,2026-08-07,Order ID not found in orders
ITEM000163028,ORD00030701,SKU04640,Seamless next generation project,Books,4.0,12617.25,50469.0,2025-04-17 06:00:00,2026-08-07 20:10:16,order_items.csv,2026-08-07,Order ID not found in orders
ITEM000163076,ORD00019201,SKU00980,Digitized asynchronous matrices,Sports,2.0,1393.44,2786.88,2025-04-17 06:00:00,2026-08-07 20:10:16,order_items.csv,2026-08-07,Order ID not found in orders
ITEM000163122,ORD00020701,SKU03120,Exclusive context-sensitive knowledge user,Sports,7.0,14483.89,101387.23,2025-04-17 06:00:00,2026-08-07 20:10:16,order_items.csv,2026-08-07,Order ID not found in orders
ITEM000163345,ORD00004601,SKU00792,Configurable 24hour website,Home & Kitchen,6.0,14611.51,87669.06,2025-04-17 06:00:00,2026-08-07 20:10:16,order_items.csv,2026-08-07,Order ID not found in orders
ITEM000163375,ORD00021801,SKU02220,Multi-channeled logistical workforce,Electronics,1.0,5702.17,5702.17,2025-04-17 06:00:00,2026-08-07 20:10:16,order_items.csv,2026-08-07,Order ID not found in orders
ITEM000163526,ORD00020701,SKU04458,Optimized optimal instruction set,Beauty,1.0,10194.37,10194.37,2025-04-17 06:00:00,2026-08-07 20:10:16,order_items.csv,2026-08-07,Order ID not found in orders
ITEM000163557,ORD00024301,SKU03646,Right-sized bi-directional access,Grocery,7.0,5157.69,36103.83,2025-04-17 06:00:00,2026-08-07 20:10:16,order_items.csv,2026-08-07,Order ID not found in orders
ITEM000163576,ORD00015101,SKU03584,Polarized contextually-based array,Beauty,2.0,6020.83,12041.66,2025-04-17 06:00:00,2026-08-07 20:10:16,order_items.csv,2026-08-07,Order ID not found in orders
ITEM000163591,ORD00017301,SKU04366,Streamlined cohesive task-force,Clothing,5.0,13412.68,67063.4,2025-04-17 06:00:00,2026-08-07 20:10:16,order_items.csv,2026-08-07,Order ID not found in orders
ITEM000163631,ORD00031001,SKU00301,Exclusive contextually-based success,Toys,7.0,12682.01,88774.07,2025-04-17 06:00:00,2026-08-07 20:10:16,order_items.csv,2026-08-07,Order ID not found in orders
ITEM000163800,ORD00028301,SKU00514,Profit-focused user-facing model,Grocery,6.0,5894.08,35364.48,2025-04-17 06:00:00,2026-08-07 20:10:16,order_items.csv,2026-08-07,Order ID not found in orders
ITEM000164025,ORD00014501,SKU02243,Enhanced multi-tasking array,Grocery,3.0,14380.82,43142.46,2025-04-17 06:00:00,2026-08-07 20:10:16,order_items.csv,2026-08-07,Order ID not found in orders
ITEM000164579,ORD00015201,SKU02515,Balanced clear-thinking superstructure,Grocery,8.0,3142.86,25142.88,2025-04-17 06:00:00,2026-08-07 20:10:16,order_items.csv,2026-08-07,Order ID not found in orders
ITEM000164596,ORD00026101,SKU01459,Intuitive modular function,Sports,9.0,12672.54,114052.86,2025-04-17 06:00:00,2026-08-07 20:10:16,order_items.csv,2026-08-07,Order ID not found in orders
ITEM000164633,ORD00031401,SKU00328,Universal non-volatile pricing structure,Grocery,1.0,11471.26,11471.26,2025-04-17 06:00:00,2026-08-07 20:10:16,order_items.csv,2026-08-07,Order ID not found in orders
ITEM000164718,ORD00014201,SKU02123,Up-sized demand-driven project,Grocery,2.0,8324.02,16648.04,2025-04-17 06:00:00,2026-08-07 20:10:16,order_items.csv,2026-08-07,Order ID not found in orders
ITEM000164764,ORD00048301,SKU03442,User-centric exuding array,Grocery,10.0,5800.52,58005.2,2025-04-17 06:00:00,2026-08-07 20:10:16,order_items.csv,2026-08-07,Order ID not found in orders
ITEM000164777,ORD00023601,SKU02491,Advanced neutral access,Clothing,5.0,397.46,1987.3,2025-04-17 06:00:00,2026-08-07 20:10:16,order_items.csv,2026-08-07,Order ID not found in orders
ITEM000164852,ORD00026801,SKU03682,Versatile national help-desk,Clothing,8.0,14470.08,115760.64,2025-04-17 06:00:00,2026-08-07 20:10:16,order_items.csv,2026-08-07,Order ID not found in orders
ITEM000164879,ORD00011201,SKU00544,Inverse fault-tolerant portal,Clothing,8.0,450.1,3600.8,2025-04-17 06:00:00,2026-08-07 20:10:16,order_items.csv,2026-08-07,Order ID not found in orders
ITEM000164944,ORD00014301,SKU00385,Proactive national ability,Electronics,6.0,11709.79,70258.74,2025-04-17 06:00:00,2026-08-07 20:10:16,order_items.csv,2026-08-07,Order ID not found in orders
ITEM000165168,ORD00035401,SKU02972,Object-based zero administration analyzer,Grocery,4.0,12094.82,48379.28,2025-04-17 06:00:00,2026-08-07 20:10:16,order_items.csv,2026-08-07,Order ID not found in orders
ITEM000165204,ORD00011601,SKU03317,Down-sized systemic artificial intelligence,Grocery,8.0,168.13,1345.04,2025-04-17 06:00:00,2026-08-07 20:10:16,order_items.csv,2026-08-07,Order ID not found in orders
ITEM000165311,ORD00001601,SKU02119,Triple-buffered tangible forecast,Beauty,3.0,6259.13,18777.39,2025-04-17 06:00:00,2026-08-07 20:10:16,order_items.csv,2026-08-07,Order ID not found in orders
ITEM000165472,ORD00016501,SKU00043,Ergonomic dedicated installation,Home & Kitchen,2.0,4299.97,8599.94,2025-04-17 06:00:00,2026-08-07 20:10:16,order_items.csv,2026-08-07,Order ID not found in orders
ITEM000165517,ORD00037401,SKU04360,Customizable mobile utilization,Sports,1.0,6684.17,6684.17,2025-04-17 06:00:00,2026-08-07 20:10:16,order_items.csv,2026-08-07,Order ID not found in orders
ITEM000165576,ORD00030001,SKU00855,Profound exuding core,Grocery,3.0,13390.98,40172.94,2025-04-17 06:00:00,2026-08-07 20:10:16,order_items.csv,2026-08-07,Order ID not found in orders
ITEM000165670,ORD00035501,SKU01823,Down-sized regional protocol,Electronics,1.0,2858.7,2858.7,2025-04-17 06:00:00,2026-08-07 20:10:16,order_items.csv,2026-08-07,Order ID not found in orders
ITEM000165791,ORD00020901,SKU01582,Progressive motivating firmware,Toys,9.0,3162.13,28459.17,2025-04-17 06:00:00,2026-08-07 20:10:16,order_items.csv,2026-08-07,Order ID not found in orders
ITEM000166020,ORD00017101,SKU00677,Multi-channeled 4thgeneration policy,Books,3.0,155.14,465.42,2025-04-17 06:00:00,2026-08-07 20:10:16,order_items.csv,2026-08-07,Order ID not found in orders
ITEM000166056,ORD00045301,SKU00784,Cloned logistical framework,Grocery,3.0,5720.84,17162.52,2025-04-17 06:00:00,2026-08-07 20:10:16,order_items.csv,2026-08-07,Order ID not found in orders
ITEM000166163,ORD00025401,SKU03770,Progressive scalable secured line,Clothing,1.0,4158.84,4158.84,2025-04-17 06:00:00,2026-08-07 20:10:16,order_items.csv,2026-08-07,Order ID not found in orders
ITEM000166221,ORD00028701,SKU02478,Balanced national instruction set,Home & Kitchen,5.0,7917.06,39585.3,2025-04-17 06:00:00,2026-08-07 20:10:16,order_items.csv,2026-08-07,Order ID not found in orders
ITEM000166372,ORD00040501,SKU00104,Synchronized human-resource Internet solution,Toys,5.0,12511.54,62557.7,2025-04-17 06:00:00,2026-08-07 20:10:16,order_items.csv,2026-08-07,Order ID not found in orders
ITEM000166814,ORD00028001,SKU00136,Adaptive 6thgeneration challenge,Home & Kitchen,2.0,10568.48,21136.96,2025-04-17 06:00:00,2026-08-07 20:10:16,order_items.csv,2026-08-07,Order ID not found in orders
ITEM000166893,ORD00037301,SKU01813,Innovative grid-enabled algorithm,Books,10.0,12127.89,121278.9,2025-04-17 06:00:00,2026-08-07 20:10:16,order_items.csv,2026-08-07,Order ID not found in orders
ITEM000166897,ORD00031101,SKU02798,Self-enabling clear-thinking synergy,Books,5.0,7132.84,35664.2,2025-04-17 06:00:00,2026-08-07 20:10:16,order_items.csv,2026-08-07,Order ID not found in orders
ITEM000167378,ORD00002601,SKU02470,Ameliorated coherent concept,Electronics,1.0,2514.59,2514.59,2025-04-17 06:00:00,2026-08-07 20:10:16,order_items.csv,2026-08-07,Order ID not found in orders
ITEM000167539,ORD00016501,SKU03572,Organic optimizing standardization,Clothing,8.0,6086.13,48689.04,2025-04-17 06:00:00,2026-08-07 20:10:16,order_items.csv,2026-08-07,Order ID not found in orders
ITEM000167699,ORD00049101,SKU00263,Versatile client-driven open system,Clothing,1.0,11251.45,11251.45,2025-04-17 06:00:00,2026-08-07 20:10:16,order_items.csv,2026-08-07,Order ID not found in orders
ITEM000167887,ORD00035301,SKU03890,Right-sized didactic archive,Home & Kitchen,2.0,10383.58,20767.16,2025-04-17 06:00:00,2026-08-07 20:10:16,order_items.csv,2026-08-07,Order ID not found in orders
ITEM000167898,ORD00033601,SKU00648,Front-line context-sensitive synergy,Sports,9.0,4387.74,39489.66,2025-04-17 06:00:00,2026-08-07 20:10:16,order_items.csv,2026-08-07,Order ID not found in orders
ITEM000167923,ORD00041801,SKU02426,Function-based zero-defect strategy,Home & Kitchen,2.0,14413.99,28827.98,2025-04-17 06:00:00,2026-08-07 20:10:16,order_items.csv,2026-08-07,Order ID not found in orders
ITEM000168059,ORD00038701,SKU02167,Enterprise-wide content-based info-mediaries,Toys,7.0,5181.76,36272.32,2025-04-17 06:00:00,2026-08-07 20:10:16,order_items.csv,2026-08-07,Order ID not found in orders
ITEM000168119,ORD00003101,SKU01212,Universal web-enabled definition,Sports,8.0,8695.26,69562.08,2025-04-17 06:00:00,2026-08-07 20:10:16,order_items.csv,2026-08-07,Order ID not found in orders
ITEM000168275,ORD00000701,SKU01229,Quality-focused 24hour service-desk,Books,9.0,9166.35,82497.15,2025-04-17 06:00:00,2026-08-07 20:10:16,order_items.csv,2026-08-07,Order ID not found in orders
ITEM000168450,ORD00015401,SKU03989,Compatible background strategy,Sports,1.0,12009.78,12009.78,2025-04-17 06:00:00,2026-08-07 20:10:16,order_items.csv,2026-08-07,Order ID not found in orders
ITEM000168507,ORD00009801,SKU04535,Future-proofed non-volatile artificial intelligenc,Beauty,4.0,13167.32,52669.28,2025-04-17 06:00:00,2026-08-07 20:10:16,order_items.csv,2026-08-07,Order ID not found in orders
ITEM000168510,ORD00004701,SKU00045,Compatible regional implementation,Books,6.0,5133.39,30800.34,2025-04-17 06:00:00,2026-08-07 20:10:16,order_items.csv,2026-08-07,Order ID not found in orders
ITEM000168713,ORD00047301,SKU02913,Managed local project,Books,6.0,13417.21,80503.26,2025-04-17 06:00:00,2026-08-07 20:10:16,order_items.csv,2026-08-07,Order ID not found in orders
ITEM000168752,ORD00000501,SKU03846,Monitored hybrid functionalities,Home & Kitchen,10.0,5857.48,58574.8,2025-04-17 06:00:00,2026-08-07 20:10:16,order_items.csv,2026-08-07,Order ID not found in orders
ITEM000169012,ORD00028101,SKU01176,Synergistic system-worthy hierarchy,Grocery,7.0,2424.63,16972.41,2025-04-17 06:00:00,2026-08-07 20:10:16,order_items.csv,2026-08-07,Order ID not found in orders
ITEM000169092,ORD00038701,SKU03585,Phased multi-tasking protocol,Electronics,9.0,623.3,5609.7,2025-04-17 06:00:00,2026-08-07 20:10:16,order_items.csv,2026-08-07,Order ID not found in orders
ITEM000169320,ORD00004101,SKU00708,Universal 5thgeneration functionalities,Electronics,1.0,2866.2,2866.2,2025-04-17 06:00:00,2026-08-07 20:10:16,order_items.csv,2026-08-07,Order ID not found in orders
ITEM000169463,ORD00049901,SKU03433,Public-key well-modulated analyzer,Books,5.0,7672.03,38360.15,2025-04-17 06:00:00,2026-08-07 20:10:16,order_items.csv,2026-08-07,Order ID not found in orders
ITEM000169479,ORD00024101,SKU02392,Focused systematic attitude,Beauty,3.0,3393.77,10181.31,2025-04-17 06:00:00,2026-08-07 20:10:16,order_items.csv,2026-08-07,Order ID not found in orders
ITEM000169599,ORD00021501,SKU03165,Cloned value-added circuit,Electronics,1.0,13658.83,13658.83,2025-04-17 06:00:00,2026-08-07 20:10:16,order_items.csv,2026-08-07,Order ID not found in orders
ITEM000169724,ORD00005701,SKU03192,Self-enabling asymmetric productivity,Home & Kitchen,3.0,5803.21,17409.63,2025-04-17 06:00:00,2026-08-07 20:10:16,order_items.csv,2026-08-07,Order ID not found in orders
ITEM000170221,ORD00040401,SKU02476,Team-oriented analyzing synergy,Beauty,5.0,9967.63,49838.15,2025-04-17 06:00:00,2026-08-07 20:10:16,order_items.csv,2026-08-07,Order ID not found in orders
ITEM000170325,ORD00019501,SKU01806,Phased neutral portal,Beauty,8.0,5179.92,41439.36,2025-04-17 06:00:00,2026-08-07 20:10:16,order_items.csv,2026-08-07,Order ID not found in orders
ITEM000170439,ORD00049001,SKU00578,Innovative mobile toolset,Beauty,2.0,5441.26,10882.52,2025-04-17 06:00:00,2026-08-07 20:10:16,order_items.csv,2026-08-07,Order ID not found in orders
ITEM000170509,ORD00001601,SKU01730,Networked analyzing hardware,Beauty,5.0,1769.07,8845.35,2025-04-17 06:00:00,2026-08-07 20:10:16,order_items.csv,2026-08-07,Order ID not found in orders
ITEM000170557,ORD00049301,SKU03191,Implemented fault-tolerant implementation,Beauty,3.0,14207.68,42623.04,2025-04-17 06:00:00,2026-08-07 20:10:16,order_items.csv,2026-08-07,Order ID not found in orders
ITEM000170570,ORD00046301,SKU01831,Optional human-resource circuit,Electronics,7.0,3563.51,24944.57,2025-04-17 06:00:00,2026-08-07 20:10:16,order_items.csv,2026-08-07,Order ID not found in orders
ITEM000170575,ORD00042501,SKU02586,Multi-layered 5thgeneration infrastructure,Toys,3.0,1928.99,5786.97,2025-04-17 06:00:00,2026-08-07 20:10:16,order_items.csv,2026-08-07,Order ID not found in orders
ITEM000170636,ORD00017201,SKU02666,Phased motivating challenge,Toys,9.0,11091.18,99820.62,2025-04-17 06:00:00,2026-08-07 20:10:16,order_items.csv,2026-08-07,Order ID not found in orders
ITEM000170753,ORD00026101,SKU01991,Proactive motivating application,Home & Kitchen,7.0,13309.07,93163.49,2025-04-17 06:00:00,2026-08-07 20:10:16,order_items.csv,2026-08-07,Order ID not found in orders
ITEM000170821,ORD00007301,SKU02697,Assimilated directional process improvement,Clothing,9.0,9830.07,88470.63,2025-04-17 06:00:00,2026-08-07 20:10:16,order_items.csv,2026-08-07,Order ID not found in orders
ITEM000171065,ORD00033401,SKU01882,Future-proofed didactic toolset,Sports,9.0,2201.63,19814.67,2025-04-17 06:00:00,2026-08-07 20:10:16,order_items.csv,2026-08-07,Order ID not found in orders
ITEM000171104,ORD00020101,SKU01222,Monitored motivating conglomeration,Toys,6.0,7819.02,46914.12,2025-04-17 06:00:00,2026-08-07 20:10:16,order_items.csv,2026-08-07,Order ID not found in orders
ITEM000171141,ORD00029401,SKU04378,Ergonomic high-level infrastructure,Toys,8.0,1551.98,12415.84,2025-04-17 06:00:00,2026-08-07 20:10:16,order_items.csv,2026-08-07,Order ID not found in orders
ITEM000171319,ORD00046301,SKU02004,Inverse global Internet solution,Sports,7.0,5560.33,38922.31,2025-04-17 06:00:00,2026-08-07 20:10:16,order_items.csv,2026-08-07,Order ID not found in orders
ITEM000171337,ORD00036701,SKU03951,Automated client-server ability,Sports,6.0,14308.97,85853.82,2025-04-17 06:00:00,2026-08-07 20:10:16,order_items.csv,2026-08-07,Order ID not found in orders
ITEM000171386,ORD00001701,SKU02004,Inverse global Internet solution,Sports,10.0,5560.33,55603.3,2025-04-17 06:00:00,2026-08-07 20:10:16,order_items.csv,2026-08-07,Order ID not found in orders
ITEM000171506,ORD00002901,SKU00979,Versatile bifurcated adapter,Sports,3.0,13115.65,39346.95,2025-04-17 06:00:00,2026-08-07 20:10:16,order_items.csv,2026-08-07,Order ID not found in orders
ITEM000171550,ORD00038601,SKU01524,Phased web-enabled database,Home & Kitchen,10.0,56.8,568.0,2025-04-17 06:00:00,2026-08-07 20:10:16,order_items.csv,2026-08-07,Order ID not found in orders
ITEM000171756,ORD00007101,SKU02677,Customer-focused hybrid pricing structure,Beauty,8.0,1132.29,9058.32,2025-04-17 06:00:00,2026-08-07 20:10:16,order_items.csv,2026-08-07,Order ID not found in orders
ITEM000171979,ORD00041301,SKU01817,Persevering hybrid protocol,Toys,2.0,14017.36,28034.72,2025-04-17 06:00:00,2026-08-07 20:10:16,order_items.csv,2026-08-07,Order ID not found in orders
ITEM000172250,ORD00029301,SKU03148,Seamless user-facing system engine,Home & Kitchen,3.0,12075.7,36227.1,2025-04-17 06:00:00,2026-08-07 20:10:16,order_items.csv,2026-08-07,Order ID not found in orders
ITEM000172297,ORD00011101,SKU02866,Progressive encompassing flexibility,Books,1.0,5799.62,5799.62,2025-04-17 06:00:00,2026-08-07 20:10:16,order_items.csv,2026-08-07,Order ID not found in orders
ITEM000172349,ORD00002401,SKU02340,Re-contextualized tangible access,Clothing,3.0,13841.57,41524.71,2025-04-17 06:00:00,2026-08-07 20:10:16,order_items.csv,2026-08-07,Order ID not found in orders
ITEM000172358,ORD00038701,SKU02219,Managed explicit structure,Home & Kitchen,5.0,3611.49,18057.45,2025-04-17 06:00:00,2026-08-07 20:10:16,order_items.csv,2026-08-07,Order ID not found in orders
ITEM000172451,ORD00039201,SKU03785,Horizontal methodical circuit,Grocery,9.0,13567.0,122103.0,2025-04-17 06:00:00,2026-08-07 20:10:16,order_items.csv,2026-08-07,Order ID not found in orders
ITEM000172467,ORD00010301,SKU00534,Devolved motivating encryption,Toys,2.0,4112.91,8225.82,2025-04-17 06:00:00,2026-08-07 20:10:16,order_items.csv,2026-08-07,Order ID not found in orders
ITEM000172527,ORD00045401,SKU04807,Adaptive 24hour groupware,Grocery,7.0,13134.97,91944.79,2025-04-17 06:00:00,2026-08-07 20:10:16,order_items.csv,2026-08-07,Order ID not found in orders
ITEM000172586,ORD00007101,SKU01907,Cloned cohesive success,Sports,7.0,13347.93,93435.51,2025-04-17 06:00:00,2026-08-07 20:10:16,order_items.csv,2026-08-07,Order ID not found in orders
ITEM000172641,ORD00046601,SKU01800,Adaptive contextually-based data-warehouse,Books,9.0,9698.05,87282.45,2025-04-17 06:00:00,2026-08-07 20:10:16,order_items.csv,2026-08-07,Order ID not found in orders
ITEM000172695,ORD00028801,SKU03678,Configurable cohesive frame,Clothing,8.0,2535.68,20285.44,2025-04-17 06:00:00,2026-08-07 20:10:16,order_items.csv,2026-08-07,Order ID not found in orders
ITEM000172760,ORD00033001,SKU04306,Triple-buffered high-level functionalities,Home & Kitchen,9.0,11957.91,107621.19,2025-04-17 06:00:00,2026-08-07 20:10:16,order_items.csv,2026-08-07,Order ID not found in orders
ITEM000172875,ORD00027101,SKU02629,Ergonomic well-modulated hardware,Electronics,9.0,2336.09,21024.81,2025-04-17 06:00:00,2026-08-07 20:10:16,order_items.csv,2026-08-07,Order ID not found in orders
ITEM000172909,ORD00025401,SKU00010,User-friendly system-worthy parallelism,Beauty,2.0,11638.79,23277.58,2025-04-17 06:00:00,2026-08-07 20:10:16,order_items.csv,2026-08-07,Order ID not found in orders
ITEM000173069,ORD00020001,SKU01660,Customer-focused system-worthy encryption,Electronics,7.0,5718.75,40031.25,2025-04-17 06:00:00,2026-08-07 20:10:16,order_items.csv,2026-08-07,Order ID not found in orders
ITEM000173509,ORD00044701,SKU03603,Open-architected client-driven flexibility,Books,4.0,12418.95,49675.8,2025-04-17 06:00:00,2026-08-07 20:10:16,order_items.csv,2026-08-07,Order ID not found in orders
ITEM000173575,ORD00043801,SKU02823,Inverse explicit algorithm,Books,2.0,5960.95,11921.9,2025-04-17 06:00:00,2026-08-07 20:10:16,order_items.csv,2026-08-07,Order ID not found in orders
ITEM000173679,ORD00044701,SKU00665,Integrated modular interface,Toys,2.0,1057.73,2115.46,2025-04-17 06:00:00,2026-08-07 20:10:16,order_items.csv,2026-08-07,Order ID not found in orders
ITEM000173968,ORD00038201,SKU00794,Switchable coherent infrastructure,Beauty,6.0,12020.18,72121.08,2025-04-17 06:00:00,2026-08-07 20:10:16,order_items.csv,2026-08-07,Order ID not found in orders
ITEM000173999,ORD00041701,SKU01185,Self-enabling multimedia firmware,Beauty,8.0,2177.93,17423.44,2025-04-17 06:00:00,2026-08-07 20:10:16,order_items.csv,2026-08-07,Order ID not found in orders
ITEM000174030,ORD00039801,SKU01137,Diverse solution-oriented model,Sports,2.0,1218.7,2437.4,2025-04-17 06:00:00,2026-08-07 20:10:16,order_items.csv,2026-08-07,Order ID not found in orders
ITEM000174034,ORD00036201,SKU03696,User-friendly non-volatile hub,Books,7.0,2155.46,15088.22,2025-04-17 06:00:00,2026-08-07 20:10:16,order_items.csv,2026-08-07,Order ID not found in orders
ITEM000174128,ORD00021101,SKU04069,Organic content-based superstructure,Beauty,8.0,1761.47,14091.76,2025-04-17 06:00:00,2026-08-07 20:10:16,order_items.csv,2026-08-07,Order ID not found in orders
ITEM000174515,ORD00049001,SKU03453,Face-to-face executive concept,Sports,8.0,6808.36,54466.88,2025-04-17 06:00:00,2026-08-07 20:10:16,order_items.csv,2026-08-07,Order ID not found in orders
ITEM000174518,ORD00008801,SKU04640,Seamless next generation project,Books,6.0,12617.25,75703.5,2025-04-17 06:00:00,2026-08-07 20:10:16,order_items.csv,2026-08-07,Order ID not found in orders
ITEM000174578,ORD00017801,SKU01392,Versatile secondary function,Sports,3.0,12004.56,36013.68,2025-04-17 06:00:00,2026-08-07 20:10:16,order_items.csv,2026-08-07,Order ID not found in orders
ITEM000174624,ORD00021801,SKU03419,Sharable client-driven parallelism,Home & Kitchen,3.0,7743.89,23231.67,2025-04-17 06:00:00,2026-08-07 20:10:16,order_items.csv,2026-08-07,Order ID not found in orders
ITEM000174718,ORD00014601,SKU04359,Mandatory global time-frame,Clothing,2.0,10038.89,20077.78,2025-04-17 06:00:00,2026-08-07 20:10:16,order_items.csv,2026-08-07,Order ID not found in orders
ITEM000174817,ORD00045401,SKU03237,Universal needs-based paradigm,Clothing,6.0,11479.49,68876.94,2025-04-17 06:00:00,2026-08-07 20:10:16,order_items.csv,2026-08-07,Order ID not found in orders
ITEM000174834,ORD00034001,SKU02876,Vision-oriented neutral Graphical User Interface,Electronics,3.0,1799.8,5399.4,2025-04-17 06:00:00,2026-08-07 20:10:16,order_items.csv,2026-08-07,Order ID not found in orders
ITEM000174878,ORD00032601,SKU04139,Triple-buffered tangible encryption,Sports,10.0,8636.03,86360.3,2025-04-17 06:00:00,2026-08-07 20:10:16,order_items.csv,2026-08-07,Order ID not found in orders
ITEM000175136,ORD00002701,SKU03607,Optional static analyzer,Beauty,5.0,12709.86,63549.3,2025-04-17 06:00:00,2026-08-07 20:10:16,order_items.csv,2026-08-07,Order ID not found in orders
ITEM000175268,ORD00013101,SKU02900,Balanced methodical policy,Grocery,2.0,9509.09,19018.18,2025-04-17 06:00:00,2026-08-07 20:10:16,order_items.csv,2026-08-07,Order ID not found in orders
ITEM000175309,ORD00010101,SKU04077,Robust explicit time-frame,Toys,4.0,5402.86,21611.44,2025-04-17 06:00:00,2026-08-07 20:10:16,order_items.csv,2026-08-07,Order ID not found in orders
ITEM000175640,ORD00033901,SKU04090,Seamless value-added concept,Clothing,10.0,11121.29,111212.9,2025-04-17 06:00:00,2026-08-07 20:10:16,order_items.csv,2026-08-07,Order ID not found in orders
ITEM000175805,ORD00006201,SKU03962,Diverse logistical open architecture,Home & Kitchen,7.0,9943.4,69603.8,2025-04-17 06:00:00,2026-08-07 20:10:16,order_items.csv,2026-08-07,Order ID not found in orders
ITEM000175853,ORD00006501,SKU02175,Extended heuristic neural-net,Electronics,8.0,13540.6,108324.8,2025-04-17 06:00:00,2026-08-07 20:10:16,order_items.csv,2026-08-07,Order ID not found in orders
ITEM000175961,ORD00037301,SKU04415,Managed context-sensitive matrix,Sports,1.0,13817.51,13817.51,2025-04-17 06:00:00,2026-08-07 20:10:16,order_items.csv,2026-08-07,Order ID not found in orders
ITEM000175969,ORD00004801,SKU03824,Centralized analyzing policy,Home & Kitchen,9.0,13604.89,122444.01,2025-04-17 06:00:00,2026-08-07 20:10:16,order_items.csv,2026-08-07,Order ID not found in orders
ITEM000175985,ORD00032801,SKU04807,Adaptive 24hour groupware,Grocery,9.0,13134.97,118214.73,2025-04-17 06:00:00,2026-08-07 20:10:16,order_items.csv,2026-08-07,Order ID not found in orders
ITEM000176119,ORD00033201,SKU02905,Operative systematic website,Sports,4.0,8427.23,33708.92,2025-04-17 06:00:00,2026-08-07 20:10:16,order_items.csv,2026-08-07,Order ID not found in orders
ITEM000176312,ORD00022701,SKU04135,Operative hybrid toolset,Sports,6.0,13059.06,78354.36,2025-04-17 06:00:00,2026-08-07 20:10:16,order_items.csv,2026-08-07,Order ID not found in orders
ITEM000176323,ORD00027401,SKU04857,Monitored hybrid database,Toys,8.0,5640.08,45120.64,2025-04-17 06:00:00,2026-08-07 20:10:16,order_items.csv,2026-08-07,Order ID not found in orders
ITEM000176335,ORD00034701,SKU04005,Integrated 24hour instruction set,Home & Kitchen,4.0,7472.21,29888.84,2025-04-17 06:00:00,2026-08-07 20:10:16,order_items.csv,2026-08-07,Order ID not found in orders
ITEM000176443,ORD00036401,SKU01380,Triple-buffered uniform array,Home & Kitchen,4.0,4031.03,16124.12,2025-04-17 06:00:00,2026-08-07 20:10:16,order_items.csv,2026-08-07,Order ID not found in orders
ITEM000176478,ORD00004401,SKU04837,Open-source clear-thinking matrices,Electronics,2.0,13156.65,26313.3,2025-04-17 06:00:00,2026-08-07 20:10:16,order_items.csv,2026-08-07,Order ID not found in orders
ITEM000176596,ORD00048701,SKU02469,Compatible next generation implementation,Home & Kitchen,9.0,6867.02,61803.18,2025-04-17 06:00:00,2026-08-07 20:10:16,order_items.csv,2026-08-07,Order ID not found in orders
ITEM000176807,ORD00014801,SKU02188,Horizontal demand-driven moratorium,Clothing,1.0,2092.15,2092.15,2025-04-17 06:00:00,2026-08-07 20:10:16,order_items.csv,2026-08-07,Order ID not found in orders
ITEM000176829,ORD00031601,SKU01001,Focused motivating process improvement,Home & Kitchen,4.0,14627.62,58510.48,2025-04-17 06:00:00,2026-08-07 20:10:16,order_items.csv,2026-08-07,Order ID not found in orders
ITEM000176850,ORD00038601,SKU03498,Synergistic radical project,Toys,2.0,8925.27,17850.54,2025-04-17 06:00:00,2026-08-07 20:10:16,order_items.csv,2026-08-07,Order ID not found in orders
ITEM000176873,ORD00015301,SKU03775,Customer-focused methodical policy,Electronics,2.0,14701.76,29403.52,2025-04-17 06:00:00,2026-08-07 20:10:16,order_items.csv,2026-08-07,Order ID not found in orders
ITEM000177050,ORD00022801,SKU01942,Triple-buffered heuristic array,Beauty,8.0,2872.59,22980.72,2025-04-17 06:00:00,2026-08-07 20:10:16,order_items.csv,2026-08-07,Order ID not found in orders
ITEM000177077,ORD00039701,SKU01390,Digitized didactic synergy,Toys,8.0,13736.55,109892.4,2025-04-17 06:00:00,2026-08-07 20:10:16,order_items.csv,2026-08-07,Order ID not found in orders
ITEM000177138,ORD00026201,SKU03575,De-engineered cohesive open architecture,Toys,5.0,4582.23,22911.15,2025-04-17 06:00:00,2026-08-07 20:10:16,order_items.csv,2026-08-07,Order ID not found in orders
ITEM000177157,ORD00027001,SKU02826,Open-source uniform standardization,Home & Kitchen,8.0,1321.76,10574.08,2025-04-17 06:00:00,2026-08-07 20:10:16,order_items.csv,2026-08-07,Order ID not found in orders
ITEM000177695,ORD00026401,SKU00152,Focused full-range system engine,Home & Kitchen,3.0,2442.56,7327.68,2025-04-17 06:00:00,2026-08-07 20:10:16,order_items.csv,2026-08-07,Order ID not found in orders
ITEM000177733,ORD00042201,SKU01134,Extended attitude-oriented conglomeration,Electronics,7.0,6238.87,43672.09,2025-04-17 06:00:00,2026-08-07 20:10:16,order_items.csv,2026-08-07,Order ID not found in orders
ITEM000177906,ORD00035301,SKU01683,Total fault-tolerant synergy,Sports,1.0,9815.71,9815.71,2025-04-17 06:00:00,2026-08-07 20:10:16,order_items.csv,2026-08-07,Order ID not found in orders
ITEM000177940,ORD00021601,SKU00086,Secured secondary firmware,Beauty,10.0,10464.48,104644.8,2025-04-17 06:00:00,2026-08-07 20:10:16,order_items.csv,2026-08-07,Order ID not found in orders
ITEM000178117,ORD00034401,SKU01320,Universal exuding hardware,Grocery,7.0,10299.14,72093.98,2025-04-17 06:00:00,2026-08-07 20:10:16,order_items.csv,2026-08-07,Order ID not found in orders
ITEM000178429,ORD00040601,SKU00287,Multi-lateral hybrid Internet solution,Clothing,2.0,10365.75,20731.5,2025-04-17 06:00:00,2026-08-07 20:10:16,order_items.csv,2026-08-07,Order ID not found in orders
ITEM000178450,ORD00034401,SKU00358,Organic encompassing functionalities,Sports,9.0,10630.38,95673.42,2025-04-17 06:00:00,2026-08-07 20:10:16,order_items.csv,2026-08-07,Order ID not found in orders
ITEM000178494,ORD00031201,SKU03959,Open-architected cohesive hardware,Books,3.0,11742.99,35228.97,2025-04-17 06:00:00,2026-08-07 20:10:16,order_items.csv,2026-08-07,Order ID not found in orders
ITEM000178642,ORD00033201,SKU00021,User-centric multi-state open architecture,Clothing,9.0,13378.82,120409.38,2025-04-17 06:00:00,2026-08-07 20:10:16,order_items.csv,2026-08-07,Order ID not found in orders
ITEM000178667,ORD00014201,SKU02175,Extended heuristic neural-net,Electronics,9.0,13540.6,121865.4,2025-04-17 06:00:00,2026-08-07 20:10:16,order_items.csv,2026-08-07,Order ID not found in orders
ITEM000178737,ORD00036201,SKU03507,Innovative background function,Home & Kitchen,10.0,9286.84,92868.4,2025-04-17 06:00:00,2026-08-07 20:10:16,order_items.csv,2026-08-07,Order ID not found in orders
ITEM000178959,ORD00008001,SKU00517,Optional 6thgeneration methodology,Books,10.0,13031.18,130311.8,2025-04-17 06:00:00,2026-08-07 20:10:16,order_items.csv,2026-08-07,Order ID not found in orders
ITEM000179044,ORD00046001,SKU01705,Monitored zero tolerance policy,Home & Kitchen,3.0,10624.87,31874.61,2025-04-17 06:00:00,2026-08-07 20:10:16,order_items.csv,2026-08-07,Order ID not found in orders
ITEM000179114,ORD00004901,SKU01816,Robust value-added application,Clothing,5.0,11634.96,58174.8,2025-04-17 06:00:00,2026-08-07 20:10:16,order_items.csv,2026-08-07,Order ID not found in orders
ITEM000179355,ORD00039201,SKU03520,Reverse-engineered tangible neural-net,Grocery,4.0,10061.09,40244.36,2025-04-17 06:00:00,2026-08-07 20:10:16,order_items.csv,2026-08-07,Order ID not found in orders
ITEM000179413,ORD00024101,SKU02264,Horizontal demand-driven access,Electronics,4.0,12786.36,51145.44,2025-04-17 06:00:00,2026-08-07 20:10:16,order_items.csv,2026-08-07,Order ID not found in orders
ITEM000179419,ORD00033301,SKU03215,Enterprise-wide attitude-oriented algorithm,Grocery,2.0,9523.77,19047.54,2025-04-17 06:00:00,2026-08-07 20:10:16,order_items.csv,2026-08-07,Order ID not found in orders
ITEM000179594,ORD00044101,SKU00090,Up-sized systematic core,Sports,5.0,13178.76,65893.8,2025-04-17 06:00:00,2026-08-07 20:10:16,order_items.csv,2026-08-07,Order ID not found in orders
ITEM000179869,ORD00018301,SKU00538,Profit-focused stable adapter,Grocery,3.0,105.46,316.38,2025-04-17 06:00:00,2026-08-07 20:10:16,order_items.csv,2026-08-07,Order ID not found in orders
ITEM000179998,ORD00049301,SKU04976,Centralized radical product,Grocery,2.0,9639.92,19279.84,2025-04-17 06:00:00,2026-08-07 20:10:16,order_items.csv,2026-08-07,Order ID not found in orders
ITEM000180029,ORD00002801,SKU02193,Distributed needs-based alliance,Electronics,5.0,6788.63,33943.15,2025-04-17 06:00:00,2026-08-07 20:10:16,order_items.csv,2026-08-07,Order ID not found in orders
ITEM000180091,ORD00030801,SKU02888,Inverse 4thgeneration migration,Clothing,4.0,2601.04,10404.16,2025-04-17 06:00:00,2026-08-07 20:10:16,order_items.csv,2026-08-07,Order ID not found in orders
ITEM000180122,ORD00016101,SKU04654,Reactive background infrastructure,Home & Kitchen,1.0,6989.2,6989.2,2025-04-17 06:00:00,2026-08-07 20:10:16,order_items.csv,2026-08-07,Order ID not found in orders
ITEM000180146,ORD00011701,SKU03322,Front-line attitude-oriented structure,Beauty,8.0,1750.9,14007.2,2025-04-17 06:00:00,2026-08-07 20:10:16,order_items.csv,2026-08-07,Order ID not found in orders
ITEM000180325,ORD00003401,SKU04825,Organic hybrid circuit,Sports,3.0,10647.46,31942.38,2025-04-17 06:00:00,2026-08-07 20:10:16,order_items.csv,2026-08-07,Order ID not found in orders
ITEM000180411,ORD00012101,SKU01865,Team-oriented client-server Local Area Network,Books,2.0,9530.34,19060.68,2025-04-17 06:00:00,2026-08-07 20:10:16,order_items.csv,2026-08-07,Order ID not found in orders
ITEM000180558,ORD00004901,SKU01638,Cross-group dedicated archive,Toys,4.0,6162.38,24649.52,2025-04-17 06:00:00,2026-08-07 20:10:16,order_items.csv,2026-08-07,Order ID not found in orders
ITEM000180992,ORD00005001,SKU01818,Intuitive stable installation,Books,8.0,5930.35,47442.8,2025-04-17 06:00:00,2026-08-07 20:10:16,order_items.csv,2026-08-07,Order ID not found in orders
ITEM000181095,ORD00018601,SKU01624,Optional exuding superstructure,Beauty,2.0,3614.47,7228.94,2025-04-17 06:00:00,2026-08-07 20:10:16,order_items.csv,2026-08-07,Order ID not found in orders
ITEM000181153,ORD00037001,SKU03631,Persistent analyzing software,Sports,9.0,6092.97,54836.73,2025-04-17 06:00:00,2026-08-07 20:10:16,order_items.csv,2026-08-07,Order ID not found in orders
ITEM000181272,ORD00023001,SKU04938,Front-line intangible leverage,Toys,9.0,13495.71,121461.39,2025-04-17 06:00:00,2026-08-07 20:10:16,order_items.csv,2026-08-07,Order ID not found in orders
ITEM000181461,ORD00039201,SKU01842,Total maximized hardware,Books,2.0,5096.42,10192.84,2025-04-17 06:00:00,2026-08-07 20:10:16,order_items.csv,2026-08-07,Order ID not found in orders
ITEM000181481,ORD00044001,SKU02489,Public-key attitude-oriented functionalities,Grocery,8.0,8574.38,68595.04,2025-04-17 06:00:00,2026-08-07 20:10:16,order_items.csv,2026-08-07,Order ID not found in orders
ITEM000181518,ORD00020901,SKU00178,Stand-alone user-facing standardization,Electronics,8.0,3149.35,25194.8,2025-04-17 06:00:00,2026-08-07 20:10:16,order_items.csv,2026-08-07,Order ID not found in orders
ITEM000181594,ORD00027501,SKU01003,Assimilated contextually-based concept,Electronics,5.0,12170.6,60853.0,2025-04-17 06:00:00,2026-08-07 20:10:16,order_items.csv,2026-08-07,Order ID not found in orders
ITEM000181637,ORD00032901,SKU00610,Profound static matrix,Home & Kitchen,6.0,11710.98,70265.88,2025-04-17 06:00:00,2026-08-07 20:10:16,order_items.csv,2026-08-07,Order ID not found in orders
ITEM000181870,ORD00029101,SKU04171,Virtual 6thgeneration access,Electronics,2.0,11167.18,22334.36,2025-04-17 06:00:00,2026-08-07 20:10:16,order_items.csv,2026-08-07,Order ID not found in orders
ITEM000181983,ORD00026701,SKU00447,User-centric disintermediate open architecture,Books,9.0,5235.27,47117.43,2025-04-17 06:00:00,2026-08-07 20:10:16,order_items.csv,2026-08-07,Order ID not found in orders
ITEM000182044,ORD00003401,SKU00297,Organic bottom-line challenge,Grocery,8.0,10351.19,82809.52,2025-04-17 06:00:00,2026-08-07 20:10:16,order_items.csv,2026-08-07,Order ID not found in orders
ITEM000182073,ORD00038001,SKU00692,Face-to-face 4thgeneration throughput,Toys,6.0,513.34,3080.04,2025-04-17 06:00:00,2026-08-07 20:10:16,order_items.csv,2026-08-07,Order ID not found in orders
ITEM000182075,ORD00045201,SKU03334,Organized 5thgeneration pricing structure,Toys,2.0,9221.84,18443.68,2025-04-17 06:00:00,2026-08-07 20:10:16,order_items.csv,2026-08-07,Order ID not found in orders
ITEM000182152,ORD00028201,SKU04697,Compatible 4thgeneration function,Home & Kitchen,4.0,2709.41,10837.64,2025-04-17 06:00:00,2026-08-07 20:10:16,order_items.csv,2026-08-07,Order ID not found in orders
ITEM000182153,ORD00045801,SKU00246,Multi-tiered neutral groupware,Beauty,1.0,7040.52,7040.52,2025-04-17 06:00:00,2026-08-07 20:10:16,order_items.csv,2026-08-07,Order ID not found in orders
ITEM000182267,ORD00044101,SKU04432,Triple-buffered static interface,Books,7.0,665.08,4655.56,2025-04-17 06:00:00,2026-08-07 20:10:16,order_items.csv,2026-08-07,Order ID not found in orders
ITEM000182369,ORD00026801,SKU04300,Universal mission-critical alliance,Home & Kitchen,9.0,14706.41,132357.69,2025-04-17 06:00:00,2026-08-07 20:10:16,order_items.csv,2026-08-07,Order ID not found in orders
ITEM000182464,ORD00016201,SKU01409,Digitized logistical moderator,Grocery,10.0,10987.02,109870.2,2025-04-17 06:00:00,2026-08-07 20:10:16,order_items.csv,2026-08-07,Order ID not found in orders
ITEM000182990,ORD00008901,SKU03719,Devolved reciprocal portal,Toys,3.0,12679.81,38039.43,2025-04-17 06:00:00,2026-08-07 20:10:16,order_items.csv,2026-08-07,Order ID not found in orders
ITEM000183218,ORD00018801,SKU03389,Organic object-oriented challenge,Books,9.0,11013.86,99124.74,2025-04-17 06:00:00,2026-08-07 20:10:16,order_items.csv,2026-08-07,Order ID not found in orders
ITEM000183325,ORD00030501,SKU02182,Configurable foreground Local Area Network,Books,7.0,8854.85,61983.95,2025-04-17 06:00:00,2026-08-07 20:10:16,order_items.csv,2026-08-07,Order ID not found in orders
ITEM000183758,ORD00044001,SKU04155,Open-architected methodical contingency,Clothing,4.0,10263.16,41052.64,2025-04-17 06:00:00,2026-08-07 20:10:16,order_items.csv,2026-08-07,Order ID not found in orders
ITEM000183891,ORD00000001,SKU04811,Open-architected content-based productivity,Toys,1.0,2010.95,2010.95,2025-04-17 06:00:00,2026-08-07 20:10:16,order_items.csv,2026-08-07,Order ID not found in orders
ITEM000183970,ORD00041801,SKU04251,Enhanced heuristic solution,Grocery,1.0,13406.88,13406.88,2025-04-17 06:00:00,2026-08-07 20:10:16,order_items.csv,2026-08-07,Order ID not found in orders
ITEM000184063,ORD00034301,SKU02705,Team-oriented heuristic core,Toys,8.0,12698.18,101585.44,2025-04-17 06:00:00,2026-08-07 20:10:16,order_items.csv,2026-08-07,Order ID not found in orders
ITEM000184172,ORD00004001,SKU04275,Open-source motivating superstructure,Clothing,1.0,10463.07,10463.07,2025-04-17 06:00:00,2026-08-07 20:10:16,order_items.csv,2026-08-07,Order ID not found in orders
ITEM000184505,ORD00028401,SKU01750,Organized didactic framework,Books,1.0,9814.13,9814.13,2025-04-17 06:00:00,2026-08-07 20:10:16,order_items.csv,2026-08-07,Order ID not found in orders
ITEM000184515,ORD00038101,SKU00829,Re-contextualized zero administration intranet,Electronics,2.0,13597.25,27194.5,2025-04-17 06:00:00,2026-08-07 20:10:16,order_items.csv,2026-08-07,Order ID not found in orders
ITEM000184538,ORD00012801,SKU03414,Fundamental systemic capability,Sports,8.0,10826.75,86614.0,2025-04-17 06:00:00,2026-08-07 20:10:16,order_items.csv,2026-08-07,Order ID not found in orders
ITEM000184604,ORD00031301,SKU00754,Balanced systematic leverage,Home & Kitchen,5.0,8209.05,41045.25,2025-04-17 06:00:00,2026-08-07 20:10:16,order_items.csv,2026-08-07,Order ID not found in orders
ITEM000184828,ORD00006801,SKU04707,Phased empowering middleware,Grocery,1.0,1713.35,1713.35,2025-04-17 06:00:00,2026-08-07 20:10:16,order_items.csv,2026-08-07,Order ID not found in orders
ITEM000184853,ORD00019701,SKU01716,Ameliorated zero-defect infrastructure,Clothing,9.0,5449.82,49048.38,2025-04-17 06:00:00,2026-08-07 20:10:16,order_items.csv,2026-08-07,Order ID not found in orders
ITEM000184863,ORD00000301,SKU03662,Self-enabling motivating hardware,Beauty,6.0,6845.42,41072.52,2025-04-17 06:00:00,2026-08-07 20:10:16,order_items.csv,2026-08-07,Order ID not found in orders
ITEM000185160,ORD00001501,SKU01946,Reduced dedicated toolset,Clothing,7.0,9144.6,64012.2,2025-04-17 06:00:00,2026-08-07 20:10:16,order_items.csv,2026-08-07,Order ID not found in orders
ITEM000185254,ORD00045301,SKU02053,Switchable leadingedge project,Grocery,1.0,3859.19,3859.19,2025-04-17 06:00:00,2026-08-07 20:10:16,order_items.csv,2026-08-07,Order ID not found in orders
ITEM000185272,ORD00021401,SKU01332,Progressive 24/7 knowledgebase,Beauty,5.0,8637.64,43188.2,2025-04-17 06:00:00,2026-08-07 20:10:16,order_items.csv,2026-08-07,Order ID not found in orders
ITEM000185304,ORD00017101,SKU04357,Expanded multimedia secured line,Clothing,6.0,12874.8,77248.8,2025-04-17 06:00:00,2026-08-07 20:10:16,order_items.csv,2026-08-07,Order ID not found in orders
ITEM000185306,ORD00012701,SKU02448,Pre-emptive local forecast,Beauty,8.0,5744.31,45954.48,2025-04-17 06:00:00,2026-08-07 20:10:16,order_items.csv,2026-08-07,Order ID not found in orders
ITEM000185383,ORD00015501,SKU00984,Down-sized tertiary encryption,Electronics,5.0,13778.64,68893.2,2025-04-17 06:00:00,2026-08-07 20:10:16,order_items.csv,2026-08-07,Order ID not found in orders
ITEM000185641,ORD00013901,SKU01630,Switchable empowering installation,Beauty,9.0,5417.67,48759.03,2025-04-17 06:00:00,2026-08-07 20:10:16,order_items.csv,2026-08-07,Order ID not found in orders
ITEM000185745,ORD00036901,SKU00050,Decentralized system-worthy matrices,Beauty,9.0,719.78,6478.02,2025-04-17 06:00:00,2026-08-07 20:10:16,order_items.csv,2026-08-07,Order ID not found in orders
ITEM000185846,ORD00018701,SKU04674,Persevering bi-directional migration,Electronics,6.0,146.77,880.62,2025-04-17 06:00:00,2026-08-07 20:10:16,order_items.csv,2026-08-07,Order ID not found in orders
ITEM000185909,ORD00035201,SKU03855,Inverse bi-directional website,Sports,1.0,13250.25,13250.25,2025-04-17 06:00:00,2026-08-07 20:10:16,order_items.csv,2026-08-07,Order ID not found in orders
ITEM000185957,ORD00033401,SKU01855,Multi-layered neutral portal,Home & Kitchen,2.0,552.27,1104.54,2025-04-17 06:00:00,2026-08-07 20:10:16,order_items.csv,2026-08-07,Order ID not found in orders
ITEM000185986,ORD00043101,SKU03272,Mandatory client-driven customer loyalty,Clothing,6.0,9092.48,54554.88,2025-04-17 06:00:00,2026-08-07 20:10:16,order_items.csv,2026-08-07,Order ID not found in orders
ITEM000186414,ORD00034801,SKU04055,Organized intangible info-mediaries,Toys,7.0,10709.05,74963.35,2025-04-17 06:00:00,2026-08-07 20:10:16,order_items.csv,2026-08-07,Order ID not found in orders
ITEM000186637,ORD00015001,SKU00044,Function-based full-range workforce,Home & Kitchen,5.0,8339.55,41697.75,2025-04-17 06:00:00,2026-08-07 20:10:16,order_items.csv,2026-08-07,Order ID not found in orders
ITEM000186765,ORD00016801,SKU00359,Cloned impactful model,Beauty,6.0,9832.77,58996.62,2025-04-17 06:00:00,2026-08-07 20:10:16,order_items.csv,2026-08-07,Order ID not found in orders
ITEM000186839,ORD00004601,SKU04691,Right-sized transitional budgetary management,Home & Kitchen,5.0,6313.01,31565.05,2025-04-17 06:00:00,2026-08-07 20:10:16,order_items.csv,2026-08-07,Order ID not found in orders
ITEM000186866,ORD00009301,SKU04166,Open-source next generation moderator,Books,2.0,7199.96,14399.92,2025-04-17 06:00:00,2026-08-07 20:10:16,order_items.csv,2026-08-07,Order ID not found in orders
ITEM000186895,ORD00003401,SKU04645,Seamless foreground framework,Grocery,3.0,3936.12,11808.36,2025-04-17 06:00:00,2026-08-07 20:10:16,order_items.csv,2026-08-07,Order ID not found in orders
ITEM000186916,ORD00002101,SKU00712,Innovative explicit definition,Toys,7.0,1747.51,12232.57,2025-04-17 06:00:00,2026-08-07 20:10:16,order_items.csv,2026-08-07,Order ID not found in orders
ITEM000187160,ORD00032101,SKU01778,Quality-focused analyzing frame,Home & Kitchen,3.0,4392.53,13177.59,2025-04-17 06:00:00,2026-08-07 20:10:16,order_items.csv,2026-08-07,Order ID not found in orders
ITEM000187205,ORD00012501,SKU01845,Innovative asymmetric customer loyalty,Home & Kitchen,2.0,9127.89,18255.78,2025-04-17 06:00:00,2026-08-07 20:10:16,order_items.csv,2026-08-07,Order ID not found in orders
ITEM000187354,ORD00007101,SKU00648,Front-line context-sensitive synergy,Sports,1.0,4387.74,4387.74,2025-04-17 06:00:00,2026-08-07 20:10:16,order_items.csv,2026-08-07,Order ID not found in orders
ITEM000187417,ORD00009601,SKU02606,Front-line exuding standardization,Grocery,6.0,10075.41,60452.46,2025-04-17 06:00:00,2026-08-07 20:10:16,order_items.csv,2026-08-07,Order ID not found in orders
ITEM000187611,ORD00020401,SKU03160,Optional discrete pricing structure,Beauty,2.0,10531.73,21063.46,2025-04-17 06:00:00,2026-08-07 20:10:16,order_items.csv,2026-08-07,Order ID not found in orders
ITEM000187806,ORD00025901,SKU02090,Persistent coherent orchestration,Home & Kitchen,9.0,10017.11,90153.99,2025-04-17 06:00:00,2026-08-07 20:10:16,order_items.csv,2026-08-07,Order ID not found in orders
ITEM000188033,ORD00036101,SKU00443,Self-enabling secondary application,Books,4.0,9454.62,37818.48,2025-04-17 06:00:00,2026-08-07 20:10:16,order_items.csv,2026-08-07,Order ID not found in orders
ITEM000188072,ORD00036501,SKU00204,Implemented optimal monitoring,Books,2.0,5296.89,10593.78,2025-04-17 06:00:00,2026-08-07 20:10:16,order_items.csv,2026-08-07,Order ID not found in orders
ITEM000188112,ORD00034201,SKU03587,Intuitive tertiary synergy,Electronics,6.0,14246.45,85478.7,2025-04-17 06:00:00,2026-08-07 20:10:16,order_items.csv,2026-08-07,Order ID not found in orders
ITEM000188136,ORD00044101,SKU03471,Organized homogeneous instruction set,Home & Kitchen,8.0,13326.37,106610.96,2025-04-17 06:00:00,2026-08-07 20:10:16,order_items.csv,2026-08-07,Order ID not found in orders
ITEM000188151,ORD00034101,SKU04554,Up-sized high-level project,Beauty,1.0,12857.21,12857.21,2025-04-17 06:00:00,2026-08-07 20:10:16,order_items.csv,2026-08-07,Order ID not found in orders
ITEM000188177,ORD00036701,SKU03759,Up-sized asymmetric website,Home & Kitchen,6.0,10567.16,63402.96,2025-04-17 06:00:00,2026-08-07 20:10:16,order_items.csv,2026-08-07,Order ID not found in orders
ITEM000188391,ORD00031101,SKU04790,Reduced grid-enabled core,Books,10.0,1501.52,15015.2,2025-04-17 06:00:00,2026-08-07 20:10:16,order_items.csv,2026-08-07,Order ID not found in orders
ITEM000188438,ORD00039301,SKU04747,Compatible zero administration data-warehouse,Grocery,8.0,13691.78,109534.24,2025-04-17 06:00:00,2026-08-07 20:10:16,order_items.csv,2026-08-07,Order ID not found in orders
ITEM000188453,ORD00014701,SKU04961,Grass-roots systematic functionalities,Beauty,8.0,6537.58,52300.64,2025-04-17 06:00:00,2026-08-07 20:10:16,order_items.csv,2026-08-07,Order ID not found in orders
ITEM000188456,ORD00022401,SKU01867,Profound homogeneous function,Beauty,1.0,8295.36,8295.36,2025-04-17 06:00:00,2026-08-07 20:10:16,order_items.csv,2026-08-07,Order ID not found in orders
ITEM000188467,ORD00045901,SKU02972,Object-based zero administration analyzer,Grocery,4.0,12094.82,48379.28,2025-04-17 06:00:00,2026-08-07 20:10:16,order_items.csv,2026-08-07,Order ID not found in orders
ITEM000188520,ORD00018101,SKU01489,Digitized systematic alliance,Home & Kitchen,8.0,6078.3,48626.4,2025-04-17 06:00:00,2026-08-07 20:10:16,order_items.csv,2026-08-07,Order ID not found in orders
ITEM000188593,ORD00012301,SKU01027,Programmable systemic throughput,Home & Kitchen,8.0,5088.43,40707.44,2025-04-17 06:00:00,2026-08-07 20:10:16,order_items.csv,2026-08-07,Order ID not found in orders
ITEM000189073,ORD00005101,SKU01287,Digitized encompassing solution,Toys,8.0,14030.85,112246.8,2025-04-17 06:00:00,2026-08-07 20:10:16,order_items.csv,2026-08-07,Order ID not found in orders
ITEM000189212,ORD00015801,SKU01119,Open-architected client-driven policy,Clothing,6.0,8337.79,50026.74,2025-04-17 06:00:00,2026-08-07 20:10:16,order_items.csv,2026-08-07,Order ID not found in orders
ITEM000189220,ORD00041501,SKU01873,Cloned even-keeled architecture,Beauty,1.0,1667.97,1667.97,2025-04-17 06:00:00,2026-08-07 20:10:16,order_items.csv,2026-08-07,Order ID not found in orders
ITEM000189307,ORD00038101,SKU01049,Focused solution-oriented complexity,Grocery,2.0,3386.15,6772.3,2025-04-17 06:00:00,2026-08-07 20:10:16,order_items.csv,2026-08-07,Order ID not found in orders
ITEM000189316,ORD00045201,SKU01912,Re-engineered local leverage,Toys,1.0,8804.97,8804.97,2025-04-17 06:00:00,2026-08-07 20:10:16,order_items.csv,2026-08-07,Order ID not found in orders
ITEM000189459,ORD00001101,SKU02940,Open-architected 4thgeneration structure,Beauty,7.0,374.52,2621.64,2025-04-17 06:00:00,2026-08-07 20:10:16,order_items.csv,2026-08-07,Order ID not found in orders
ITEM000189507,ORD00015701,SKU01838,Visionary transitional product,Grocery,8.0,1488.08,11904.64,2025-04-17 06:00:00,2026-08-07 20:10:16,order_items.csv,2026-08-07,Order ID not found in orders
ITEM000189580,ORD00005001,SKU01801,Diverse 24hour interface,Toys,4.0,12016.08,48064.32,2025-04-17 06:00:00,2026-08-07 20:10:16,order_items.csv,2026-08-07,Order ID not found in orders
ITEM000189613,ORD00018701,SKU04233,Visionary real-time alliance,Toys,6.0,4556.3,27337.8,2025-04-17 06:00:00,2026-08-07 20:10:16,order_items.csv,2026-08-07,Order ID not found in orders
ITEM000189663,ORD00014101,SKU00926,Versatile eco-centric process improvement,Electronics,5.0,11731.2,58656.0,2025-04-17 06:00:00,2026-08-07 20:10:16,order_items.csv,2026-08-07,Order ID not found in orders
ITEM000189742,ORD00007501,SKU02804,Reactive coherent core,Electronics,2.0,5981.09,11962.18,2025-04-17 06:00:00,2026-08-07 20:10:16,order_items.csv,2026-08-07,Order ID not found in orders
ITEM000189774,ORD00005501,SKU02434,Decentralized 4thgeneration support,Toys,8.0,5348.62,42788.96,2025-04-17 06:00:00,2026-08-07 20:10:16,order_items.csv,2026-08-07,Order ID not found in orders
ITEM000189840,ORD00003401,SKU03228,Pre-emptive 4thgeneration parallelism,Clothing,2.0,11865.1,23730.2,2025-04-17 06:00:00,2026-08-07 20:10:16,order_items.csv,2026-08-07,Order ID not found in orders
ITEM000190012,ORD00020301,SKU01706,Reverse-engineered eco-centric database,Home & Kitchen,9.0,616.02,5544.18,2025-04-17 06:00:00,2026-08-07 20:10:16,order_items.csv,2026-08-07,Order ID not found in orders
ITEM000190065,ORD00016301,SKU04208,Focused mission-critical open system,Books,5.0,955.33,4776.65,2025-04-17 06:00:00,2026-08-07 20:10:16,order_items.csv,2026-08-07,Order ID not found in orders
ITEM000190229,ORD00034601,SKU00330,Robust intangible installation,Grocery,2.0,10161.02,20322.04,2025-04-17 06:00:00,2026-08-07 20:10:16,order_items.csv,2026-08-07,Order ID not found in orders
ITEM000190282,ORD00010501,SKU02575,Optional exuding core,Sports,1.0,14389.89,14389.89,2025-04-17 06:00:00,2026-08-07 20:10:16,order_items.csv,2026-08-07,Order ID not found in orders
ITEM000190307,ORD00041501,SKU04990,Synchronized 3rdgeneration model,Home & Kitchen,4.0,6860.76,27443.04,2025-04-17 06:00:00,2026-08-07 20:10:16,order_items.csv,2026-08-07,Order ID not found in orders
ITEM000190417,ORD00018601,SKU03731,Optimized empowering ability,Sports,4.0,1662.86,6651.44,2025-04-17 06:00:00,2026-08-07 20:10:16,order_items.csv,2026-08-07,Order ID not found in orders
ITEM000190477,ORD00037601,SKU02963,Advanced value-added product,Books,8.0,10380.06,83040.48,2025-04-17 06:00:00,2026-08-07 20:10:16,order_items.csv,2026-08-07,Order ID not found in orders
ITEM000190529,ORD00042501,SKU00290,Public-key object-oriented challenge,Sports,4.0,9945.04,39780.16,2025-04-17 06:00:00,2026-08-07 20:10:16,order_items.csv,2026-08-07,Order ID not found in orders
ITEM000190811,ORD00002301,SKU00369,Extended 4thgeneration contingency,Electronics,4.0,10197.1,40788.4,2025-04-17 06:00:00,2026-08-07 20:10:16,order_items.csv,2026-08-07,Order ID not found in orders
ITEM000190877,ORD00042001,SKU01054,Visionary fault-tolerant Internet solution,Home & Kitchen,9.0,1592.29,14330.61,2025-04-17 06:00:00,2026-08-07 20:10:16,order_items.csv,2026-08-07,Order ID not found in orders
ITEM000190892,ORD00020801,SKU04168,Open-architected actuating software,Sports,8.0,7814.46,62515.68,2025-04-17 06:00:00,2026-08-07 20:10:16,order_items.csv,2026-08-07,Order ID not found in orders
ITEM000190925,ORD00036601,SKU02350,Assimilated discrete groupware,Beauty,2.0,13681.35,27362.7,2025-04-17 06:00:00,2026-08-07 20:10:16,order_items.csv,2026-08-07,Order ID not found in orders
ITEM000190987,ORD00015201,SKU02690,Decentralized bi-directional customer loyalty,Grocery,10.0,2396.9,23969.0,2025-04-17 06:00:00,2026-08-07 20:10:16,order_items.csv,2026-08-07,Order ID not found in orders
ITEM000191043,ORD00033101,SKU01667,Phased coherent hardware,Sports,8.0,12772.73,102181.84,2025-04-17 06:00:00,2026-08-07 20:10:16,order_items.csv,2026-08-07,Order ID not found in orders
ITEM000191121,ORD00040001,SKU01751,Ameliorated mobile analyzer,Books,1.0,6844.99,6844.99,2025-04-17 06:00:00,2026-08-07 20:10:16,order_items.csv,2026-08-07,Order ID not found in orders
ITEM000191164,ORD00021201,SKU04370,Multi-layered coherent artificial intelligence,Home & Kitchen,9.0,10355.6,93200.4,2025-04-17 06:00:00,2026-08-07 20:10:16,order_items.csv,2026-08-07,Order ID not found in orders
ITEM000191253,ORD00012401,SKU02927,Public-key 5thgeneration intranet,Books,5.0,3668.29,18341.45,2025-04-17 06:00:00,2026-08-07 20:10:16,order_items.csv,2026-08-07,Order ID not found in orders
ITEM000191267,ORD00025301,SKU02557,Stand-alone methodical concept,Toys,1.0,1236.72,1236.72,2025-04-17 06:00:00,2026-08-07 20:10:16,order_items.csv,2026-08-07,Order ID not found in orders
ITEM000191273,ORD00021901,SKU02347,Programmable asynchronous middleware,Grocery,10.0,13999.02,139990.2,2025-04-17 06:00:00,2026-08-07 20:10:16,order_items.csv,2026-08-07,Order ID not found in orders
ITEM000191334,ORD00025901,SKU01215,De-engineered bi-directional collaboration,Books,9.0,7041.85,63376.65,2025-04-17 06:00:00,2026-08-07 20:10:16,order_items.csv,2026-08-07,Order ID not found in orders
ITEM000191461,ORD00048201,SKU02153,Down-sized 5thgeneration time-frame,Beauty,7.0,759.17,5314.19,2025-04-17 06:00:00,2026-08-07 20:10:16,order_items.csv,2026-08-07,Order ID not found in orders
ITEM000191558,ORD00009601,SKU02351,Implemented fault-tolerant Graphical User Interfac,Clothing,10.0,9386.58,93865.8,2025-04-17 06:00:00,2026-08-07 20:10:16,order_items.csv,2026-08-07,Order ID not found in orders
ITEM000191564,ORD00025801,SKU03473,Programmable next generation budgetary management,Home & Kitchen,5.0,5507.4,27537.0,2025-04-17 06:00:00,2026-08-07 20:10:16,order_items.csv,2026-08-07,Order ID not found in orders
ITEM000191610,ORD00022401,SKU04459,Pre-emptive stable installation,Grocery,10.0,8939.77,89397.7,2025-04-17 06:00:00,2026-08-07 20:10:16,order_items.csv,2026-08-07,Order ID not found in orders
ITEM000191694,ORD00016101,SKU04297,Fundamental dynamic data-warehouse,Books,9.0,7364.76,66282.84,2025-04-17 06:00:00,2026-08-07 20:10:16,order_items.csv,2026-08-07,Order ID not found in orders
ITEM000191718,ORD00049801,SKU03084,Customer-focused 24/7 leverage,Toys,7.0,110.81,775.67,2025-04-17 06:00:00,2026-08-07 20:10:16,order_items.csv,2026-08-07,Order ID not found in orders
ITEM000191808,ORD00045601,SKU04703,Devolved coherent strategy,Sports,8.0,11890.53,95124.24,2025-04-17 06:00:00,2026-08-07 20:10:16,order_items.csv,2026-08-07,Order ID not found in orders
ITEM000191990,ORD00032301,SKU01090,Synergized bifurcated policy,Sports,3.0,8831.71,26495.13,2025-04-17 06:00:00,2026-08-07 20:10:16,order_items.csv,2026-08-07,Order ID not found in orders
ITEM000192043,ORD00003201,SKU04216,Pre-emptive attitude-oriented support,Toys,5.0,9737.09,48685.45,2025-04-17 06:00:00,2026-08-07 20:10:16,order_items.csv,2026-08-07,Order ID not found in orders
ITEM000192050,ORD00040201,SKU03510,Organic even-keeled Graphical User Interface,Electronics,5.0,3380.76,16903.8,2025-04-17 06:00:00,2026-08-07 20:10:16,order_items.csv,2026-08-07,Order ID not found in orders
ITEM000192098,ORD00029701,SKU04051,Business-focused intermediate architecture,Books,10.0,7919.1,79191.0,2025-04-17 06:00:00,2026-08-07 20:10:16,order_items.csv,2026-08-07,Order ID not found in orders
ITEM000192127,ORD00024301,SKU02975,Re-engineered leadingedge task-force,Toys,5.0,3369.16,16845.8,2025-04-17 06:00:00,2026-08-07 20:10:16,order_items.csv,2026-08-07,Order ID not found in orders
ITEM000192259,ORD00045701,SKU01737,Horizontal heuristic contingency,Beauty,9.0,8646.85,77821.65,2025-04-17 06:00:00,2026-08-07 20:10:16,order_items.csv,2026-08-07,Order ID not found in orders
ITEM000192320,ORD00005601,SKU01466,Innovative empowering array,Toys,7.0,471.16,3298.12,2025-04-17 06:00:00,2026-08-07 20:10:16,order_items.csv,2026-08-07,Order ID not found in orders
ITEM000192545,ORD00018401,SKU02363,Realigned bottom-line hierarchy,Sports,9.0,3916.42,35247.78,2025-04-17 06:00:00,2026-08-07 20:10:16,order_items.csv,2026-08-07,Order ID not found in orders
ITEM000192757,ORD00020301,SKU01267,User-friendly disintermediate challenge,Sports,10.0,12584.54,125845.4,2025-04-17 06:00:00,2026-08-07 20:10:16,order_items.csv,2026-08-07,Order ID not found in orders
ITEM000192819,ORD00049701,SKU03143,Optimized regional capacity,Toys,2.0,1178.26,2356.52,2025-04-17 06:00:00,2026-08-07 20:10:16,order_items.csv,2026-08-07,Order ID not found in orders
ITEM000192865,ORD00016601,SKU03700,Organic leadingedge knowledge user,Toys,7.0,1929.29,13505.03,2025-04-17 06:00:00,2026-08-07 20:10:16,order_items.csv,2026-08-07,Order ID not found in orders
ITEM000193089,ORD00011701,SKU01107,Multi-layered zero administration initiative,Clothing,10.0,7271.26,72712.6,2025-04-17 06:00:00,2026-08-07 20:10:16,order_items.csv,2026-08-07,Order ID not found in orders
ITEM000193098,ORD00029801,SKU02157,Object-based mobile alliance,Clothing,4.0,7532.44,30129.76,2025-04-17 06:00:00,2026-08-07 20:10:16,order_items.csv,2026-08-07,Order ID not found in orders
ITEM000193106,ORD00028601,SKU04401,Fully-configurable user-facing middleware,Toys,6.0,2982.41,17894.46,2025-04-17 06:00:00,2026-08-07 20:10:16,order_items.csv,2026-08-07,Order ID not found in orders
ITEM000193121,ORD00005101,SKU04514,Streamlined optimal help-desk,Grocery,1.0,2652.32,2652.32,2025-04-17 06:00:00,2026-08-07 20:10:16,order_items.csv,2026-08-07,Order ID not found in orders
ITEM000193287,ORD00033301,SKU04447,Proactive even-keeled knowledge user,Electronics,6.0,9970.25,59821.5,2025-04-17 06:00:00,2026-08-07 20:10:16,order_items.csv,2026-08-07,Order ID not found in orders
ITEM000193391,ORD00013201,SKU02430,Multi-tiered empowering ability,Sports,3.0,8792.58,26377.74,2025-04-17 06:00:00,2026-08-07 20:10:16,order_items.csv,2026-08-07,Order ID not found in orders
ITEM000193468,ORD00046601,SKU00866,Open-source multi-state projection,Electronics,7.0,1322.89,9260.23,2025-04-17 06:00:00,2026-08-07 20:10:16,order_items.csv,2026-08-07,Order ID not found in orders
ITEM000193515,ORD00027301,SKU04692,Universal bandwidth-monitored analyzer,Clothing,8.0,9908.99,79271.92,2025-04-17 06:00:00,2026-08-07 20:10:16,order_items.csv,2026-08-07,Order ID not found in orders
ITEM000193533,ORD00014001,SKU02246,Cloned directional process improvement,Home & Kitchen,5.0,6227.46,31137.3,2025-04-17 06:00:00,2026-08-07 20:10:16,order_items.csv,2026-08-07,Order ID not found in orders
ITEM000193537,ORD00003601,SKU02209,Monitored solution-oriented service-desk,Grocery,4.0,4337.21,17348.84,2025-04-17 06:00:00,2026-08-07 20:10:16,order_items.csv,2026-08-07,Order ID not found in orders
ITEM000193689,ORD00040901,SKU00717,Compatible coherent forecast,Electronics,9.0,6592.11,59328.99,2025-04-17 06:00:00,2026-08-07 20:10:16,order_items.csv,2026-08-07,Order ID not found in orders
ITEM000193789,ORD00021201,SKU01626,Future-proofed 24/7 array,Home & Kitchen,7.0,6748.47,47239.29,2025-04-17 06:00:00,2026-08-07 20:10:16,order_items.csv,2026-08-07,Order ID not found in orders
ITEM000193842,ORD00046101,SKU00568,Triple-buffered human-resource methodology,Home & Kitchen,9.0,12993.06,116937.54,2025-04-17 06:00:00,2026-08-07 20:10:16,order_items.csv,2026-08-07,Order ID not found in orders
ITEM000193898,ORD00019601,SKU04955,Balanced optimal task-force,Home & Kitchen,10.0,12981.01,129810.1,2025-04-17 06:00:00,2026-08-07 20:10:16,order_items.csv,2026-08-07,Order ID not found in orders
ITEM000193940,ORD00007001,SKU03535,Diverse asymmetric flexibility,Sports,9.0,5037.98,45341.82,2025-04-17 06:00:00,2026-08-07 20:10:16,order_items.csv,2026-08-07,Order ID not found in orders
ITEM000194142,ORD00022701,SKU00220,Re-contextualized dynamic productivity,Electronics,10.0,2602.15,26021.5,2025-04-17 06:00:00,2026-08-07 20:10:16,order_items.csv,2026-08-07,Order ID not found in orders
ITEM000194227,ORD00049401,SKU04761,Synchronized directional migration,Beauty,8.0,1872.73,14981.84,2025-04-17 06:00:00,2026-08-07 20:10:16,order_items.csv,2026-08-07,Order ID not found in orders
ITEM000194351,ORD00020301,SKU01808,Sharable tertiary flexibility,Clothing,7.0,4183.38,29283.66,2025-04-17 06:00:00,2026-08-07 20:10:16,order_items.csv,2026-08-07,Order ID not found in orders
ITEM000194543,ORD00049301,SKU04705,Expanded zero tolerance complexity,Sports,6.0,11006.98,66041.88,2025-04-17 06:00:00,2026-08-07 20:10:16,order_items.csv,2026-08-07,Order ID not found in orders
ITEM000194697,ORD00047301,SKU02450,Enhanced grid-enabled software,Home & Kitchen,4.0,3637.89,14551.56,2025-04-17 06:00:00,2026-08-07 20:10:16,order_items.csv,2026-08-07,Order ID not found in orders
ITEM000194720,ORD00007901,SKU04767,Phased bottom-line access,Clothing,4.0,13699.18,54796.72,2025-04-17 06:00:00,2026-08-07 20:10:16,order_items.csv,2026-08-07,Order ID not found in orders
ITEM000194806,ORD00013601,SKU01478,Expanded optimizing open system,Beauty,2.0,5830.1,11660.2,2025-04-17 06:00:00,2026-08-07 20:10:16,order_items.csv,2026-08-07,Order ID not found in orders
ITEM000194987,ORD00040201,SKU02521,Upgradable mission-critical benchmark,Home & Kitchen,5.0,12916.47,64582.35,2025-04-17 06:00:00,2026-08-07 20:10:16,order_items.csv,2026-08-07,Order ID not found in orders
ITEM000195017,ORD00049301,SKU02664,Business-focused web-enabled success,Sports,4.0,3974.26,15897.04,2025-04-17 06:00:00,2026-08-07 20:10:16,order_items.csv,2026-08-07,Order ID not found in orders
ITEM000195234,ORD00041501,SKU00369,Extended 4thgeneration contingency,Electronics,6.0,10197.1,61182.6,2025-04-17 06:00:00,2026-08-07 20:10:16,order_items.csv,2026-08-07,Order ID not found in orders
ITEM000195294,ORD00022001,SKU02643,Networked uniform software,Books,1.0,3573.9,3573.9,2025-04-17 06:00:00,2026-08-07 20:10:16,order_items.csv,2026-08-07,Order ID not found in orders
ITEM000195300,ORD00009701,SKU02501,Adaptive content-based secured line,Clothing,1.0,8815.54,8815.54,2025-04-17 06:00:00,2026-08-07 20:10:16,order_items.csv,2026-08-07,Order ID not found in orders
ITEM000195352,ORD00034801,SKU04060,Profit-focused context-sensitive framework,Books,4.0,6277.8,25111.2,2025-04-17 06:00:00,2026-08-07 20:10:16,order_items.csv,2026-08-07,Order ID not found in orders
ITEM000195398,ORD00004901,SKU01796,Reactive web-enabled service-desk,Grocery,1.0,7961.84,7961.84,2025-04-17 06:00:00,2026-08-07 20:10:16,order_items.csv,2026-08-07,Order ID not found in orders
ITEM000195462,ORD00040101,SKU02834,Switchable real-time analyzer,Electronics,1.0,14760.51,14760.51,2025-04-17 06:00:00,2026-08-07 20:10:16,order_items.csv,2026-08-07,Order ID not found in orders
ITEM000195463,ORD00030801,SKU04425,Synergistic optimal groupware,Electronics,3.0,10638.99,31916.97,2025-04-17 06:00:00,2026-08-07 20:10:16,order_items.csv,2026-08-07,Order ID not found in orders
ITEM000195555,ORD00015801,SKU02081,Front-line optimizing extranet,Clothing,6.0,4704.32,28225.92,2025-04-17 06:00:00,2026-08-07 20:10:16,order_items.csv,2026-08-07,Order ID not found in orders
ITEM000195635,ORD00023101,SKU01404,Future-proofed object-oriented core,Clothing,8.0,7954.74,63637.92,2025-04-17 06:00:00,2026-08-07 20:10:16,order_items.csv,2026-08-07,Order ID not found in orders
ITEM000195755,ORD00009501,SKU00005,Upgradable mission-critical implementation,Books,4.0,6116.95,24467.8,2025-04-17 06:00:00,2026-08-07 20:10:16,order_items.csv,2026-08-07,Order ID not found in orders
ITEM000195851,ORD00021701,SKU01000,Implemented mobile data-warehouse,Beauty,5.0,6917.64,34588.2,2025-04-17 06:00:00,2026-08-07 20:10:16,order_items.csv,2026-08-07,Order ID not found in orders
ITEM000195946,ORD00000101,SKU02233,Future-proofed bandwidth-monitored encryption,Clothing,10.0,12899.24,128992.4,2025-04-17 06:00:00,2026-08-07 20:10:16,order_items.csv,2026-08-07,Order ID not found in orders
ITEM000195965,ORD00042401,SKU01332,Progressive 24/7 knowledgebase,Beauty,6.0,8637.64,51825.84,2025-04-17 06:00:00,2026-08-07 20:10:16,order_items.csv,2026-08-07,Order ID not found in orders
ITEM000195972,ORD00021901,SKU00250,Re-engineered actuating orchestration,Toys,7.0,6066.66,42466.62,2025-04-17 06:00:00,2026-08-07 20:10:16,order_items.csv,2026-08-07,Order ID not found in orders
ITEM000196069,ORD00003401,SKU01078,Mandatory impactful framework,Books,8.0,6665.41,53323.28,2025-04-17 06:00:00,2026-08-07 20:10:16,order_items.csv,2026-08-07,Order ID not found in orders
ITEM000196107,ORD00006401,SKU04291,Persevering non-volatile Graphic Interface,Home & Kitchen,10.0,6300.91,63009.1,2025-04-17 06:00:00,2026-08-07 20:10:16,order_items.csv,2026-08-07,Order ID not found in orders
ITEM000196238,ORD00022701,SKU00346,Progressive well-modulated open system,Home & Kitchen,5.0,13836.43,69182.15,2025-04-17 06:00:00,2026-08-07 20:10:16,order_items.csv,2026-08-07,Order ID not found in orders
ITEM000196478,ORD00022101,SKU04561,Horizontal client-server approach,Clothing,7.0,1617.85,11324.95,2025-04-17 06:00:00,2026-08-07 20:10:16,order_items.csv,2026-08-07,Order ID not found in orders
ITEM000196605,ORD00000101,SKU00032,Re-engineered neutral monitoring,Home & Kitchen,6.0,3665.84,21995.04,2025-04-17 06:00:00,2026-08-07 20:10:16,order_items.csv,2026-08-07,Order ID not found in orders
ITEM000196616,ORD00036901,SKU01577,Triple-buffered discrete complexity,Home & Kitchen,7.0,11542.02,80794.14,2025-04-17 06:00:00,2026-08-07 20:10:16,order_items.csv,2026-08-07,Order ID not found in orders
ITEM000196982,ORD00020101,SKU00978,Quality-focused intermediate migration,Beauty,6.0,6754.65,40527.9,2025-04-17 06:00:00,2026-08-07 20:10:16,order_items.csv,2026-08-07,Order ID not found in orders
ITEM000197005,ORD00027701,SKU02182,Configurable foreground Local Area Network,Books,4.0,8854.85,35419.4,2025-04-17 06:00:00,2026-08-07 20:10:16,order_items.csv,2026-08-07,Order ID not found in orders
ITEM000197010,ORD00047401,SKU02282,Future-proofed user-facing moratorium,Grocery,3.0,13110.92,39332.76,2025-04-17 06:00:00,2026-08-07 20:10:16,order_items.csv,2026-08-07,Order ID not found in orders
ITEM000197138,ORD00014601,SKU00336,Managed holistic structure,Beauty,10.0,5835.9,58359.0,2025-04-17 06:00:00,2026-08-07 20:10:16,order_items.csv,2026-08-07,Order ID not found in orders
ITEM000197167,ORD00044201,SKU01905,Streamlined modular array,Toys,8.0,11378.38,91027.04,2025-04-17 06:00:00,2026-08-07 20:10:16,order_items.csv,2026-08-07,Order ID not found in orders
ITEM000197193,ORD00046301,SKU00918,Compatible analyzing superstructure,Grocery,5.0,2322.76,11613.8,2025-04-17 06:00:00,2026-08-07 20:10:16,order_items.csv,2026-08-07,Order ID not found in orders
ITEM000197457,ORD00027101,SKU00811,Reduced interactive complexity,Beauty,9.0,4433.25,39899.25,2025-04-17 06:00:00,2026-08-07 20:10:16,order_items.csv,2026-08-07,Order ID not found in orders
ITEM000197640,ORD00002201,SKU03642,Team-oriented exuding open system,Grocery,10.0,13651.24,136512.4,2025-04-17 06:00:00,2026-08-07 20:10:16,order_items.csv,2026-08-07,Order ID not found in orders
ITEM000197810,ORD00044501,SKU04873,Stand-alone composite productivity,Grocery,3.0,13073.26,39219.78,2025-04-17 06:00:00,2026-08-07 20:10:16,order_items.csv,2026-08-07,Order ID not found in orders
ITEM000198118,ORD00020401,SKU01190,Down-sized zero-defect model,Clothing,9.0,426.0,3834.0,2025-04-17 06:00:00,2026-08-07 20:10:16,order_items.csv,2026-08-07,Order ID not found in orders
ITEM000198336,ORD00002801,SKU02081,Front-line optimizing extranet,Clothing,7.0,4704.32,32930.24,2025-04-17 06:00:00,2026-08-07 20:10:16,order_items.csv,2026-08-07,Order ID not found in orders
ITEM000198563,ORD00020801,SKU04258,Multi-tiered upward-trending synergy,Sports,7.0,9538.08,66766.56,2025-04-17 06:00:00,2026-08-07 20:10:16,order_items.csv,2026-08-07,Order ID not found in orders
ITEM000199050,ORD00045701,SKU03032,Optional methodical archive,Electronics,6.0,2273.39,13640.34,2025-04-17 06:00:00,2026-08-07 20:10:16,order_items.csv,2026-08-07,Order ID not found in orders
ITEM000199051,ORD00007401,SKU03114,De-engineered hybrid attitude,Beauty,1.0,10605.28,10605.28,2025-04-17 06:00:00,2026-08-07 20:10:16,order_items.csv,2026-08-07,Order ID not found in orders
ITEM000199142,ORD00006301,SKU04743,Grass-roots stable instruction set,Beauty,5.0,13628.78,68143.9,2025-04-17 06:00:00,2026-08-07 20:10:16,order_items.csv,2026-08-07,Order ID not found in orders
ITEM000199230,ORD00033101,SKU02499,Polarized composite Local Area Network,Beauty,10.0,10571.37,105713.7,2025-04-17 06:00:00,2026-08-07 20:10:16,order_items.csv,2026-08-07,Order ID not found in orders
ITEM000199275,ORD00044701,SKU02893,Advanced optimizing open architecture,Toys,8.0,13177.51,105420.08,2025-04-17 06:00:00,2026-08-07 20:10:16,order_items.csv,2026-08-07,Order ID not found in orders
ITEM000199405,ORD00003001,SKU03325,Right-sized even-keeled implementation,Toys,2.0,1874.26,3748.52,2025-04-17 06:00:00,2026-08-07 20:10:16,order_items.csv,2026-08-07,Order ID not found in orders
ITEM000199431,ORD00004001,SKU03341,Polarized national flexibility,Books,10.0,2648.1,26481.0,2025-04-17 06:00:00,2026-08-07 20:10:16,order_items.csv,2026-08-07,Order ID not found in orders
ITEM000199511,ORD00019401,SKU01200,Compatible uniform methodology,Toys,7.0,8355.85,58490.95,2025-04-17 06:00:00,2026-08-07 20:10:16,order_items.csv,2026-08-07,Order ID not found in orders
ITEM000199548,ORD00024701,SKU01563,Persistent mission-critical complexity,Home & Kitchen,7.0,7306.67,51146.69,2025-04-17 06:00:00,2026-08-07 20:10:16,order_items.csv,2026-08-07,Order ID not found in orders
ITEM000199748,ORD00009401,SKU04175,Quality-focused heuristic forecast,Beauty,6.0,2522.93,15137.58,2025-04-17 06:00:00,2026-08-07 20:10:16,order_items.csv,2026-08-07,Order ID not found in orders
ITEM000199834,ORD00044101,SKU04176,Customer-focused attitude-oriented data-warehouse,Toys,7.0,2234.31,15640.17,2025-04-17 06:00:00,2026-08-07 20:10:16,order_items.csv,2026-08-07,Order ID not found in orders
